0	0	0
0	0.01	0
0	0.02	0
0	0.03	0
0	0.04	0
0	0.05	0
0	0.06	0
0	0.07	0
0	0.08	0
0	0.09	0
0	0.1	0
0	0.11	0
0	0.12	0
0	0.13	0
0	0.14	0
0	0.15	0
0	0.16	0
0	0.17	0
0	0.18	0
0	0.19	0
0	0.2	0
0	0.21	0
0	0.22	0
0	0.23	0
0	0.24	0
0	0.25	0
0	0.26	0
0	0.27	0
0	0.28	0
0	0.29	0
0	0.3	0
0	0.31	0
0	0.32	0
0	0.33	0
0	0.34	0
0	0.35	0
0	0.36	0
0	0.37	0
0	0.38	0
0	0.39	0
0	0.4	0
0	0.41	0
0	0.42	0
0	0.43	0
0	0.44	0
0	0.45	0
0	0.46	0
0	0.47	0
0	0.48	0
0	0.49	0
0	0.5	0
0	0.51	0
0	0.52	0
0	0.53	0
0	0.54	0
0	0.55	0
0	0.56	0
0	0.57	0
0	0.58	0
0	0.59	0
0	0.6	0
0	0.61	0
0	0.62	0
0	0.63	0
0	0.64	0
0	0.65	0
0	0.66	0
0	0.67	0
0	0.68	0
0	0.69	0
0	0.7	0
0	0.71	0
0	0.72	0
0	0.73	0
0	0.74	0
0	0.75	0
0	0.76	0
0	0.77	0
0	0.78	0
0	0.79	0
0	0.8	0
0	0.81	0
0	0.82	0
0	0.83	0
0	0.84	0
0	0.85	0
0	0.86	0
0	0.87	0
0	0.88	0
0	0.89	0
0	0.9	0
0	0.91	0
0	0.92	0
0	0.93	0
0	0.94	0
0	0.95	0
0	0.96	0
0	0.97	0
0	0.98	0
0	0.99	0
0	1	0
0.01	0	0
0.01	0.01	9.19867e-05
0.01	0.02	0.00018396
0.01	0.03	0.000275906
0.01	0.04	0.000367811
0.01	0.05	0.000459661
0.01	0.06	0.000551444
0.01	0.07	0.000643144
0.01	0.08	0.000734749
0.01	0.09	0.000826244
0.01	0.1	0.000917616
0.01	0.11	0.00100885
0.01	0.12	0.00109993
0.01	0.13	0.00119085
0.01	0.14	0.00128158
0.01	0.15	0.00137212
0.01	0.16	0.00146246
0.01	0.17	0.00155256
0.01	0.18	0.00164243
0.01	0.19	0.00173204
0.01	0.2	0.00182139
0.01	0.21	0.00191045
0.01	0.22	0.0019992
0.01	0.23	0.00208764
0.01	0.24	0.00217575
0.01	0.25	0.00226351
0.01	0.26	0.00235089
0.01	0.27	0.0024379
0.01	0.28	0.00252451
0.01	0.29	0.00261069
0.01	0.3	0.00269644
0.01	0.31	0.00278174
0.01	0.32	0.00286656
0.01	0.33	0.00295088
0.01	0.34	0.0030347
0.01	0.35	0.00311798
0.01	0.36	0.00320071
0.01	0.37	0.00328287
0.01	0.38	0.00336443
0.01	0.39	0.00344537
0.01	0.4	0.00352568
0.01	0.41	0.00360532
0.01	0.42	0.00368428
0.01	0.43	0.00376252
0.01	0.44	0.00384003
0.01	0.45	0.00391678
0.01	0.46	0.00399274
0.01	0.47	0.00406789
0.01	0.48	0.00414219
0.01	0.49	0.00421562
0.01	0.5	0.00428815
0.01	0.51	0.00435975
0.01	0.52	0.00443038
0.01	0.53	0.00450001
0.01	0.54	0.00456862
0.01	0.55	0.00463615
0.01	0.56	0.00470258
0.01	0.57	0.00476787
0.01	0.58	0.00483198
0.01	0.59	0.00489486
0.01	0.6	0.00495648
0.01	0.61	0.00501678
0.01	0.62	0.00507572
0.01	0.63	0.00513326
0.01	0.64	0.00518933
0.01	0.65	0.00524389
0.01	0.66	0.00529688
0.01	0.67	0.00534823
0.01	0.68	0.0053979
0.01	0.69	0.00544579
0.01	0.7	0.00549186
0.01	0.71	0.00553602
0.01	0.72	0.00557819
0.01	0.73	0.00561829
0.01	0.74	0.00565622
0.01	0.75	0.0056919
0.01	0.76	0.00572521
0.01	0.77	0.00575603
0.01	0.78	0.00578426
0.01	0.79	0.00580976
0.01	0.8	0.00583237
0.01	0.81	0.00585195
0.01	0.82	0.00586832
0.01	0.83	0.00588128
0.01	0.84	0.00589062
0.01	0.85	0.00589611
0.01	0.86	0.00589746
0.01	0.87	0.00589437
0.01	0.88	0.00588649
0.01	0.89	0.00587339
0.01	0.9	0.0058546
0.01	0.91	0.00582951
0.01	0.92	0.00579742
0.01	0.93	0.00575738
0.01	0.94	0.00570797
0.01	0.95	0.00564629
0.01	0.96	0.00556353
0.01	0.97	0.00542395
0.01	0.98	0.00506432
0.01	0.99	0.00370819
0.01	1	-0.00238426
0.02	0	0
0.02	0.01	0.000183987
0.02	0.02	0.000367947
0.02	0.03	0.000551852
0.02	0.04	0.000735676
0.02	0.05	0.000919391
0.02	0.06	0.00110297
0.02	0.07	0.00128638
0.02	0.08	0.00146961
0.02	0.09	0.00165261
0.02	0.1	0.00183537
0.02	0.11	0.00201785
0.02	0.12	0.00220003
0.02	0.13	0.00238188
0.02	0.14	0.00256336
0.02	0.15	0.00274446
0.02	0.16	0.00292514
0.02	0.17	0.00310537
0.02	0.18	0.00328512
0.02	0.19	0.00346436
0.02	0.2	0.00364306
0.02	0.21	0.00382119
0.02	0.22	0.00399872
0.02	0.23	0.00417562
0.02	0.24	0.00435185
0.02	0.25	0.00452738
0.02	0.26	0.00470217
0.02	0.27	0.0048762
0.02	0.28	0.00504943
0.02	0.29	0.00522182
0.02	0.3	0.00539334
0.02	0.31	0.00556395
0.02	0.32	0.00573361
0.02	0.33	0.00590228
0.02	0.34	0.00606993
0.02	0.35	0.00623652
0.02	0.36	0.006402
0.02	0.37	0.00656633
0.02	0.38	0.00672948
0.02	0.39	0.00689139
0.02	0.4	0.00705202
0.02	0.41	0.00721133
0.02	0.42	0.00736926
0.02	0.43	0.00752578
0.02	0.44	0.00768082
0.02	0.45	0.00783435
0.02	0.46	0.0079863
0.02	0.47	0.00813662
0.02	0.48	0.00828525
0.02	0.49	0.00843214
0.02	0.5	0.00857723
0.02	0.51	0.00872046
0.02	0.52	0.00886176
0.02	0.53	0.00900106
0.02	0.54	0.0091383
0.02	0.55	0.00927341
0.02	0.56	0.00940631
0.02	0.57	0.00953693
0.02	0.58	0.00966518
0.02	0.59	0.00979099
0.02	0.6	0.00991426
0.02	0.61	0.0100349
0.02	0.62	0.0101529
0.02	0.63	0.010268
0.02	0.64	0.0103802
0.02	0.65	0.0104894
0.02	0.66	0.0105954
0.02	0.67	0.0106982
0.02	0.68	0.0107976
0.02	0.69	0.0108934
0.02	0.7	0.0109856
0.02	0.71	0.011074
0.02	0.72	0.0111585
0.02	0.73	0.0112387
0.02	0.74	0.0113147
0.02	0.75	0.0113862
0.02	0.76	0.0114529
0.02	0.77	0.0115147
0.02	0.78	0.0115713
0.02	0.79	0.0116224
0.02	0.8	0.0116678
0.02	0.81	0.0117071
0.02	0.82	0.01174
0.02	0.83	0.0117662
0.02	0.84	0.0117851
0.02	0.85	0.0117963
0.02	0.86	0.0117994
0.02	0.87	0.0117935
0.02	0.88	0.0117782
0.02	0.89	0.0117525
0.02	0.9	0.0117155
0.02	0.91	0.011666
0.02	0.92	0.0116027
0.02	0.93	0.011524
0.02	0.94	0.0114275
0.02	0.95	0.0113106
0.02	0.96	0.0111696
0.02	0.97	0.0109996
0.02	0.98	0.0107949
0.02	0.99	0.0105545
0.02	1	0.0103133
0.03	0	0
0.03	0.01	0.000276014
0.03	0.02	0.000551988
0.03	0.03	0.00082788
0.03	0.04	0.00110365
0.03	0.05	0.00137926
0.03	0.06	0.00165466
0.03	0.07	0.00192982
0.03	0.08	0.00220469
0.03	0.09	0.00247923
0.03	0.1	0.0027534
0.03	0.11	0.00302716
0.03	0.12	0.00330046
0.03	0.13	0.00357327
0.03	0.14	0.00384553
0.03	0.15	0.00411721
0.03	0.16	0.00438827
0.03	0.17	0.00465865
0.03	0.18	0.00492831
0.03	0.19	0.00519721
0.03	0.2	0.0054653
0.03	0.21	0.00573254
0.03	0.22	0.00599888
0.03	0.23	0.00626426
0.03	0.24	0.00652864
0.03	0.25	0.00679198
0.03	0.26	0.00705422
0.03	0.27	0.00731531
0.03	0.28	0.00757519
0.03	0.29	0.00783382
0.03	0.3	0.00809115
0.03	0.31	0.0083471
0.03	0.32	0.00860164
0.03	0.33	0.0088547
0.03	0.34	0.00910623
0.03	0.35	0.00935616
0.03	0.36	0.00960443
0.03	0.37	0.00985098
0.03	0.38	0.0100958
0.03	0.39	0.0103387
0.03	0.4	0.0105797
0.03	0.41	0.0108187
0.03	0.42	0.0110557
0.03	0.43	0.0112905
0.03	0.44	0.0115231
0.03	0.45	0.0117535
0.03	0.46	0.0119815
0.03	0.47	0.012207
0.03	0.48	0.0124301
0.03	0.49	0.0126505
0.03	0.5	0.0128682
0.03	0.51	0.0130831
0.03	0.52	0.0132951
0.03	0.53	0.0135042
0.03	0.54	0.0137101
0.03	0.55	0.0139129
0.03	0.56	0.0141123
0.03	0.57	0.0143083
0.03	0.58	0.0145008
0.03	0.59	0.0146896
0.03	0.6	0.0148747
0.03	0.61	0.0150558
0.03	0.62	0.0152328
0.03	0.63	0.0154056
0.03	0.64	0.015574
0.03	0.65	0.015738
0.03	0.66	0.0158972
0.03	0.67	0.0160515
0.03	0.68	0.0162007
0.03	0.69	0.0163447
0.03	0.7	0.0164832
0.03	0.71	0.016616
0.03	0.72	0.0167429
0.03	0.73	0.0168635
0.03	0.74	0.0169777
0.03	0.75	0.0170851
0.03	0.76	0.0171855
0.03	0.77	0.0172785
0.03	0.78	0.0173637
0.03	0.79	0.0174408
0.03	0.8	0.0175092
0.03	0.81	0.0175687
0.03	0.82	0.0176185
0.03	0.83	0.0176583
0.03	0.84	0.0176873
0.03	0.85	0.0177048
0.03	0.86	0.0177101
0.03	0.87	0.0177022
0.03	0.88	0.0176802
0.03	0.89	0.0176428
0.03	0.9	0.0175887
0.03	0.91	0.0175163
0.03	0.92	0.0174235
0.03	0.93	0.0173081
0.03	0.94	0.0171673
0.03	0.95	0.0169989
0.03	0.96	0.0168045
0.03	0.97	0.0166101
0.03	0.98	0.0165648
0.03	0.99	0.0174232
0.03	1	0.0228889
0.04	0	0
0.04	0.01	0.000368083
0.04	0.02	0.000736111
0.04	0.03	0.00110403
0.04	0.04	0.00147179
0.04	0.05	0.00183933
0.04	0.06	0.00220659
0.04	0.07	0.00257353
0.04	0.08	0.00294009
0.04	0.09	0.00330621
0.04	0.1	0.00367184
0.04	0.11	0.00403692
0.04	0.12	0.00440139
0.04	0.13	0.0047652
0.04	0.14	0.00512828
0.04	0.15	0.00549059
0.04	0.16	0.00585207
0.04	0.17	0.00621265
0.04	0.18	0.00657227
0.04	0.19	0.00693087
0.04	0.2	0.0072884
0.04	0.21	0.00764479
0.04	0.22	0.00799998
0.04	0.23	0.0083539
0.04	0.24	0.00870649
0.04	0.25	0.00905768
0.04	0.26	0.00940741
0.04	0.27	0.00975561
0.04	0.28	0.0101022
0.04	0.29	0.0104471
0.04	0.3	0.0107903
0.04	0.31	0.0111317
0.04	0.32	0.0114712
0.04	0.33	0.0118087
0.04	0.34	0.0121441
0.04	0.35	0.0124775
0.04	0.36	0.0128086
0.04	0.37	0.0131374
0.04	0.38	0.0134639
0.04	0.39	0.0137879
0.04	0.4	0.0141093
0.04	0.41	0.0144281
0.04	0.42	0.0147442
0.04	0.43	0.0150574
0.04	0.44	0.0153677
0.04	0.45	0.015675
0.04	0.46	0.0159791
0.04	0.47	0.01628
0.04	0.48	0.0165775
0.04	0.49	0.0168715
0.04	0.5	0.0171619
0.04	0.51	0.0174486
0.04	0.52	0.0177315
0.04	0.53	0.0180104
0.04	0.54	0.0182851
0.04	0.55	0.0185556
0.04	0.56	0.0188218
0.04	0.57	0.0190833
0.04	0.58	0.0193401
0.04	0.59	0.0195921
0.04	0.6	0.019839
0.04	0.61	0.0200807
0.04	0.62	0.020317
0.04	0.63	0.0205476
0.04	0.64	0.0207724
0.04	0.65	0.0209913
0.04	0.66	0.0212038
0.04	0.67	0.0214099
0.04	0.68	0.0216092
0.04	0.69	0.0218015
0.04	0.7	0.0219865
0.04	0.71	0.0221639
0.04	0.72	0.0223334
0.04	0.73	0.0224947
0.04	0.74	0.0226475
0.04	0.75	0.0227912
0.04	0.76	0.0229255
0.04	0.77	0.0230501
0.04	0.78	0.0231643
0.04	0.79	0.0232677
0.04	0.8	0.0233597
0.04	0.81	0.0234398
0.04	0.82	0.0235071
0.04	0.83	0.0235611
0.04	0.84	0.0236009
0.04	0.85	0.0236255
0.04	0.86	0.0236339
0.04	0.87	0.023625
0.04	0.88	0.0235975
0.04	0.89	0.0235499
0.04	0.9	0.0234803
0.04	0.91	0.0233867
0.04	0.92	0.0232668
0.04	0.93	0.0231175
0.04	0.94	0.0229353
0.04	0.95	0.0227157
0.04	0.96	0.0224529
0.04	0.97	0.0221387
0.04	0.98	0.021759
0.04	0.99	0.0212784
0.04	1	0.0205675
0.05	0	0
0.05	0.01	0.000460205
0.05	0.02	0.000920343
0.05	0.03	0.00138034
0.05	0.04	0.00184014
0.05	0.05	0.00229967
0.05	0.06	0.00275886
0.05	0.07	0.00321763
0.05	0.08	0.00367594
0.05	0.09	0.00413369
0.05	0.1	0.00459083
0.05	0.11	0.00504728
0.05	0.12	0.00550298
0.05	0.13	0.00595785
0.05	0.14	0.00641181
0.05	0.15	0.00686481
0.05	0.16	0.00731676
0.05	0.17	0.0077676
0.05	0.18	0.00821724
0.05	0.19	0.00866561
0.05	0.2	0.00911264
0.05	0.21	0.00955825
0.05	0.22	0.0100024
0.05	0.23	0.0104449
0.05	0.24	0.0108857
0.05	0.25	0.0113249
0.05	0.26	0.0117621
0.05	0.27	0.0121975
0.05	0.28	0.0126309
0.05	0.29	0.0130622
0.05	0.3	0.0134913
0.05	0.31	0.0139181
0.05	0.32	0.0143426
0.05	0.33	0.0147647
0.05	0.34	0.0151841
0.05	0.35	0.015601
0.05	0.36	0.016015
0.05	0.37	0.0164262
0.05	0.38	0.0168345
0.05	0.39	0.0172396
0.05	0.4	0.0176416
0.05	0.41	0.0180403
0.05	0.42	0.0184356
0.05	0.43	0.0188273
0.05	0.44	0.0192154
0.05	0.45	0.0195996
0.05	0.46	0.01998
0.05	0.47	0.0203563
0.05	0.48	0.0207284
0.05	0.49	0.0210961
0.05	0.5	0.0214594
0.05	0.51	0.021818
0.05	0.52	0.0221718
0.05	0.53	0.0225207
0.05	0.54	0.0228644
0.05	0.55	0.0232028
0.05	0.56	0.0235357
0.05	0.57	0.023863
0.05	0.58	0.0241843
0.05	0.59	0.0244996
0.05	0.6	0.0248086
0.05	0.61	0.025111
0.05	0.62	0.0254067
0.05	0.63	0.0256954
0.05	0.64	0.0259769
0.05	0.65	0.0262508
0.05	0.66	0.0265169
0.05	0.67	0.026775
0.05	0.68	0.0270246
0.05	0.69	0.0272655
0.05	0.7	0.0274973
0.05	0.71	0.0277197
0.05	0.72	0.0279323
0.05	0.73	0.0281346
0.05	0.74	0.0283262
0.05	0.75	0.0285066
0.05	0.76	0.0286754
0.05	0.77	0.0288319
0.05	0.78	0.0289757
0.05	0.79	0.029106
0.05	0.8	0.0292222
0.05	0.81	0.0293235
0.05	0.82	0.0294091
0.05	0.83	0.0294782
0.05	0.84	0.0295296
0.05	0.85	0.0295623
0.05	0.86	0.029575
0.05	0.87	0.0295665
0.05	0.88	0.029535
0.05	0.89	0.0294787
0.05	0.9	0.0293957
0.05	0.91	0.0292836
0.05	0.92	0.0291394
0.05	0.93	0.0289598
0.05	0.94	0.0287405
0.05	0.95	0.0284754
0.05	0.96	0.0281519
0.05	0.97	0.0277303
0.05	0.98	0.0270437
0.05	0.99	0.0253145
0.05	1	0.01881
0.06	0	0
0.06	0.01	0.000552396
0.06	0.02	0.00110471
0.06	0.03	0.00165686
0.06	0.04	0.00220877
0.06	0.05	0.00276035
0.06	0.06	0.00331153
0.06	0.07	0.00386221
0.06	0.08	0.00441233
0.06	0.09	0.00496178
0.06	0.1	0.0055105
0.06	0.11	0.0060584
0.06	0.12	0.00660539
0.06	0.13	0.00715139
0.06	0.14	0.00769632
0.06	0.15	0.00824007
0.06	0.16	0.00878258
0.06	0.17	0.00932375
0.06	0.18	0.00986348
0.06	0.19	0.0104017
0.06	0.2	0.0109383
0.06	0.21	0.0114732
0.06	0.22	0.0120063
0.06	0.23	0.0125375
0.06	0.24	0.0130667
0.06	0.25	0.0135938
0.06	0.26	0.0141188
0.06	0.27	0.0146414
0.06	0.28	0.0151617
0.06	0.29	0.0156794
0.06	0.3	0.0161946
0.06	0.31	0.016707
0.06	0.32	0.0172166
0.06	0.33	0.0177232
0.06	0.34	0.0182268
0.06	0.35	0.0187272
0.06	0.36	0.0192243
0.06	0.37	0.019718
0.06	0.38	0.0202081
0.06	0.39	0.0206946
0.06	0.4	0.0211772
0.06	0.41	0.0216559
0.06	0.42	0.0221305
0.06	0.43	0.0226008
0.06	0.44	0.0230668
0.06	0.45	0.0235282
0.06	0.46	0.0239849
0.06	0.47	0.0244368
0.06	0.48	0.0248836
0.06	0.49	0.0253252
0.06	0.5	0.0257615
0.06	0.51	0.0261922
0.06	0.52	0.0266171
0.06	0.53	0.0270361
0.06	0.54	0.027449
0.06	0.55	0.0278555
0.06	0.56	0.0282554
0.06	0.57	0.0286485
0.06	0.58	0.0290346
0.06	0.59	0.0294134
0.06	0.6	0.0297847
0.06	0.61	0.0301481
0.06	0.62	0.0305035
0.06	0.63	0.0308505
0.06	0.64	0.0311888
0.06	0.65	0.0315182
0.06	0.66	0.0318382
0.06	0.67	0.0321485
0.06	0.68	0.0324488
0.06	0.69	0.0327386
0.06	0.7	0.0330177
0.06	0.71	0.0332854
0.06	0.72	0.0335413
0.06	0.73	0.0337851
0.06	0.74	0.034016
0.06	0.75	0.0342337
0.06	0.76	0.0344374
0.06	0.77	0.0346266
0.06	0.78	0.0348005
0.06	0.79	0.0349584
0.06	0.8	0.0350996
0.06	0.81	0.035223
0.06	0.82	0.0353277
0.06	0.83	0.0354128
0.06	0.84	0.035477
0.06	0.85	0.035519
0.06	0.86	0.0355375
0.06	0.87	0.0355308
0.06	0.88	0.0354971
0.06	0.89	0.0354344
0.06	0.9	0.0353403
0.06	0.91	0.0352123
0.06	0.92	0.0350472
0.06	0.93	0.0348414
0.06	0.94	0.0345908
0.06	0.95	0.0342904
0.06	0.96	0.0339348
0.06	0.97	0.0335187
0.06	0.98	0.0330418
0.06	0.99	0.0325311
0.06	1	0.0321513
0.07	0	0
0.07	0.01	0.000644667
0.07	0.02	0.00128924
0.07	0.03	0.00193362
0.07	0.04	0.00257772
0.07	0.05	0.00322144
0.07	0.06	0.00386469
0.07	0.07	0.00450736
0.07	0.08	0.00514937
0.07	0.09	0.00579062
0.07	0.1	0.006431
0.07	0.11	0.00707043
0.07	0.12	0.0077088
0.07	0.13	0.00834602
0.07	0.14	0.00898198
0.07	0.15	0.00961659
0.07	0.16	0.0102497
0.07	0.17	0.0108813
0.07	0.18	0.0115112
0.07	0.19	0.0121394
0.07	0.2	0.0127657
0.07	0.21	0.01339
0.07	0.22	0.0140121
0.07	0.23	0.0146321
0.07	0.24	0.0152498
0.07	0.25	0.015865
0.07	0.26	0.0164777
0.07	0.27	0.0170877
0.07	0.28	0.0176949
0.07	0.29	0.0182993
0.07	0.3	0.0189005
0.07	0.31	0.0194986
0.07	0.32	0.0200934
0.07	0.33	0.0206848
0.07	0.34	0.0212727
0.07	0.35	0.0218568
0.07	0.36	0.022437
0.07	0.37	0.0230133
0.07	0.38	0.0235855
0.07	0.39	0.0241533
0.07	0.4	0.0247168
0.07	0.41	0.0252756
0.07	0.42	0.0258296
0.07	0.43	0.0263787
0.07	0.44	0.0269227
0.07	0.45	0.0274615
0.07	0.46	0.0279947
0.07	0.47	0.0285223
0.07	0.48	0.029044
0.07	0.49	0.0295597
0.07	0.5	0.0300691
0.07	0.51	0.0305721
0.07	0.52	0.0310684
0.07	0.53	0.0315577
0.07	0.54	0.0320399
0.07	0.55	0.0325147
0.07	0.56	0.0329819
0.07	0.57	0.0334411
0.07	0.58	0.0338922
0.07	0.59	0.0343347
0.07	0.6	0.0347685
0.07	0.61	0.0351933
0.07	0.62	0.0356086
0.07	0.63	0.0360142
0.07	0.64	0.0364098
0.07	0.65	0.0367948
0.07	0.66	0.0371691
0.07	0.67	0.0375321
0.07	0.68	0.0378834
0.07	0.69	0.0382226
0.07	0.7	0.0385492
0.07	0.71	0.0388628
0.07	0.72	0.0391626
0.07	0.73	0.0394483
0.07	0.74	0.0397192
0.07	0.75	0.0399747
0.07	0.76	0.040214
0.07	0.77	0.0404365
0.07	0.78	0.0406413
0.07	0.79	0.0408277
0.07	0.8	0.0409946
0.07	0.81	0.0411411
0.07	0.82	0.041266
0.07	0.83	0.0413683
0.07	0.84	0.0414465
0.07	0.85	0.0414993
0.07	0.86	0.0415251
0.07	0.87	0.041522
0.07	0.88	0.0414882
0.07	0.89	0.0414213
0.07	0.9	0.0413188
0.07	0.91	0.041178
0.07	0.92	0.0409955
0.07	0.93	0.0407677
0.07	0.94	0.0404906
0.07	0.95	0.0401606
0.07	0.96	0.0397787
0.07	0.97	0.0393711
0.07	0.98	0.0390888
0.07	0.99	0.039691
0.07	1	0.0448904
0.08	0	0
0.08	0.01	0.000737033
0.08	0.02	0.00147396
0.08	0.03	0.00221067
0.08	0.04	0.00294705
0.08	0.05	0.00368301
0.08	0.06	0.00441842
0.08	0.07	0.00515318
0.08	0.08	0.00588718
0.08	0.09	0.00662031
0.08	0.1	0.00735246
0.08	0.11	0.00808351
0.08	0.12	0.00881337
0.08	0.13	0.0095419
0.08	0.14	0.010269
0.08	0.15	0.0109946
0.08	0.16	0.0117185
0.08	0.17	0.0124406
0.08	0.18	0.0131608
0.08	0.19	0.013879
0.08	0.2	0.014595
0.08	0.21	0.0153088
0.08	0.22	0.0160202
0.08	0.23	0.0167291
0.08	0.24	0.0174353
0.08	0.25	0.0181388
0.08	0.26	0.0188393
0.08	0.27	0.0195368
0.08	0.28	0.0202311
0.08	0.29	0.0209221
0.08	0.3	0.0216097
0.08	0.31	0.0222936
0.08	0.32	0.0229738
0.08	0.33	0.02365
0.08	0.34	0.0243222
0.08	0.35	0.0249902
0.08	0.36	0.0256538
0.08	0.37	0.0263128
0.08	0.38	0.0269671
0.08	0.39	0.0276166
0.08	0.4	0.0282609
0.08	0.41	0.0289
0.08	0.42	0.0295337
0.08	0.43	0.0301618
0.08	0.44	0.030784
0.08	0.45	0.0314002
0.08	0.46	0.0320101
0.08	0.47	0.0326137
0.08	0.48	0.0332105
0.08	0.49	0.0338005
0.08	0.5	0.0343833
0.08	0.51	0.0349587
0.08	0.52	0.0355265
0.08	0.53	0.0360865
0.08	0.54	0.0366383
0.08	0.55	0.0371816
0.08	0.56	0.0377162
0.08	0.57	0.0382419
0.08	0.58	0.0387582
0.08	0.59	0.0392648
0.08	0.6	0.0397615
0.08	0.61	0.0402478
0.08	0.62	0.0407235
0.08	0.63	0.0411881
0.08	0.64	0.0416411
0.08	0.65	0.0420824
0.08	0.66	0.0425112
0.08	0.67	0.0429273
0.08	0.68	0.0433301
0.08	0.69	0.0437192
0.08	0.7	0.0440939
0.08	0.71	0.0444538
0.08	0.72	0.0447981
0.08	0.73	0.0451264
0.08	0.74	0.0454379
0.08	0.75	0.0457318
0.08	0.76	0.0460075
0.08	0.77	0.0462641
0.08	0.78	0.0465007
0.08	0.79	0.0467163
0.08	0.8	0.04691
0.08	0.81	0.0470806
0.08	0.82	0.047227
0.08	0.83	0.0473477
0.08	0.84	0.0474415
0.08	0.85	0.0475066
0.08	0.86	0.0475415
0.08	0.87	0.047544
0.08	0.88	0.0475122
0.08	0.89	0.0474437
0.08	0.9	0.0473357
0.08	0.91	0.0471853
0.08	0.92	0.0469892
0.08	0.93	0.0467434
0.08	0.94	0.0464438
0.08	0.95	0.0460854
0.08	0.96	0.0456622
0.08	0.97	0.045166
0.08	0.98	0.0445801
0.08	0.99	0.0438485
0.08	1	0.04273
0.09	0	0
0.09	0.01	0.000829507
0.09	0.02	0.00165889
0.09	0.03	0.00248804
0.09	0.04	0.00331682
0.09	0.05	0.00414511
0.09	0.06	0.0049728
0.09	0.07	0.00579975
0.09	0.08	0.00662586
0.09	0.09	0.00745098
0.09	0.1	0.00827501
0.09	0.11	0.0090978
0.09	0.12	0.00991925
0.09	0.13	0.0107392
0.09	0.14	0.0115576
0.09	0.15	0.0123742
0.09	0.16	0.0131889
0.09	0.17	0.0140017
0.09	0.18	0.0148123
0.09	0.19	0.0156207
0.09	0.2	0.0164266
0.09	0.21	0.01723
0.09	0.22	0.0180308
0.09	0.23	0.0188287
0.09	0.24	0.0196236
0.09	0.25	0.0204154
0.09	0.26	0.021204
0.09	0.27	0.0219891
0.09	0.28	0.0227706
0.09	0.29	0.0235485
0.09	0.3	0.0243224
0.09	0.31	0.0250923
0.09	0.32	0.025858
0.09	0.33	0.0266193
0.09	0.34	0.027376
0.09	0.35	0.028128
0.09	0.36	0.028875
0.09	0.37	0.029617
0.09	0.38	0.0303536
0.09	0.39	0.0310848
0.09	0.4	0.0318103
0.09	0.41	0.0325299
0.09	0.42	0.0332434
0.09	0.43	0.0339506
0.09	0.44	0.0346513
0.09	0.45	0.0353451
0.09	0.46	0.036032
0.09	0.47	0.0367117
0.09	0.48	0.0373839
0.09	0.49	0.0380483
0.09	0.5	0.0387048
0.09	0.51	0.0393529
0.09	0.52	0.0399926
0.09	0.53	0.0406234
0.09	0.54	0.041245
0.09	0.55	0.0418572
0.09	0.56	0.0424596
0.09	0.57	0.043052
0.09	0.58	0.0436338
0.09	0.59	0.0442049
0.09	0.6	0.0447648
0.09	0.61	0.0453131
0.09	0.62	0.0458494
0.09	0.63	0.0463733
0.09	0.64	0.0468844
0.09	0.65	0.0473822
0.09	0.66	0.0478662
0.09	0.67	0.0483358
0.09	0.68	0.0487906
0.09	0.69	0.04923
0.09	0.7	0.0496535
0.09	0.71	0.0500602
0.09	0.72	0.0504497
0.09	0.73	0.0508212
0.09	0.74	0.051174
0.09	0.75	0.0515072
0.09	0.76	0.05182
0.09	0.77	0.0521116
0.09	0.78	0.0523809
0.09	0.79	0.0526269
0.09	0.8	0.0528485
0.09	0.81	0.0530445
0.09	0.82	0.0532135
0.09	0.83	0.0533542
0.09	0.84	0.053465
0.09	0.85	0.0535442
0.09	0.86	0.05359
0.09	0.87	0.0536004
0.09	0.88	0.053573
0.09	0.89	0.0535054
0.09	0.9	0.0533949
0.09	0.91	0.0532383
0.09	0.92	0.0530323
0.09	0.93	0.0527729
0.09	0.94	0.0524558
0.09	0.95	0.0520746
0.09	0.96	0.0516176
0.09	0.97	0.0510462
0.09	0.98	0.0501962
0.09	0.99	0.0482934
0.09	1	0.0416096
0.1	0	0
0.1	0.01	0.000922103
0.1	0.02	0.00184407
0.1	0.03	0.00276577
0.1	0.04	0.00368707
0.1	0.05	0.00460782
0.1	0.06	0.00552791
0.1	0.07	0.00644718
0.1	0.08	0.00736551
0.1	0.09	0.00828276
0.1	0.1	0.00919878
0.1	0.11	0.0101134
0.1	0.12	0.0110266
0.1	0.13	0.0119381
0.1	0.14	0.0128479
0.1	0.15	0.0137557
0.1	0.16	0.0146614
0.1	0.17	0.015565
0.1	0.18	0.0164661
0.1	0.19	0.0173648
0.1	0.2	0.0182608
0.1	0.21	0.019154
0.1	0.22	0.0200442
0.1	0.23	0.0209312
0.1	0.24	0.021815
0.1	0.25	0.0226953
0.1	0.26	0.023572
0.1	0.27	0.0244449
0.1	0.28	0.0253139
0.1	0.29	0.0261787
0.1	0.3	0.0270392
0.1	0.31	0.0278952
0.1	0.32	0.0287466
0.1	0.33	0.0295931
0.1	0.34	0.0304345
0.1	0.35	0.0312707
0.1	0.36	0.0321014
0.1	0.37	0.0329265
0.1	0.38	0.0337457
0.1	0.39	0.0345588
0.1	0.4	0.0353656
0.1	0.41	0.0361659
0.1	0.42	0.0369594
0.1	0.43	0.037746
0.1	0.44	0.0385253
0.1	0.45	0.0392971
0.1	0.46	0.0400612
0.1	0.47	0.0408172
0.1	0.48	0.041565
0.1	0.49	0.0423042
0.1	0.5	0.0430345
0.1	0.51	0.0437557
0.1	0.52	0.0444675
0.1	0.53	0.0451694
0.1	0.54	0.0458612
0.1	0.55	0.0465426
0.1	0.56	0.0472131
0.1	0.57	0.0478725
0.1	0.58	0.0485203
0.1	0.59	0.0491562
0.1	0.6	0.0497796
0.1	0.61	0.0503903
0.1	0.62	0.0509878
0.1	0.63	0.0515715
0.1	0.64	0.052141
0.1	0.65	0.0526958
0.1	0.66	0.0532354
0.1	0.67	0.0537592
0.1	0.68	0.0542665
0.1	0.69	0.0547569
0.1	0.7	0.0552296
0.1	0.71	0.055684
0.1	0.72	0.0561193
0.1	0.73	0.0565348
0.1	0.74	0.0569296
0.1	0.75	0.0573029
0.1	0.76	0.0576539
0.1	0.77	0.0579814
0.1	0.78	0.0582844
0.1	0.79	0.0585619
0.1	0.8	0.0588126
0.1	0.81	0.0590352
0.1	0.82	0.0592284
0.1	0.83	0.0593905
0.1	0.84	0.0595201
0.1	0.85	0.0596153
0.1	0.86	0.0596741
0.1	0.87	0.0596944
0.1	0.88	0.0596739
0.1	0.89	0.05961
0.1	0.9	0.0595
0.1	0.91	0.0593407
0.1	0.92	0.0591286
0.1	0.93	0.0588601
0.1	0.94	0.058531
0.1	0.95	0.0581368
0.1	0.96	0.0576731
0.1	0.97	0.0571373
0.1	0.98	0.0565362
0.1	0.99	0.0559245
0.1	1	0.0555887
0.11	0	0
0.11	0.01	0.00101483
0.11	0.02	0.00202952
0.11	0.03	0.00304391
0.11	0.04	0.00405785
0.11	0.05	0.00507121
0.11	0.06	0.00608383
0.11	0.07	0.00709556
0.11	0.08	0.00810625
0.11	0.09	0.00911575
0.11	0.1	0.0101239
0.11	0.11	0.0111306
0.11	0.12	0.0121356
0.11	0.13	0.0131388
0.11	0.14	0.0141401
0.11	0.15	0.0151393
0.11	0.16	0.0161362
0.11	0.17	0.0171306
0.11	0.18	0.0181225
0.11	0.19	0.0191116
0.11	0.2	0.0200978
0.11	0.21	0.0210809
0.11	0.22	0.0220607
0.11	0.23	0.0230371
0.11	0.24	0.0240099
0.11	0.25	0.0249788
0.11	0.26	0.0259439
0.11	0.27	0.0269047
0.11	0.28	0.0278612
0.11	0.29	0.0288132
0.11	0.3	0.0297605
0.11	0.31	0.0307028
0.11	0.32	0.03164
0.11	0.33	0.0325719
0.11	0.34	0.0334982
0.11	0.35	0.0344188
0.11	0.36	0.0353334
0.11	0.37	0.0362418
0.11	0.38	0.0371437
0.11	0.39	0.038039
0.11	0.4	0.0389274
0.11	0.41	0.0398086
0.11	0.42	0.0406825
0.11	0.43	0.0415486
0.11	0.44	0.0424068
0.11	0.45	0.0432568
0.11	0.46	0.0440983
0.11	0.47	0.044931
0.11	0.48	0.0457547
0.11	0.49	0.0465689
0.11	0.5	0.0473735
0.11	0.51	0.048168
0.11	0.52	0.0489521
0.11	0.53	0.0497255
0.11	0.54	0.0504879
0.11	0.55	0.0512388
0.11	0.56	0.0519778
0.11	0.57	0.0527046
0.11	0.58	0.0534187
0.11	0.59	0.0541198
0.11	0.6	0.0548073
0.11	0.61	0.0554808
0.11	0.62	0.0561398
0.11	0.63	0.0567838
0.11	0.64	0.0574123
0.11	0.65	0.0580247
0.11	0.66	0.0586204
0.11	0.67	0.0591989
0.11	0.68	0.0597594
0.11	0.69	0.0603014
0.11	0.7	0.0608241
0.11	0.71	0.0613268
0.11	0.72	0.0618087
0.11	0.73	0.062269
0.11	0.74	0.0627068
0.11	0.75	0.0631211
0.11	0.76	0.0635111
0.11	0.77	0.0638756
0.11	0.78	0.0642135
0.11	0.79	0.0645236
0.11	0.8	0.0648047
0.11	0.81	0.0650554
0.11	0.82	0.0652742
0.11	0.83	0.0654595
0.11	0.84	0.0656096
0.11	0.85	0.0657226
0.11	0.86	0.0657965
0.11	0.87	0.0658292
0.11	0.88	0.0658181
0.11	0.89	0.0657608
0.11	0.9	0.0656544
0.11	0.91	0.0654957
0.11	0.92	0.0652814
0.11	0.93	0.0650078
0.11	0.94	0.0646712
0.11	0.95	0.0642686
0.11	0.96	0.063802
0.11	0.97	0.063299
0.11	0.98	0.0629126
0.11	0.99	0.0634045
0.11	1	0.0684904
0.12	0	0
0.12	0.01	0.00110771
0.12	0.02	0.00221526
0.12	0.03	0.00332249
0.12	0.04	0.00442923
0.12	0.05	0.00553534
0.12	0.06	0.00664064
0.12	0.07	0.00774497
0.12	0.08	0.00884817
0.12	0.09	0.00995008
0.12	0.1	0.0110505
0.12	0.11	0.0121494
0.12	0.12	0.0132464
0.12	0.13	0.0143415
0.12	0.14	0.0154345
0.12	0.15	0.0165251
0.12	0.16	0.0176133
0.12	0.17	0.0186988
0.12	0.18	0.0197816
0.12	0.19	0.0208613
0.12	0.2	0.0219378
0.12	0.21	0.023011
0.12	0.22	0.0240806
0.12	0.23	0.0251465
0.12	0.24	0.0262085
0.12	0.25	0.0272663
0.12	0.26	0.0283199
0.12	0.27	0.0293689
0.12	0.28	0.0304131
0.12	0.29	0.0314525
0.12	0.3	0.0324867
0.12	0.31	0.0335156
0.12	0.32	0.0345388
0.12	0.33	0.0355563
0.12	0.34	0.0365678
0.12	0.35	0.0375729
0.12	0.36	0.0385716
0.12	0.37	0.0395636
0.12	0.38	0.0405485
0.12	0.39	0.0415262
0.12	0.4	0.0424964
0.12	0.41	0.0434588
0.12	0.42	0.0444131
0.12	0.43	0.0453591
0.12	0.44	0.0462965
0.12	0.45	0.047225
0.12	0.46	0.0481442
0.12	0.47	0.0490539
0.12	0.48	0.0499537
0.12	0.49	0.0508434
0.12	0.5	0.0517224
0.12	0.51	0.0525906
0.12	0.52	0.0534475
0.12	0.53	0.0542928
0.12	0.54	0.055126
0.12	0.55	0.0559468
0.12	0.56	0.0567547
0.12	0.57	0.0575494
0.12	0.58	0.0583303
0.12	0.59	0.0590969
0.12	0.6	0.059849
0.12	0.61	0.0605858
0.12	0.62	0.0613068
0.12	0.63	0.0620117
0.12	0.64	0.0626997
0.12	0.65	0.0633702
0.12	0.66	0.0640227
0.12	0.67	0.0646565
0.12	0.68	0.0652709
0.12	0.69	0.0658652
0.12	0.7	0.0664386
0.12	0.71	0.0669904
0.12	0.72	0.0675197
0.12	0.73	0.0680257
0.12	0.74	0.0685073
0.12	0.75	0.0689637
0.12	0.76	0.0693937
0.12	0.77	0.0697963
0.12	0.78	0.0701703
0.12	0.79	0.0705144
0.12	0.8	0.0708273
0.12	0.81	0.0711075
0.12	0.82	0.0713535
0.12	0.83	0.0715636
0.12	0.84	0.0717361
0.12	0.85	0.071869
0.12	0.86	0.0719602
0.12	0.87	0.0720076
0.12	0.88	0.0720086
0.12	0.89	0.0719607
0.12	0.9	0.071861
0.12	0.91	0.0717063
0.12	0.92	0.0714934
0.12	0.93	0.0712186
0.12	0.94	0.070878
0.12	0.95	0.0704672
0.12	0.96	0.0699811
0.12	0.97	0.0694119
0.12	0.98	0.0687394
0.12	0.99	0.0678852
0.12	1	0.0664924
0.13	0	0
0.13	0.01	0.00120075
0.13	0.02	0.00240132
0.13	0.03	0.00360155
0.13	0.04	0.00480125
0.13	0.05	0.00600027
0.13	0.06	0.00719841
0.13	0.07	0.00839551
0.13	0.08	0.00959139
0.13	0.09	0.0107859
0.13	0.1	0.0119788
0.13	0.11	0.0131699
0.13	0.12	0.0143592
0.13	0.13	0.0155463
0.13	0.14	0.0167311
0.13	0.15	0.0179134
0.13	0.16	0.0190931
0.13	0.17	0.0202699
0.13	0.18	0.0214437
0.13	0.19	0.0226142
0.13	0.2	0.0237813
0.13	0.21	0.0249447
0.13	0.22	0.0261043
0.13	0.23	0.0272599
0.13	0.24	0.0284113
0.13	0.25	0.0295582
0.13	0.26	0.0307004
0.13	0.27	0.0318377
0.13	0.28	0.03297
0.13	0.29	0.0340969
0.13	0.3	0.0352183
0.13	0.31	0.0363339
0.13	0.32	0.0374434
0.13	0.33	0.0385467
0.13	0.34	0.0396435
0.13	0.35	0.0407336
0.13	0.36	0.0418166
0.13	0.37	0.0428923
0.13	0.38	0.0439605
0.13	0.39	0.0450209
0.13	0.4	0.0460731
0.13	0.41	0.047117
0.13	0.42	0.0481522
0.13	0.43	0.0491783
0.13	0.44	0.0501952
0.13	0.45	0.0512024
0.13	0.46	0.0521997
0.13	0.47	0.0531867
0.13	0.48	0.054163
0.13	0.49	0.0551283
0.13	0.5	0.0560823
0.13	0.51	0.0570245
0.13	0.52	0.0579545
0.13	0.53	0.058872
0.13	0.54	0.0597765
0.13	0.55	0.0606677
0.13	0.56	0.0615449
0.13	0.57	0.0624078
0.13	0.58	0.063256
0.13	0.59	0.0640888
0.13	0.6	0.0649058
0.13	0.61	0.0657064
0.13	0.62	0.0664902
0.13	0.63	0.0672564
0.13	0.64	0.0680044
0.13	0.65	0.0687338
0.13	0.66	0.0694437
0.13	0.67	0.0701335
0.13	0.68	0.0708025
0.13	0.69	0.0714498
0.13	0.7	0.0720748
0.13	0.71	0.0726765
0.13	0.72	0.0732541
0.13	0.73	0.0738067
0.13	0.74	0.0743332
0.13	0.75	0.0748326
0.13	0.76	0.0753038
0.13	0.77	0.0757457
0.13	0.78	0.076157
0.13	0.79	0.0765364
0.13	0.8	0.0768825
0.13	0.81	0.0771937
0.13	0.82	0.0774686
0.13	0.83	0.0777053
0.13	0.84	0.0779021
0.13	0.85	0.078057
0.13	0.86	0.0781678
0.13	0.87	0.0782323
0.13	0.88	0.078248
0.13	0.89	0.0782124
0.13	0.9	0.0781224
0.13	0.91	0.0779751
0.13	0.92	0.0777672
0.13	0.93	0.0774951
0.13	0.94	0.0771548
0.13	0.95	0.0767408
0.13	0.96	0.0762421
0.13	0.97	0.0756217
0.13	0.98	0.0747167
0.13	0.99	0.0727547
0.13	1	0.0660097
0.14	0	0
0.14	0.01	0.00129396
0.14	0.02	0.00258773
0.14	0.03	0.00388113
0.14	0.04	0.00517397
0.14	0.05	0.00646606
0.14	0.06	0.00775723
0.14	0.07	0.00904727
0.14	0.08	0.010336
0.14	0.09	0.0116232
0.14	0.1	0.0129088
0.14	0.11	0.0141925
0.14	0.12	0.015474
0.14	0.13	0.0167534
0.14	0.14	0.0180302
0.14	0.15	0.0193044
0.14	0.16	0.0205757
0.14	0.17	0.021844
0.14	0.18	0.023109
0.14	0.19	0.0243705
0.14	0.2	0.0256283
0.14	0.21	0.0268823
0.14	0.22	0.0281321
0.14	0.23	0.0293776
0.14	0.24	0.0306185
0.14	0.25	0.0318546
0.14	0.26	0.0330858
0.14	0.27	0.0343117
0.14	0.28	0.0355321
0.14	0.29	0.0367469
0.14	0.3	0.0379556
0.14	0.31	0.0391582
0.14	0.32	0.0403543
0.14	0.33	0.0415437
0.14	0.34	0.0427261
0.14	0.35	0.0439012
0.14	0.36	0.0450688
0.14	0.37	0.0462286
0.14	0.38	0.0473803
0.14	0.39	0.0485237
0.14	0.4	0.0496583
0.14	0.41	0.0507839
0.14	0.42	0.0519002
0.14	0.43	0.0530068
0.14	0.44	0.0541035
0.14	0.45	0.0551898
0.14	0.46	0.0562654
0.14	0.47	0.0573301
0.14	0.48	0.0583833
0.14	0.49	0.0594247
0.14	0.5	0.0604539
0.14	0.51	0.0614705
0.14	0.52	0.0624741
0.14	0.53	0.0634643
0.14	0.54	0.0644405
0.14	0.55	0.0654024
0.14	0.56	0.0663494
0.14	0.57	0.0672811
0.14	0.58	0.068197
0.14	0.59	0.0690965
0.14	0.6	0.069979
0.14	0.61	0.070844
0.14	0.62	0.071691
0.14	0.63	0.0725192
0.14	0.64	0.073328
0.14	0.65	0.0741168
0.14	0.66	0.0748848
0.14	0.67	0.0756313
0.14	0.68	0.0763556
0.14	0.69	0.0770569
0.14	0.7	0.0777342
0.14	0.71	0.0783867
0.14	0.72	0.0790135
0.14	0.73	0.0796137
0.14	0.74	0.0801861
0.14	0.75	0.0807296
0.14	0.76	0.0812432
0.14	0.77	0.0817256
0.14	0.78	0.0821756
0.14	0.79	0.0825916
0.14	0.8	0.0829724
0.14	0.81	0.0833164
0.14	0.82	0.0836218
0.14	0.83	0.083887
0.14	0.84	0.0841101
0.14	0.85	0.084289
0.14	0.86	0.0844217
0.14	0.87	0.0845058
0.14	0.88	0.0845388
0.14	0.89	0.0845182
0.14	0.9	0.0844411
0.14	0.91	0.0843045
0.14	0.92	0.0841052
0.14	0.93	0.0838398
0.14	0.94	0.0835046
0.14	0.95	0.083096
0.14	0.96	0.0826108
0.14	0.97	0.0820483
0.14	0.98	0.0814219
0.14	0.99	0.0808126
0.14	1	0.0806268
0.15	0	0
0.15	0.01	0.00138735
0.15	0.02	0.00277451
0.15	0.03	0.00416127
0.15	0.04	0.00554743
0.15	0.05	0.00693279
0.15	0.06	0.00831716
0.15	0.07	0.00970034
0.15	0.08	0.0110821
0.15	0.09	0.0124623
0.15	0.1	0.0138407
0.15	0.11	0.015217
0.15	0.12	0.0165912
0.15	0.13	0.0179629
0.15	0.14	0.019332
0.15	0.15	0.0206983
0.15	0.16	0.0220614
0.15	0.17	0.0234214
0.15	0.18	0.0247778
0.15	0.19	0.0261305
0.15	0.2	0.0274793
0.15	0.21	0.0288239
0.15	0.22	0.0301641
0.15	0.23	0.0314997
0.15	0.24	0.0328305
0.15	0.25	0.0341561
0.15	0.26	0.0354764
0.15	0.27	0.0367911
0.15	0.28	0.0381
0.15	0.29	0.0394028
0.15	0.3	0.0406992
0.15	0.31	0.041989
0.15	0.32	0.0432719
0.15	0.33	0.0445476
0.15	0.34	0.0458159
0.15	0.35	0.0470764
0.15	0.36	0.0483289
0.15	0.37	0.049573
0.15	0.38	0.0508086
0.15	0.39	0.0520351
0.15	0.4	0.0532524
0.15	0.41	0.0544601
0.15	0.42	0.0556578
0.15	0.43	0.0568453
0.15	0.44	0.0580221
0.15	0.45	0.0591878
0.15	0.46	0.0603422
0.15	0.47	0.0614849
0.15	0.48	0.0626153
0.15	0.49	0.0637332
0.15	0.5	0.0648381
0.15	0.51	0.0659295
0.15	0.52	0.0670071
0.15	0.53	0.0680704
0.15	0.54	0.0691188
0.15	0.55	0.070152
0.15	0.56	0.0711693
0.15	0.57	0.0721703
0.15	0.58	0.0731544
0.15	0.59	0.0741211
0.15	0.6	0.0750697
0.15	0.61	0.0759997
0.15	0.62	0.0769105
0.15	0.63	0.0778013
0.15	0.64	0.0786716
0.15	0.65	0.0795205
0.15	0.66	0.0803474
0.15	0.67	0.0811514
0.15	0.68	0.0819318
0.15	0.69	0.0826878
0.15	0.7	0.0834184
0.15	0.71	0.0841226
0.15	0.72	0.0847997
0.15	0.73	0.0854484
0.15	0.74	0.0860678
0.15	0.75	0.0866566
0.15	0.76	0.0872138
0.15	0.77	0.087738
0.15	0.78	0.088228
0.15	0.79	0.0886822
0.15	0.8	0.0890992
0.15	0.81	0.0894775
0.15	0.82	0.0898153
0.15	0.83	0.0901108
0.15	0.84	0.0903622
0.15	0.85	0.0905673
0.15	0.86	0.0907241
0.15	0.87	0.0908302
0.15	0.88	0.0908833
0.15	0.89	0.0908806
0.15	0.9	0.0908193
0.15	0.91	0.0906966
0.15	0.92	0.0905093
0.15	0.93	0.0902542
0.15	0.94	0.0899279
0.15	0.95	0.0895283
0.15	0.96	0.0890582
0.15	0.97	0.0885462
0.15	0.98	0.0881465
0.15	0.99	0.0886221
0.15	1	0.0936901
0.16	0	0
0.16	0.01	0.00148095
0.16	0.02	0.00296169
0.16	0.03	0.004442
0.16	0.04	0.00592168
0.16	0.05	0.00740052
0.16	0.06	0.0088783
0.16	0.07	0.0103548
0.16	0.08	0.0118298
0.16	0.09	0.0133032
0.16	0.1	0.0147746
0.16	0.11	0.0162438
0.16	0.12	0.0177107
0.16	0.13	0.0191751
0.16	0.14	0.0206366
0.16	0.15	0.0220952
0.16	0.16	0.0235504
0.16	0.17	0.0250022
0.16	0.18	0.0264503
0.16	0.19	0.0278945
0.16	0.2	0.0293344
0.16	0.21	0.0307699
0.16	0.22	0.0322008
0.16	0.23	0.0336268
0.16	0.24	0.0350476
0.16	0.25	0.0364629
0.16	0.26	0.0378726
0.16	0.27	0.0392764
0.16	0.28	0.040674
0.16	0.29	0.042065
0.16	0.3	0.0434494
0.16	0.31	0.0448267
0.16	0.32	0.0461966
0.16	0.33	0.047559
0.16	0.34	0.0489134
0.16	0.35	0.0502596
0.16	0.36	0.0515973
0.16	0.37	0.0529261
0.16	0.38	0.0542457
0.16	0.39	0.0555559
0.16	0.4	0.0568562
0.16	0.41	0.0581463
0.16	0.42	0.0594258
0.16	0.43	0.0606944
0.16	0.44	0.0619517
0.16	0.45	0.0631973
0.16	0.46	0.0644308
0.16	0.47	0.0656518
0.16	0.48	0.06686
0.16	0.49	0.0680547
0.16	0.5	0.0692357
0.16	0.51	0.0704025
0.16	0.52	0.0715545
0.16	0.53	0.0726913
0.16	0.54	0.0738124
0.16	0.55	0.0749173
0.16	0.56	0.0760055
0.16	0.57	0.0770763
0.16	0.58	0.0781292
0.16	0.59	0.0791637
0.16	0.6	0.0801791
0.16	0.61	0.0811747
0.16	0.62	0.0821499
0.16	0.63	0.0831041
0.16	0.64	0.0840365
0.16	0.65	0.0849463
0.16	0.66	0.0858328
0.16	0.67	0.0866951
0.16	0.68	0.0875325
0.16	0.69	0.0883441
0.16	0.7	0.0891288
0.16	0.71	0.0898858
0.16	0.72	0.0906141
0.16	0.73	0.0913125
0.16	0.74	0.09198
0.16	0.75	0.0926153
0.16	0.76	0.0932174
0.16	0.77	0.0937847
0.16	0.78	0.0943161
0.16	0.79	0.0948099
0.16	0.8	0.0952648
0.16	0.81	0.0956791
0.16	0.82	0.096051
0.16	0.83	0.0963787
0.16	0.84	0.0966604
0.16	0.85	0.0968939
0.16	0.86	0.0970772
0.16	0.87	0.0972078
0.16	0.88	0.0972834
0.16	0.89	0.0973014
0.16	0.9	0.097259
0.16	0.91	0.0971533
0.16	0.92	0.0969813
0.16	0.93	0.0967397
0.16	0.94	0.0964252
0.16	0.95	0.0960339
0.16	0.96	0.0955615
0.16	0.97	0.0949997
0.16	0.98	0.0943245
0.16	0.99	0.0934339
0.16	1	0.0918536
0.17	0	0
0.17	0.01	0.00157475
0.17	0.02	0.00314929
0.17	0.03	0.00472337
0.17	0.04	0.00629678
0.17	0.05	0.0078693
0.17	0.06	0.0094407
0.17	0.07	0.0110108
0.17	0.08	0.0125792
0.17	0.09	0.0141459
0.17	0.1	0.0157106
0.17	0.11	0.017273
0.17	0.12	0.0188329
0.17	0.13	0.0203901
0.17	0.14	0.0219443
0.17	0.15	0.0234953
0.17	0.16	0.0250429
0.17	0.17	0.0265868
0.17	0.18	0.0281268
0.17	0.19	0.0296626
0.17	0.2	0.031194
0.17	0.21	0.0327207
0.17	0.22	0.0342424
0.17	0.23	0.035759
0.17	0.24	0.0372701
0.17	0.25	0.0387754
0.17	0.26	0.0402748
0.17	0.27	0.0417679
0.17	0.28	0.0432544
0.17	0.29	0.0447341
0.17	0.3	0.0462066
0.17	0.31	0.0476717
0.17	0.32	0.049129
0.17	0.33	0.0505782
0.17	0.34	0.0520191
0.17	0.35	0.0534513
0.17	0.36	0.0548745
0.17	0.37	0.0562883
0.17	0.38	0.0576924
0.17	0.39	0.0590865
0.17	0.4	0.0604701
0.17	0.41	0.061843
0.17	0.42	0.0632047
0.17	0.43	0.0645548
0.17	0.44	0.065893
0.17	0.45	0.0672188
0.17	0.46	0.0685319
0.17	0.47	0.0698317
0.17	0.48	0.0711179
0.17	0.49	0.0723901
0.17	0.5	0.0736476
0.17	0.51	0.0748901
0.17	0.52	0.076117
0.17	0.53	0.0773279
0.17	0.54	0.0785223
0.17	0.55	0.0796995
0.17	0.56	0.080859
0.17	0.57	0.0820002
0.17	0.58	0.0831225
0.17	0.59	0.0842254
0.17	0.6	0.0853081
0.17	0.61	0.08637
0.17	0.62	0.0874105
0.17	0.63	0.0884287
0.17	0.64	0.0894239
0.17	0.65	0.0903954
0.17	0.66	0.0913423
0.17	0.67	0.0922638
0.17	0.68	0.0931591
0.17	0.69	0.0940271
0.17	0.7	0.094867
0.17	0.71	0.0956778
0.17	0.72	0.0964583
0.17	0.73	0.0972075
0.17	0.74	0.0979243
0.17	0.75	0.0986074
0.17	0.76	0.0992555
0.17	0.77	0.0998674
0.17	0.78	0.100442
0.17	0.79	0.100977
0.17	0.8	0.101471
0.17	0.81	0.101923
0.17	0.82	0.102331
0.17	0.83	0.102693
0.17	0.84	0.103007
0.17	0.85	0.103271
0.17	0.86	0.103483
0.17	0.87	0.10364
0.17	0.88	0.103741
0.17	0.89	0.103783
0.17	0.9	0.103762
0.17	0.91	0.103676
0.17	0.92	0.103523
0.17	0.93	0.103298
0.17	0.94	0.102999
0.17	0.95	0.10262
0.17	0.96	0.102152
0.17	0.97	0.101558
0.17	0.98	0.100676
0.17	0.99	0.0987352
0.17	1	0.0920101
0.18	0	0
0.18	0.01	0.00166878
0.18	0.02	0.00333733
0.18	0.03	0.00500541
0.18	0.04	0.00667278
0.18	0.05	0.00833921
0.18	0.06	0.0100045
0.18	0.07	0.0116683
0.18	0.08	0.0133305
0.18	0.09	0.0149907
0.18	0.1	0.0166489
0.18	0.11	0.0183046
0.18	0.12	0.0199577
0.18	0.13	0.021608
0.18	0.14	0.0232551
0.18	0.15	0.0248989
0.18	0.16	0.026539
0.18	0.17	0.0281753
0.18	0.18	0.0298074
0.18	0.19	0.0314351
0.18	0.2	0.0330582
0.18	0.21	0.0346763
0.18	0.22	0.0362892
0.18	0.23	0.0378966
0.18	0.24	0.0394983
0.18	0.25	0.041094
0.18	0.26	0.0426833
0.18	0.27	0.0442659
0.18	0.28	0.0458417
0.18	0.29	0.0474102
0.18	0.3	0.0489712
0.18	0.31	0.0505244
0.18	0.32	0.0520694
0.18	0.33	0.0536059
0.18	0.34	0.0551336
0.18	0.35	0.0566521
0.18	0.36	0.0581611
0.18	0.37	0.0596603
0.18	0.38	0.0611492
0.18	0.39	0.0626275
0.18	0.4	0.0640949
0.18	0.41	0.0655508
0.18	0.42	0.0669951
0.18	0.43	0.0684271
0.18	0.44	0.0698466
0.18	0.45	0.0712531
0.18	0.46	0.0726461
0.18	0.47	0.0740253
0.18	0.48	0.07539
0.18	0.49	0.0767399
0.18	0.5	0.0780745
0.18	0.51	0.0793933
0.18	0.52	0.0806957
0.18	0.53	0.0819812
0.18	0.54	0.0832492
0.18	0.55	0.0844993
0.18	0.56	0.0857307
0.18	0.57	0.0869429
0.18	0.58	0.0881353
0.18	0.59	0.0893073
0.18	0.6	0.090458
0.18	0.61	0.0915869
0.18	0.62	0.0926932
0.18	0.63	0.0937762
0.18	0.64	0.0948351
0.18	0.65	0.095869
0.18	0.66	0.0968772
0.18	0.67	0.0978588
0.18	0.68	0.0988128
0.18	0.69	0.0997383
0.18	0.7	0.100634
0.18	0.71	0.1015
0.18	0.72	0.102334
0.18	0.73	0.103135
0.18	0.74	0.103902
0.18	0.75	0.104634
0.18	0.76	0.10533
0.18	0.77	0.105988
0.18	0.78	0.106606
0.18	0.79	0.107184
0.18	0.8	0.10772
0.18	0.81	0.108211
0.18	0.82	0.108657
0.18	0.83	0.109055
0.18	0.84	0.109403
0.18	0.85	0.1097
0.18	0.86	0.109943
0.18	0.87	0.11013
0.18	0.88	0.110258
0.18	0.89	0.110326
0.18	0.9	0.11033
0.18	0.91	0.110267
0.18	0.92	0.110135
0.18	0.93	0.109931
0.18	0.94	0.109652
0.18	0.95	0.109294
0.18	0.96	0.108855
0.18	0.97	0.108336
0.18	0.98	0.107758
0.18	0.99	0.107226
0.18	1	0.107266
0.19	0	0
0.19	0.01	0.00176305
0.19	0.02	0.00352585
0.19	0.03	0.00528815
0.19	0.04	0.00704972
0.19	0.05	0.00881029
0.19	0.06	0.0105696
0.19	0.07	0.0123275
0.19	0.08	0.0140836
0.19	0.09	0.0158377
0.19	0.1	0.0175895
0.19	0.11	0.0193389
0.19	0.12	0.0210855
0.19	0.13	0.0228291
0.19	0.14	0.0245694
0.19	0.15	0.0263061
0.19	0.16	0.0280391
0.19	0.17	0.0297679
0.19	0.18	0.0314924
0.19	0.19	0.0332123
0.19	0.2	0.0349273
0.19	0.21	0.0366371
0.19	0.22	0.0383415
0.19	0.23	0.0400401
0.19	0.24	0.0417326
0.19	0.25	0.0434188
0.19	0.26	0.0450983
0.19	0.27	0.0467709
0.19	0.28	0.0484362
0.19	0.29	0.0500939
0.19	0.3	0.0517437
0.19	0.31	0.0533853
0.19	0.32	0.0550183
0.19	0.33	0.0566424
0.19	0.34	0.0582572
0.19	0.35	0.0598624
0.19	0.36	0.0614576
0.19	0.37	0.0630424
0.19	0.38	0.0646165
0.19	0.39	0.0661795
0.19	0.4	0.0677309
0.19	0.41	0.0692705
0.19	0.42	0.0707977
0.19	0.43	0.0723121
0.19	0.44	0.0738133
0.19	0.45	0.0753008
0.19	0.46	0.0767743
0.19	0.47	0.0782331
0.19	0.48	0.0796769
0.19	0.49	0.0811051
0.19	0.5	0.0825173
0.19	0.51	0.0839128
0.19	0.52	0.0852912
0.19	0.53	0.0866518
0.19	0.54	0.0879942
0.19	0.55	0.0893177
0.19	0.56	0.0906217
0.19	0.57	0.0919055
0.19	0.58	0.0931686
0.19	0.59	0.0944103
0.19	0.6	0.0956297
0.19	0.61	0.0968263
0.19	0.62	0.0979993
0.19	0.63	0.0991478
0.19	0.64	0.100271
0.19	0.65	0.101368
0.19	0.66	0.102439
0.19	0.67	0.103481
0.19	0.68	0.104495
0.19	0.69	0.105479
0.19	0.7	0.106432
0.19	0.71	0.107354
0.19	0.72	0.108242
0.19	0.73	0.109096
0.19	0.74	0.109915
0.19	0.75	0.110698
0.19	0.76	0.111442
0.19	0.77	0.112147
0.19	0.78	0.112812
0.19	0.79	0.113434
0.19	0.8	0.114012
0.19	0.81	0.114545
0.19	0.82	0.11503
0.19	0.83	0.115466
0.19	0.84	0.115851
0.19	0.85	0.116183
0.19	0.86	0.116459
0.19	0.87	0.116678
0.19	0.88	0.116836
0.19	0.89	0.116933
0.19	0.9	0.116964
0.19	0.91	0.116927
0.19	0.92	0.11682
0.19	0.93	0.11664
0.19	0.94	0.116383
0.19	0.95	0.116048
0.19	0.96	0.115639
0.19	0.97	0.115185
0.19	0.98	0.11484
0.19	0.99	0.115369
0.19	1	0.12049
0.2	0	0
0.2	0.01	0.00185756
0.2	0.02	0.00371486
0.2	0.03	0.00557164
0.2	0.04	0.00742765
0.2	0.05	0.00928261
0.2	0.06	0.0111363
0.2	0.07	0.0129884
0.2	0.08	0.0148387
0.2	0.09	0.0166869
0.2	0.1	0.0185327
0.2	0.11	0.0203759
0.2	0.12	0.0222162
0.2	0.13	0.0240534
0.2	0.14	0.0258871
0.2	0.15	0.0277171
0.2	0.16	0.0295432
0.2	0.17	0.0313649
0.2	0.18	0.0331821
0.2	0.19	0.0349945
0.2	0.2	0.0368017
0.2	0.21	0.0386035
0.2	0.22	0.0403995
0.2	0.23	0.0421895
0.2	0.24	0.0439732
0.2	0.25	0.0457503
0.2	0.26	0.0475204
0.2	0.27	0.0492831
0.2	0.28	0.0510383
0.2	0.29	0.0527855
0.2	0.3	0.0545245
0.2	0.31	0.0562548
0.2	0.32	0.0579761
0.2	0.33	0.0596881
0.2	0.34	0.0613904
0.2	0.35	0.0630826
0.2	0.36	0.0647644
0.2	0.37	0.0664353
0.2	0.38	0.068095
0.2	0.39	0.069743
0.2	0.4	0.071379
0.2	0.41	0.0730025
0.2	0.42	0.074613
0.2	0.43	0.0762102
0.2	0.44	0.0777936
0.2	0.45	0.0793627
0.2	0.46	0.080917
0.2	0.47	0.0824561
0.2	0.48	0.0839794
0.2	0.49	0.0854864
0.2	0.5	0.0869766
0.2	0.51	0.0884495
0.2	0.52	0.0899044
0.2	0.53	0.0913408
0.2	0.54	0.092758
0.2	0.55	0.0941556
0.2	0.56	0.0955328
0.2	0.57	0.0968889
0.2	0.58	0.0982234
0.2	0.59	0.0995354
0.2	0.6	0.100824
0.2	0.61	0.102089
0.2	0.62	0.10333
0.2	0.63	0.104545
0.2	0.64	0.105733
0.2	0.65	0.106895
0.2	0.66	0.108028
0.2	0.67	0.109133
0.2	0.68	0.110207
0.2	0.69	0.11125
0.2	0.7	0.112262
0.2	0.71	0.11324
0.2	0.72	0.114184
0.2	0.73	0.115093
0.2	0.74	0.115965
0.2	0.75	0.116799
0.2	0.76	0.117594
0.2	0.77	0.118348
0.2	0.78	0.11906
0.2	0.79	0.119728
0.2	0.8	0.12035
0.2	0.81	0.120926
0.2	0.82	0.121453
0.2	0.83	0.121929
0.2	0.84	0.122352
0.2	0.85	0.122721
0.2	0.86	0.123033
0.2	0.87	0.123285
0.2	0.88	0.123477
0.2	0.89	0.123604
0.2	0.9	0.123666
0.2	0.91	0.123658
0.2	0.92	0.123578
0.2	0.93	0.123424
0.2	0.94	0.123192
0.2	0.95	0.12288
0.2	0.96	0.122482
0.2	0.97	0.121991
0.2	0.98	0.121378
0.2	0.99	0.120516
0.2	1	0.118813
0.21	0	0
0.21	0.01	0.00195233
0.21	0.02	0.00390439
0.21	0.03	0.00585591
0.21	0.04	0.00780662
0.21	0.05	0.00975624
0.21	0.06	0.0117045
0.21	0.07	0.0136511
0.21	0.08	0.0155959
0.21	0.09	0.0175384
0.21	0.1	0.0194785
0.21	0.11	0.0214158
0.21	0.12	0.0233501
0.21	0.13	0.0252812
0.21	0.14	0.0272086
0.21	0.15	0.0291321
0.21	0.16	0.0310515
0.21	0.17	0.0329664
0.21	0.18	0.0348766
0.21	0.19	0.0367817
0.21	0.2	0.0386814
0.21	0.21	0.0405755
0.21	0.22	0.0424636
0.21	0.23	0.0443454
0.21	0.24	0.0462205
0.21	0.25	0.0480887
0.21	0.26	0.0499497
0.21	0.27	0.051803
0.21	0.28	0.0536484
0.21	0.29	0.0554854
0.21	0.3	0.0573139
0.21	0.31	0.0591333
0.21	0.32	0.0609433
0.21	0.33	0.0627436
0.21	0.34	0.0645337
0.21	0.35	0.0663133
0.21	0.36	0.068082
0.21	0.37	0.0698394
0.21	0.38	0.0715851
0.21	0.39	0.0733186
0.21	0.4	0.0750395
0.21	0.41	0.0767473
0.21	0.42	0.0784417
0.21	0.43	0.0801222
0.21	0.44	0.0817882
0.21	0.45	0.0834393
0.21	0.46	0.085075
0.21	0.47	0.0866948
0.21	0.48	0.0882982
0.21	0.49	0.0898845
0.21	0.5	0.0914533
0.21	0.51	0.0930041
0.21	0.52	0.0945361
0.21	0.53	0.0960488
0.21	0.54	0.0975416
0.21	0.55	0.0990139
0.21	0.56	0.100465
0.21	0.57	0.101894
0.21	0.58	0.103301
0.21	0.59	0.104684
0.21	0.6	0.106043
0.21	0.61	0.107377
0.21	0.62	0.108686
0.21	0.63	0.109968
0.21	0.64	0.111223
0.21	0.65	0.112449
0.21	0.66	0.113646
0.21	0.67	0.114814
0.21	0.68	0.11595
0.21	0.69	0.117054
0.21	0.7	0.118125
0.21	0.71	0.119161
0.21	0.72	0.120162
0.21	0.73	0.121126
0.21	0.74	0.122053
0.21	0.75	0.12294
0.21	0.76	0.123786
0.21	0.77	0.12459
0.21	0.78	0.125351
0.21	0.79	0.126067
0.21	0.8	0.126735
0.21	0.81	0.127356
0.21	0.82	0.127926
0.21	0.83	0.128444
0.21	0.84	0.128908
0.21	0.85	0.129316
0.21	0.86	0.129665
0.21	0.87	0.129954
0.21	0.88	0.130181
0.21	0.89	0.130343
0.21	0.9	0.130436
0.21	0.91	0.13046
0.21	0.92	0.130411
0.21	0.93	0.130286
0.21	0.94	0.130083
0.21	0.95	0.129796
0.21	0.96	0.129417
0.21	0.97	0.128909
0.21	0.98	0.128111
0.21	0.99	0.126253
0.21	1	0.119611
0.22	0	0
0.22	0.01	0.00204737
0.22	0.02	0.00409446
0.22	0.03	0.00614099
0.22	0.04	0.00818667
0.22	0.05	0.0102312
0.22	0.06	0.0122743
0.22	0.07	0.0143158
0.22	0.08	0.0163552
0.22	0.09	0.0183924
0.22	0.1	0.020427
0.22	0.11	0.0224588
0.22	0.12	0.0244874
0.22	0.13	0.0265125
0.22	0.14	0.0285339
0.22	0.15	0.0305513
0.22	0.16	0.0325644
0.22	0.17	0.0345727
0.22	0.18	0.0365762
0.22	0.19	0.0385743
0.22	0.2	0.0405669
0.22	0.21	0.0425535
0.22	0.22	0.0445339
0.22	0.23	0.0465078
0.22	0.24	0.0484747
0.22	0.25	0.0504345
0.22	0.26	0.0523866
0.22	0.27	0.0543308
0.22	0.28	0.0562667
0.22	0.29	0.058194
0.22	0.3	0.0601122
0.22	0.31	0.0620211
0.22	0.32	0.0639202
0.22	0.33	0.0658091
0.22	0.34	0.0676875
0.22	0.35	0.069555
0.22	0.36	0.071411
0.22	0.37	0.0732553
0.22	0.38	0.0750873
0.22	0.39	0.0769067
0.22	0.4	0.078713
0.22	0.41	0.0805057
0.22	0.42	0.0822844
0.22	0.43	0.0840486
0.22	0.44	0.0857977
0.22	0.45	0.0875313
0.22	0.46	0.0892489
0.22	0.47	0.09095
0.22	0.48	0.0926339
0.22	0.49	0.0943002
0.22	0.5	0.0959482
0.22	0.51	0.0975774
0.22	0.52	0.0991871
0.22	0.53	0.100777
0.22	0.54	0.102346
0.22	0.55	0.103893
0.22	0.56	0.105419
0.22	0.57	0.106922
0.22	0.58	0.108401
0.22	0.59	0.109856
0.22	0.6	0.111286
0.22	0.61	0.11269
0.22	0.62	0.114068
0.22	0.63	0.115418
0.22	0.64	0.11674
0.22	0.65	0.118033
0.22	0.66	0.119295
0.22	0.67	0.120526
0.22	0.68	0.121725
0.22	0.69	0.122891
0.22	0.7	0.124022
0.22	0.71	0.125118
0.22	0.72	0.126177
0.22	0.73	0.127198
0.22	0.74	0.12818
0.22	0.75	0.129121
0.22	0.76	0.13002
0.22	0.77	0.130876
0.22	0.78	0.131688
0.22	0.79	0.132452
0.22	0.8	0.133169
0.22	0.81	0.133836
0.22	0.82	0.134451
0.22	0.83	0.135013
0.22	0.84	0.135519
0.22	0.85	0.135969
0.22	0.86	0.136358
0.22	0.87	0.136686
0.22	0.88	0.13695
0.22	0.89	0.137148
0.22	0.9	0.137277
0.22	0.91	0.137335
0.22	0.92	0.13732
0.22	0.93	0.137227
0.22	0.94	0.137056
0.22	0.95	0.136802
0.22	0.96	0.136466
0.22	0.97	0.136049
0.22	0.98	0.135576
0.22	0.99	0.13518
0.22	1	0.135508
0.23	0	0
0.23	0.01	0.0021427
0.23	0.02	0.0042851
0.23	0.03	0.00642692
0.23	0.04	0.00856785
0.23	0.05	0.0107076
0.23	0.06	0.0128459
0.23	0.07	0.0149824
0.23	0.08	0.0171169
0.23	0.09	0.019249
0.23	0.1	0.0213784
0.23	0.11	0.0235048
0.23	0.12	0.025628
0.23	0.13	0.0277476
0.23	0.14	0.0298633
0.23	0.15	0.0319748
0.23	0.16	0.0340818
0.23	0.17	0.036184
0.23	0.18	0.038281
0.23	0.19	0.0403725
0.23	0.2	0.0424582
0.23	0.21	0.0445378
0.23	0.22	0.0466109
0.23	0.23	0.0486771
0.23	0.24	0.0507362
0.23	0.25	0.0527878
0.23	0.26	0.0548314
0.23	0.27	0.0568669
0.23	0.28	0.0588937
0.23	0.29	0.0609115
0.23	0.3	0.06292
0.23	0.31	0.0649187
0.23	0.32	0.0669073
0.23	0.33	0.0688853
0.23	0.34	0.0708523
0.23	0.35	0.072808
0.23	0.36	0.0747518
0.23	0.37	0.0766834
0.23	0.38	0.0786023
0.23	0.39	0.080508
0.23	0.4	0.0824001
0.23	0.41	0.0842781
0.23	0.42	0.0861416
0.23	0.43	0.0879899
0.23	0.44	0.0898227
0.23	0.45	0.0916394
0.23	0.46	0.0934394
0.23	0.47	0.0952222
0.23	0.48	0.0969873
0.23	0.49	0.098734
0.23	0.5	0.100462
0.23	0.51	0.10217
0.23	0.52	0.103858
0.23	0.53	0.105525
0.23	0.54	0.107171
0.23	0.55	0.108795
0.23	0.56	0.110396
0.23	0.57	0.111973
0.23	0.58	0.113526
0.23	0.59	0.115053
0.23	0.6	0.116555
0.23	0.61	0.11803
0.23	0.62	0.119478
0.23	0.63	0.120897
0.23	0.64	0.122287
0.23	0.65	0.123646
0.23	0.66	0.124975
0.23	0.67	0.126271
0.23	0.68	0.127533
0.23	0.69	0.128762
0.23	0.7	0.129954
0.23	0.71	0.131111
0.23	0.72	0.132229
0.23	0.73	0.133308
0.23	0.74	0.134347
0.23	0.75	0.135344
0.23	0.76	0.136298
0.23	0.77	0.137207
0.23	0.78	0.138071
0.23	0.79	0.138886
0.23	0.8	0.139652
0.23	0.81	0.140368
0.23	0.82	0.14103
0.23	0.83	0.141638
0.23	0.84	0.142189
0.23	0.85	0.142681
0.23	0.86	0.143113
0.23	0.87	0.143482
0.23	0.88	0.143786
0.23	0.89	0.144023
0.23	0.9	0.14419
0.23	0.91	0.144284
0.23	0.92	0.144304
0.23	0.93	0.144247
0.23	0.94	0.14411
0.23	0.95	0.143893
0.23	0.96	0.143598
0.23	0.97	0.143256
0.23	0.98	0.143022
0.23	0.99	0.14366
0.23	1	0.148889
0.24	0	0
0.24	0.01	0.00223831
0.24	0.02	0.00447633
0.24	0.03	0.00671373
0.24	0.04	0.00895021
0.24	0.05	0.0111855
0.24	0.06	0.0134192
0.24	0.07	0.0156511
0.24	0.08	0.0178809
0.24	0.09	0.0201082
0.24	0.1	0.0223327
0.24	0.11	0.0245542
0.24	0.12	0.0267723
0.24	0.13	0.0289866
0.24	0.14	0.0311969
0.24	0.15	0.0334029
0.24	0.16	0.0356042
0.24	0.17	0.0378004
0.24	0.18	0.0399913
0.24	0.19	0.0421765
0.24	0.2	0.0443557
0.24	0.21	0.0465285
0.24	0.22	0.0486946
0.24	0.23	0.0508536
0.24	0.24	0.0530052
0.24	0.25	0.0551489
0.24	0.26	0.0572845
0.24	0.27	0.0594116
0.24	0.28	0.0615297
0.24	0.29	0.0636385
0.24	0.3	0.0657375
0.24	0.31	0.0678265
0.24	0.32	0.0699049
0.24	0.33	0.0719724
0.24	0.34	0.0740285
0.24	0.35	0.0760728
0.24	0.36	0.0781048
0.24	0.37	0.0801241
0.24	0.38	0.0821303
0.24	0.39	0.0841229
0.24	0.4	0.0861013
0.24	0.41	0.0880651
0.24	0.42	0.0900138
0.24	0.43	0.0919469
0.24	0.44	0.0938638
0.24	0.45	0.0957641
0.24	0.46	0.0976471
0.24	0.47	0.0995123
0.24	0.48	0.101359
0.24	0.49	0.103187
0.24	0.5	0.104995
0.24	0.51	0.106783
0.24	0.52	0.10855
0.24	0.53	0.110296
0.24	0.54	0.112019
0.24	0.55	0.113719
0.24	0.56	0.115396
0.24	0.57	0.117048
0.24	0.58	0.118675
0.24	0.59	0.120277
0.24	0.6	0.121851
0.24	0.61	0.123398
0.24	0.62	0.124916
0.24	0.63	0.126405
0.24	0.64	0.127864
0.24	0.65	0.129291
0.24	0.66	0.130686
0.24	0.67	0.132048
0.24	0.68	0.133376
0.24	0.69	0.134668
0.24	0.7	0.135924
0.24	0.71	0.137142
0.24	0.72	0.13832
0.24	0.73	0.139459
0.24	0.74	0.140556
0.24	0.75	0.14161
0.24	0.76	0.14262
0.24	0.77	0.143585
0.24	0.78	0.144501
0.24	0.79	0.145369
0.24	0.8	0.146187
0.24	0.81	0.146952
0.24	0.82	0.147663
0.24	0.83	0.148319
0.24	0.84	0.148916
0.24	0.85	0.149454
0.24	0.86	0.14993
0.24	0.87	0.150343
0.24	0.88	0.150689
0.24	0.89	0.150967
0.24	0.9	0.151174
0.24	0.91	0.151308
0.24	0.92	0.151367
0.24	0.93	0.151347
0.24	0.94	0.151247
0.24	0.95	0.151063
0.24	0.96	0.150791
0.24	0.97	0.150423
0.24	0.98	0.149924
0.24	0.99	0.149144
0.24	1	0.14737
0.25	0	0
0.25	0.01	0.00233424
0.25	0.02	0.00466816
0.25	0.03	0.00700145
0.25	0.04	0.00933379
0.25	0.05	0.0116649
0.25	0.06	0.0139944
0.25	0.07	0.016322
0.25	0.08	0.0186474
0.25	0.09	0.0209702
0.25	0.1	0.0232902
0.25	0.11	0.0256069
0.25	0.12	0.0279202
0.25	0.13	0.0302296
0.25	0.14	0.0325349
0.25	0.15	0.0348356
0.25	0.16	0.0371315
0.25	0.17	0.0394222
0.25	0.18	0.0417073
0.25	0.19	0.0439866
0.25	0.2	0.0462596
0.25	0.21	0.048526
0.25	0.22	0.0507854
0.25	0.23	0.0530376
0.25	0.24	0.055282
0.25	0.25	0.0575183
0.25	0.26	0.0597462
0.25	0.27	0.0619652
0.25	0.28	0.064175
0.25	0.29	0.0663751
0.25	0.3	0.0685652
0.25	0.31	0.0707448
0.25	0.32	0.0729135
0.25	0.33	0.0750708
0.25	0.34	0.0772164
0.25	0.35	0.0793498
0.25	0.36	0.0814705
0.25	0.37	0.0835781
0.25	0.38	0.085672
0.25	0.39	0.0877519
0.25	0.4	0.0898171
0.25	0.41	0.0918672
0.25	0.42	0.0939017
0.25	0.43	0.09592
0.25	0.44	0.0979217
0.25	0.45	0.099906
0.25	0.46	0.101873
0.25	0.47	0.103821
0.25	0.48	0.10575
0.25	0.49	0.107659
0.25	0.5	0.109548
0.25	0.51	0.111417
0.25	0.52	0.113263
0.25	0.53	0.115088
0.25	0.54	0.116889
0.25	0.55	0.118667
0.25	0.56	0.120421
0.25	0.57	0.122149
0.25	0.58	0.123851
0.25	0.59	0.125527
0.25	0.6	0.127175
0.25	0.61	0.128794
0.25	0.62	0.130384
0.25	0.63	0.131944
0.25	0.64	0.133472
0.25	0.65	0.134969
0.25	0.66	0.136432
0.25	0.67	0.137861
0.25	0.68	0.139254
0.25	0.69	0.140611
0.25	0.7	0.141931
0.25	0.71	0.143211
0.25	0.72	0.144452
0.25	0.73	0.145652
0.25	0.74	0.146808
0.25	0.75	0.147921
0.25	0.76	0.148989
0.25	0.77	0.150009
0.25	0.78	0.150981
0.25	0.79	0.151903
0.25	0.8	0.152774
0.25	0.81	0.153591
0.25	0.82	0.154353
0.25	0.83	0.155058
0.25	0.84	0.155704
0.25	0.85	0.156289
0.25	0.86	0.156812
0.25	0.87	0.15727
0.25	0.88	0.15766
0.25	0.89	0.157982
0.25	0.9	0.158231
0.25	0.91	0.158407
0.25	0.92	0.158507
0.25	0.93	0.158528
0.25	0.94	0.158467
0.25	0.95	0.15832
0.25	0.96	0.158079
0.25	0.97	0.157707
0.25	0.98	0.157044
0.25	0.99	0.15532
0.25	1	0.148811
0.26	0	0
0.26	0.01	0.00243047
0.26	0.02	0.00486062
0.26	0.03	0.00729012
0.26	0.04	0.00971864
0.26	0.05	0.0121458
0.26	0.06	0.0145714
0.26	0.07	0.016995
0.26	0.08	0.0194164
0.26	0.09	0.021835
0.26	0.1	0.0242508
0.26	0.11	0.0266632
0.26	0.12	0.029072
0.26	0.13	0.0314768
0.26	0.14	0.0338773
0.26	0.15	0.0362732
0.26	0.16	0.038664
0.26	0.17	0.0410495
0.26	0.18	0.0434292
0.26	0.19	0.0458028
0.26	0.2	0.04817
0.26	0.21	0.0505304
0.26	0.22	0.0528836
0.26	0.23	0.0552292
0.26	0.24	0.0575668
0.26	0.25	0.0598961
0.26	0.26	0.0622167
0.26	0.27	0.0645281
0.26	0.28	0.0668299
0.26	0.29	0.0691218
0.26	0.3	0.0714033
0.26	0.31	0.073674
0.26	0.32	0.0759334
0.26	0.33	0.0781811
0.26	0.34	0.0804166
0.26	0.35	0.0826395
0.26	0.36	0.0848494
0.26	0.37	0.0870456
0.26	0.38	0.0892278
0.26	0.39	0.0913954
0.26	0.4	0.093548
0.26	0.41	0.0956849
0.26	0.42	0.0978057
0.26	0.43	0.0999099
0.26	0.44	0.101997
0.26	0.45	0.104066
0.26	0.46	0.106116
0.26	0.47	0.108148
0.26	0.48	0.11016
0.26	0.49	0.112152
0.26	0.5	0.114123
0.26	0.51	0.116072
0.26	0.52	0.117999
0.26	0.53	0.119903
0.26	0.54	0.121784
0.26	0.55	0.12364
0.26	0.56	0.125471
0.26	0.57	0.127276
0.26	0.58	0.129054
0.26	0.59	0.130804
0.26	0.6	0.132526
0.26	0.61	0.134219
0.26	0.62	0.135882
0.26	0.63	0.137513
0.26	0.64	0.139113
0.26	0.65	0.140679
0.26	0.66	0.142211
0.26	0.67	0.143708
0.26	0.68	0.145169
0.26	0.69	0.146592
0.26	0.7	0.147976
0.26	0.71	0.149321
0.26	0.72	0.150625
0.26	0.73	0.151887
0.26	0.74	0.153104
0.26	0.75	0.154277
0.26	0.76	0.155403
0.26	0.77	0.156482
0.26	0.78	0.157511
0.26	0.79	0.158488
0.26	0.8	0.159414
0.26	0.81	0.160284
0.26	0.82	0.161099
0.26	0.83	0.161855
0.26	0.84	0.162552
0.26	0.85	0.163187
0.26	0.86	0.163758
0.26	0.87	0.164263
0.26	0.88	0.164701
0.26	0.89	0.165068
0.26	0.9	0.165363
0.26	0.91	0.165583
0.26	0.92	0.165726
0.26	0.93	0.16579
0.26	0.94	0.165772
0.26	0.95	0.165669
0.26	0.96	0.165482
0.26	0.97	0.165214
0.26	0.98	0.164896
0.26	0.99	0.164686
0.26	1	0.165352
0.27	0	0
0.27	0.01	0.00252704
0.27	0.02	0.00505374
0.27	0.03	0.00757977
0.27	0.04	0.0101048
0.27	0.05	0.0126285
0.27	0.06	0.0151504
0.27	0.07	0.0176704
0.27	0.08	0.020188
0.27	0.09	0.0227029
0.27	0.1	0.0252147
0.27	0.11	0.0277231
0.27	0.12	0.0302278
0.27	0.13	0.0327284
0.27	0.14	0.0352245
0.27	0.15	0.0377158
0.27	0.16	0.0402019
0.27	0.17	0.0426825
0.27	0.18	0.0451572
0.27	0.19	0.0476256
0.27	0.2	0.0500873
0.27	0.21	0.052542
0.27	0.22	0.0549893
0.27	0.23	0.0574288
0.27	0.24	0.05986
0.27	0.25	0.0622827
0.27	0.26	0.0646963
0.27	0.27	0.0671005
0.27	0.28	0.0694949
0.27	0.29	0.0718789
0.27	0.3	0.0742522
0.27	0.31	0.0766144
0.27	0.32	0.078965
0.27	0.33	0.0813035
0.27	0.34	0.0836294
0.27	0.35	0.0859424
0.27	0.36	0.0882418
0.27	0.37	0.0905272
0.27	0.38	0.0927982
0.27	0.39	0.0950541
0.27	0.4	0.0972945
0.27	0.41	0.0995188
0.27	0.42	0.101726
0.27	0.43	0.103917
0.27	0.44	0.10609
0.27	0.45	0.108244
0.27	0.46	0.110379
0.27	0.47	0.112495
0.27	0.48	0.114591
0.27	0.49	0.116665
0.27	0.5	0.118719
0.27	0.51	0.12075
0.27	0.52	0.122758
0.27	0.53	0.124742
0.27	0.54	0.126702
0.27	0.55	0.128637
0.27	0.56	0.130547
0.27	0.57	0.132429
0.27	0.58	0.134284
0.27	0.59	0.13611
0.27	0.6	0.137908
0.27	0.61	0.139675
0.27	0.62	0.141411
0.27	0.63	0.143115
0.27	0.64	0.144786
0.27	0.65	0.146424
0.27	0.66	0.148026
0.27	0.67	0.149592
0.27	0.68	0.151121
0.27	0.69	0.152611
0.27	0.7	0.154062
0.27	0.71	0.155472
0.27	0.72	0.15684
0.27	0.73	0.158165
0.27	0.74	0.159445
0.27	0.75	0.16068
0.27	0.76	0.161866
0.27	0.77	0.163004
0.27	0.78	0.164091
0.27	0.79	0.165127
0.27	0.8	0.166108
0.27	0.81	0.167034
0.27	0.82	0.167903
0.27	0.83	0.168713
0.27	0.84	0.169462
0.27	0.85	0.170148
0.27	0.86	0.17077
0.27	0.87	0.171325
0.27	0.88	0.171811
0.27	0.89	0.172227
0.27	0.9	0.172569
0.27	0.91	0.172835
0.27	0.92	0.173024
0.27	0.93	0.173134
0.27	0.94	0.173161
0.27	0.95	0.173104
0.27	0.96	0.172969
0.27	0.97	0.172786
0.27	0.98	0.172709
0.27	0.99	0.173504
0.27	1	0.178888
0.28	0	0
0.28	0.01	0.00262394
0.28	0.02	0.00524753
0.28	0.03	0.00787042
0.28	0.04	0.0104923
0.28	0.05	0.0131128
0.28	0.06	0.0157315
0.28	0.07	0.0183481
0.28	0.08	0.0209623
0.28	0.09	0.0235737
0.28	0.1	0.026182
0.28	0.11	0.0287868
0.28	0.12	0.0313877
0.28	0.13	0.0339843
0.28	0.14	0.0365764
0.28	0.15	0.0391635
0.28	0.16	0.0417453
0.28	0.17	0.0443214
0.28	0.18	0.0468914
0.28	0.19	0.049455
0.28	0.2	0.0520116
0.28	0.21	0.0545611
0.28	0.22	0.0571029
0.28	0.23	0.0596366
0.28	0.24	0.0621619
0.28	0.25	0.0646783
0.28	0.26	0.0671854
0.28	0.27	0.0696828
0.28	0.28	0.0721701
0.28	0.29	0.0746467
0.28	0.3	0.0771123
0.28	0.31	0.0795665
0.28	0.32	0.0820086
0.28	0.33	0.0844384
0.28	0.34	0.0868552
0.28	0.35	0.0892587
0.28	0.36	0.0916482
0.28	0.37	0.0940233
0.28	0.38	0.0963836
0.28	0.39	0.0987283
0.28	0.4	0.101057
0.28	0.41	0.103369
0.28	0.42	0.105664
0.28	0.43	0.107942
0.28	0.44	0.110201
0.28	0.45	0.112441
0.28	0.46	0.114662
0.28	0.47	0.116862
0.28	0.48	0.119042
0.28	0.49	0.121201
0.28	0.5	0.123337
0.28	0.51	0.12545
0.28	0.52	0.12754
0.28	0.53	0.129606
0.28	0.54	0.131646
0.28	0.55	0.133661
0.28	0.56	0.135649
0.28	0.57	0.13761
0.28	0.58	0.139542
0.28	0.59	0.141446
0.28	0.6	0.143319
0.28	0.61	0.145162
0.28	0.62	0.146972
0.28	0.63	0.14875
0.28	0.64	0.150494
0.28	0.65	0.152203
0.28	0.66	0.153876
0.28	0.67	0.155513
0.28	0.68	0.157111
0.28	0.69	0.15867
0.28	0.7	0.160188
0.28	0.71	0.161665
0.28	0.72	0.163099
0.28	0.73	0.164489
0.28	0.74	0.165833
0.28	0.75	0.16713
0.28	0.76	0.168378
0.28	0.77	0.169577
0.28	0.78	0.170724
0.28	0.79	0.171818
0.28	0.8	0.172858
0.28	0.81	0.173841
0.28	0.82	0.174766
0.28	0.83	0.175631
0.28	0.84	0.176435
0.28	0.85	0.177175
0.28	0.86	0.177849
0.28	0.87	0.178456
0.28	0.88	0.178993
0.28	0.89	0.179458
0.28	0.9	0.17985
0.28	0.91	0.180166
0.28	0.92	0.180403
0.28	0.93	0.18056
0.28	0.94	0.180633
0.28	0.95	0.180621
0.28	0.96	0.18052
0.28	0.97	0.180318
0.28	0.98	0.179979
0.28	0.99	0.179326
0.28	1	0.177524
0.29	0	0
0.29	0.01	0.00272118
0.29	0.02	0.00544201
0.29	0.03	0.00816212
0.29	0.04	0.0108812
0.29	0.05	0.0135988
0.29	0.06	0.0163146
0.29	0.07	0.0190283
0.29	0.08	0.0217395
0.29	0.09	0.0244478
0.29	0.1	0.0271528
0.29	0.11	0.0298543
0.29	0.12	0.0325518
0.29	0.13	0.0352449
0.29	0.14	0.0379333
0.29	0.15	0.0406166
0.29	0.16	0.0432945
0.29	0.17	0.0459664
0.29	0.18	0.0486322
0.29	0.19	0.0512912
0.29	0.2	0.0539432
0.29	0.21	0.0565878
0.29	0.22	0.0592244
0.29	0.23	0.0618529
0.29	0.24	0.0644726
0.29	0.25	0.0670832
0.29	0.26	0.0696842
0.29	0.27	0.0722752
0.29	0.28	0.0748558
0.29	0.29	0.0774256
0.29	0.3	0.0799839
0.29	0.31	0.0825305
0.29	0.32	0.0850647
0.29	0.33	0.0875862
0.29	0.34	0.0900944
0.29	0.35	0.0925889
0.29	0.36	0.095069
0.29	0.37	0.0975344
0.29	0.38	0.0999844
0.29	0.39	0.102419
0.29	0.4	0.104836
0.29	0.41	0.107237
0.29	0.42	0.10962
0.29	0.43	0.111985
0.29	0.44	0.114331
0.29	0.45	0.116658
0.29	0.46	0.118964
0.29	0.47	0.12125
0.29	0.48	0.123515
0.29	0.49	0.125758
0.29	0.5	0.127978
0.29	0.51	0.130174
0.29	0.52	0.132347
0.29	0.53	0.134494
0.29	0.54	0.136616
0.29	0.55	0.138711
0.29	0.56	0.140779
0.29	0.57	0.142819
0.29	0.58	0.14483
0.29	0.59	0.146811
0.29	0.6	0.148761
0.29	0.61	0.15068
0.29	0.62	0.152566
0.29	0.63	0.154418
0.29	0.64	0.156236
0.29	0.65	0.158019
0.29	0.66	0.159764
0.29	0.67	0.161472
0.29	0.68	0.16314
0.29	0.69	0.164769
0.29	0.7	0.166356
0.29	0.71	0.167901
0.29	0.72	0.169402
0.29	0.73	0.170858
0.29	0.74	0.172267
0.29	0.75	0.173628
0.29	0.76	0.17494
0.29	0.77	0.176201
0.29	0.78	0.17741
0.29	0.79	0.178565
0.29	0.8	0.179664
0.29	0.81	0.180706
0.29	0.82	0.181689
0.29	0.83	0.182611
0.29	0.84	0.183471
0.29	0.85	0.184266
0.29	0.86	0.184995
0.29	0.87	0.185656
0.29	0.88	0.186246
0.29	0.89	0.186764
0.29	0.9	0.187207
0.29	0.91	0.187574
0.29	0.92	0.187862
0.29	0.93	0.188069
0.29	0.94	0.188192
0.29	0.95	0.188227
0.29	0.96	0.188166
0.29	0.97	0.187973
0.29	0.98	0.187489
0.29	0.99	0.185943
0.29	1	0.179612
0.3	0	0
0.3	0.01	0.00281879
0.3	0.02	0.00563721
0.3	0.03	0.00845489
0.3	0.04	0.0112715
0.3	0.05	0.0140866
0.3	0.06	0.0168999
0.3	0.07	0.019711
0.3	0.08	0.0225195
0.3	0.09	0.025325
0.3	0.1	0.0281273
0.3	0.11	0.0309258
0.3	0.12	0.0337202
0.3	0.13	0.0365102
0.3	0.14	0.0392953
0.3	0.15	0.0420752
0.3	0.16	0.0448495
0.3	0.17	0.0476177
0.3	0.18	0.0503795
0.3	0.19	0.0531345
0.3	0.2	0.0558822
0.3	0.21	0.0586223
0.3	0.22	0.0613543
0.3	0.23	0.0640778
0.3	0.24	0.0667924
0.3	0.25	0.0694976
0.3	0.26	0.072193
0.3	0.27	0.0748781
0.3	0.28	0.0775525
0.3	0.29	0.0802158
0.3	0.3	0.0828673
0.3	0.31	0.0855068
0.3	0.32	0.0881336
0.3	0.33	0.0907473
0.3	0.34	0.0933474
0.3	0.35	0.0959334
0.3	0.36	0.0985047
0.3	0.37	0.101061
0.3	0.38	0.103601
0.3	0.39	0.106125
0.3	0.4	0.108632
0.3	0.41	0.111122
0.3	0.42	0.113594
0.3	0.43	0.116047
0.3	0.44	0.118481
0.3	0.45	0.120894
0.3	0.46	0.123288
0.3	0.47	0.12566
0.3	0.48	0.12801
0.3	0.49	0.130338
0.3	0.5	0.132642
0.3	0.51	0.134922
0.3	0.52	0.137178
0.3	0.53	0.139408
0.3	0.54	0.141612
0.3	0.55	0.143788
0.3	0.56	0.145937
0.3	0.57	0.148057
0.3	0.58	0.150147
0.3	0.59	0.152207
0.3	0.6	0.154235
0.3	0.61	0.156231
0.3	0.62	0.158194
0.3	0.63	0.160122
0.3	0.64	0.162014
0.3	0.65	0.163871
0.3	0.66	0.165689
0.3	0.67	0.16747
0.3	0.68	0.16921
0.3	0.69	0.170909
0.3	0.7	0.172567
0.3	0.71	0.174181
0.3	0.72	0.17575
0.3	0.73	0.177273
0.3	0.74	0.178749
0.3	0.75	0.180176
0.3	0.76	0.181553
0.3	0.77	0.182878
0.3	0.78	0.18415
0.3	0.79	0.185367
0.3	0.8	0.186527
0.3	0.81	0.18763
0.3	0.82	0.188673
0.3	0.83	0.189654
0.3	0.84	0.190572
0.3	0.85	0.191424
0.3	0.86	0.19221
0.3	0.87	0.192926
0.3	0.88	0.193572
0.3	0.89	0.194144
0.3	0.9	0.194642
0.3	0.91	0.195062
0.3	0.92	0.195402
0.3	0.93	0.195661
0.3	0.94	0.195837
0.3	0.95	0.195926
0.3	0.96	0.19593
0.3	0.97	0.195853
0.3	0.98	0.195732
0.3	0.99	0.19575
0.3	1	0.1968
0.31	0	0
0.31	0.01	0.00291675
0.31	0.02	0.00583313
0.31	0.03	0.00874876
0.31	0.04	0.0116633
0.31	0.05	0.0145763
0.31	0.06	0.0174874
0.31	0.07	0.0203962
0.31	0.08	0.0233024
0.31	0.09	0.0262056
0.31	0.1	0.0291054
0.31	0.11	0.0320013
0.31	0.12	0.0348931
0.31	0.13	0.0377803
0.31	0.14	0.0406626
0.31	0.15	0.0435394
0.31	0.16	0.0464105
0.31	0.17	0.0492754
0.31	0.18	0.0521337
0.31	0.19	0.054985
0.31	0.2	0.0578289
0.31	0.21	0.0606649
0.31	0.22	0.0634927
0.31	0.23	0.0663117
0.31	0.24	0.0691216
0.31	0.25	0.0719218
0.31	0.26	0.074712
0.31	0.27	0.0774917
0.31	0.28	0.0802604
0.31	0.29	0.0830176
0.31	0.3	0.0857629
0.31	0.31	0.0884957
0.31	0.32	0.0912156
0.31	0.33	0.0939221
0.31	0.34	0.0966145
0.31	0.35	0.0992925
0.31	0.36	0.101955
0.31	0.37	0.104603
0.31	0.38	0.107234
0.31	0.39	0.109849
0.31	0.4	0.112446
0.31	0.41	0.115025
0.31	0.42	0.117586
0.31	0.43	0.120128
0.31	0.44	0.12265
0.31	0.45	0.125152
0.31	0.46	0.127632
0.31	0.47	0.130091
0.31	0.48	0.132528
0.31	0.49	0.134941
0.31	0.5	0.13733
0.31	0.51	0.139695
0.31	0.52	0.142035
0.31	0.53	0.144348
0.31	0.54	0.146635
0.31	0.55	0.148894
0.31	0.56	0.151124
0.31	0.57	0.153325
0.31	0.58	0.155495
0.31	0.59	0.157634
0.31	0.6	0.159742
0.31	0.61	0.161816
0.31	0.62	0.163855
0.31	0.63	0.16586
0.31	0.64	0.167829
0.31	0.65	0.16976
0.31	0.66	0.171654
0.31	0.67	0.173507
0.31	0.68	0.175321
0.31	0.69	0.177092
0.31	0.7	0.178821
0.31	0.71	0.180505
0.31	0.72	0.182144
0.31	0.73	0.183736
0.31	0.74	0.18528
0.31	0.75	0.186774
0.31	0.76	0.188217
0.31	0.77	0.189608
0.31	0.78	0.190944
0.31	0.79	0.192225
0.31	0.8	0.193449
0.31	0.81	0.194614
0.31	0.82	0.195718
0.31	0.83	0.19676
0.31	0.84	0.197738
0.31	0.85	0.198649
0.31	0.86	0.199494
0.31	0.87	0.200268
0.31	0.88	0.200971
0.31	0.89	0.2016
0.31	0.9	0.202153
0.31	0.91	0.202628
0.31	0.92	0.203024
0.31	0.93	0.203338
0.31	0.94	0.203568
0.31	0.95	0.203713
0.31	0.96	0.203778
0.31	0.97	0.203793
0.31	0.98	0.203914
0.31	0.99	0.204906
0.31	1	0.210487
0.32	0	0
0.32	0.01	0.0030151
0.32	0.02	0.00602981
0.32	0.03	0.00904376
0.32	0.04	0.0120565
0.32	0.05	0.0150678
0.32	0.06	0.0180771
0.32	0.07	0.0210841
0.32	0.08	0.0240884
0.32	0.09	0.0270896
0.32	0.1	0.0300873
0.32	0.11	0.0330811
0.32	0.12	0.0360706
0.32	0.13	0.0390555
0.32	0.14	0.0420352
0.32	0.15	0.0450094
0.32	0.16	0.0479777
0.32	0.17	0.0509397
0.32	0.18	0.0538949
0.32	0.19	0.056843
0.32	0.2	0.0597834
0.32	0.21	0.0627158
0.32	0.22	0.0656397
0.32	0.23	0.0685547
0.32	0.24	0.0714603
0.32	0.25	0.0743561
0.32	0.26	0.0772416
0.32	0.27	0.0801163
0.32	0.28	0.0829797
0.32	0.29	0.0858314
0.32	0.3	0.0886709
0.32	0.31	0.0914976
0.32	0.32	0.0943111
0.32	0.33	0.0971108
0.32	0.34	0.0998962
0.32	0.35	0.102667
0.32	0.36	0.105422
0.32	0.37	0.108161
0.32	0.38	0.110884
0.32	0.39	0.113589
0.32	0.4	0.116277
0.32	0.41	0.118947
0.32	0.42	0.121598
0.32	0.43	0.124229
0.32	0.44	0.12684
0.32	0.45	0.12943
0.32	0.46	0.131998
0.32	0.47	0.134545
0.32	0.48	0.137068
0.32	0.49	0.139568
0.32	0.5	0.142043
0.32	0.51	0.144494
0.32	0.52	0.146918
0.32	0.53	0.149316
0.32	0.54	0.151686
0.32	0.55	0.154028
0.32	0.56	0.15634
0.32	0.57	0.158623
0.32	0.58	0.160874
0.32	0.59	0.163094
0.32	0.6	0.165281
0.32	0.61	0.167434
0.32	0.62	0.169552
0.32	0.63	0.171635
0.32	0.64	0.173681
0.32	0.65	0.175688
0.32	0.66	0.177657
0.32	0.67	0.179586
0.32	0.68	0.181473
0.32	0.69	0.183318
0.32	0.7	0.185119
0.32	0.71	0.186875
0.32	0.72	0.188585
0.32	0.73	0.190247
0.32	0.74	0.19186
0.32	0.75	0.193423
0.32	0.76	0.194934
0.32	0.77	0.196391
0.32	0.78	0.197794
0.32	0.79	0.199141
0.32	0.8	0.200429
0.32	0.81	0.201658
0.32	0.82	0.202825
0.32	0.83	0.20393
0.32	0.84	0.204969
0.32	0.85	0.205942
0.32	0.86	0.206847
0.32	0.87	0.207681
0.32	0.88	0.208443
0.32	0.89	0.209131
0.32	0.9	0.209742
0.32	0.91	0.210275
0.32	0.92	0.210728
0.32	0.93	0.211098
0.32	0.94	0.211384
0.32	0.95	0.211582
0.32	0.96	0.211689
0.32	0.97	0.211695
0.32	0.98	0.211554
0.32	0.99	0.211068
0.32	1	0.209275
0.33	0	0
0.33	0.01	0.00311383
0.33	0.02	0.00622726
0.33	0.03	0.00933991
0.33	0.04	0.0124514
0.33	0.05	0.0155613
0.33	0.06	0.0186692
0.33	0.07	0.0217747
0.33	0.08	0.0248775
0.33	0.09	0.0279771
0.33	0.1	0.0310731
0.33	0.11	0.0341652
0.33	0.12	0.0372528
0.33	0.13	0.0403357
0.33	0.14	0.0434133
0.33	0.15	0.0464853
0.33	0.16	0.0495513
0.33	0.17	0.0526108
0.33	0.18	0.0556633
0.33	0.19	0.0587086
0.33	0.2	0.061746
0.33	0.21	0.0647752
0.33	0.22	0.0677958
0.33	0.23	0.0708072
0.33	0.24	0.073809
0.33	0.25	0.0768007
0.33	0.26	0.0797819
0.33	0.27	0.0827521
0.33	0.28	0.0857108
0.33	0.29	0.0886574
0.33	0.3	0.0915916
0.33	0.31	0.0945127
0.33	0.32	0.0974203
0.33	0.33	0.100314
0.33	0.34	0.103193
0.33	0.35	0.106056
0.33	0.36	0.108904
0.33	0.37	0.111736
0.33	0.38	0.114551
0.33	0.39	0.117348
0.33	0.4	0.120127
0.33	0.41	0.122888
0.33	0.42	0.125629
0.33	0.43	0.12835
0.33	0.44	0.13105
0.33	0.45	0.13373
0.33	0.46	0.136387
0.33	0.47	0.139021
0.33	0.48	0.141632
0.33	0.49	0.144219
0.33	0.5	0.146781
0.33	0.51	0.149318
0.33	0.52	0.151828
0.33	0.53	0.15431
0.33	0.54	0.156765
0.33	0.55	0.159191
0.33	0.56	0.161587
0.33	0.57	0.163952
0.33	0.58	0.166285
0.33	0.59	0.168587
0.33	0.6	0.170854
0.33	0.61	0.173087
0.33	0.62	0.175285
0.33	0.63	0.177446
0.33	0.64	0.17957
0.33	0.65	0.181655
0.33	0.66	0.183701
0.33	0.67	0.185705
0.33	0.68	0.187668
0.33	0.69	0.189587
0.33	0.7	0.191462
0.33	0.71	0.193291
0.33	0.72	0.195073
0.33	0.73	0.196807
0.33	0.74	0.198491
0.33	0.75	0.200124
0.33	0.76	0.201704
0.33	0.77	0.20323
0.33	0.78	0.204701
0.33	0.79	0.206114
0.33	0.8	0.207469
0.33	0.81	0.208763
0.33	0.82	0.209996
0.33	0.83	0.211165
0.33	0.84	0.212268
0.33	0.85	0.213304
0.33	0.86	0.214271
0.33	0.87	0.215167
0.33	0.88	0.21599
0.33	0.89	0.216738
0.33	0.9	0.217409
0.33	0.91	0.218002
0.33	0.92	0.218514
0.33	0.93	0.218943
0.33	0.94	0.219287
0.33	0.95	0.219542
0.33	0.96	0.219699
0.33	0.97	0.219724
0.33	0.98	0.219457
0.33	0.99	0.218127
0.33	1	0.212013
0.34	0	0
0.34	0.01	0.00321295
0.34	0.02	0.0064255
0.34	0.03	0.00963724
0.34	0.04	0.0128478
0.34	0.05	0.0160567
0.34	0.06	0.0192636
0.34	0.07	0.0224681
0.34	0.08	0.0256697
0.34	0.09	0.0288681
0.34	0.1	0.0320629
0.34	0.11	0.0352536
0.34	0.12	0.0384398
0.34	0.13	0.0416211
0.34	0.14	0.0447971
0.34	0.15	0.0479673
0.34	0.16	0.0511313
0.34	0.17	0.0542887
0.34	0.18	0.0574391
0.34	0.19	0.0605819
0.34	0.2	0.0637168
0.34	0.21	0.0668433
0.34	0.22	0.0699609
0.34	0.23	0.0730692
0.34	0.24	0.0761676
0.34	0.25	0.0792558
0.34	0.26	0.0823333
0.34	0.27	0.0853994
0.34	0.28	0.0884538
0.34	0.29	0.091496
0.34	0.3	0.0945253
0.34	0.31	0.0975413
0.34	0.32	0.100544
0.34	0.33	0.103531
0.34	0.34	0.106504
0.34	0.35	0.109462
0.34	0.36	0.112403
0.34	0.37	0.115328
0.34	0.38	0.118235
0.34	0.39	0.121125
0.34	0.4	0.123996
0.34	0.41	0.126848
0.34	0.42	0.12968
0.34	0.43	0.132492
0.34	0.44	0.135282
0.34	0.45	0.138051
0.34	0.46	0.140798
0.34	0.47	0.143521
0.34	0.48	0.146221
0.34	0.49	0.148896
0.34	0.5	0.151545
0.34	0.51	0.154169
0.34	0.52	0.156765
0.34	0.53	0.159333
0.34	0.54	0.161873
0.34	0.55	0.164384
0.34	0.56	0.166864
0.34	0.57	0.169312
0.34	0.58	0.171729
0.34	0.59	0.174112
0.34	0.6	0.176462
0.34	0.61	0.178776
0.34	0.62	0.181054
0.34	0.63	0.183295
0.34	0.64	0.185498
0.34	0.65	0.187662
0.34	0.66	0.189785
0.34	0.67	0.191867
0.34	0.68	0.193906
0.34	0.69	0.195901
0.34	0.7	0.197851
0.34	0.71	0.199754
0.34	0.72	0.20161
0.34	0.73	0.203416
0.34	0.74	0.205173
0.34	0.75	0.206877
0.34	0.76	0.208528
0.34	0.77	0.210124
0.34	0.78	0.211664
0.34	0.79	0.213146
0.34	0.8	0.214569
0.34	0.81	0.215931
0.34	0.82	0.21723
0.34	0.83	0.218465
0.34	0.84	0.219633
0.34	0.85	0.220734
0.34	0.86	0.221765
0.34	0.87	0.222725
0.34	0.88	0.223611
0.34	0.89	0.224422
0.34	0.9	0.225156
0.34	0.91	0.22581
0.34	0.92	0.226383
0.34	0.93	0.226873
0.34	0.94	0.227278
0.34	0.95	0.227596
0.34	0.96	0.227828
0.34	0.97	0.227979
0.34	0.98	0.228092
0.34	0.99	0.228377
0.34	1	0.229851
0.35	0	0
0.35	0.01	0.00331247
0.35	0.02	0.00662454
0.35	0.03	0.00993578
0.35	0.04	0.0132458
0.35	0.05	0.0165542
0.35	0.06	0.0198605
0.35	0.07	0.0231643
0.35	0.08	0.0264652
0.35	0.09	0.0297629
0.35	0.1	0.0330568
0.35	0.11	0.0363465
0.35	0.12	0.0396317
0.35	0.13	0.0429118
0.35	0.14	0.0461866
0.35	0.15	0.0494554
0.35	0.16	0.0527179
0.35	0.17	0.0559737
0.35	0.18	0.0592223
0.35	0.19	0.0624632
0.35	0.2	0.065696
0.35	0.21	0.0689202
0.35	0.22	0.0721354
0.35	0.23	0.075341
0.35	0.24	0.0785366
0.35	0.25	0.0817217
0.35	0.26	0.0848959
0.35	0.27	0.0880585
0.35	0.28	0.0912092
0.35	0.29	0.0943473
0.35	0.3	0.0974724
0.35	0.31	0.100584
0.35	0.32	0.103681
0.35	0.33	0.106764
0.35	0.34	0.109831
0.35	0.35	0.112883
0.35	0.36	0.115918
0.35	0.37	0.118936
0.35	0.38	0.121937
0.35	0.39	0.12492
0.35	0.4	0.127883
0.35	0.41	0.130827
0.35	0.42	0.133751
0.35	0.43	0.136654
0.35	0.44	0.139536
0.35	0.45	0.142396
0.35	0.46	0.145232
0.35	0.47	0.148045
0.35	0.48	0.150834
0.35	0.49	0.153598
0.35	0.5	0.156335
0.35	0.51	0.159046
0.35	0.52	0.16173
0.35	0.53	0.164385
0.35	0.54	0.167011
0.35	0.55	0.169607
0.35	0.56	0.172172
0.35	0.57	0.174705
0.35	0.58	0.177206
0.35	0.59	0.179672
0.35	0.6	0.182104
0.35	0.61	0.184501
0.35	0.62	0.186861
0.35	0.63	0.189183
0.35	0.64	0.191466
0.35	0.65	0.193709
0.35	0.66	0.195911
0.35	0.67	0.198071
0.35	0.68	0.200188
0.35	0.69	0.20226
0.35	0.7	0.204286
0.35	0.71	0.206265
0.35	0.72	0.208196
0.35	0.73	0.210077
0.35	0.74	0.211906
0.35	0.75	0.213684
0.35	0.76	0.215407
0.35	0.77	0.217075
0.35	0.78	0.218686
0.35	0.79	0.220238
0.35	0.8	0.221731
0.35	0.81	0.223161
0.35	0.82	0.224529
0.35	0.83	0.225831
0.35	0.84	0.227067
0.35	0.85	0.228234
0.35	0.86	0.229331
0.35	0.87	0.230357
0.35	0.88	0.231308
0.35	0.89	0.232183
0.35	0.9	0.232981
0.35	0.91	0.233699
0.35	0.92	0.234336
0.35	0.93	0.234889
0.35	0.94	0.235357
0.35	0.95	0.235739
0.35	0.96	0.23604
0.35	0.97	0.23629
0.35	0.98	0.236646
0.35	0.99	0.237872
0.35	1	0.243686
0.36	0	0
0.36	0.01	0.00341241
0.36	0.02	0.0068244
0.36	0.03	0.0102356
0.36	0.04	0.0136454
0.36	0.05	0.0170537
0.36	0.06	0.0204598
0.36	0.07	0.0238634
0.36	0.08	0.027264
0.36	0.09	0.0306613
0.36	0.1	0.0340548
0.36	0.11	0.037444
0.36	0.12	0.0408286
0.36	0.13	0.044208
0.36	0.14	0.0475819
0.36	0.15	0.0509499
0.36	0.16	0.0543114
0.36	0.17	0.0576659
0.36	0.18	0.0610132
0.36	0.19	0.0643526
0.36	0.2	0.0676838
0.36	0.21	0.0710062
0.36	0.22	0.0743194
0.36	0.23	0.0776228
0.36	0.24	0.0809161
0.36	0.25	0.0841986
0.36	0.26	0.08747
0.36	0.27	0.0907296
0.36	0.28	0.093977
0.36	0.29	0.0972116
0.36	0.3	0.100433
0.36	0.31	0.10364
0.36	0.32	0.106834
0.36	0.33	0.110012
0.36	0.34	0.113174
0.36	0.35	0.116321
0.36	0.36	0.119451
0.36	0.37	0.122563
0.36	0.38	0.125657
0.36	0.39	0.128733
0.36	0.4	0.13179
0.36	0.41	0.134827
0.36	0.42	0.137844
0.36	0.43	0.140839
0.36	0.44	0.143812
0.36	0.45	0.146763
0.36	0.46	0.14969
0.36	0.47	0.152594
0.36	0.48	0.155472
0.36	0.49	0.158325
0.36	0.5	0.161152
0.36	0.51	0.163951
0.36	0.52	0.166723
0.36	0.53	0.169465
0.36	0.54	0.172178
0.36	0.55	0.174861
0.36	0.56	0.177512
0.36	0.57	0.180131
0.36	0.58	0.182716
0.36	0.59	0.185267
0.36	0.6	0.187783
0.36	0.61	0.190262
0.36	0.62	0.192705
0.36	0.63	0.195109
0.36	0.64	0.197473
0.36	0.65	0.199797
0.36	0.66	0.202079
0.36	0.67	0.204319
0.36	0.68	0.206514
0.36	0.69	0.208665
0.36	0.7	0.210768
0.36	0.71	0.212824
0.36	0.72	0.214831
0.36	0.73	0.216788
0.36	0.74	0.218693
0.36	0.75	0.220544
0.36	0.76	0.222341
0.36	0.77	0.224082
0.36	0.78	0.225766
0.36	0.79	0.22739
0.36	0.8	0.228954
0.36	0.81	0.230455
0.36	0.82	0.231892
0.36	0.83	0.233264
0.36	0.84	0.234569
0.36	0.85	0.235805
0.36	0.86	0.23697
0.36	0.87	0.238062
0.36	0.88	0.23908
0.36	0.89	0.240022
0.36	0.9	0.240886
0.36	0.91	0.24167
0.36	0.92	0.242371
0.36	0.93	0.242989
0.36	0.94	0.243522
0.36	0.95	0.243965
0.36	0.96	0.244317
0.36	0.97	0.244564
0.36	0.98	0.244658
0.36	0.99	0.244372
0.36	1	0.242622
0.37	0	0
0.37	0.01	0.00351276
0.37	0.02	0.0070251
0.37	0.03	0.0105366
0.37	0.04	0.0140468
0.37	0.05	0.0175553
0.37	0.06	0.0210616
0.37	0.07	0.0245654
0.37	0.08	0.0280662
0.37	0.09	0.0315635
0.37	0.1	0.035057
0.37	0.11	0.0385462
0.37	0.12	0.0420306
0.37	0.13	0.0455098
0.37	0.14	0.0489833
0.37	0.15	0.0524508
0.37	0.16	0.0559116
0.37	0.17	0.0593655
0.37	0.18	0.0628119
0.37	0.19	0.0662503
0.37	0.2	0.0696803
0.37	0.21	0.0731014
0.37	0.22	0.0765131
0.37	0.23	0.0799148
0.37	0.24	0.0833062
0.37	0.25	0.0866867
0.37	0.26	0.0900558
0.37	0.27	0.093413
0.37	0.28	0.0967576
0.37	0.29	0.100089
0.37	0.3	0.103407
0.37	0.31	0.106711
0.37	0.32	0.110001
0.37	0.33	0.113275
0.37	0.34	0.116533
0.37	0.35	0.119775
0.37	0.36	0.123
0.37	0.37	0.126207
0.37	0.38	0.129396
0.37	0.39	0.132567
0.37	0.4	0.135717
0.37	0.41	0.138847
0.37	0.42	0.141957
0.37	0.43	0.145045
0.37	0.44	0.148111
0.37	0.45	0.151153
0.37	0.46	0.154172
0.37	0.47	0.157167
0.37	0.48	0.160136
0.37	0.49	0.163079
0.37	0.5	0.165996
0.37	0.51	0.168884
0.37	0.52	0.171745
0.37	0.53	0.174576
0.37	0.54	0.177377
0.37	0.55	0.180147
0.37	0.56	0.182884
0.37	0.57	0.185589
0.37	0.58	0.188261
0.37	0.59	0.190897
0.37	0.6	0.193498
0.37	0.61	0.196061
0.37	0.62	0.198587
0.37	0.63	0.201074
0.37	0.64	0.203521
0.37	0.65	0.205927
0.37	0.66	0.20829
0.37	0.67	0.210611
0.37	0.68	0.212886
0.37	0.69	0.215116
0.37	0.7	0.217299
0.37	0.71	0.219433
0.37	0.72	0.221517
0.37	0.73	0.223551
0.37	0.74	0.225532
0.37	0.75	0.227459
0.37	0.76	0.229332
0.37	0.77	0.231147
0.37	0.78	0.232905
0.37	0.79	0.234602
0.37	0.8	0.236239
0.37	0.81	0.237812
0.37	0.82	0.239322
0.37	0.83	0.240765
0.37	0.84	0.24214
0.37	0.85	0.243446
0.37	0.86	0.24468
0.37	0.87	0.245842
0.37	0.88	0.246929
0.37	0.89	0.247939
0.37	0.9	0.248871
0.37	0.91	0.249722
0.37	0.92	0.250491
0.37	0.93	0.251176
0.37	0.94	0.251775
0.37	0.95	0.252283
0.37	0.96	0.252693
0.37	0.97	0.25297
0.37	0.98	0.252955
0.37	0.99	0.251877
0.37	1	0.246014
0.38	0	0
0.38	0.01	0.00361354
0.38	0.02	0.00722665
0.38	0.03	0.0108389
0.38	0.04	0.0144498
0.38	0.05	0.018059
0.38	0.06	0.0216661
0.38	0.07	0.0252705
0.38	0.08	0.0288718
0.38	0.09	0.0324697
0.38	0.1	0.0360636
0.38	0.11	0.0396531
0.38	0.12	0.0432378
0.38	0.13	0.0468171
0.38	0.14	0.0503908
0.38	0.15	0.0539582
0.38	0.16	0.057519
0.38	0.17	0.0610726
0.38	0.18	0.0646186
0.38	0.19	0.0681564
0.38	0.2	0.0716858
0.38	0.21	0.075206
0.38	0.22	0.0787167
0.38	0.23	0.0822173
0.38	0.24	0.0857073
0.38	0.25	0.0891862
0.38	0.26	0.0926536
0.38	0.27	0.0961088
0.38	0.28	0.0995513
0.38	0.29	0.102981
0.38	0.3	0.106396
0.38	0.31	0.109797
0.38	0.32	0.113183
0.38	0.33	0.116554
0.38	0.34	0.119909
0.38	0.35	0.123247
0.38	0.36	0.126567
0.38	0.37	0.12987
0.38	0.38	0.133154
0.38	0.39	0.136419
0.38	0.4	0.139664
0.38	0.41	0.142889
0.38	0.42	0.146092
0.38	0.43	0.149273
0.38	0.44	0.152432
0.38	0.45	0.155567
0.38	0.46	0.158679
0.38	0.47	0.161765
0.38	0.48	0.164826
0.38	0.49	0.16786
0.38	0.5	0.170867
0.38	0.51	0.173846
0.38	0.52	0.176796
0.38	0.53	0.179716
0.38	0.54	0.182606
0.38	0.55	0.185464
0.38	0.56	0.18829
0.38	0.57	0.191082
0.38	0.58	0.19384
0.38	0.59	0.196563
0.38	0.6	0.199249
0.38	0.61	0.201898
0.38	0.62	0.204508
0.38	0.63	0.20708
0.38	0.64	0.20961
0.38	0.65	0.212099
0.38	0.66	0.214545
0.38	0.67	0.216947
0.38	0.68	0.219304
0.38	0.69	0.221614
0.38	0.7	0.223877
0.38	0.71	0.226091
0.38	0.72	0.228254
0.38	0.73	0.230366
0.38	0.74	0.232425
0.38	0.75	0.23443
0.38	0.76	0.236379
0.38	0.77	0.23827
0.38	0.78	0.240103
0.38	0.79	0.241876
0.38	0.8	0.243587
0.38	0.81	0.245234
0.38	0.82	0.246817
0.38	0.83	0.248333
0.38	0.84	0.24978
0.38	0.85	0.251158
0.38	0.86	0.252464
0.38	0.87	0.253697
0.38	0.88	0.254854
0.38	0.89	0.255934
0.38	0.9	0.256936
0.38	0.91	0.257857
0.38	0.92	0.258695
0.38	0.93	0.259449
0.38	0.94	0.260117
0.38	0.95	0.260697
0.38	0.96	0.261189
0.38	0.97	0.261602
0.38	0.98	0.261984
0.38	0.99	0.262571
0.38	1	0.264507
0.39	0	0
0.39	0.01	0.00371476
0.39	0.02	0.00742908
0.39	0.03	0.0111425
0.39	0.04	0.0148546
0.39	0.05	0.018565
0.39	0.06	0.0222731
0.39	0.07	0.0259786
0.39	0.08	0.0296809
0.39	0.09	0.0333797
0.39	0.1	0.0370745
0.39	0.11	0.0407648
0.39	0.12	0.0444503
0.39	0.13	0.0481303
0.39	0.14	0.0518045
0.39	0.15	0.0554723
0.39	0.16	0.0591334
0.39	0.17	0.0627872
0.39	0.18	0.0664333
0.39	0.19	0.0700711
0.39	0.2	0.0737003
0.39	0.21	0.0773202
0.39	0.22	0.0809303
0.39	0.23	0.0845303
0.39	0.24	0.0881195
0.39	0.25	0.0916974
0.39	0.26	0.0952635
0.39	0.27	0.0988172
0.39	0.28	0.102358
0.39	0.29	0.105886
0.39	0.3	0.109399
0.39	0.31	0.112898
0.39	0.32	0.116381
0.39	0.33	0.119849
0.39	0.34	0.123301
0.39	0.35	0.126736
0.39	0.36	0.130153
0.39	0.37	0.133551
0.39	0.38	0.136931
0.39	0.39	0.140292
0.39	0.4	0.143632
0.39	0.41	0.146951
0.39	0.42	0.150249
0.39	0.43	0.153524
0.39	0.44	0.156777
0.39	0.45	0.160006
0.39	0.46	0.16321
0.39	0.47	0.166389
0.39	0.48	0.169542
0.39	0.49	0.172668
0.39	0.5	0.175766
0.39	0.51	0.178836
0.39	0.52	0.181877
0.39	0.53	0.184887
0.39	0.54	0.187867
0.39	0.55	0.190814
0.39	0.56	0.193728
0.39	0.57	0.196609
0.39	0.58	0.199455
0.39	0.59	0.202265
0.39	0.6	0.205038
0.39	0.61	0.207773
0.39	0.62	0.210469
0.39	0.63	0.213126
0.39	0.64	0.215741
0.39	0.65	0.218314
0.39	0.66	0.220843
0.39	0.67	0.223329
0.39	0.68	0.225768
0.39	0.69	0.22816
0.39	0.7	0.230504
0.39	0.71	0.232799
0.39	0.72	0.235043
0.39	0.73	0.237235
0.39	0.74	0.239373
0.39	0.75	0.241456
0.39	0.76	0.243483
0.39	0.77	0.245452
0.39	0.78	0.247362
0.39	0.79	0.249211
0.39	0.8	0.250998
0.39	0.81	0.252721
0.39	0.82	0.254379
0.39	0.83	0.255969
0.39	0.84	0.257491
0.39	0.85	0.258942
0.39	0.86	0.260321
0.39	0.87	0.261627
0.39	0.88	0.262856
0.39	0.89	0.264009
0.39	0.9	0.265082
0.39	0.91	0.266074
0.39	0.92	0.266983
0.39	0.93	0.267808
0.39	0.94	0.268547
0.39	0.95	0.269199
0.39	0.96	0.269768
0.39	0.97	0.270287
0.39	0.98	0.27091
0.39	0.99	0.272404
0.39	1	0.278485
0.4	0	0
0.4	0.01	0.00381642
0.4	0.02	0.00763238
0.4	0.03	0.0114475
0.4	0.04	0.0152612
0.4	0.05	0.0190731
0.4	0.06	0.0228828
0.4	0.07	0.0266898
0.4	0.08	0.0304936
0.4	0.09	0.0342938
0.4	0.1	0.0380899
0.4	0.11	0.0418815
0.4	0.12	0.0456681
0.4	0.13	0.0494493
0.4	0.14	0.0532245
0.4	0.15	0.0569932
0.4	0.16	0.0607551
0.4	0.17	0.0645096
0.4	0.18	0.0682563
0.4	0.19	0.0719946
0.4	0.2	0.075724
0.4	0.21	0.0794441
0.4	0.22	0.0831542
0.4	0.23	0.086854
0.4	0.24	0.0905429
0.4	0.25	0.0942203
0.4	0.26	0.0978857
0.4	0.27	0.101539
0.4	0.28	0.105178
0.4	0.29	0.108805
0.4	0.3	0.112416
0.4	0.31	0.116014
0.4	0.32	0.119595
0.4	0.33	0.123161
0.4	0.34	0.12671
0.4	0.35	0.130242
0.4	0.36	0.133756
0.4	0.37	0.137251
0.4	0.38	0.140728
0.4	0.39	0.144184
0.4	0.4	0.14762
0.4	0.41	0.151035
0.4	0.42	0.154428
0.4	0.43	0.157798
0.4	0.44	0.161145
0.4	0.45	0.164468
0.4	0.46	0.167766
0.4	0.47	0.171039
0.4	0.48	0.174285
0.4	0.49	0.177504
0.4	0.5	0.180694
0.4	0.51	0.183856
0.4	0.52	0.186988
0.4	0.53	0.19009
0.4	0.54	0.193159
0.4	0.55	0.196197
0.4	0.56	0.199201
0.4	0.57	0.202171
0.4	0.58	0.205105
0.4	0.59	0.208004
0.4	0.6	0.210864
0.4	0.61	0.213687
0.4	0.62	0.21647
0.4	0.63	0.219213
0.4	0.64	0.221914
0.4	0.65	0.224572
0.4	0.66	0.227186
0.4	0.67	0.229756
0.4	0.68	0.232279
0.4	0.69	0.234755
0.4	0.7	0.237181
0.4	0.71	0.239558
0.4	0.72	0.241884
0.4	0.73	0.244157
0.4	0.74	0.246375
0.4	0.75	0.248539
0.4	0.76	0.250645
0.4	0.77	0.252693
0.4	0.78	0.254682
0.4	0.79	0.256609
0.4	0.8	0.258473
0.4	0.81	0.260273
0.4	0.82	0.262008
0.4	0.83	0.263674
0.4	0.84	0.265272
0.4	0.85	0.266798
0.4	0.86	0.268252
0.4	0.87	0.269632
0.4	0.88	0.270936
0.4	0.89	0.272162
0.4	0.9	0.273309
0.4	0.91	0.274374
0.4	0.92	0.275356
0.4	0.93	0.276254
0.4	0.94	0.277064
0.4	0.95	0.277785
0.4	0.96	0.278413
0.4	0.97	0.278935
0.4	0.98	0.279296
0.4	0.99	0.279243
0.4	1	0.277564
0.41	0	0
0.41	0.01	0.00391852
0.41	0.02	0.00783659
0.41	0.03	0.0117537
0.41	0.04	0.0156695
0.41	0.05	0.0195835
0.41	0.06	0.0234952
0.41	0.07	0.0274041
0.41	0.08	0.0313099
0.41	0.09	0.0352119
0.41	0.1	0.0391099
0.41	0.11	0.0430032
0.41	0.12	0.0468915
0.41	0.13	0.0507742
0.41	0.14	0.0546509
0.41	0.15	0.058521
0.41	0.16	0.0623842
0.41	0.17	0.0662399
0.41	0.18	0.0700876
0.41	0.19	0.0739269
0.41	0.2	0.0777571
0.41	0.21	0.0815778
0.41	0.22	0.0853885
0.41	0.23	0.0891887
0.41	0.24	0.0929778
0.41	0.25	0.0967552
0.41	0.26	0.10052
0.41	0.27	0.104273
0.41	0.28	0.108012
0.41	0.29	0.111738
0.41	0.3	0.115449
0.41	0.31	0.119145
0.41	0.32	0.122825
0.41	0.33	0.126489
0.41	0.34	0.130136
0.41	0.35	0.133766
0.41	0.36	0.137378
0.41	0.37	0.140971
0.41	0.38	0.144544
0.41	0.39	0.148097
0.41	0.4	0.15163
0.41	0.41	0.155141
0.41	0.42	0.15863
0.41	0.43	0.162096
0.41	0.44	0.165538
0.41	0.45	0.168956
0.41	0.46	0.172349
0.41	0.47	0.175715
0.41	0.48	0.179055
0.41	0.49	0.182367
0.41	0.5	0.185651
0.41	0.51	0.188906
0.41	0.52	0.19213
0.41	0.53	0.195323
0.41	0.54	0.198485
0.41	0.55	0.201613
0.41	0.56	0.204708
0.41	0.57	0.207768
0.41	0.58	0.210792
0.41	0.59	0.21378
0.41	0.6	0.216729
0.41	0.61	0.21964
0.41	0.62	0.222511
0.41	0.63	0.225341
0.41	0.64	0.228129
0.41	0.65	0.230874
0.41	0.66	0.233574
0.41	0.67	0.236229
0.41	0.68	0.238837
0.41	0.69	0.241397
0.41	0.7	0.243908
0.41	0.71	0.246369
0.41	0.72	0.248777
0.41	0.73	0.251132
0.41	0.74	0.253433
0.41	0.75	0.255678
0.41	0.76	0.257866
0.41	0.77	0.259994
0.41	0.78	0.262063
0.41	0.79	0.264069
0.41	0.8	0.266013
0.41	0.81	0.267892
0.41	0.82	0.269704
0.41	0.83	0.271448
0.41	0.84	0.273123
0.41	0.85	0.274727
0.41	0.86	0.276258
0.41	0.87	0.277714
0.41	0.88	0.279093
0.41	0.89	0.280395
0.41	0.9	0.281617
0.41	0.91	0.282757
0.41	0.92	0.283814
0.41	0.93	0.284786
0.41	0.94	0.285671
0.41	0.95	0.286464
0.41	0.96	0.287159
0.41	0.97	0.28772
0.41	0.98	0.287988
0.41	0.99	0.287194
0.41	1	0.281615
0.42	0	0
0.42	0.01	0.00402108
0.42	0.02	0.0080417
0.42	0.03	0.0120614
0.42	0.04	0.0160797
0.42	0.05	0.0200962
0.42	0.06	0.0241103
0.42	0.07	0.0281217
0.42	0.08	0.0321298
0.42	0.09	0.0361342
0.42	0.1	0.0401344
0.42	0.11	0.0441299
0.42	0.12	0.0481203
0.42	0.13	0.0521051
0.42	0.14	0.0560838
0.42	0.15	0.0600558
0.42	0.16	0.0640208
0.42	0.17	0.0679782
0.42	0.18	0.0719275
0.42	0.19	0.0758681
0.42	0.2	0.0797997
0.42	0.21	0.0837216
0.42	0.22	0.0876334
0.42	0.23	0.0915344
0.42	0.24	0.0954243
0.42	0.25	0.0993023
0.42	0.26	0.103168
0.42	0.27	0.107021
0.42	0.28	0.11086
0.42	0.29	0.114685
0.42	0.3	0.118496
0.42	0.31	0.122291
0.42	0.32	0.126071
0.42	0.33	0.129834
0.42	0.34	0.13358
0.42	0.35	0.137308
0.42	0.36	0.141018
0.42	0.37	0.144709
0.42	0.38	0.148381
0.42	0.39	0.152031
0.42	0.4	0.155661
0.42	0.41	0.159269
0.42	0.42	0.162855
0.42	0.43	0.166417
0.42	0.44	0.169955
0.42	0.45	0.173469
0.42	0.46	0.176957
0.42	0.47	0.180418
0.42	0.48	0.183853
0.42	0.49	0.187259
0.42	0.5	0.190637
0.42	0.51	0.193985
0.42	0.52	0.197303
0.42	0.53	0.200589
0.42	0.54	0.203843
0.42	0.55	0.207063
0.42	0.56	0.21025
0.42	0.57	0.213401
0.42	0.58	0.216516
0.42	0.59	0.219594
0.42	0.6	0.222633
0.42	0.61	0.225634
0.42	0.62	0.228594
0.42	0.63	0.231512
0.42	0.64	0.234388
0.42	0.65	0.237221
0.42	0.66	0.240008
0.42	0.67	0.24275
0.42	0.68	0.245444
0.42	0.69	0.24809
0.42	0.7	0.250686
0.42	0.71	0.253231
0.42	0.72	0.255724
0.42	0.73	0.258163
0.42	0.74	0.260547
0.42	0.75	0.262875
0.42	0.76	0.265145
0.42	0.77	0.267355
0.42	0.78	0.269505
0.42	0.79	0.271593
0.42	0.8	0.273617
0.42	0.81	0.275576
0.42	0.82	0.277469
0.42	0.83	0.279292
0.42	0.84	0.281046
0.42	0.85	0.282728
0.42	0.86	0.284337
0.42	0.87	0.285871
0.42	0.88	0.287329
0.42	0.89	0.288708
0.42	0.9	0.290007
0.42	0.91	0.291224
0.42	0.92	0.292358
0.42	0.93	0.293406
0.42	0.94	0.294367
0.42	0.95	0.29524
0.42	0.96	0.296025
0.42	0.97	0.296732
0.42	0.98	0.297413
0.42	0.99	0.298334
0.42	1	0.300767
0.43	0	0
0.43	0.01	0.0041241
0.43	0.02	0.00824774
0.43	0.03	0.0123704
0.43	0.04	0.0164917
0.43	0.05	0.0206111
0.43	0.06	0.0247282
0.43	0.07	0.0288425
0.43	0.08	0.0329535
0.43	0.09	0.0370607
0.43	0.1	0.0411636
0.43	0.11	0.0452618
0.43	0.12	0.0493549
0.43	0.13	0.0534422
0.43	0.14	0.0575233
0.43	0.15	0.0615977
0.43	0.16	0.065665
0.43	0.17	0.0697246
0.43	0.18	0.0737759
0.43	0.19	0.0778185
0.43	0.2	0.0818519
0.43	0.21	0.0858756
0.43	0.22	0.0898889
0.43	0.23	0.0938914
0.43	0.24	0.0978825
0.43	0.25	0.101862
0.43	0.26	0.105828
0.43	0.27	0.109782
0.43	0.28	0.113722
0.43	0.29	0.117648
0.43	0.3	0.121559
0.43	0.31	0.125454
0.43	0.32	0.129333
0.43	0.33	0.133196
0.43	0.34	0.137042
0.43	0.35	0.140869
0.43	0.36	0.144678
0.43	0.37	0.148468
0.43	0.38	0.152237
0.43	0.39	0.155986
0.43	0.4	0.159714
0.43	0.41	0.16342
0.43	0.42	0.167103
0.43	0.43	0.170762
0.43	0.44	0.174397
0.43	0.45	0.178007
0.43	0.46	0.181591
0.43	0.47	0.185149
0.43	0.48	0.188679
0.43	0.49	0.19218
0.43	0.5	0.195653
0.43	0.51	0.199095
0.43	0.52	0.202507
0.43	0.53	0.205887
0.43	0.54	0.209234
0.43	0.55	0.212548
0.43	0.56	0.215826
0.43	0.57	0.21907
0.43	0.58	0.222277
0.43	0.59	0.225446
0.43	0.6	0.228576
0.43	0.61	0.231667
0.43	0.62	0.234717
0.43	0.63	0.237725
0.43	0.64	0.240691
0.43	0.65	0.243612
0.43	0.66	0.246488
0.43	0.67	0.249317
0.43	0.68	0.252099
0.43	0.69	0.254832
0.43	0.7	0.257514
0.43	0.71	0.260145
0.43	0.72	0.262724
0.43	0.73	0.265248
0.43	0.74	0.267717
0.43	0.75	0.270129
0.43	0.76	0.272483
0.43	0.77	0.274777
0.43	0.78	0.27701
0.43	0.79	0.279181
0.43	0.8	0.281287
0.43	0.81	0.283328
0.43	0.82	0.285301
0.43	0.83	0.287206
0.43	0.84	0.289041
0.43	0.85	0.290803
0.43	0.86	0.292492
0.43	0.87	0.294106
0.43	0.88	0.295642
0.43	0.89	0.297101
0.43	0.9	0.298478
0.43	0.91	0.299774
0.43	0.92	0.300986
0.43	0.93	0.302112
0.43	0.94	0.303152
0.43	0.95	0.304104
0.43	0.96	0.304973
0.43	0.97	0.305791
0.43	0.98	0.306713
0.43	0.99	0.308505
0.43	1	0.314884
0.44	0	0
0.44	0.01	0.00422759
0.44	0.02	0.00845471
0.44	0.03	0.0126809
0.44	0.04	0.0169056
0.44	0.05	0.0211285
0.44	0.06	0.025349
0.44	0.07	0.0295666
0.44	0.08	0.0337809
0.44	0.09	0.0379914
0.44	0.1	0.0421975
0.44	0.11	0.0463989
0.44	0.12	0.0505951
0.44	0.13	0.0547854
0.44	0.14	0.0589695
0.44	0.15	0.0631468
0.44	0.16	0.0673169
0.44	0.17	0.0714791
0.44	0.18	0.0756331
0.44	0.19	0.0797782
0.44	0.2	0.0839139
0.44	0.21	0.0880398
0.44	0.22	0.0921553
0.44	0.23	0.0962598
0.44	0.24	0.100353
0.44	0.25	0.104434
0.44	0.26	0.108502
0.44	0.27	0.112557
0.44	0.28	0.116598
0.44	0.29	0.120625
0.44	0.3	0.124637
0.44	0.31	0.128633
0.44	0.32	0.132613
0.44	0.33	0.136576
0.44	0.34	0.140521
0.44	0.35	0.144449
0.44	0.36	0.148357
0.44	0.37	0.152246
0.44	0.38	0.156115
0.44	0.39	0.159963
0.44	0.4	0.163789
0.44	0.41	0.167593
0.44	0.42	0.171374
0.44	0.43	0.175131
0.44	0.44	0.178864
0.44	0.45	0.182571
0.44	0.46	0.186252
0.44	0.47	0.189906
0.44	0.48	0.193533
0.44	0.49	0.19713
0.44	0.5	0.200699
0.44	0.51	0.204236
0.44	0.52	0.207743
0.44	0.53	0.211218
0.44	0.54	0.214659
0.44	0.55	0.218066
0.44	0.56	0.221439
0.44	0.57	0.224775
0.44	0.58	0.228075
0.44	0.59	0.231336
0.44	0.6	0.234559
0.44	0.61	0.237741
0.44	0.62	0.240883
0.44	0.63	0.243982
0.44	0.64	0.247037
0.44	0.65	0.250048
0.44	0.66	0.253014
0.44	0.67	0.255932
0.44	0.68	0.258803
0.44	0.69	0.261624
0.44	0.7	0.264394
0.44	0.71	0.267113
0.44	0.72	0.269778
0.44	0.73	0.272389
0.44	0.74	0.274944
0.44	0.75	0.277442
0.44	0.76	0.279881
0.44	0.77	0.28226
0.44	0.78	0.284578
0.44	0.79	0.286832
0.44	0.8	0.289022
0.44	0.81	0.291146
0.44	0.82	0.293203
0.44	0.83	0.29519
0.44	0.84	0.297107
0.44	0.85	0.298951
0.44	0.86	0.300722
0.44	0.87	0.302417
0.44	0.88	0.304035
0.44	0.89	0.305574
0.44	0.9	0.307032
0.44	0.91	0.308408
0.44	0.92	0.3097
0.44	0.93	0.310906
0.44	0.94	0.312025
0.44	0.95	0.313053
0.44	0.96	0.313988
0.44	0.97	0.314814
0.44	0.98	0.315473
0.44	0.99	0.315683
0.44	1	0.3141
0.45	0	0
0.45	0.01	0.00433155
0.45	0.02	0.00866263
0.45	0.03	0.0129927
0.45	0.04	0.0173214
0.45	0.05	0.0216482
0.45	0.06	0.0259725
0.45	0.07	0.030294
0.45	0.08	0.0346121
0.45	0.09	0.0389264
0.45	0.1	0.0432363
0.45	0.11	0.0475413
0.45	0.12	0.051841
0.45	0.13	0.0561349
0.45	0.14	0.0604225
0.45	0.15	0.0647032
0.45	0.16	0.0689765
0.45	0.17	0.073242
0.45	0.18	0.077499
0.45	0.19	0.0817472
0.45	0.2	0.0859858
0.45	0.21	0.0902145
0.45	0.22	0.0944326
0.45	0.23	0.0986397
0.45	0.24	0.102835
0.45	0.25	0.107018
0.45	0.26	0.111189
0.45	0.27	0.115346
0.45	0.28	0.119489
0.45	0.29	0.123617
0.45	0.3	0.12773
0.45	0.31	0.131828
0.45	0.32	0.135909
0.45	0.33	0.139973
0.45	0.34	0.144019
0.45	0.35	0.148047
0.45	0.36	0.152056
0.45	0.37	0.156045
0.45	0.38	0.160013
0.45	0.39	0.163961
0.45	0.4	0.167887
0.45	0.41	0.17179
0.45	0.42	0.17567
0.45	0.43	0.179525
0.45	0.44	0.183356
0.45	0.45	0.187161
0.45	0.46	0.19094
0.45	0.47	0.194692
0.45	0.48	0.198415
0.45	0.49	0.20211
0.45	0.5	0.205775
0.45	0.51	0.209409
0.45	0.52	0.213011
0.45	0.53	0.216581
0.45	0.54	0.220118
0.45	0.55	0.22362
0.45	0.56	0.227087
0.45	0.57	0.230518
0.45	0.58	0.233911
0.45	0.59	0.237266
0.45	0.6	0.240582
0.45	0.61	0.243857
0.45	0.62	0.24709
0.45	0.63	0.250281
0.45	0.64	0.253428
0.45	0.65	0.256531
0.45	0.66	0.259587
0.45	0.67	0.262596
0.45	0.68	0.265556
0.45	0.69	0.268466
0.45	0.7	0.271326
0.45	0.71	0.274133
0.45	0.72	0.276887
0.45	0.73	0.279586
0.45	0.74	0.282228
0.45	0.75	0.284813
0.45	0.76	0.287339
0.45	0.77	0.289804
0.45	0.78	0.292208
0.45	0.79	0.294548
0.45	0.8	0.296823
0.45	0.81	0.299032
0.45	0.82	0.301173
0.45	0.83	0.303245
0.45	0.84	0.305246
0.45	0.85	0.307174
0.45	0.86	0.309028
0.45	0.87	0.310806
0.45	0.88	0.312506
0.45	0.89	0.314127
0.45	0.9	0.315668
0.45	0.91	0.317126
0.45	0.92	0.3185
0.45	0.93	0.319788
0.45	0.94	0.320987
0.45	0.95	0.322096
0.45	0.96	0.323105
0.45	0.97	0.32398
0.45	0.98	0.324562
0.45	0.99	0.324081
0.45	1	0.318817
0.46	0	0
0.46	0.01	0.00443599
0.46	0.02	0.0088715
0.46	0.03	0.013306
0.46	0.04	0.0177391
0.46	0.05	0.0221703
0.46	0.06	0.026599
0.46	0.07	0.0310248
0.46	0.08	0.0354472
0.46	0.09	0.0398657
0.46	0.1	0.0442798
0.46	0.11	0.048689
0.46	0.12	0.0530929
0.46	0.13	0.0574908
0.46	0.14	0.0618823
0.46	0.15	0.0662669
0.46	0.16	0.070644
0.46	0.17	0.0750132
0.46	0.18	0.0793739
0.46	0.19	0.0837256
0.46	0.2	0.0880677
0.46	0.21	0.0923997
0.46	0.22	0.0967211
0.46	0.23	0.101031
0.46	0.24	0.10533
0.46	0.25	0.109616
0.46	0.26	0.113889
0.46	0.27	0.118148
0.46	0.28	0.122394
0.46	0.29	0.126624
0.46	0.3	0.13084
0.46	0.31	0.135039
0.46	0.32	0.139222
0.46	0.33	0.143387
0.46	0.34	0.147535
0.46	0.35	0.151664
0.46	0.36	0.155774
0.46	0.37	0.159864
0.46	0.38	0.163933
0.46	0.39	0.167981
0.46	0.4	0.172006
0.46	0.41	0.176009
0.46	0.42	0.179989
0.46	0.43	0.183944
0.46	0.44	0.187874
0.46	0.45	0.191778
0.46	0.46	0.195656
0.46	0.47	0.199505
0.46	0.48	0.203327
0.46	0.49	0.207119
0.46	0.5	0.210881
0.46	0.51	0.214613
0.46	0.52	0.218312
0.46	0.53	0.221979
0.46	0.54	0.225611
0.46	0.55	0.22921
0.46	0.56	0.232772
0.46	0.57	0.236298
0.46	0.58	0.239786
0.46	0.59	0.243235
0.46	0.6	0.246645
0.46	0.61	0.250014
0.46	0.62	0.253341
0.46	0.63	0.256625
0.46	0.64	0.259865
0.46	0.65	0.263059
0.46	0.66	0.266207
0.46	0.67	0.269307
0.46	0.68	0.272359
0.46	0.69	0.27536
0.46	0.7	0.27831
0.46	0.71	0.281207
0.46	0.72	0.284051
0.46	0.73	0.286839
0.46	0.74	0.28957
0.46	0.75	0.292244
0.46	0.76	0.294858
0.46	0.77	0.297411
0.46	0.78	0.299902
0.46	0.79	0.302329
0.46	0.8	0.304691
0.46	0.81	0.306986
0.46	0.82	0.309213
0.46	0.83	0.311371
0.46	0.84	0.313457
0.46	0.85	0.31547
0.46	0.86	0.317409
0.46	0.87	0.319272
0.46	0.88	0.321056
0.46	0.89	0.322762
0.46	0.9	0.324387
0.46	0.91	0.325928
0.46	0.92	0.327386
0.46	0.93	0.328757
0.46	0.94	0.330041
0.46	0.95	0.331235
0.46	0.96	0.332342
0.46	0.97	0.333372
0.46	0.98	0.334384
0.46	0.99	0.335669
0.46	1	0.338633
0.47	0	0
0.47	0.01	0.00454092
0.47	0.02	0.00908135
0.47	0.03	0.0136208
0.47	0.04	0.0181588
0.47	0.05	0.0226948
0.47	0.06	0.0272284
0.47	0.07	0.031759
0.47	0.08	0.0362862
0.47	0.09	0.0408095
0.47	0.1	0.0453283
0.47	0.11	0.0498422
0.47	0.12	0.0543506
0.47	0.13	0.058853
0.47	0.14	0.063349
0.47	0.15	0.067838
0.47	0.16	0.0723195
0.47	0.17	0.076793
0.47	0.18	0.0812579
0.47	0.19	0.0857136
0.47	0.2	0.0901597
0.47	0.21	0.0945956
0.47	0.22	0.0990207
0.47	0.23	0.103435
0.47	0.24	0.107836
0.47	0.25	0.112226
0.47	0.26	0.116602
0.47	0.27	0.120965
0.47	0.28	0.125313
0.47	0.29	0.129647
0.47	0.3	0.133965
0.47	0.31	0.138267
0.47	0.32	0.142552
0.47	0.33	0.14682
0.47	0.34	0.151069
0.47	0.35	0.1553
0.47	0.36	0.159512
0.47	0.37	0.163703
0.47	0.38	0.167874
0.47	0.39	0.172023
0.47	0.4	0.176149
0.47	0.41	0.180253
0.47	0.42	0.184333
0.47	0.43	0.188388
0.47	0.44	0.192418
0.47	0.45	0.196422
0.47	0.46	0.200398
0.47	0.47	0.204347
0.47	0.48	0.208268
0.47	0.49	0.212159
0.47	0.5	0.216019
0.47	0.51	0.219848
0.47	0.52	0.223646
0.47	0.53	0.22741
0.47	0.54	0.231139
0.47	0.55	0.234834
0.47	0.56	0.238493
0.47	0.57	0.242115
0.47	0.58	0.245699
0.47	0.59	0.249244
0.47	0.6	0.252749
0.47	0.61	0.256213
0.47	0.62	0.259634
0.47	0.63	0.263012
0.47	0.64	0.266346
0.47	0.65	0.269634
0.47	0.66	0.272875
0.47	0.67	0.276068
0.47	0.68	0.279212
0.47	0.69	0.282305
0.47	0.7	0.285347
0.47	0.71	0.288335
0.47	0.72	0.29127
0.47	0.73	0.294148
0.47	0.74	0.29697
0.47	0.75	0.299733
0.47	0.76	0.302437
0.47	0.77	0.305079
0.47	0.78	0.307659
0.47	0.79	0.310175
0.47	0.8	0.312625
0.47	0.81	0.315009
0.47	0.82	0.317323
0.47	0.83	0.319568
0.47	0.84	0.321741
0.47	0.85	0.323841
0.47	0.86	0.325866
0.47	0.87	0.327815
0.47	0.88	0.329686
0.47	0.89	0.331478
0.47	0.9	0.333188
0.47	0.91	0.334815
0.47	0.92	0.336358
0.47	0.93	0.337814
0.47	0.94	0.339183
0.47	0.95	0.340464
0.47	0.96	0.341662
0.47	0.97	0.342808
0.47	0.98	0.344058
0.47	0.99	0.346176
0.47	1	0.352882
0.48	0	0
0.48	0.01	0.00464633
0.48	0.02	0.00929217
0.48	0.03	0.013937
0.48	0.04	0.0185804
0.48	0.05	0.0232218
0.48	0.06	0.0278607
0.48	0.07	0.0324967
0.48	0.08	0.0371291
0.48	0.09	0.0417576
0.48	0.1	0.0463817
0.48	0.11	0.0510007
0.48	0.12	0.0556143
0.48	0.13	0.0602218
0.48	0.14	0.0648228
0.48	0.15	0.0694167
0.48	0.16	0.0740031
0.48	0.17	0.0785813
0.48	0.18	0.0831509
0.48	0.19	0.0877113
0.48	0.2	0.0922619
0.48	0.21	0.0968023
0.48	0.22	0.101332
0.48	0.23	0.10585
0.48	0.24	0.110356
0.48	0.25	0.114849
0.48	0.26	0.119329
0.48	0.27	0.123796
0.48	0.28	0.128248
0.48	0.29	0.132685
0.48	0.3	0.137106
0.48	0.31	0.141512
0.48	0.32	0.1459
0.48	0.33	0.15027
0.48	0.34	0.154623
0.48	0.35	0.158956
0.48	0.36	0.16327
0.48	0.37	0.167564
0.48	0.38	0.171836
0.48	0.39	0.176087
0.48	0.4	0.180315
0.48	0.41	0.18452
0.48	0.42	0.188701
0.48	0.43	0.192857
0.48	0.44	0.196988
0.48	0.45	0.201092
0.48	0.46	0.205169
0.48	0.47	0.209218
0.48	0.48	0.213238
0.48	0.49	0.217228
0.48	0.5	0.221188
0.48	0.51	0.225116
0.48	0.52	0.229012
0.48	0.53	0.232874
0.48	0.54	0.236702
0.48	0.55	0.240495
0.48	0.56	0.244252
0.48	0.57	0.247971
0.48	0.58	0.251652
0.48	0.59	0.255293
0.48	0.6	0.258894
0.48	0.61	0.262454
0.48	0.62	0.265971
0.48	0.63	0.269444
0.48	0.64	0.272873
0.48	0.65	0.276256
0.48	0.66	0.279591
0.48	0.67	0.282878
0.48	0.68	0.286115
0.48	0.69	0.289302
0.48	0.7	0.292437
0.48	0.71	0.295518
0.48	0.72	0.298544
0.48	0.73	0.301515
0.48	0.74	0.304428
0.48	0.75	0.307283
0.48	0.76	0.310077
0.48	0.77	0.31281
0.48	0.78	0.315481
0.48	0.79	0.318086
0.48	0.8	0.320626
0.48	0.81	0.323099
0.48	0.82	0.325503
0.48	0.83	0.327837
0.48	0.84	0.330098
0.48	0.85	0.332287
0.48	0.86	0.3344
0.48	0.87	0.336437
0.48	0.88	0.338396
0.48	0.89	0.340274
0.48	0.9	0.342072
0.48	0.91	0.343786
0.48	0.92	0.345416
0.48	0.93	0.346959
0.48	0.94	0.348414
0.48	0.95	0.349778
0.48	0.96	0.351048
0.48	0.97	0.352207
0.48	0.98	0.353192
0.48	0.99	0.353692
0.48	1	0.352231
0.49	0	0
0.49	0.01	0.00475224
0.49	0.02	0.00950398
0.49	0.03	0.0142547
0.49	0.04	0.019004
0.49	0.05	0.0237512
0.49	0.06	0.028496
0.49	0.07	0.0332378
0.49	0.08	0.037976
0.49	0.09	0.0427103
0.49	0.1	0.0474401
0.49	0.11	0.0521648
0.49	0.12	0.0568839
0.49	0.13	0.061597
0.49	0.14	0.0663036
0.49	0.15	0.071003
0.49	0.16	0.0756947
0.49	0.17	0.0803783
0.49	0.18	0.0850531
0.49	0.19	0.0897187
0.49	0.2	0.0943744
0.49	0.21	0.0990198
0.49	0.22	0.103654
0.49	0.23	0.108277
0.49	0.24	0.112888
0.49	0.25	0.117486
0.49	0.26	0.122071
0.49	0.27	0.126641
0.49	0.28	0.131198
0.49	0.29	0.135739
0.49	0.3	0.140264
0.49	0.31	0.144773
0.49	0.32	0.149265
0.49	0.33	0.153739
0.49	0.34	0.158195
0.49	0.35	0.162632
0.49	0.36	0.167049
0.49	0.37	0.171445
0.49	0.38	0.17582
0.49	0.39	0.180173
0.49	0.4	0.184504
0.49	0.41	0.188811
0.49	0.42	0.193094
0.49	0.43	0.197352
0.49	0.44	0.201584
0.49	0.45	0.20579
0.49	0.46	0.209968
0.49	0.47	0.214118
0.49	0.48	0.218238
0.49	0.49	0.222329
0.49	0.5	0.226389
0.49	0.51	0.230417
0.49	0.52	0.234412
0.49	0.53	0.238374
0.49	0.54	0.242301
0.49	0.55	0.246192
0.49	0.56	0.250047
0.49	0.57	0.253865
0.49	0.58	0.257643
0.49	0.59	0.261383
0.49	0.6	0.265081
0.49	0.61	0.268738
0.49	0.62	0.272351
0.49	0.63	0.275921
0.49	0.64	0.279446
0.49	0.65	0.282924
0.49	0.66	0.286355
0.49	0.67	0.289737
0.49	0.68	0.29307
0.49	0.69	0.296351
0.49	0.7	0.29958
0.49	0.71	0.302755
0.49	0.72	0.305875
0.49	0.73	0.308939
0.49	0.74	0.311945
0.49	0.75	0.314892
0.49	0.76	0.317779
0.49	0.77	0.320604
0.49	0.78	0.323366
0.49	0.79	0.326064
0.49	0.8	0.328695
0.49	0.81	0.331259
0.49	0.82	0.333753
0.49	0.83	0.336177
0.49	0.84	0.338529
0.49	0.85	0.340807
0.49	0.86	0.343011
0.49	0.87	0.345137
0.49	0.88	0.347185
0.49	0.89	0.349153
0.49	0.9	0.351039
0.49	0.91	0.352842
0.49	0.92	0.35456
0.49	0.93	0.356192
0.49	0.94	0.357735
0.49	0.95	0.359186
0.49	0.96	0.360538
0.49	0.97	0.361755
0.49	0.98	0.362679
0.49	0.99	0.36254
0.49	1	0.357619
0.5	0	0
0.5	0.01	0.00485864
0.5	0.02	0.00971679
0.5	0.03	0.0145739
0.5	0.04	0.0194296
0.5	0.05	0.0242832
0.5	0.06	0.0291343
0.5	0.07	0.0339824
0.5	0.08	0.038827
0.5	0.09	0.0436675
0.5	0.1	0.0485035
0.5	0.11	0.0533344
0.5	0.12	0.0581597
0.5	0.13	0.0629789
0.5	0.14	0.0677915
0.5	0.15	0.0725969
0.5	0.16	0.0773946
0.5	0.17	0.082184
0.5	0.18	0.0869646
0.5	0.19	0.0917359
0.5	0.2	0.0964973
0.5	0.21	0.101248
0.5	0.22	0.105988
0.5	0.23	0.110716
0.5	0.24	0.115432
0.5	0.25	0.120136
0.5	0.26	0.124825
0.5	0.27	0.129501
0.5	0.28	0.134162
0.5	0.29	0.138808
0.5	0.3	0.143438
0.5	0.31	0.148052
0.5	0.32	0.152648
0.5	0.33	0.157226
0.5	0.34	0.161786
0.5	0.35	0.166327
0.5	0.36	0.170848
0.5	0.37	0.175348
0.5	0.38	0.179826
0.5	0.39	0.184283
0.5	0.4	0.188716
0.5	0.41	0.193126
0.5	0.42	0.197512
0.5	0.43	0.201873
0.5	0.44	0.206207
0.5	0.45	0.210515
0.5	0.46	0.214795
0.5	0.47	0.219046
0.5	0.48	0.223268
0.5	0.49	0.22746
0.5	0.5	0.231621
0.5	0.51	0.23575
0.5	0.52	0.239846
0.5	0.53	0.243908
0.5	0.54	0.247935
0.5	0.55	0.251926
0.5	0.56	0.25588
0.5	0.57	0.259797
0.5	0.58	0.263675
0.5	0.59	0.267513
0.5	0.6	0.27131
0.5	0.61	0.275064
0.5	0.62	0.278776
0.5	0.63	0.282443
0.5	0.64	0.286065
0.5	0.65	0.289641
0.5	0.66	0.293168
0.5	0.67	0.296647
0.5	0.68	0.300075
0.5	0.69	0.303452
0.5	0.7	0.306777
0.5	0.71	0.310047
0.5	0.72	0.313262
0.5	0.73	0.31642
0.5	0.74	0.319521
0.5	0.75	0.322562
0.5	0.76	0.325543
0.5	0.77	0.328462
0.5	0.78	0.331317
0.5	0.79	0.334107
0.5	0.8	0.336831
0.5	0.81	0.339487
0.5	0.82	0.342074
0.5	0.83	0.34459
0.5	0.84	0.347034
0.5	0.85	0.349403
0.5	0.86	0.351698
0.5	0.87	0.353915
0.5	0.88	0.356054
0.5	0.89	0.358113
0.5	0.9	0.360089
0.5	0.91	0.361983
0.5	0.92	0.363791
0.5	0.93	0.365513
0.5	0.94	0.367147
0.5	0.95	0.368691
0.5	0.96	0.370148
0.5	0.97	0.371529
0.5	0.98	0.372898
0.5	0.99	0.374577
0.5	1	0.378106
0.51	0	0
0.51	0.01	0.00496555
0.51	0.02	0.00993059
0.51	0.03	0.0148946
0.51	0.04	0.0198571
0.51	0.05	0.0248176
0.51	0.06	0.0297756
0.51	0.07	0.0347305
0.51	0.08	0.0396819
0.51	0.09	0.0446292
0.51	0.1	0.0495719
0.51	0.11	0.0545096
0.51	0.12	0.0594415
0.51	0.13	0.0643674
0.51	0.14	0.0692865
0.51	0.15	0.0741985
0.51	0.16	0.0791026
0.51	0.17	0.0839985
0.51	0.18	0.0888855
0.51	0.19	0.0937631
0.51	0.2	0.0986307
0.51	0.21	0.103488
0.51	0.22	0.108334
0.51	0.23	0.113168
0.51	0.24	0.11799
0.51	0.25	0.122799
0.51	0.26	0.127594
0.51	0.27	0.132376
0.51	0.28	0.137143
0.51	0.29	0.141894
0.51	0.3	0.146629
0.51	0.31	0.151348
0.51	0.32	0.156049
0.51	0.33	0.160732
0.51	0.34	0.165397
0.51	0.35	0.170042
0.51	0.36	0.174667
0.51	0.37	0.179272
0.51	0.38	0.183854
0.51	0.39	0.188415
0.51	0.4	0.192952
0.51	0.41	0.197466
0.51	0.42	0.201955
0.51	0.43	0.206419
0.51	0.44	0.210857
0.51	0.45	0.215267
0.51	0.46	0.21965
0.51	0.47	0.224004
0.51	0.48	0.228329
0.51	0.49	0.232623
0.51	0.5	0.236885
0.51	0.51	0.241116
0.51	0.52	0.245313
0.51	0.53	0.249476
0.51	0.54	0.253604
0.51	0.55	0.257696
0.51	0.56	0.261751
0.51	0.57	0.265768
0.51	0.58	0.269746
0.51	0.59	0.273684
0.51	0.6	0.27758
0.51	0.61	0.281434
0.51	0.62	0.285245
0.51	0.63	0.289011
0.51	0.64	0.292731
0.51	0.65	0.296405
0.51	0.66	0.30003
0.51	0.67	0.303606
0.51	0.68	0.307132
0.51	0.69	0.310606
0.51	0.7	0.314027
0.51	0.71	0.317394
0.51	0.72	0.320705
0.51	0.73	0.32396
0.51	0.74	0.327156
0.51	0.75	0.330293
0.51	0.76	0.333369
0.51	0.77	0.336382
0.51	0.78	0.339332
0.51	0.79	0.342217
0.51	0.8	0.345035
0.51	0.81	0.347785
0.51	0.82	0.350465
0.51	0.83	0.353075
0.51	0.84	0.355612
0.51	0.85	0.358075
0.51	0.86	0.360462
0.51	0.87	0.362772
0.51	0.88	0.365003
0.51	0.89	0.367154
0.51	0.9	0.369223
0.51	0.91	0.371209
0.51	0.92	0.373109
0.51	0.93	0.374923
0.51	0.94	0.376648
0.51	0.95	0.378286
0.51	0.96	0.37984
0.51	0.97	0.381341
0.51	0.98	0.382947
0.51	0.99	0.38542
0.51	1	0.392481
0.52	0	0
0.52	0.01	0.00507296
0.52	0.02	0.0101454
0.52	0.03	0.0152168
0.52	0.04	0.0202868
0.52	0.05	0.0253546
0.52	0.06	0.03042
0.52	0.07	0.0354822
0.52	0.08	0.0405409
0.52	0.09	0.0455955
0.52	0.1	0.0506455
0.52	0.11	0.0556904
0.52	0.12	0.0607296
0.52	0.13	0.0657626
0.52	0.14	0.0707888
0.52	0.15	0.0758078
0.52	0.16	0.080819
0.52	0.17	0.0858218
0.52	0.18	0.0908158
0.52	0.19	0.0958002
0.52	0.2	0.100775
0.52	0.21	0.105738
0.52	0.22	0.110691
0.52	0.23	0.115632
0.52	0.24	0.12056
0.52	0.25	0.125476
0.52	0.26	0.130377
0.52	0.27	0.135265
0.52	0.28	0.140138
0.52	0.29	0.144995
0.52	0.3	0.149837
0.52	0.31	0.154661
0.52	0.32	0.159468
0.52	0.33	0.164257
0.52	0.34	0.169027
0.52	0.35	0.173777
0.52	0.36	0.178508
0.52	0.37	0.183217
0.52	0.38	0.187905
0.52	0.39	0.19257
0.52	0.4	0.197212
0.52	0.41	0.20183
0.52	0.42	0.206424
0.52	0.43	0.210992
0.52	0.44	0.215533
0.52	0.45	0.220048
0.52	0.46	0.224534
0.52	0.47	0.228992
0.52	0.48	0.233419
0.52	0.49	0.237816
0.52	0.5	0.242182
0.52	0.51	0.246515
0.52	0.52	0.250815
0.52	0.53	0.25508
0.52	0.54	0.25931
0.52	0.55	0.263504
0.52	0.56	0.267661
0.52	0.57	0.271779
0.52	0.58	0.275858
0.52	0.59	0.279896
0.52	0.6	0.283893
0.52	0.61	0.287847
0.52	0.62	0.291758
0.52	0.63	0.295624
0.52	0.64	0.299444
0.52	0.65	0.303217
0.52	0.66	0.306941
0.52	0.67	0.310616
0.52	0.68	0.314241
0.52	0.69	0.317813
0.52	0.7	0.321332
0.52	0.71	0.324797
0.52	0.72	0.328206
0.52	0.73	0.331558
0.52	0.74	0.334851
0.52	0.75	0.338085
0.52	0.76	0.341257
0.52	0.77	0.344367
0.52	0.78	0.347413
0.52	0.79	0.350393
0.52	0.8	0.353307
0.52	0.81	0.356152
0.52	0.82	0.358928
0.52	0.83	0.361632
0.52	0.84	0.364264
0.52	0.85	0.366822
0.52	0.86	0.369303
0.52	0.87	0.371707
0.52	0.88	0.374033
0.52	0.89	0.376278
0.52	0.9	0.378441
0.52	0.91	0.38052
0.52	0.92	0.382514
0.52	0.93	0.384421
0.52	0.94	0.386239
0.52	0.95	0.387966
0.52	0.96	0.389598
0.52	0.97	0.391118
0.52	0.98	0.392455
0.52	0.99	0.393272
0.52	1	0.391955
0.53	0	0
0.53	0.01	0.00518088
0.53	0.02	0.0103612
0.53	0.03	0.0155406
0.53	0.04	0.0207184
0.53	0.05	0.0258942
0.53	0.06	0.0310674
0.53	0.07	0.0362375
0.53	0.08	0.041404
0.53	0.09	0.0465665
0.53	0.1	0.0517242
0.53	0.11	0.0568768
0.53	0.12	0.0620238
0.53	0.13	0.0671645
0.53	0.14	0.0722984
0.53	0.15	0.077425
0.53	0.16	0.0825438
0.53	0.17	0.0876541
0.53	0.18	0.0927555
0.53	0.19	0.0978474
0.53	0.2	0.102929
0.53	0.21	0.108
0.53	0.22	0.11306
0.53	0.23	0.118108
0.53	0.24	0.123144
0.53	0.25	0.128166
0.53	0.26	0.133175
0.53	0.27	0.138169
0.53	0.28	0.143149
0.53	0.29	0.148113
0.53	0.3	0.153061
0.53	0.31	0.157992
0.53	0.32	0.162905
0.53	0.33	0.1678
0.53	0.34	0.172676
0.53	0.35	0.177533
0.53	0.36	0.182369
0.53	0.37	0.187184
0.53	0.38	0.191978
0.53	0.39	0.196749
0.53	0.4	0.201496
0.53	0.41	0.20622
0.53	0.42	0.210918
0.53	0.43	0.215591
0.53	0.44	0.220237
0.53	0.45	0.224856
0.53	0.46	0.229447
0.53	0.47	0.234009
0.53	0.48	0.238541
0.53	0.49	0.243042
0.53	0.5	0.247511
0.53	0.51	0.251948
0.53	0.52	0.256351
0.53	0.53	0.260719
0.53	0.54	0.265052
0.53	0.55	0.269349
0.53	0.56	0.273608
0.53	0.57	0.277828
0.53	0.58	0.282009
0.53	0.59	0.28615
0.53	0.6	0.290248
0.53	0.61	0.294304
0.53	0.62	0.298316
0.53	0.63	0.302283
0.53	0.64	0.306204
0.53	0.65	0.310077
0.53	0.66	0.313902
0.53	0.67	0.317677
0.53	0.68	0.321401
0.53	0.69	0.325073
0.53	0.7	0.328692
0.53	0.71	0.332255
0.53	0.72	0.335763
0.53	0.73	0.339214
0.53	0.74	0.342605
0.53	0.75	0.345937
0.53	0.76	0.349208
0.53	0.77	0.352415
0.53	0.78	0.355559
0.53	0.79	0.358636
0.53	0.8	0.361647
0.53	0.81	0.364589
0.53	0.82	0.367462
0.53	0.83	0.370263
0.53	0.84	0.372991
0.53	0.85	0.375644
0.53	0.86	0.378222
0.53	0.87	0.380722
0.53	0.88	0.383143
0.53	0.89	0.385483
0.53	0.9	0.387742
0.53	0.91	0.389916
0.53	0.92	0.392005
0.53	0.93	0.394007
0.53	0.94	0.39592
0.53	0.95	0.397741
0.53	0.96	0.399462
0.53	0.97	0.401048
0.53	0.98	0.402341
0.53	0.99	0.402572
0.53	1	0.39802
0.54	0	0
0.54	0.01	0.00528931
0.54	0.02	0.0105781
0.54	0.03	0.0158659
0.54	0.04	0.0211521
0.54	0.05	0.0264363
0.54	0.06	0.0317179
0.54	0.07	0.0369964
0.54	0.08	0.0422713
0.54	0.09	0.047542
0.54	0.1	0.0528081
0.54	0.11	0.058069
0.54	0.12	0.0633242
0.54	0.13	0.0685731
0.54	0.14	0.0738153
0.54	0.15	0.07905
0.54	0.16	0.0842769
0.54	0.17	0.0894954
0.54	0.18	0.0947048
0.54	0.19	0.0999046
0.54	0.2	0.105094
0.54	0.21	0.110273
0.54	0.22	0.115441
0.54	0.23	0.120597
0.54	0.24	0.12574
0.54	0.25	0.13087
0.54	0.26	0.135986
0.54	0.27	0.141088
0.54	0.28	0.146175
0.54	0.29	0.151247
0.54	0.3	0.156302
0.54	0.31	0.16134
0.54	0.32	0.16636
0.54	0.33	0.171362
0.54	0.34	0.176345
0.54	0.35	0.181309
0.54	0.36	0.186252
0.54	0.37	0.191173
0.54	0.38	0.196073
0.54	0.39	0.20095
0.54	0.4	0.205804
0.54	0.41	0.210633
0.54	0.42	0.215438
0.54	0.43	0.220217
0.54	0.44	0.224968
0.54	0.45	0.229693
0.54	0.46	0.234389
0.54	0.47	0.239056
0.54	0.48	0.243693
0.54	0.49	0.248299
0.54	0.5	0.252873
0.54	0.51	0.257414
0.54	0.52	0.261921
0.54	0.53	0.266394
0.54	0.54	0.270831
0.54	0.55	0.275231
0.54	0.56	0.279594
0.54	0.57	0.283918
0.54	0.58	0.288202
0.54	0.59	0.292445
0.54	0.6	0.296647
0.54	0.61	0.300805
0.54	0.62	0.304919
0.54	0.63	0.308988
0.54	0.64	0.313011
0.54	0.65	0.316986
0.54	0.66	0.320912
0.54	0.67	0.324789
0.54	0.68	0.328614
0.54	0.69	0.332387
0.54	0.7	0.336106
0.54	0.71	0.33977
0.54	0.72	0.343378
0.54	0.73	0.346928
0.54	0.74	0.35042
0.54	0.75	0.353851
0.54	0.76	0.357221
0.54	0.77	0.360528
0.54	0.78	0.36377
0.54	0.79	0.366946
0.54	0.8	0.370056
0.54	0.81	0.373096
0.54	0.82	0.376067
0.54	0.83	0.378966
0.54	0.84	0.381792
0.54	0.85	0.384543
0.54	0.86	0.387218
0.54	0.87	0.389815
0.54	0.88	0.392334
0.54	0.89	0.394771
0.54	0.9	0.397126
0.54	0.91	0.399398
0.54	0.92	0.401583
0.54	0.93	0.403682
0.54	0.94	0.405692
0.54	0.95	0.407613
0.54	0.96	0.409446
0.54	0.97	0.411205
0.54	0.98	0.41296
0.54	0.99	0.41506
0.54	1	0.419186
0.55	0	0
0.55	0.01	0.00539825
0.55	0.02	0.010796
0.55	0.03	0.0161927
0.55	0.04	0.0215878
0.55	0.05	0.0269809
0.55	0.06	0.0323714
0.55	0.07	0.0377588
0.55	0.08	0.0431426
0.55	0.09	0.0485222
0.55	0.1	0.0538972
0.55	0.11	0.0592669
0.55	0.12	0.0646309
0.55	0.13	0.0699886
0.55	0.14	0.0753395
0.55	0.15	0.080683
0.55	0.16	0.0860185
0.55	0.17	0.0913456
0.55	0.18	0.0966636
0.55	0.19	0.101972
0.55	0.2	0.10727
0.55	0.21	0.112558
0.55	0.22	0.117834
0.55	0.23	0.123098
0.55	0.24	0.128349
0.55	0.25	0.133588
0.55	0.26	0.138812
0.55	0.27	0.144022
0.55	0.28	0.149217
0.55	0.29	0.154397
0.55	0.3	0.15956
0.55	0.31	0.164706
0.55	0.32	0.169834
0.55	0.33	0.174944
0.55	0.34	0.180034
0.55	0.35	0.185105
0.55	0.36	0.190155
0.55	0.37	0.195184
0.55	0.38	0.200191
0.55	0.39	0.205176
0.55	0.4	0.210136
0.55	0.41	0.215072
0.55	0.42	0.219984
0.55	0.43	0.224869
0.55	0.44	0.229727
0.55	0.45	0.234558
0.55	0.46	0.23936
0.55	0.47	0.244133
0.55	0.48	0.248876
0.55	0.49	0.253588
0.55	0.5	0.258267
0.55	0.51	0.262914
0.55	0.52	0.267526
0.55	0.53	0.272104
0.55	0.54	0.276646
0.55	0.55	0.281151
0.55	0.56	0.285618
0.55	0.57	0.290047
0.55	0.58	0.294435
0.55	0.59	0.298782
0.55	0.6	0.303088
0.55	0.61	0.30735
0.55	0.62	0.311568
0.55	0.63	0.31574
0.55	0.64	0.319866
0.55	0.65	0.323944
0.55	0.66	0.327973
0.55	0.67	0.331952
0.55	0.68	0.335879
0.55	0.69	0.339754
0.55	0.7	0.343575
0.55	0.71	0.347341
0.55	0.72	0.35105
0.55	0.73	0.354702
0.55	0.74	0.358295
0.55	0.75	0.361827
0.55	0.76	0.365297
0.55	0.77	0.368705
0.55	0.78	0.372047
0.55	0.79	0.375324
0.55	0.8	0.378533
0.55	0.81	0.381674
0.55	0.82	0.384744
0.55	0.83	0.387742
0.55	0.84	0.390667
0.55	0.85	0.393518
0.55	0.86	0.396292
0.55	0.87	0.398988
0.55	0.88	0.401605
0.55	0.89	0.404141
0.55	0.9	0.406595
0.55	0.91	0.408965
0.55	0.92	0.411249
0.55	0.93	0.413446
0.55	0.94	0.415555
0.55	0.95	0.417575
0.55	0.96	0.419511
0.55	0.97	0.421395
0.55	0.98	0.423382
0.55	0.99	0.426237
0.55	1	0.433679
0.56	0	0
0.56	0.01	0.00550771
0.56	0.02	0.0110149
0.56	0.03	0.016521
0.56	0.04	0.0220257
0.56	0.05	0.0275282
0.56	0.06	0.0330281
0.56	0.07	0.0385249
0.56	0.08	0.0440181
0.56	0.09	0.0495071
0.56	0.1	0.0549915
0.56	0.11	0.0604705
0.56	0.12	0.0659439
0.56	0.13	0.0714109
0.56	0.14	0.0768711
0.56	0.15	0.0823238
0.56	0.16	0.0877686
0.56	0.17	0.0932049
0.56	0.18	0.0986321
0.56	0.19	0.10405
0.56	0.2	0.109457
0.56	0.21	0.114853
0.56	0.22	0.120239
0.56	0.23	0.125612
0.56	0.24	0.130972
0.56	0.25	0.136319
0.56	0.26	0.141653
0.56	0.27	0.146972
0.56	0.28	0.152275
0.56	0.29	0.157563
0.56	0.3	0.162835
0.56	0.31	0.168089
0.56	0.32	0.173326
0.56	0.33	0.178544
0.56	0.34	0.183743
0.56	0.35	0.188922
0.56	0.36	0.19408
0.56	0.37	0.199217
0.56	0.38	0.204332
0.56	0.39	0.209424
0.56	0.4	0.214493
0.56	0.41	0.219537
0.56	0.42	0.224555
0.56	0.43	0.229548
0.56	0.44	0.234513
0.56	0.45	0.239451
0.56	0.46	0.244361
0.56	0.47	0.249241
0.56	0.48	0.25409
0.56	0.49	0.258909
0.56	0.5	0.263695
0.56	0.51	0.268448
0.56	0.52	0.273167
0.56	0.53	0.27785
0.56	0.54	0.282498
0.56	0.55	0.287109
0.56	0.56	0.291682
0.56	0.57	0.296216
0.56	0.58	0.300709
0.56	0.59	0.305162
0.56	0.6	0.309572
0.56	0.61	0.313939
0.56	0.62	0.318261
0.56	0.63	0.322538
0.56	0.64	0.326768
0.56	0.65	0.33095
0.56	0.66	0.335083
0.56	0.67	0.339166
0.56	0.68	0.343197
0.56	0.69	0.347175
0.56	0.7	0.351099
0.56	0.71	0.354968
0.56	0.72	0.35878
0.56	0.73	0.362535
0.56	0.74	0.36623
0.56	0.75	0.369864
0.56	0.76	0.373437
0.56	0.77	0.376946
0.56	0.78	0.38039
0.56	0.79	0.383769
0.56	0.8	0.387079
0.56	0.81	0.390321
0.56	0.82	0.393492
0.56	0.83	0.396592
0.56	0.84	0.399618
0.56	0.85	0.402569
0.56	0.86	0.405443
0.56	0.87	0.40824
0.56	0.88	0.410957
0.56	0.89	0.413594
0.56	0.9	0.416148
0.56	0.91	0.418617
0.56	0.92	0.421001
0.56	0.93	0.423298
0.56	0.94	0.425506
0.56	0.95	0.427622
0.56	0.96	0.429643
0.56	0.97	0.43155
0.56	0.98	0.433266
0.56	0.99	0.434425
0.56	1	0.433271
0.57	0	0
0.57	0.01	0.00561768
0.57	0.02	0.0112348
0.57	0.03	0.016851
0.57	0.04	0.0224655
0.57	0.05	0.028078
0.57	0.06	0.0336879
0.57	0.07	0.0392947
0.57	0.08	0.0448978
0.57	0.09	0.0504967
0.57	0.1	0.056091
0.57	0.11	0.06168
0.57	0.12	0.0672632
0.57	0.13	0.07284
0.57	0.14	0.07841
0.57	0.15	0.0839726
0.57	0.16	0.0895272
0.57	0.17	0.0950733
0.57	0.18	0.10061
0.57	0.19	0.106137
0.57	0.2	0.111654
0.57	0.21	0.117161
0.57	0.22	0.122655
0.57	0.23	0.128138
0.57	0.24	0.133608
0.57	0.25	0.139065
0.57	0.26	0.144508
0.57	0.27	0.149936
0.57	0.28	0.155349
0.57	0.29	0.160746
0.57	0.3	0.166127
0.57	0.31	0.171491
0.57	0.32	0.176836
0.57	0.33	0.182163
0.57	0.34	0.187471
0.57	0.35	0.192759
0.57	0.36	0.198027
0.57	0.37	0.203272
0.57	0.38	0.208496
0.57	0.39	0.213697
0.57	0.4	0.218874
0.57	0.41	0.224026
0.57	0.42	0.229153
0.57	0.43	0.234254
0.57	0.44	0.239328
0.57	0.45	0.244374
0.57	0.46	0.249391
0.57	0.47	0.254379
0.57	0.48	0.259336
0.57	0.49	0.264262
0.57	0.5	0.269155
0.57	0.51	0.274016
0.57	0.52	0.278842
0.57	0.53	0.283633
0.57	0.54	0.288387
0.57	0.55	0.293105
0.57	0.56	0.297785
0.57	0.57	0.302425
0.57	0.58	0.307025
0.57	0.59	0.311584
0.57	0.6	0.3161
0.57	0.61	0.320573
0.57	0.62	0.325001
0.57	0.63	0.329383
0.57	0.64	0.333719
0.57	0.65	0.338006
0.57	0.66	0.342244
0.57	0.67	0.346432
0.57	0.68	0.350567
0.57	0.69	0.35465
0.57	0.7	0.358679
0.57	0.71	0.362652
0.57	0.72	0.366568
0.57	0.73	0.370427
0.57	0.74	0.374226
0.57	0.75	0.377964
0.57	0.76	0.38164
0.57	0.77	0.385252
0.57	0.78	0.3888
0.57	0.79	0.392281
0.57	0.8	0.395695
0.57	0.81	0.399039
0.57	0.82	0.402313
0.57	0.83	0.405515
0.57	0.84	0.408643
0.57	0.85	0.411696
0.57	0.86	0.414673
0.57	0.87	0.417572
0.57	0.88	0.420391
0.57	0.89	0.423129
0.57	0.9	0.425784
0.57	0.91	0.428356
0.57	0.92	0.430841
0.57	0.93	0.433239
0.57	0.94	0.435548
0.57	0.95	0.437765
0.57	0.96	0.439881
0.57	0.97	0.441863
0.57	0.98	0.443551
0.57	0.99	0.444178
0.57	1	0.440022
0.58	0	0
0.58	0.01	0.00572817
0.58	0.02	0.0114558
0.58	0.03	0.0171824
0.58	0.04	0.0229075
0.58	0.05	0.0286305
0.58	0.06	0.0343508
0.58	0.07	0.0400681
0.58	0.08	0.0457817
0.58	0.09	0.051491
0.58	0.1	0.0571957
0.58	0.11	0.0628951
0.58	0.12	0.0685888
0.58	0.13	0.074276
0.58	0.14	0.0799564
0.58	0.15	0.0856294
0.58	0.16	0.0912944
0.58	0.17	0.0969508
0.58	0.18	0.102598
0.58	0.19	0.108236
0.58	0.2	0.113863
0.58	0.21	0.119479
0.58	0.22	0.125084
0.58	0.23	0.130677
0.58	0.24	0.136257
0.58	0.25	0.141824
0.58	0.26	0.147377
0.58	0.27	0.152915
0.58	0.28	0.158438
0.58	0.29	0.163946
0.58	0.3	0.169436
0.58	0.31	0.17491
0.58	0.32	0.180365
0.58	0.33	0.185802
0.58	0.34	0.19122
0.58	0.35	0.196618
0.58	0.36	0.201994
0.58	0.37	0.20735
0.58	0.38	0.212683
0.58	0.39	0.217993
0.58	0.4	0.223279
0.58	0.41	0.228541
0.58	0.42	0.233777
0.58	0.43	0.238987
0.58	0.44	0.244169
0.58	0.45	0.249324
0.58	0.46	0.25445
0.58	0.47	0.259547
0.58	0.48	0.264613
0.58	0.49	0.269647
0.58	0.5	0.274649
0.58	0.51	0.279618
0.58	0.52	0.284552
0.58	0.53	0.289451
0.58	0.54	0.294314
0.58	0.55	0.299139
0.58	0.56	0.303926
0.58	0.57	0.308674
0.58	0.58	0.313382
0.58	0.59	0.318048
0.58	0.6	0.322671
0.58	0.61	0.327251
0.58	0.62	0.331786
0.58	0.63	0.336275
0.58	0.64	0.340717
0.58	0.65	0.345111
0.58	0.66	0.349455
0.58	0.67	0.353749
0.58	0.68	0.357991
0.58	0.69	0.36218
0.58	0.7	0.366314
0.58	0.71	0.370393
0.58	0.72	0.374415
0.58	0.73	0.378378
0.58	0.74	0.382282
0.58	0.75	0.386125
0.58	0.76	0.389906
0.58	0.77	0.393623
0.58	0.78	0.397275
0.58	0.79	0.400861
0.58	0.8	0.404379
0.58	0.81	0.407828
0.58	0.82	0.411205
0.58	0.83	0.414511
0.58	0.84	0.417743
0.58	0.85	0.4209
0.58	0.86	0.42398
0.58	0.87	0.426983
0.58	0.88	0.429905
0.58	0.89	0.432747
0.58	0.9	0.435505
0.58	0.91	0.43818
0.58	0.92	0.440768
0.58	0.93	0.44327
0.58	0.94	0.445682
0.58	0.95	0.448005
0.58	0.96	0.45024
0.58	0.97	0.452402
0.58	0.98	0.454569
0.58	0.99	0.457118
0.58	1	0.461874
0.59	0	0
0.59	0.01	0.00583918
0.59	0.02	0.0116778
0.59	0.03	0.0175155
0.59	0.04	0.0233515
0.59	0.05	0.0291855
0.59	0.06	0.0350169
0.59	0.07	0.0408451
0.59	0.08	0.0466697
0.59	0.09	0.0524901
0.59	0.1	0.0583057
0.59	0.11	0.0641161
0.59	0.12	0.0699207
0.59	0.13	0.075719
0.59	0.14	0.0815103
0.59	0.15	0.0872942
0.59	0.16	0.0930701
0.59	0.17	0.0988374
0.59	0.18	0.104596
0.59	0.19	0.110344
0.59	0.2	0.116082
0.59	0.21	0.121809
0.59	0.22	0.127525
0.59	0.23	0.133229
0.59	0.24	0.13892
0.59	0.25	0.144597
0.59	0.26	0.150261
0.59	0.27	0.15591
0.59	0.28	0.161544
0.59	0.29	0.167162
0.59	0.3	0.172763
0.59	0.31	0.178347
0.59	0.32	0.183913
0.59	0.33	0.18946
0.59	0.34	0.194988
0.59	0.35	0.200496
0.59	0.36	0.205984
0.59	0.37	0.211449
0.59	0.38	0.216893
0.59	0.39	0.222313
0.59	0.4	0.227709
0.59	0.41	0.233081
0.59	0.42	0.238427
0.59	0.43	0.243747
0.59	0.44	0.249039
0.59	0.45	0.254304
0.59	0.46	0.25954
0.59	0.47	0.264746
0.59	0.48	0.269921
0.59	0.49	0.275065
0.59	0.5	0.280176
0.59	0.51	0.285254
0.59	0.52	0.290297
0.59	0.53	0.295306
0.59	0.54	0.300277
0.59	0.55	0.305212
0.59	0.56	0.310107
0.59	0.57	0.314964
0.59	0.58	0.31978
0.59	0.59	0.324554
0.59	0.6	0.329286
0.59	0.61	0.333974
0.59	0.62	0.338617
0.59	0.63	0.343214
0.59	0.64	0.347764
0.59	0.65	0.352265
0.59	0.66	0.356717
0.59	0.67	0.361118
0.59	0.68	0.365467
0.59	0.69	0.369763
0.59	0.7	0.374005
0.59	0.71	0.37819
0.59	0.72	0.382319
0.59	0.73	0.386389
0.59	0.74	0.3904
0.59	0.75	0.394349
0.59	0.76	0.398236
0.59	0.77	0.402059
0.59	0.78	0.405817
0.59	0.79	0.409509
0.59	0.8	0.413133
0.59	0.81	0.416687
0.59	0.82	0.42017
0.59	0.83	0.423581
0.59	0.84	0.426919
0.59	0.85	0.430181
0.59	0.86	0.433366
0.59	0.87	0.436473
0.59	0.88	0.439501
0.59	0.89	0.442447
0.59	0.9	0.44531
0.59	0.91	0.44809
0.59	0.92	0.450783
0.59	0.93	0.453389
0.59	0.94	0.455906
0.59	0.95	0.458334
0.59	0.96	0.460679
0.59	0.97	0.462971
0.59	0.98	0.465366
0.59	0.99	0.468629
0.59	1	0.476476
0.6	0	0
0.6	0.01	0.00595072
0.6	0.02	0.0119009
0.6	0.03	0.0178501
0.6	0.04	0.0237977
0.6	0.05	0.0297432
0.6	0.06	0.0356861
0.6	0.07	0.0416258
0.6	0.08	0.0475619
0.6	0.09	0.0534938
0.6	0.1	0.059421
0.6	0.11	0.0653429
0.6	0.12	0.071259
0.6	0.13	0.0771688
0.6	0.14	0.0830716
0.6	0.15	0.088967
0.6	0.16	0.0948544
0.6	0.17	0.100733
0.6	0.18	0.106603
0.6	0.19	0.112463
0.6	0.2	0.118312
0.6	0.21	0.124151
0.6	0.22	0.129978
0.6	0.23	0.135793
0.6	0.24	0.141595
0.6	0.25	0.147384
0.6	0.26	0.153159
0.6	0.27	0.15892
0.6	0.28	0.164665
0.6	0.29	0.170394
0.6	0.3	0.176107
0.6	0.31	0.181802
0.6	0.32	0.187479
0.6	0.33	0.193138
0.6	0.34	0.198777
0.6	0.35	0.204396
0.6	0.36	0.209994
0.6	0.37	0.215571
0.6	0.38	0.221125
0.6	0.39	0.226657
0.6	0.4	0.232164
0.6	0.41	0.237646
0.6	0.42	0.243103
0.6	0.43	0.248534
0.6	0.44	0.253937
0.6	0.45	0.259312
0.6	0.46	0.264659
0.6	0.47	0.269975
0.6	0.48	0.275261
0.6	0.49	0.280515
0.6	0.5	0.285737
0.6	0.51	0.290925
0.6	0.52	0.296078
0.6	0.53	0.301196
0.6	0.54	0.306278
0.6	0.55	0.311322
0.6	0.56	0.316328
0.6	0.57	0.321294
0.6	0.58	0.32622
0.6	0.59	0.331104
0.6	0.6	0.335945
0.6	0.61	0.340742
0.6	0.62	0.345494
0.6	0.63	0.3502
0.6	0.64	0.354859
0.6	0.65	0.359469
0.6	0.66	0.36403
0.6	0.67	0.36854
0.6	0.68	0.372997
0.6	0.69	0.377402
0.6	0.7	0.381751
0.6	0.71	0.386045
0.6	0.72	0.390282
0.6	0.73	0.39446
0.6	0.74	0.398578
0.6	0.75	0.402635
0.6	0.76	0.40663
0.6	0.77	0.41056
0.6	0.78	0.414426
0.6	0.79	0.418225
0.6	0.8	0.421956
0.6	0.81	0.425617
0.6	0.82	0.429207
0.6	0.83	0.432725
0.6	0.84	0.436169
0.6	0.85	0.439538
0.6	0.86	0.44283
0.6	0.87	0.446044
0.6	0.88	0.449178
0.6	0.89	0.45223
0.6	0.9	0.4552
0.6	0.91	0.458085
0.6	0.92	0.460885
0.6	0.93	0.463597
0.6	0.94	0.466219
0.6	0.95	0.46875
0.6	0.96	0.471185
0.6	0.97	0.473504
0.6	0.98	0.475625
0.6	0.99	0.47715
0.6	1	0.476179
0.61	0	0
0.61	0.01	0.00606277
0.61	0.02	0.012125
0.61	0.03	0.0181862
0.61	0.04	0.0242459
0.61	0.05	0.0303034
0.61	0.06	0.0363584
0.61	0.07	0.0424102
0.61	0.08	0.0484583
0.61	0.09	0.0545023
0.61	0.1	0.0605415
0.61	0.11	0.0665755
0.61	0.12	0.0726037
0.61	0.13	0.0786255
0.61	0.14	0.0846404
0.61	0.15	0.0906478
0.61	0.16	0.0966472
0.61	0.17	0.102638
0.61	0.18	0.10862
0.61	0.19	0.114592
0.61	0.2	0.120553
0.61	0.21	0.126504
0.61	0.22	0.132443
0.61	0.23	0.13837
0.61	0.24	0.144285
0.61	0.25	0.150186
0.61	0.26	0.156073
0.61	0.27	0.161945
0.61	0.28	0.167802
0.61	0.29	0.173643
0.61	0.3	0.179468
0.61	0.31	0.185275
0.61	0.32	0.191064
0.61	0.33	0.196835
0.61	0.34	0.202586
0.61	0.35	0.208317
0.61	0.36	0.214027
0.61	0.37	0.219715
0.61	0.38	0.225381
0.61	0.39	0.231024
0.61	0.4	0.236643
0.61	0.41	0.242237
0.61	0.42	0.247806
0.61	0.43	0.253348
0.61	0.44	0.258863
0.61	0.45	0.26435
0.61	0.46	0.269808
0.61	0.47	0.275236
0.61	0.48	0.280633
0.61	0.49	0.285998
0.61	0.5	0.291331
0.61	0.51	0.29663
0.61	0.52	0.301895
0.61	0.53	0.307124
0.61	0.54	0.312317
0.61	0.55	0.317472
0.61	0.56	0.322588
0.61	0.57	0.327665
0.61	0.58	0.332701
0.61	0.59	0.337696
0.61	0.6	0.342647
0.61	0.61	0.347555
0.61	0.62	0.352417
0.61	0.63	0.357234
0.61	0.64	0.362003
0.61	0.65	0.366723
0.61	0.66	0.371394
0.61	0.67	0.376013
0.61	0.68	0.38058
0.61	0.69	0.385094
0.61	0.7	0.389554
0.61	0.71	0.393957
0.61	0.72	0.398303
0.61	0.73	0.40259
0.61	0.74	0.406818
0.61	0.75	0.410984
0.61	0.76	0.415087
0.61	0.77	0.419127
0.61	0.78	0.423101
0.61	0.79	0.427009
0.61	0.8	0.430848
0.61	0.81	0.434618
0.61	0.82	0.438317
0.61	0.83	0.441943
0.61	0.84	0.445495
0.61	0.85	0.448972
0.61	0.86	0.452372
0.61	0.87	0.455694
0.61	0.88	0.458936
0.61	0.89	0.462096
0.61	0.9	0.465174
0.61	0.91	0.468167
0.61	0.92	0.471074
0.61	0.93	0.473894
0.61	0.94	0.476624
0.61	0.95	0.479261
0.61	0.96	0.481799
0.61	0.97	0.484201
0.61	0.98	0.48631
0.61	0.99	0.487359
0.61	1	0.483625
0.62	0	0
0.62	0.01	0.00617534
0.62	0.02	0.0123502
0.62	0.03	0.0185239
0.62	0.04	0.0246962
0.62	0.05	0.0308663
0.62	0.06	0.0370338
0.62	0.07	0.0431982
0.62	0.08	0.049359
0.62	0.09	0.0555155
0.62	0.1	0.0616673
0.62	0.11	0.0678139
0.62	0.12	0.0739547
0.62	0.13	0.0800891
0.62	0.14	0.0862166
0.62	0.15	0.0923366
0.62	0.16	0.0984487
0.62	0.17	0.104552
0.62	0.18	0.110646
0.62	0.19	0.116731
0.62	0.2	0.122805
0.62	0.21	0.128869
0.62	0.22	0.13492
0.62	0.23	0.14096
0.62	0.24	0.146987
0.62	0.25	0.153001
0.62	0.26	0.159
0.62	0.27	0.164986
0.62	0.28	0.170955
0.62	0.29	0.176909
0.62	0.3	0.182846
0.62	0.31	0.188766
0.62	0.32	0.194668
0.62	0.33	0.200551
0.62	0.34	0.206415
0.62	0.35	0.212258
0.62	0.36	0.218081
0.62	0.37	0.223882
0.62	0.38	0.229661
0.62	0.39	0.235416
0.62	0.4	0.241147
0.62	0.41	0.246854
0.62	0.42	0.252535
0.62	0.43	0.25819
0.62	0.44	0.263817
0.62	0.45	0.269416
0.62	0.46	0.274986
0.62	0.47	0.280527
0.62	0.48	0.286036
0.62	0.49	0.291514
0.62	0.5	0.296959
0.62	0.51	0.30237
0.62	0.52	0.307747
0.62	0.53	0.313088
0.62	0.54	0.318392
0.62	0.55	0.323659
0.62	0.56	0.328888
0.62	0.57	0.334076
0.62	0.58	0.339224
0.62	0.59	0.344331
0.62	0.6	0.349394
0.62	0.61	0.354413
0.62	0.62	0.359387
0.62	0.63	0.364315
0.62	0.64	0.369195
0.62	0.65	0.374026
0.62	0.66	0.378808
0.62	0.67	0.383539
0.62	0.68	0.388217
0.62	0.69	0.392842
0.62	0.7	0.397412
0.62	0.71	0.401926
0.62	0.72	0.406383
0.62	0.73	0.41078
0.62	0.74	0.415118
0.62	0.75	0.419395
0.62	0.76	0.423609
0.62	0.77	0.427759
0.62	0.78	0.431843
0.62	0.79	0.435861
0.62	0.8	0.43981
0.62	0.81	0.44369
0.62	0.82	0.447498
0.62	0.83	0.451235
0.62	0.84	0.454897
0.62	0.85	0.458483
0.62	0.86	0.461993
0.62	0.87	0.465424
0.62	0.88	0.468775
0.62	0.89	0.472045
0.62	0.9	0.475232
0.62	0.91	0.478334
0.62	0.92	0.481351
0.62	0.93	0.48428
0.62	0.94	0.48712
0.62	0.95	0.48987
0.62	0.96	0.492533
0.62	0.97	0.495124
0.62	0.98	0.497728
0.62	0.99	0.500753
0.62	1	0.50617
0.63	0	0
0.63	0.01	0.00628843
0.63	0.02	0.0125763
0.63	0.03	0.0188632
0.63	0.04	0.0251485
0.63	0.05	0.0314318
0.63	0.06	0.0377124
0.63	0.07	0.0439899
0.63	0.08	0.0502638
0.63	0.09	0.0565334
0.63	0.1	0.0627984
0.63	0.11	0.0690581
0.63	0.12	0.075312
0.63	0.13	0.0815596
0.63	0.14	0.0878002
0.63	0.15	0.0940335
0.63	0.16	0.100259
0.63	0.17	0.106475
0.63	0.18	0.112683
0.63	0.19	0.118881
0.63	0.2	0.125068
0.63	0.21	0.131245
0.63	0.22	0.13741
0.63	0.23	0.143563
0.63	0.24	0.149703
0.63	0.25	0.15583
0.63	0.26	0.161943
0.63	0.27	0.168041
0.63	0.28	0.174124
0.63	0.29	0.180191
0.63	0.3	0.186242
0.63	0.31	0.192275
0.63	0.32	0.19829
0.63	0.33	0.204287
0.63	0.34	0.210264
0.63	0.35	0.216221
0.63	0.36	0.222157
0.63	0.37	0.228071
0.63	0.38	0.233963
0.63	0.39	0.239832
0.63	0.4	0.245676
0.63	0.41	0.251496
0.63	0.42	0.257291
0.63	0.43	0.263059
0.63	0.44	0.268799
0.63	0.45	0.274512
0.63	0.46	0.280195
0.63	0.47	0.285848
0.63	0.48	0.291471
0.63	0.49	0.297062
0.63	0.5	0.30262
0.63	0.51	0.308144
0.63	0.52	0.313634
0.63	0.53	0.319088
0.63	0.54	0.324506
0.63	0.55	0.329886
0.63	0.56	0.335227
0.63	0.57	0.340529
0.63	0.58	0.345789
0.63	0.59	0.351008
0.63	0.6	0.356184
0.63	0.61	0.361316
0.63	0.62	0.366403
0.63	0.63	0.371443
0.63	0.64	0.376436
0.63	0.65	0.38138
0.63	0.66	0.386274
0.63	0.67	0.391117
0.63	0.68	0.395907
0.63	0.69	0.400644
0.63	0.7	0.405326
0.63	0.71	0.409952
0.63	0.72	0.414521
0.63	0.73	0.419031
0.63	0.74	0.423481
0.63	0.75	0.427869
0.63	0.76	0.432195
0.63	0.77	0.436456
0.63	0.78	0.440652
0.63	0.79	0.444781
0.63	0.8	0.448842
0.63	0.81	0.452833
0.63	0.82	0.456753
0.63	0.83	0.4606
0.63	0.84	0.464373
0.63	0.85	0.468071
0.63	0.86	0.471692
0.63	0.87	0.475234
0.63	0.88	0.478696
0.63	0.89	0.482077
0.63	0.9	0.485375
0.63	0.91	0.488588
0.63	0.92	0.491715
0.63	0.93	0.494755
0.63	0.94	0.497706
0.63	0.95	0.500568
0.63	0.96	0.503346
0.63	0.97	0.506071
0.63	0.98	0.508899
0.63	0.99	0.512594
0.63	1	0.520874
0.64	0	0
0.64	0.01	0.00640204
0.64	0.02	0.0128036
0.64	0.03	0.0192041
0.64	0.04	0.025603
0.64	0.05	0.0319999
0.64	0.06	0.0383941
0.64	0.07	0.0447853
0.64	0.08	0.0511728
0.64	0.09	0.0575561
0.64	0.1	0.0639347
0.64	0.11	0.0703081
0.64	0.12	0.0766757
0.64	0.13	0.0830369
0.64	0.14	0.0893913
0.64	0.15	0.0957383
0.64	0.16	0.102077
0.64	0.17	0.108408
0.64	0.18	0.114729
0.64	0.19	0.121041
0.64	0.2	0.127342
0.64	0.21	0.133632
0.64	0.22	0.139911
0.64	0.23	0.146178
0.64	0.24	0.152432
0.64	0.25	0.158673
0.64	0.26	0.1649
0.64	0.27	0.171112
0.64	0.28	0.177309
0.64	0.29	0.18349
0.64	0.3	0.189655
0.64	0.31	0.195802
0.64	0.32	0.201931
0.64	0.33	0.208042
0.64	0.34	0.214133
0.64	0.35	0.220204
0.64	0.36	0.226254
0.64	0.37	0.232282
0.64	0.38	0.238288
0.64	0.39	0.244271
0.64	0.4	0.25023
0.64	0.41	0.256164
0.64	0.42	0.262073
0.64	0.43	0.267955
0.64	0.44	0.27381
0.64	0.45	0.279636
0.64	0.46	0.285434
0.64	0.47	0.291201
0.64	0.48	0.296938
0.64	0.49	0.302643
0.64	0.5	0.308315
0.64	0.51	0.313953
0.64	0.52	0.319557
0.64	0.53	0.325126
0.64	0.54	0.330657
0.64	0.55	0.336151
0.64	0.56	0.341606
0.64	0.57	0.347022
0.64	0.58	0.352396
0.64	0.59	0.357729
0.64	0.6	0.363019
0.64	0.61	0.368265
0.64	0.62	0.373465
0.64	0.63	0.378619
0.64	0.64	0.383725
0.64	0.65	0.388783
0.64	0.66	0.393791
0.64	0.67	0.398747
0.64	0.68	0.403651
0.64	0.69	0.408502
0.64	0.7	0.413297
0.64	0.71	0.418036
0.64	0.72	0.422718
0.64	0.73	0.427341
0.64	0.74	0.431904
0.64	0.75	0.436406
0.64	0.76	0.440844
0.64	0.77	0.445219
0.64	0.78	0.449528
0.64	0.79	0.45377
0.64	0.8	0.457943
0.64	0.81	0.462047
0.64	0.82	0.46608
0.64	0.83	0.47004
0.64	0.84	0.473926
0.64	0.85	0.477736
0.64	0.86	0.481469
0.64	0.87	0.485124
0.64	0.88	0.488699
0.64	0.89	0.492192
0.64	0.9	0.495602
0.64	0.91	0.498928
0.64	0.92	0.502167
0.64	0.93	0.505319
0.64	0.94	0.508382
0.64	0.95	0.511352
0.64	0.96	0.514226
0.64	0.97	0.516983
0.64	0.98	0.519533
0.64	0.99	0.521448
0.64	1	0.520677
0.65	0	0
0.65	0.01	0.00651617
0.65	0.02	0.0130318
0.65	0.03	0.0195465
0.65	0.04	0.0260595
0.65	0.05	0.0325705
0.65	0.06	0.039079
0.65	0.07	0.0455843
0.65	0.08	0.0520859
0.65	0.09	0.0585835
0.65	0.1	0.0650763
0.65	0.11	0.0715639
0.65	0.12	0.0780457
0.65	0.13	0.0845212
0.65	0.14	0.0909899
0.65	0.15	0.0974511
0.65	0.16	0.103904
0.65	0.17	0.110349
0.65	0.18	0.116785
0.65	0.19	0.123211
0.65	0.2	0.129627
0.65	0.21	0.136031
0.65	0.22	0.142425
0.65	0.23	0.148806
0.65	0.24	0.155175
0.65	0.25	0.16153
0.65	0.26	0.167872
0.65	0.27	0.174199
0.65	0.28	0.18051
0.65	0.29	0.186806
0.65	0.3	0.193085
0.65	0.31	0.199347
0.65	0.32	0.205591
0.65	0.33	0.211816
0.65	0.34	0.218022
0.65	0.35	0.224208
0.65	0.36	0.230373
0.65	0.37	0.236516
0.65	0.38	0.242637
0.65	0.39	0.248735
0.65	0.4	0.254809
0.65	0.41	0.260858
0.65	0.42	0.266881
0.65	0.43	0.272878
0.65	0.44	0.278848
0.65	0.45	0.28479
0.65	0.46	0.290702
0.65	0.47	0.296585
0.65	0.48	0.302436
0.65	0.49	0.308256
0.65	0.5	0.314044
0.65	0.51	0.319797
0.65	0.52	0.325516
0.65	0.53	0.331199
0.65	0.54	0.336846
0.65	0.55	0.342455
0.65	0.56	0.348025
0.65	0.57	0.353556
0.65	0.58	0.359045
0.65	0.59	0.364493
0.65	0.6	0.369898
0.65	0.61	0.375258
0.65	0.62	0.380573
0.65	0.63	0.385842
0.65	0.64	0.391064
0.65	0.65	0.396236
0.65	0.66	0.401358
0.65	0.67	0.40643
0.65	0.68	0.411449
0.65	0.69	0.416414
0.65	0.7	0.421324
0.65	0.71	0.426178
0.65	0.72	0.430974
0.65	0.73	0.435712
0.65	0.74	0.440389
0.65	0.75	0.445005
0.65	0.76	0.449558
0.65	0.77	0.454047
0.65	0.78	0.45847
0.65	0.79	0.462827
0.65	0.8	0.467115
0.65	0.81	0.471333
0.65	0.82	0.475479
0.65	0.83	0.479554
0.65	0.84	0.483554
0.65	0.85	0.487478
0.65	0.86	0.491325
0.65	0.87	0.495094
0.65	0.88	0.498783
0.65	0.89	0.50239
0.65	0.9	0.505914
0.65	0.91	0.509354
0.65	0.92	0.512707
0.65	0.93	0.515973
0.65	0.94	0.519149
0.65	0.95	0.522232
0.65	0.96	0.525216
0.65	0.97	0.528064
0.65	0.98	0.530619
0.65	0.99	0.532114
0.65	1	0.528827
0.66	0	0
0.66	0.01	0.00663082
0.66	0.02	0.0132611
0.66	0.03	0.0198904
0.66	0.04	0.0265181
0.66	0.05	0.0331438
0.66	0.06	0.0397669
0.66	0.07	0.0463869
0.66	0.08	0.0530033
0.66	0.09	0.0596155
0.66	0.1	0.0662231
0.66	0.11	0.0728254
0.66	0.12	0.079422
0.66	0.13	0.0860123
0.66	0.14	0.0925958
0.66	0.15	0.0991719
0.66	0.16	0.10574
0.66	0.17	0.1123
0.66	0.18	0.11885
0.66	0.19	0.125391
0.66	0.2	0.131922
0.66	0.21	0.138442
0.66	0.22	0.14495
0.66	0.23	0.151447
0.66	0.24	0.157931
0.66	0.25	0.164401
0.66	0.26	0.170858
0.66	0.27	0.1773
0.66	0.28	0.183727
0.66	0.29	0.190138
0.66	0.3	0.196533
0.66	0.31	0.20291
0.66	0.32	0.209269
0.66	0.33	0.21561
0.66	0.34	0.221932
0.66	0.35	0.228233
0.66	0.36	0.234514
0.66	0.37	0.240773
0.66	0.38	0.247009
0.66	0.39	0.253223
0.66	0.4	0.259412
0.66	0.41	0.265577
0.66	0.42	0.271716
0.66	0.43	0.277829
0.66	0.44	0.283915
0.66	0.45	0.289972
0.66	0.46	0.296001
0.66	0.47	0.301999
0.66	0.48	0.307967
0.66	0.49	0.313903
0.66	0.5	0.319806
0.66	0.51	0.325676
0.66	0.52	0.33151
0.66	0.53	0.33731
0.66	0.54	0.343072
0.66	0.55	0.348797
0.66	0.56	0.354484
0.66	0.57	0.36013
0.66	0.58	0.365736
0.66	0.59	0.3713
0.66	0.6	0.376821
0.66	0.61	0.382297
0.66	0.62	0.387728
0.66	0.63	0.393113
0.66	0.64	0.398451
0.66	0.65	0.403739
0.66	0.66	0.408978
0.66	0.67	0.414165
0.66	0.68	0.4193
0.66	0.69	0.424381
0.66	0.7	0.429407
0.66	0.71	0.434377
0.66	0.72	0.439289
0.66	0.73	0.444142
0.66	0.74	0.448936
0.66	0.75	0.453668
0.66	0.76	0.458336
0.66	0.77	0.462941
0.66	0.78	0.46748
0.66	0.79	0.471952
0.66	0.8	0.476356
0.66	0.81	0.480689
0.66	0.82	0.484952
0.66	0.83	0.489142
0.66	0.84	0.493257
0.66	0.85	0.497297
0.66	0.86	0.50126
0.66	0.87	0.505144
0.66	0.88	0.508948
0.66	0.89	0.512671
0.66	0.9	0.51631
0.66	0.91	0.519865
0.66	0.92	0.523334
0.66	0.93	0.526715
0.66	0.94	0.530008
0.66	0.95	0.53321
0.66	0.96	0.536325
0.66	0.97	0.539371
0.66	0.98	0.542437
0.66	0.99	0.545964
0.66	1	0.552077
0.67	0	0
0.67	0.01	0.00674598
0.67	0.02	0.0134914
0.67	0.03	0.0202359
0.67	0.04	0.0269788
0.67	0.05	0.0337196
0.67	0.06	0.0404579
0.67	0.07	0.0471931
0.67	0.08	0.0539247
0.67	0.09	0.0606522
0.67	0.1	0.067375
0.67	0.11	0.0740927
0.67	0.12	0.0808046
0.67	0.13	0.0875103
0.67	0.14	0.0942091
0.67	0.15	0.100901
0.67	0.16	0.107584
0.67	0.17	0.114259
0.67	0.18	0.120926
0.67	0.19	0.127582
0.67	0.2	0.134228
0.67	0.21	0.140864
0.67	0.22	0.147488
0.67	0.23	0.1541
0.67	0.24	0.1607
0.67	0.25	0.167286
0.67	0.26	0.173859
0.67	0.27	0.180417
0.67	0.28	0.18696
0.67	0.29	0.193487
0.67	0.3	0.199997
0.67	0.31	0.206491
0.67	0.32	0.212966
0.67	0.33	0.219423
0.67	0.34	0.225861
0.67	0.35	0.232279
0.67	0.36	0.238676
0.67	0.37	0.245051
0.67	0.38	0.251404
0.67	0.39	0.257734
0.67	0.4	0.26404
0.67	0.41	0.270322
0.67	0.42	0.276578
0.67	0.43	0.282807
0.67	0.44	0.289009
0.67	0.45	0.295184
0.67	0.46	0.301329
0.67	0.47	0.307444
0.67	0.48	0.313529
0.67	0.49	0.319582
0.67	0.5	0.325602
0.67	0.51	0.331588
0.67	0.52	0.33754
0.67	0.53	0.343457
0.67	0.54	0.349337
0.67	0.55	0.355179
0.67	0.56	0.360982
0.67	0.57	0.366746
0.67	0.58	0.372469
0.67	0.59	0.37815
0.67	0.6	0.383788
0.67	0.61	0.389381
0.67	0.62	0.39493
0.67	0.63	0.400432
0.67	0.64	0.405887
0.67	0.65	0.411292
0.67	0.66	0.416648
0.67	0.67	0.421952
0.67	0.68	0.427204
0.67	0.69	0.432403
0.67	0.7	0.437546
0.67	0.71	0.442633
0.67	0.72	0.447663
0.67	0.73	0.452633
0.67	0.74	0.457544
0.67	0.75	0.462393
0.67	0.76	0.467179
0.67	0.77	0.471901
0.67	0.78	0.476557
0.67	0.79	0.481146
0.67	0.8	0.485666
0.67	0.81	0.490117
0.67	0.82	0.494497
0.67	0.83	0.498804
0.67	0.84	0.503036
0.67	0.85	0.507193
0.67	0.86	0.511273
0.67	0.87	0.515274
0.67	0.88	0.519195
0.67	0.89	0.523035
0.67	0.9	0.526791
0.67	0.91	0.530463
0.67	0.92	0.534049
0.67	0.93	0.537547
0.67	0.94	0.540957
0.67	0.95	0.544277
0.67	0.96	0.547513
0.67	0.97	0.550697
0.67	0.98	0.553983
0.67	0.99	0.558135
0.67	1	0.566871
0.68	0	0
0.68	0.01	0.00686165
0.68	0.02	0.0137228
0.68	0.03	0.0205829
0.68	0.04	0.0274415
0.68	0.05	0.0342981
0.68	0.06	0.0411521
0.68	0.07	0.048003
0.68	0.08	0.0548503
0.68	0.09	0.0616936
0.68	0.1	0.0685322
0.68	0.11	0.0753657
0.68	0.12	0.0821935
0.68	0.13	0.089015
0.68	0.14	0.0958298
0.68	0.15	0.102637
0.68	0.16	0.109437
0.68	0.17	0.116228
0.68	0.18	0.12301
0.68	0.19	0.129783
0.68	0.2	0.136545
0.68	0.21	0.143297
0.68	0.22	0.150038
0.68	0.23	0.156766
0.68	0.24	0.163482
0.68	0.25	0.170185
0.68	0.26	0.176874
0.68	0.27	0.183549
0.68	0.28	0.190208
0.68	0.29	0.196852
0.68	0.3	0.203479
0.68	0.31	0.21009
0.68	0.32	0.216682
0.68	0.33	0.223256
0.68	0.34	0.229811
0.68	0.35	0.236345
0.68	0.36	0.242859
0.68	0.37	0.249352
0.68	0.38	0.255822
0.68	0.39	0.26227
0.68	0.4	0.268693
0.68	0.41	0.275092
0.68	0.42	0.281465
0.68	0.43	0.287812
0.68	0.44	0.294132
0.68	0.45	0.300424
0.68	0.46	0.306687
0.68	0.47	0.31292
0.68	0.48	0.319123
0.68	0.49	0.325293
0.68	0.5	0.331432
0.68	0.51	0.337536
0.68	0.52	0.343606
0.68	0.53	0.34964
0.68	0.54	0.355638
0.68	0.55	0.361599
0.68	0.56	0.36752
0.68	0.57	0.373402
0.68	0.58	0.379243
0.68	0.59	0.385042
0.68	0.6	0.390799
0.68	0.61	0.396511
0.68	0.62	0.402178
0.68	0.63	0.407798
0.68	0.64	0.413371
0.68	0.65	0.418895
0.68	0.66	0.424369
0.68	0.67	0.429792
0.68	0.68	0.435163
0.68	0.69	0.44048
0.68	0.7	0.445742
0.68	0.71	0.450947
0.68	0.72	0.456095
0.68	0.73	0.461184
0.68	0.74	0.466213
0.68	0.75	0.471181
0.68	0.76	0.476085
0.68	0.77	0.480926
0.68	0.78	0.4857
0.68	0.79	0.490408
0.68	0.8	0.495047
0.68	0.81	0.499617
0.68	0.82	0.504115
0.68	0.83	0.50854
0.68	0.84	0.512891
0.68	0.85	0.517166
0.68	0.86	0.521365
0.68	0.87	0.525485
0.68	0.88	0.529524
0.68	0.89	0.533482
0.68	0.9	0.537357
0.68	0.91	0.541147
0.68	0.92	0.544852
0.68	0.93	0.548468
0.68	0.94	0.551995
0.68	0.95	0.55543
0.68	0.96	0.558768
0.68	0.97	0.561987
0.68	0.98	0.56499
0.68	0.99	0.567319
0.68	1	0.566765
0.69	0	0
0.69	0.01	0.00697783
0.69	0.02	0.0139551
0.69	0.03	0.0209315
0.69	0.04	0.0279062
0.69	0.05	0.034879
0.69	0.06	0.0418492
0.69	0.07	0.0488164
0.69	0.08	0.0557801
0.69	0.09	0.0627396
0.69	0.1	0.0696945
0.69	0.11	0.0766444
0.69	0.12	0.0835885
0.69	0.13	0.0905265
0.69	0.14	0.0974578
0.69	0.15	0.104382
0.69	0.16	0.111298
0.69	0.17	0.118206
0.69	0.18	0.125105
0.69	0.19	0.131994
0.69	0.2	0.138873
0.69	0.21	0.145742
0.69	0.22	0.152599
0.69	0.23	0.159445
0.69	0.24	0.166278
0.69	0.25	0.173098
0.69	0.26	0.179904
0.69	0.27	0.186696
0.69	0.28	0.193472
0.69	0.29	0.200234
0.69	0.3	0.206978
0.69	0.31	0.213706
0.69	0.32	0.220416
0.69	0.33	0.227108
0.69	0.34	0.23378
0.69	0.35	0.240433
0.69	0.36	0.247065
0.69	0.37	0.253675
0.69	0.38	0.260263
0.69	0.39	0.266829
0.69	0.4	0.273371
0.69	0.41	0.279888
0.69	0.42	0.286379
0.69	0.43	0.292845
0.69	0.44	0.299283
0.69	0.45	0.305694
0.69	0.46	0.312075
0.69	0.47	0.318427
0.69	0.48	0.324748
0.69	0.49	0.331038
0.69	0.5	0.337295
0.69	0.51	0.343518
0.69	0.52	0.349707
0.69	0.53	0.355861
0.69	0.54	0.361978
0.69	0.55	0.368057
0.69	0.56	0.374098
0.69	0.57	0.380099
0.69	0.58	0.38606
0.69	0.59	0.391978
0.69	0.6	0.397854
0.69	0.61	0.403686
0.69	0.62	0.409472
0.69	0.63	0.415212
0.69	0.64	0.420905
0.69	0.65	0.426548
0.69	0.66	0.432142
0.69	0.67	0.437685
0.69	0.68	0.443175
0.69	0.69	0.448612
0.69	0.7	0.453993
0.69	0.71	0.459319
0.69	0.72	0.464587
0.69	0.73	0.469796
0.69	0.74	0.474944
0.69	0.75	0.480032
0.69	0.76	0.485056
0.69	0.77	0.490017
0.69	0.78	0.494911
0.69	0.79	0.499739
0.69	0.8	0.504498
0.69	0.81	0.509187
0.69	0.82	0.513805
0.69	0.83	0.51835
0.69	0.84	0.522821
0.69	0.85	0.527217
0.69	0.86	0.531535
0.69	0.87	0.535775
0.69	0.88	0.539934
0.69	0.89	0.544012
0.69	0.9	0.548007
0.69	0.91	0.551918
0.69	0.92	0.555742
0.69	0.93	0.559478
0.69	0.94	0.563125
0.69	0.95	0.566679
0.69	0.96	0.570133
0.69	0.97	0.573452
0.69	0.98	0.576478
0.69	0.99	0.578444
0.69	1	0.57563
0.7	0	0
0.7	0.01	0.00709451
0.7	0.02	0.0141885
0.7	0.03	0.0212815
0.7	0.04	0.028373
0.7	0.05	0.0354625
0.7	0.06	0.0425495
0.7	0.07	0.0496334
0.7	0.08	0.0567138
0.7	0.09	0.0637902
0.7	0.1	0.070862
0.7	0.11	0.0779287
0.7	0.12	0.0849898
0.7	0.13	0.0920448
0.7	0.14	0.099093
0.7	0.15	0.106134
0.7	0.16	0.113167
0.7	0.17	0.120192
0.7	0.18	0.127208
0.7	0.19	0.134215
0.7	0.2	0.141212
0.7	0.21	0.148198
0.7	0.22	0.155173
0.7	0.23	0.162136
0.7	0.24	0.169086
0.7	0.25	0.176024
0.7	0.26	0.182948
0.7	0.27	0.189858
0.7	0.28	0.196752
0.7	0.29	0.203632
0.7	0.3	0.210494
0.7	0.31	0.21734
0.7	0.32	0.224169
0.7	0.33	0.230979
0.7	0.34	0.23777
0.7	0.35	0.244541
0.7	0.36	0.251291
0.7	0.37	0.25802
0.7	0.38	0.264728
0.7	0.39	0.271412
0.7	0.4	0.278073
0.7	0.41	0.284709
0.7	0.42	0.29132
0.7	0.43	0.297904
0.7	0.44	0.304462
0.7	0.45	0.310992
0.7	0.46	0.317493
0.7	0.47	0.323964
0.7	0.48	0.330405
0.7	0.49	0.336815
0.7	0.5	0.343191
0.7	0.51	0.349535
0.7	0.52	0.355844
0.7	0.53	0.362117
0.7	0.54	0.368355
0.7	0.55	0.374554
0.7	0.56	0.380715
0.7	0.57	0.386837
0.7	0.58	0.392918
0.7	0.59	0.398957
0.7	0.6	0.404953
0.7	0.61	0.410906
0.7	0.62	0.416813
0.7	0.63	0.422674
0.7	0.64	0.428487
0.7	0.65	0.434251
0.7	0.66	0.439966
0.7	0.67	0.44563
0.7	0.68	0.451241
0.7	0.69	0.456799
0.7	0.7	0.462301
0.7	0.71	0.467748
0.7	0.72	0.473137
0.7	0.73	0.478467
0.7	0.74	0.483737
0.7	0.75	0.488946
0.7	0.76	0.494091
0.7	0.77	0.499173
0.7	0.78	0.504189
0.7	0.79	0.509138
0.7	0.8	0.514018
0.7	0.81	0.518829
0.7	0.82	0.523568
0.7	0.83	0.528235
0.7	0.84	0.532828
0.7	0.85	0.537344
0.7	0.86	0.541784
0.7	0.87	0.546145
0.7	0.88	0.550426
0.7	0.89	0.554626
0.7	0.9	0.558742
0.7	0.91	0.562774
0.7	0.92	0.56672
0.7	0.93	0.570578
0.7	0.94	0.574347
0.7	0.95	0.578026
0.7	0.96	0.581619
0.7	0.97	0.585144
0.7	0.98	0.588697
0.7	0.99	0.592754
0.7	1	0.599595
0.71	0	0
0.71	0.01	0.00721169
0.71	0.02	0.0144229
0.71	0.03	0.0216331
0.71	0.04	0.0288418
0.71	0.05	0.0360485
0.71	0.06	0.0432527
0.71	0.07	0.050454
0.71	0.08	0.0576517
0.71	0.09	0.0648454
0.71	0.1	0.0720345
0.71	0.11	0.0792187
0.71	0.12	0.0863972
0.71	0.13	0.0935697
0.71	0.14	0.100736
0.71	0.15	0.107894
0.71	0.16	0.115045
0.71	0.17	0.122188
0.71	0.18	0.129322
0.71	0.19	0.136446
0.71	0.2	0.143561
0.71	0.21	0.150665
0.71	0.22	0.157758
0.71	0.23	0.164839
0.71	0.24	0.171908
0.71	0.25	0.178964
0.71	0.26	0.186006
0.71	0.27	0.193035
0.71	0.28	0.200048
0.71	0.29	0.207046
0.71	0.3	0.214027
0.71	0.31	0.220992
0.71	0.32	0.22794
0.71	0.33	0.234869
0.71	0.34	0.241779
0.71	0.35	0.248669
0.71	0.36	0.255539
0.71	0.37	0.262388
0.71	0.38	0.269215
0.71	0.39	0.276019
0.71	0.4	0.282799
0.71	0.41	0.289555
0.71	0.42	0.296286
0.71	0.43	0.302991
0.71	0.44	0.309669
0.71	0.45	0.316319
0.71	0.46	0.32294
0.71	0.47	0.329532
0.71	0.48	0.336094
0.71	0.49	0.342624
0.71	0.5	0.349122
0.71	0.51	0.355586
0.71	0.52	0.362016
0.71	0.53	0.368411
0.71	0.54	0.374769
0.71	0.55	0.38109
0.71	0.56	0.387372
0.71	0.57	0.393615
0.71	0.58	0.399818
0.71	0.59	0.405979
0.71	0.6	0.412097
0.71	0.61	0.418171
0.71	0.62	0.4242
0.71	0.63	0.430182
0.71	0.64	0.436118
0.71	0.65	0.442004
0.71	0.66	0.447841
0.71	0.67	0.453627
0.71	0.68	0.459361
0.71	0.69	0.46504
0.71	0.7	0.470665
0.71	0.71	0.476234
0.71	0.72	0.481746
0.71	0.73	0.487199
0.71	0.74	0.492591
0.71	0.75	0.497922
0.71	0.76	0.503191
0.71	0.77	0.508395
0.71	0.78	0.513534
0.71	0.79	0.518605
0.71	0.8	0.523609
0.71	0.81	0.528542
0.71	0.82	0.533404
0.71	0.83	0.538194
0.71	0.84	0.542909
0.71	0.85	0.547549
0.71	0.86	0.552112
0.71	0.87	0.556596
0.71	0.88	0.561
0.71	0.89	0.565322
0.71	0.9	0.569562
0.71	0.91	0.573717
0.71	0.92	0.577785
0.71	0.93	0.581766
0.71	0.94	0.585659
0.71	0.95	0.589462
0.71	0.96	0.593181
0.71	0.97	0.596848
0.71	0.98	0.600616
0.71	0.99	0.605251
0.71	1	0.614468
0.72	0	0
0.72	0.01	0.00732938
0.72	0.02	0.0146583
0.72	0.03	0.0219862
0.72	0.04	0.0293126
0.72	0.05	0.036637
0.72	0.06	0.043959
0.72	0.07	0.051278
0.72	0.08	0.0585935
0.72	0.09	0.0659051
0.72	0.1	0.0732121
0.72	0.11	0.0805142
0.72	0.12	0.0878107
0.72	0.13	0.0951012
0.72	0.14	0.102385
0.72	0.15	0.109662
0.72	0.16	0.116931
0.72	0.17	0.124192
0.72	0.18	0.131444
0.72	0.19	0.138687
0.72	0.2	0.14592
0.72	0.21	0.153143
0.72	0.22	0.160355
0.72	0.23	0.167555
0.72	0.24	0.174742
0.72	0.25	0.181917
0.72	0.26	0.189079
0.72	0.27	0.196226
0.72	0.28	0.203359
0.72	0.29	0.210476
0.72	0.3	0.217577
0.72	0.31	0.224662
0.72	0.32	0.231729
0.72	0.33	0.238778
0.72	0.34	0.245808
0.72	0.35	0.252818
0.72	0.36	0.259808
0.72	0.37	0.266777
0.72	0.38	0.273724
0.72	0.39	0.280649
0.72	0.4	0.28755
0.72	0.41	0.294427
0.72	0.42	0.301278
0.72	0.43	0.308104
0.72	0.44	0.314903
0.72	0.45	0.321675
0.72	0.46	0.328418
0.72	0.47	0.335131
0.72	0.48	0.341814
0.72	0.49	0.348466
0.72	0.5	0.355085
0.72	0.51	0.361671
0.72	0.52	0.368223
0.72	0.53	0.37474
0.72	0.54	0.381221
0.72	0.55	0.387664
0.72	0.56	0.394069
0.72	0.57	0.400435
0.72	0.58	0.40676
0.72	0.59	0.413043
0.72	0.6	0.419284
0.72	0.61	0.425481
0.72	0.62	0.431633
0.72	0.63	0.437739
0.72	0.64	0.443797
0.72	0.65	0.449807
0.72	0.66	0.455767
0.72	0.67	0.461677
0.72	0.68	0.467534
0.72	0.69	0.473337
0.72	0.7	0.479086
0.72	0.71	0.484778
0.72	0.72	0.490414
0.72	0.73	0.49599
0.72	0.74	0.501507
0.72	0.75	0.506962
0.72	0.76	0.512354
0.72	0.77	0.517683
0.72	0.78	0.522945
0.72	0.79	0.528141
0.72	0.8	0.533269
0.72	0.81	0.538326
0.72	0.82	0.543313
0.72	0.83	0.548227
0.72	0.84	0.553067
0.72	0.85	0.557831
0.72	0.86	0.562518
0.72	0.87	0.567126
0.72	0.88	0.571655
0.72	0.89	0.576102
0.72	0.9	0.580466
0.72	0.91	0.584745
0.72	0.92	0.588938
0.72	0.93	0.593044
0.72	0.94	0.59706
0.72	0.95	0.600984
0.72	0.96	0.604811
0.72	0.97	0.608517
0.72	0.98	0.611998
0.72	0.99	0.614762
0.72	1	0.614441
0.73	0	0
0.73	0.01	0.00744755
0.73	0.02	0.0148946
0.73	0.03	0.0223407
0.73	0.04	0.0297853
0.73	0.05	0.037228
0.73	0.06	0.0446682
0.73	0.07	0.0521055
0.73	0.08	0.0595393
0.73	0.09	0.0669692
0.73	0.1	0.0743947
0.73	0.11	0.0818152
0.73	0.12	0.0892302
0.73	0.13	0.0966393
0.73	0.14	0.104042
0.73	0.15	0.111437
0.73	0.16	0.118825
0.73	0.17	0.126205
0.73	0.18	0.133576
0.73	0.19	0.140938
0.73	0.2	0.148291
0.73	0.21	0.155632
0.73	0.22	0.162963
0.73	0.23	0.170283
0.73	0.24	0.17759
0.73	0.25	0.184884
0.73	0.26	0.192166
0.73	0.27	0.199433
0.73	0.28	0.206685
0.73	0.29	0.213923
0.73	0.3	0.221144
0.73	0.31	0.228349
0.73	0.32	0.235536
0.73	0.33	0.242705
0.73	0.34	0.249856
0.73	0.35	0.256987
0.73	0.36	0.264098
0.73	0.37	0.271188
0.73	0.38	0.278257
0.73	0.39	0.285302
0.73	0.4	0.292325
0.73	0.41	0.299323
0.73	0.42	0.306297
0.73	0.43	0.313244
0.73	0.44	0.320165
0.73	0.45	0.327059
0.73	0.46	0.333924
0.73	0.47	0.34076
0.73	0.48	0.347565
0.73	0.49	0.35434
0.73	0.5	0.361082
0.73	0.51	0.367791
0.73	0.52	0.374466
0.73	0.53	0.381106
0.73	0.54	0.38771
0.73	0.55	0.394276
0.73	0.56	0.400805
0.73	0.57	0.407294
0.73	0.58	0.413743
0.73	0.59	0.42015
0.73	0.6	0.426515
0.73	0.61	0.432836
0.73	0.62	0.439112
0.73	0.63	0.445342
0.73	0.64	0.451525
0.73	0.65	0.45766
0.73	0.66	0.463744
0.73	0.67	0.469778
0.73	0.68	0.47576
0.73	0.69	0.481688
0.73	0.7	0.487562
0.73	0.71	0.49338
0.73	0.72	0.49914
0.73	0.73	0.504842
0.73	0.74	0.510484
0.73	0.75	0.516064
0.73	0.76	0.521582
0.73	0.77	0.527036
0.73	0.78	0.532424
0.73	0.79	0.537745
0.73	0.8	0.542999
0.73	0.81	0.548182
0.73	0.82	0.553294
0.73	0.83	0.558334
0.73	0.84	0.563299
0.73	0.85	0.568189
0.73	0.86	0.573003
0.73	0.87	0.577737
0.73	0.88	0.582392
0.73	0.89	0.586964
0.73	0.9	0.591454
0.73	0.91	0.59586
0.73	0.92	0.600179
0.73	0.93	0.604411
0.73	0.94	0.608553
0.73	0.95	0.612603
0.73	0.96	0.616552
0.73	0.97	0.620366
0.73	0.98	0.623888
0.73	0.99	0.62635
0.73	1	0.624033
0.74	0	0
0.74	0.01	0.00756621
0.74	0.02	0.0151319
0.74	0.03	0.0226967
0.74	0.04	0.03026
0.74	0.05	0.0378214
0.74	0.06	0.0453804
0.74	0.07	0.0529364
0.74	0.08	0.0604891
0.74	0.09	0.0680379
0.74	0.1	0.0755822
0.74	0.11	0.0831217
0.74	0.12	0.0906558
0.74	0.13	0.0981839
0.74	0.14	0.105706
0.74	0.15	0.11322
0.74	0.16	0.120728
0.74	0.17	0.128227
0.74	0.18	0.135718
0.74	0.19	0.143199
0.74	0.2	0.150671
0.74	0.21	0.158133
0.74	0.22	0.165583
0.74	0.23	0.173023
0.74	0.24	0.18045
0.74	0.25	0.187865
0.74	0.26	0.195266
0.74	0.27	0.202654
0.74	0.28	0.210027
0.74	0.29	0.217385
0.74	0.3	0.224727
0.74	0.31	0.232053
0.74	0.32	0.239361
0.74	0.33	0.246652
0.74	0.34	0.253924
0.74	0.35	0.261177
0.74	0.36	0.268409
0.74	0.37	0.275621
0.74	0.38	0.282811
0.74	0.39	0.289979
0.74	0.4	0.297124
0.74	0.41	0.304245
0.74	0.42	0.311341
0.74	0.43	0.318411
0.74	0.44	0.325455
0.74	0.45	0.332472
0.74	0.46	0.33946
0.74	0.47	0.346419
0.74	0.48	0.353348
0.74	0.49	0.360246
0.74	0.5	0.367112
0.74	0.51	0.373945
0.74	0.52	0.380744
0.74	0.53	0.387508
0.74	0.54	0.394236
0.74	0.55	0.400927
0.74	0.56	0.40758
0.74	0.57	0.414194
0.74	0.58	0.420768
0.74	0.59	0.4273
0.74	0.6	0.43379
0.74	0.61	0.440236
0.74	0.62	0.446638
0.74	0.63	0.452993
0.74	0.64	0.459302
0.74	0.65	0.465562
0.74	0.66	0.471772
0.74	0.67	0.477932
0.74	0.68	0.48404
0.74	0.69	0.490095
0.74	0.7	0.496094
0.74	0.71	0.502038
0.74	0.72	0.507925
0.74	0.73	0.513754
0.74	0.74	0.519522
0.74	0.75	0.525229
0.74	0.76	0.530874
0.74	0.77	0.536454
0.74	0.78	0.541969
0.74	0.79	0.547418
0.74	0.8	0.552798
0.74	0.81	0.558109
0.74	0.82	0.563348
0.74	0.83	0.568515
0.74	0.84	0.573608
0.74	0.85	0.578625
0.74	0.86	0.583566
0.74	0.87	0.588428
0.74	0.88	0.59321
0.74	0.89	0.59791
0.74	0.9	0.602528
0.74	0.91	0.607061
0.74	0.92	0.611508
0.74	0.93	0.615867
0.74	0.94	0.620138
0.74	0.95	0.624319
0.74	0.96	0.628413
0.74	0.97	0.632442
0.74	0.98	0.636508
0.74	0.99	0.641121
0.74	1	0.648726
0.75	0	0
0.75	0.01	0.00768536
0.75	0.02	0.0153702
0.75	0.03	0.0230542
0.75	0.04	0.0307367
0.75	0.05	0.0384173
0.75	0.06	0.0460955
0.75	0.07	0.0537708
0.75	0.08	0.0614428
0.75	0.09	0.0691109
0.75	0.1	0.0767747
0.75	0.11	0.0844336
0.75	0.12	0.0920872
0.75	0.13	0.0997349
0.75	0.14	0.107376
0.75	0.15	0.115011
0.75	0.16	0.122638
0.75	0.17	0.130257
0.75	0.18	0.137868
0.75	0.19	0.145469
0.75	0.2	0.153062
0.75	0.21	0.160644
0.75	0.22	0.168215
0.75	0.23	0.175775
0.75	0.24	0.183323
0.75	0.25	0.190858
0.75	0.26	0.198381
0.75	0.27	0.205889
0.75	0.28	0.213384
0.75	0.29	0.220863
0.75	0.3	0.228327
0.75	0.31	0.235774
0.75	0.32	0.243204
0.75	0.33	0.250617
0.75	0.34	0.258011
0.75	0.35	0.265386
0.75	0.36	0.272741
0.75	0.37	0.280076
0.75	0.38	0.287389
0.75	0.39	0.294679
0.75	0.4	0.301947
0.75	0.41	0.309191
0.75	0.42	0.316411
0.75	0.43	0.323605
0.75	0.44	0.330772
0.75	0.45	0.337912
0.75	0.46	0.345025
0.75	0.47	0.352108
0.75	0.48	0.359161
0.75	0.49	0.366184
0.75	0.5	0.373174
0.75	0.51	0.380132
0.75	0.52	0.387056
0.75	0.53	0.393946
0.75	0.54	0.400799
0.75	0.55	0.407616
0.75	0.56	0.414394
0.75	0.57	0.421134
0.75	0.58	0.427834
0.75	0.59	0.434492
0.75	0.6	0.441108
0.75	0.61	0.447681
0.75	0.62	0.454209
0.75	0.63	0.460691
0.75	0.64	0.467127
0.75	0.65	0.473514
0.75	0.66	0.479851
0.75	0.67	0.486138
0.75	0.68	0.492373
0.75	0.69	0.498555
0.75	0.7	0.504683
0.75	0.71	0.510754
0.75	0.72	0.516769
0.75	0.73	0.522725
0.75	0.74	0.528621
0.75	0.75	0.534457
0.75	0.76	0.540229
0.75	0.77	0.545938
0.75	0.78	0.551582
0.75	0.79	0.557159
0.75	0.8	0.562667
0.75	0.81	0.568106
0.75	0.82	0.573475
0.75	0.83	0.57877
0.75	0.84	0.583992
0.75	0.85	0.589138
0.75	0.86	0.594207
0.75	0.87	0.599198
0.75	0.88	0.604109
0.75	0.89	0.608939
0.75	0.9	0.613685
0.75	0.91	0.618347
0.75	0.92	0.622924
0.75	0.93	0.627412
0.75	0.94	0.631812
0.75	0.95	0.636123
0.75	0.96	0.64035
0.75	0.97	0.644524
0.75	0.98	0.6488
0.75	0.99	0.653941
0.75	1	0.663665
0.76	0	0
0.76	0.01	0.00780498
0.76	0.02	0.0156095
0.76	0.03	0.0234131
0.76	0.04	0.0312152
0.76	0.05	0.0390155
0.76	0.06	0.0468134
0.76	0.07	0.0546085
0.76	0.08	0.0624003
0.76	0.09	0.0701882
0.76	0.1	0.0779719
0.76	0.11	0.0857508
0.76	0.12	0.0935245
0.76	0.13	0.101292
0.76	0.14	0.109054
0.76	0.15	0.116809
0.76	0.16	0.124556
0.76	0.17	0.132296
0.76	0.18	0.140027
0.76	0.19	0.147749
0.76	0.2	0.155462
0.76	0.21	0.163165
0.76	0.22	0.170858
0.76	0.23	0.178539
0.76	0.24	0.186208
0.76	0.25	0.193865
0.76	0.26	0.201509
0.76	0.27	0.209139
0.76	0.28	0.216756
0.76	0.29	0.224357
0.76	0.3	0.231943
0.76	0.31	0.239512
0.76	0.32	0.247065
0.76	0.33	0.254601
0.76	0.34	0.262117
0.76	0.35	0.269615
0.76	0.36	0.277094
0.76	0.37	0.284551
0.76	0.38	0.291988
0.76	0.39	0.299402
0.76	0.4	0.306794
0.76	0.41	0.314162
0.76	0.42	0.321506
0.76	0.43	0.328824
0.76	0.44	0.336116
0.76	0.45	0.343381
0.76	0.46	0.350619
0.76	0.47	0.357827
0.76	0.48	0.365006
0.76	0.49	0.372154
0.76	0.5	0.37927
0.76	0.51	0.386354
0.76	0.52	0.393404
0.76	0.53	0.400419
0.76	0.54	0.407399
0.76	0.55	0.414342
0.76	0.56	0.421248
0.76	0.57	0.428114
0.76	0.58	0.434941
0.76	0.59	0.441727
0.76	0.6	0.44847
0.76	0.61	0.45517
0.76	0.62	0.461826
0.76	0.63	0.468436
0.76	0.64	0.474999
0.76	0.65	0.481515
0.76	0.66	0.487981
0.76	0.67	0.494396
0.76	0.68	0.50076
0.76	0.69	0.50707
0.76	0.7	0.513327
0.76	0.71	0.519527
0.76	0.72	0.525671
0.76	0.73	0.531756
0.76	0.74	0.537782
0.76	0.75	0.543747
0.76	0.76	0.549649
0.76	0.77	0.555487
0.76	0.78	0.561261
0.76	0.79	0.566967
0.76	0.8	0.572606
0.76	0.81	0.578175
0.76	0.82	0.583673
0.76	0.83	0.589099
0.76	0.84	0.594451
0.76	0.85	0.599728
0.76	0.86	0.604927
0.76	0.87	0.610049
0.76	0.88	0.61509
0.76	0.89	0.62005
0.76	0.9	0.624928
0.76	0.91	0.62972
0.76	0.92	0.634427
0.76	0.93	0.639046
0.76	0.94	0.643576
0.76	0.95	0.648014
0.76	0.96	0.652354
0.76	0.97	0.656571
0.76	0.98	0.660555
0.76	0.99	0.663778
0.76	1	0.663704
0.77	0	0
0.77	0.01	0.00792507
0.77	0.02	0.0158497
0.77	0.03	0.0237734
0.77	0.04	0.0316956
0.77	0.05	0.0396161
0.77	0.06	0.0475342
0.77	0.07	0.0554495
0.77	0.08	0.0633616
0.77	0.09	0.0712699
0.77	0.1	0.079174
0.77	0.11	0.0870733
0.77	0.12	0.0949675
0.77	0.13	0.102856
0.77	0.14	0.110738
0.77	0.15	0.118614
0.77	0.16	0.126482
0.77	0.17	0.134343
0.77	0.18	0.142195
0.77	0.19	0.150039
0.77	0.2	0.157873
0.77	0.21	0.165698
0.77	0.22	0.173511
0.77	0.23	0.181314
0.77	0.24	0.189106
0.77	0.25	0.196885
0.77	0.26	0.204651
0.77	0.27	0.212404
0.77	0.28	0.220142
0.77	0.29	0.227866
0.77	0.3	0.235575
0.77	0.31	0.243268
0.77	0.32	0.250944
0.77	0.33	0.258602
0.77	0.34	0.266243
0.77	0.35	0.273865
0.77	0.36	0.281467
0.77	0.37	0.289049
0.77	0.38	0.296609
0.77	0.39	0.304148
0.77	0.4	0.311665
0.77	0.41	0.319158
0.77	0.42	0.326626
0.77	0.43	0.33407
0.77	0.44	0.341488
0.77	0.45	0.348878
0.77	0.46	0.356241
0.77	0.47	0.363576
0.77	0.48	0.370881
0.77	0.49	0.378155
0.77	0.5	0.385398
0.77	0.51	0.392609
0.77	0.52	0.399786
0.77	0.53	0.406929
0.77	0.54	0.414036
0.77	0.55	0.421107
0.77	0.56	0.42814
0.77	0.57	0.435134
0.77	0.58	0.442089
0.77	0.59	0.449003
0.77	0.6	0.455875
0.77	0.61	0.462704
0.77	0.62	0.469489
0.77	0.63	0.476228
0.77	0.64	0.48292
0.77	0.65	0.489565
0.77	0.66	0.496161
0.77	0.67	0.502706
0.77	0.68	0.509199
0.77	0.69	0.51564
0.77	0.7	0.522026
0.77	0.71	0.528357
0.77	0.72	0.534631
0.77	0.73	0.540847
0.77	0.74	0.547004
0.77	0.75	0.553099
0.77	0.76	0.559132
0.77	0.77	0.565102
0.77	0.78	0.571006
0.77	0.79	0.576844
0.77	0.8	0.582614
0.77	0.81	0.588315
0.77	0.82	0.593945
0.77	0.83	0.599502
0.77	0.84	0.604986
0.77	0.85	0.610394
0.77	0.86	0.615726
0.77	0.87	0.620979
0.77	0.88	0.626153
0.77	0.89	0.631245
0.77	0.9	0.636254
0.77	0.91	0.641179
0.77	0.92	0.646018
0.77	0.93	0.65077
0.77	0.94	0.655432
0.77	0.95	0.660001
0.77	0.96	0.664471
0.77	0.97	0.668806
0.77	0.98	0.672848
0.77	0.99	0.675832
0.77	1	0.674037
0.78	0	0
0.78	0.01	0.00804562
0.78	0.02	0.0160908
0.78	0.03	0.024135
0.78	0.04	0.0321779
0.78	0.05	0.040219
0.78	0.06	0.0482578
0.78	0.07	0.0562938
0.78	0.08	0.0643266
0.78	0.09	0.0723557
0.78	0.1	0.0803807
0.78	0.11	0.088401
0.78	0.12	0.0964163
0.78	0.13	0.104426
0.78	0.14	0.112429
0.78	0.15	0.120426
0.78	0.16	0.128416
0.78	0.17	0.136398
0.78	0.18	0.144372
0.78	0.19	0.152338
0.78	0.2	0.160294
0.78	0.21	0.16824
0.78	0.22	0.176176
0.78	0.23	0.184102
0.78	0.24	0.192015
0.78	0.25	0.199917
0.78	0.26	0.207806
0.78	0.27	0.215682
0.78	0.28	0.223544
0.78	0.29	0.231391
0.78	0.3	0.239223
0.78	0.31	0.24704
0.78	0.32	0.25484
0.78	0.33	0.262622
0.78	0.34	0.270387
0.78	0.35	0.278133
0.78	0.36	0.28586
0.78	0.37	0.293567
0.78	0.38	0.301253
0.78	0.39	0.308917
0.78	0.4	0.316559
0.78	0.41	0.324177
0.78	0.42	0.331772
0.78	0.43	0.339342
0.78	0.44	0.346886
0.78	0.45	0.354403
0.78	0.46	0.361893
0.78	0.47	0.369354
0.78	0.48	0.376786
0.78	0.49	0.384188
0.78	0.5	0.391559
0.78	0.51	0.398897
0.78	0.52	0.406202
0.78	0.53	0.413473
0.78	0.54	0.420709
0.78	0.55	0.427908
0.78	0.56	0.435071
0.78	0.57	0.442194
0.78	0.58	0.449278
0.78	0.59	0.456322
0.78	0.6	0.463324
0.78	0.61	0.470282
0.78	0.62	0.477197
0.78	0.63	0.484066
0.78	0.64	0.490889
0.78	0.65	0.497665
0.78	0.66	0.504391
0.78	0.67	0.511067
0.78	0.68	0.517692
0.78	0.69	0.524264
0.78	0.7	0.530782
0.78	0.71	0.537244
0.78	0.72	0.54365
0.78	0.73	0.549998
0.78	0.74	0.556286
0.78	0.75	0.562514
0.78	0.76	0.568679
0.78	0.77	0.574781
0.78	0.78	0.580819
0.78	0.79	0.586789
0.78	0.8	0.592692
0.78	0.81	0.598526
0.78	0.82	0.604288
0.78	0.83	0.609979
0.78	0.84	0.615596
0.78	0.85	0.621138
0.78	0.86	0.626603
0.78	0.87	0.631989
0.78	0.88	0.637296
0.78	0.89	0.642522
0.78	0.9	0.647665
0.78	0.91	0.652724
0.78	0.92	0.657697
0.78	0.93	0.662582
0.78	0.94	0.667379
0.78	0.95	0.672086
0.78	0.96	0.676708
0.78	0.97	0.681265
0.78	0.98	0.68587
0.78	0.99	0.691066
0.78	1	0.69947
0.79	0	0
0.79	0.01	0.00816663
0.79	0.02	0.0163328
0.79	0.03	0.0244981
0.79	0.04	0.032662
0.79	0.05	0.0408242
0.79	0.06	0.0489841
0.79	0.07	0.0571413
0.79	0.08	0.0652953
0.79	0.09	0.0734458
0.79	0.1	0.0815921
0.79	0.11	0.0897339
0.79	0.12	0.0978706
0.79	0.13	0.106002
0.79	0.14	0.114127
0.79	0.15	0.122246
0.79	0.16	0.130358
0.79	0.17	0.138462
0.79	0.18	0.146558
0.79	0.19	0.154646
0.79	0.2	0.162724
0.79	0.21	0.170793
0.79	0.22	0.178852
0.79	0.23	0.1869
0.79	0.24	0.194937
0.79	0.25	0.202962
0.79	0.26	0.210975
0.79	0.27	0.218974
0.79	0.28	0.22696
0.79	0.29	0.234931
0.79	0.3	0.242887
0.79	0.31	0.250828
0.79	0.32	0.258753
0.79	0.33	0.26666
0.79	0.34	0.27455
0.79	0.35	0.282421
0.79	0.36	0.290273
0.79	0.37	0.298106
0.79	0.38	0.305918
0.79	0.39	0.313708
0.79	0.4	0.321476
0.79	0.41	0.329221
0.79	0.42	0.336943
0.79	0.43	0.344639
0.79	0.44	0.35231
0.79	0.45	0.359955
0.79	0.46	0.367573
0.79	0.47	0.375162
0.79	0.48	0.382722
0.79	0.49	0.390252
0.79	0.5	0.397752
0.79	0.51	0.405219
0.79	0.52	0.412653
0.79	0.53	0.420053
0.79	0.54	0.427419
0.79	0.55	0.434748
0.79	0.56	0.44204
0.79	0.57	0.449294
0.79	0.58	0.456508
0.79	0.59	0.463682
0.79	0.6	0.470815
0.79	0.61	0.477905
0.79	0.62	0.484951
0.79	0.63	0.491951
0.79	0.64	0.498906
0.79	0.65	0.505813
0.79	0.66	0.512671
0.79	0.67	0.51948
0.79	0.68	0.526237
0.79	0.69	0.532941
0.79	0.7	0.539592
0.79	0.71	0.546188
0.79	0.72	0.552726
0.79	0.73	0.559208
0.79	0.74	0.565629
0.79	0.75	0.571991
0.79	0.76	0.57829
0.79	0.77	0.584526
0.79	0.78	0.590697
0.79	0.79	0.596802
0.79	0.8	0.602839
0.79	0.81	0.608807
0.79	0.82	0.614704
0.79	0.83	0.620529
0.79	0.84	0.626281
0.79	0.85	0.631958
0.79	0.86	0.637557
0.79	0.87	0.643079
0.79	0.88	0.648521
0.79	0.89	0.653882
0.79	0.9	0.659161
0.79	0.91	0.664355
0.79	0.92	0.669463
0.79	0.93	0.674484
0.79	0.94	0.679416
0.79	0.95	0.684259
0.79	0.96	0.689019
0.79	0.97	0.693726
0.79	0.98	0.698534
0.79	0.99	0.704207
0.79	1	0.714461
0.8	0	0
0.8	0.01	0.00828808
0.8	0.02	0.0165757
0.8	0.03	0.0248625
0.8	0.04	0.0331479
0.8	0.05	0.0414316
0.8	0.06	0.0497131
0.8	0.07	0.0579919
0.8	0.08	0.0662677
0.8	0.09	0.0745399
0.8	0.1	0.082808
0.8	0.11	0.0910717
0.8	0.12	0.0993305
0.8	0.13	0.107584
0.8	0.14	0.115831
0.8	0.15	0.124072
0.8	0.16	0.132307
0.8	0.17	0.140533
0.8	0.18	0.148752
0.8	0.19	0.156963
0.8	0.2	0.165164
0.8	0.21	0.173357
0.8	0.22	0.181539
0.8	0.23	0.18971
0.8	0.24	0.197871
0.8	0.25	0.20602
0.8	0.26	0.214156
0.8	0.27	0.22228
0.8	0.28	0.23039
0.8	0.29	0.238486
0.8	0.3	0.246567
0.8	0.31	0.254633
0.8	0.32	0.262683
0.8	0.33	0.270715
0.8	0.34	0.278731
0.8	0.35	0.286728
0.8	0.36	0.294707
0.8	0.37	0.302665
0.8	0.38	0.310604
0.8	0.39	0.318521
0.8	0.4	0.326416
0.8	0.41	0.334289
0.8	0.42	0.342138
0.8	0.43	0.349962
0.8	0.44	0.357761
0.8	0.45	0.365535
0.8	0.46	0.373281
0.8	0.47	0.380999
0.8	0.48	0.388688
0.8	0.49	0.396348
0.8	0.5	0.403976
0.8	0.51	0.411573
0.8	0.52	0.419138
0.8	0.53	0.426668
0.8	0.54	0.434164
0.8	0.55	0.441624
0.8	0.56	0.449047
0.8	0.57	0.456432
0.8	0.58	0.463778
0.8	0.59	0.471084
0.8	0.6	0.478349
0.8	0.61	0.485571
0.8	0.62	0.492749
0.8	0.63	0.499883
0.8	0.64	0.50697
0.8	0.65	0.51401
0.8	0.66	0.521002
0.8	0.67	0.527944
0.8	0.68	0.534835
0.8	0.69	0.541673
0.8	0.7	0.548458
0.8	0.71	0.555187
0.8	0.72	0.561861
0.8	0.73	0.568477
0.8	0.74	0.575033
0.8	0.75	0.58153
0.8	0.76	0.587964
0.8	0.77	0.594335
0.8	0.78	0.600642
0.8	0.79	0.606882
0.8	0.8	0.613055
0.8	0.81	0.619159
0.8	0.82	0.625192
0.8	0.83	0.631153
0.8	0.84	0.637041
0.8	0.85	0.642854
0.8	0.86	0.648591
0.8	0.87	0.654249
0.8	0.88	0.659828
0.8	0.89	0.665325
0.8	0.9	0.67074
0.8	0.91	0.676071
0.8	0.92	0.681316
0.8	0.93	0.686474
0.8	0.94	0.691542
0.8	0.95	0.696519
0.8	0.96	0.701397
0.8	0.97	0.706151
0.8	0.98	0.710662
0.8	0.99	0.714366
0.8	1	0.714552
0.81	0	0
0.81	0.01	0.00840998
0.81	0.02	0.0168195
0.81	0.03	0.0252282
0.81	0.04	0.0336356
0.81	0.05	0.0420413
0.81	0.06	0.0504448
0.81	0.07	0.0588457
0.81	0.08	0.0672436
0.81	0.09	0.075638
0.81	0.1	0.0840284
0.81	0.11	0.0924145
0.81	0.12	0.100796
0.81	0.13	0.109172
0.81	0.14	0.117542
0.81	0.15	0.125906
0.81	0.16	0.134263
0.81	0.17	0.142613
0.81	0.18	0.150955
0.81	0.19	0.159289
0.81	0.2	0.167614
0.81	0.21	0.17593
0.81	0.22	0.184236
0.81	0.23	0.192532
0.81	0.24	0.200816
0.81	0.25	0.20909
0.81	0.26	0.217351
0.81	0.27	0.225599
0.81	0.28	0.233834
0.81	0.29	0.242055
0.81	0.3	0.250262
0.81	0.31	0.258454
0.81	0.32	0.266629
0.81	0.33	0.274788
0.81	0.34	0.28293
0.81	0.35	0.291054
0.81	0.36	0.29916
0.81	0.37	0.307245
0.81	0.38	0.315311
0.81	0.39	0.323356
0.81	0.4	0.331379
0.81	0.41	0.33938
0.81	0.42	0.347357
0.81	0.43	0.35531
0.81	0.44	0.363239
0.81	0.45	0.371141
0.81	0.46	0.379017
0.81	0.47	0.386864
0.81	0.48	0.394684
0.81	0.49	0.402474
0.81	0.5	0.410233
0.81	0.51	0.417961
0.81	0.52	0.425656
0.81	0.53	0.433318
0.81	0.54	0.440945
0.81	0.55	0.448537
0.81	0.56	0.456093
0.81	0.57	0.46361
0.81	0.58	0.471089
0.81	0.59	0.478527
0.81	0.6	0.485925
0.81	0.61	0.493281
0.81	0.62	0.500593
0.81	0.63	0.50786
0.81	0.64	0.515081
0.81	0.65	0.522256
0.81	0.66	0.529382
0.81	0.67	0.536459
0.81	0.68	0.543485
0.81	0.69	0.550458
0.81	0.7	0.557378
0.81	0.71	0.564244
0.81	0.72	0.571053
0.81	0.73	0.577805
0.81	0.74	0.584498
0.81	0.75	0.59113
0.81	0.76	0.597701
0.81	0.77	0.604209
0.81	0.78	0.610653
0.81	0.79	0.61703
0.81	0.8	0.62334
0.81	0.81	0.629581
0.81	0.82	0.635752
0.81	0.83	0.641851
0.81	0.84	0.647877
0.81	0.85	0.653827
0.81	0.86	0.659702
0.81	0.87	0.665498
0.81	0.88	0.671215
0.81	0.89	0.676851
0.81	0.9	0.682404
0.81	0.91	0.687873
0.81	0.92	0.693257
0.81	0.93	0.698553
0.81	0.94	0.70376
0.81	0.95	0.708875
0.81	0.96	0.713889
0.81	0.97	0.71877
0.81	0.98	0.723358
0.81	0.99	0.726888
0.81	1	0.725641
0.82	0	0
0.82	0.01	0.0085323
0.82	0.02	0.0170642
0.82	0.03	0.0255952
0.82	0.04	0.034125
0.82	0.05	0.0426531
0.82	0.06	0.0511791
0.82	0.07	0.0597025
0.82	0.08	0.068223
0.82	0.09	0.07674
0.82	0.1	0.0852532
0.82	0.11	0.0937621
0.82	0.12	0.102266
0.82	0.13	0.110765
0.82	0.14	0.119259
0.82	0.15	0.127746
0.82	0.16	0.136226
0.82	0.17	0.1447
0.82	0.18	0.153166
0.82	0.19	0.161624
0.82	0.2	0.170073
0.82	0.21	0.178513
0.82	0.22	0.186943
0.82	0.23	0.195364
0.82	0.24	0.203773
0.82	0.25	0.212171
0.82	0.26	0.220558
0.82	0.27	0.228932
0.82	0.28	0.237293
0.82	0.29	0.24564
0.82	0.3	0.253972
0.82	0.31	0.26229
0.82	0.32	0.270593
0.82	0.33	0.278879
0.82	0.34	0.287148
0.82	0.35	0.295399
0.82	0.36	0.303632
0.82	0.37	0.311846
0.82	0.38	0.32004
0.82	0.39	0.328213
0.82	0.4	0.336365
0.82	0.41	0.344494
0.82	0.42	0.352601
0.82	0.43	0.360684
0.82	0.44	0.368742
0.82	0.45	0.376774
0.82	0.46	0.38478
0.82	0.47	0.392759
0.82	0.48	0.400709
0.82	0.49	0.40863
0.82	0.5	0.416521
0.82	0.51	0.424381
0.82	0.52	0.432208
0.82	0.53	0.440002
0.82	0.54	0.447762
0.82	0.55	0.455487
0.82	0.56	0.463176
0.82	0.57	0.470827
0.82	0.58	0.478439
0.82	0.59	0.486012
0.82	0.6	0.493544
0.82	0.61	0.501034
0.82	0.62	0.508481
0.82	0.63	0.515883
0.82	0.64	0.52324
0.82	0.65	0.53055
0.82	0.66	0.537812
0.82	0.67	0.545025
0.82	0.68	0.552187
0.82	0.69	0.559297
0.82	0.7	0.566354
0.82	0.71	0.573356
0.82	0.72	0.580303
0.82	0.73	0.587192
0.82	0.74	0.594022
0.82	0.75	0.600793
0.82	0.76	0.607502
0.82	0.77	0.614148
0.82	0.78	0.620729
0.82	0.79	0.627245
0.82	0.8	0.633694
0.82	0.81	0.640074
0.82	0.82	0.646384
0.82	0.83	0.652622
0.82	0.84	0.658787
0.82	0.85	0.664877
0.82	0.86	0.670891
0.82	0.87	0.676827
0.82	0.88	0.682683
0.82	0.89	0.688459
0.82	0.9	0.694152
0.82	0.91	0.699761
0.82	0.92	0.705285
0.82	0.93	0.710721
0.82	0.94	0.716069
0.82	0.95	0.721328
0.82	0.96	0.726502
0.82	0.97	0.731613
0.82	0.98	0.736782
0.82	0.99	0.742589
0.82	1	0.75183
0.83	0	0
0.83	0.01	0.00865504
0.83	0.02	0.0173097
0.83	0.03	0.0259635
0.83	0.04	0.0346161
0.83	0.05	0.043267
0.83	0.06	0.0519159
0.83	0.07	0.0605623
0.83	0.08	0.0692057
0.83	0.09	0.0778459
0.83	0.1	0.0864823
0.83	0.11	0.0951145
0.83	0.12	0.103742
0.83	0.13	0.112365
0.83	0.14	0.120982
0.83	0.15	0.129593
0.83	0.16	0.138197
0.83	0.17	0.146795
0.83	0.18	0.155385
0.83	0.19	0.163967
0.83	0.2	0.172541
0.83	0.21	0.181106
0.83	0.22	0.189661
0.83	0.23	0.198207
0.83	0.24	0.206741
0.83	0.25	0.215265
0.83	0.26	0.223777
0.83	0.27	0.232277
0.83	0.28	0.240765
0.83	0.29	0.249238
0.83	0.3	0.257698
0.83	0.31	0.266143
0.83	0.32	0.274572
0.83	0.33	0.282986
0.83	0.34	0.291382
0.83	0.35	0.299762
0.83	0.36	0.308123
0.83	0.37	0.316466
0.83	0.38	0.324788
0.83	0.39	0.333091
0.83	0.4	0.341372
0.83	0.41	0.349632
0.83	0.42	0.357869
0.83	0.43	0.366082
0.83	0.44	0.37427
0.83	0.45	0.382434
0.83	0.46	0.390571
0.83	0.47	0.398681
0.83	0.48	0.406763
0.83	0.49	0.414817
0.83	0.5	0.42284
0.83	0.51	0.430833
0.83	0.52	0.438793
0.83	0.53	0.446721
0.83	0.54	0.454615
0.83	0.55	0.462473
0.83	0.56	0.470296
0.83	0.57	0.478082
0.83	0.58	0.485829
0.83	0.59	0.493537
0.83	0.6	0.501204
0.83	0.61	0.50883
0.83	0.62	0.516413
0.83	0.63	0.523952
0.83	0.64	0.531445
0.83	0.65	0.538892
0.83	0.66	0.546291
0.83	0.67	0.553641
0.83	0.68	0.560941
0.83	0.69	0.568189
0.83	0.7	0.575384
0.83	0.71	0.582525
0.83	0.72	0.589609
0.83	0.73	0.596637
0.83	0.74	0.603607
0.83	0.75	0.610517
0.83	0.76	0.617365
0.83	0.77	0.624151
0.83	0.78	0.630872
0.83	0.79	0.637528
0.83	0.8	0.644117
0.83	0.81	0.650637
0.83	0.82	0.657087
0.83	0.83	0.663466
0.83	0.84	0.669772
0.83	0.85	0.676003
0.83	0.86	0.682157
0.83	0.87	0.688235
0.83	0.88	0.694232
0.83	0.89	0.700149
0.83	0.9	0.705984
0.83	0.91	0.711735
0.83	0.92	0.7174
0.83	0.93	0.722978
0.83	0.94	0.728468
0.83	0.95	0.733869
0.83	0.96	0.739187
0.83	0.97	0.744451
0.83	0.98	0.749817
0.83	0.99	0.756047
0.83	1	0.766857
0.84	0	0
0.84	0.01	0.0087782
0.84	0.02	0.017556
0.84	0.03	0.026333
0.84	0.04	0.0351088
0.84	0.05	0.043883
0.84	0.06	0.0526552
0.84	0.07	0.0614249
0.84	0.08	0.0701919
0.84	0.09	0.0789556
0.84	0.1	0.0877156
0.84	0.11	0.0964715
0.84	0.12	0.105223
0.84	0.13	0.113969
0.84	0.14	0.12271
0.84	0.15	0.131446
0.84	0.16	0.140175
0.84	0.17	0.148897
0.84	0.18	0.157612
0.84	0.19	0.166319
0.84	0.2	0.175018
0.84	0.21	0.183708
0.84	0.22	0.192389
0.84	0.23	0.20106
0.84	0.24	0.209721
0.84	0.25	0.218371
0.84	0.26	0.227009
0.84	0.27	0.235636
0.84	0.28	0.24425
0.84	0.29	0.252851
0.84	0.3	0.261438
0.84	0.31	0.27001
0.84	0.32	0.278568
0.84	0.33	0.287109
0.84	0.34	0.295635
0.84	0.35	0.304143
0.84	0.36	0.312633
0.84	0.37	0.321105
0.84	0.38	0.329558
0.84	0.39	0.33799
0.84	0.4	0.346402
0.84	0.41	0.354792
0.84	0.42	0.36316
0.84	0.43	0.371504
0.84	0.44	0.379824
0.84	0.45	0.38812
0.84	0.46	0.396389
0.84	0.47	0.404632
0.84	0.48	0.412847
0.84	0.49	0.421033
0.84	0.5	0.42919
0.84	0.51	0.437316
0.84	0.52	0.445411
0.84	0.53	0.453473
0.84	0.54	0.461502
0.84	0.55	0.469496
0.84	0.56	0.477454
0.84	0.57	0.485375
0.84	0.58	0.493258
0.84	0.59	0.501103
0.84	0.6	0.508907
0.84	0.61	0.516669
0.84	0.62	0.524389
0.84	0.63	0.532066
0.84	0.64	0.539697
0.84	0.65	0.547282
0.84	0.66	0.554819
0.84	0.67	0.562308
0.84	0.68	0.569747
0.84	0.69	0.577134
0.84	0.7	0.584468
0.84	0.71	0.591749
0.84	0.72	0.598973
0.84	0.73	0.606142
0.84	0.74	0.613251
0.84	0.75	0.620302
0.84	0.76	0.627291
0.84	0.77	0.634217
0.84	0.78	0.64108
0.84	0.79	0.647878
0.84	0.8	0.654608
0.84	0.81	0.66127
0.84	0.82	0.667862
0.84	0.83	0.674383
0.84	0.84	0.680831
0.84	0.85	0.687204
0.84	0.86	0.693502
0.84	0.87	0.699722
0.84	0.88	0.705862
0.84	0.89	0.711922
0.84	0.9	0.7179
0.84	0.91	0.723794
0.84	0.92	0.729602
0.84	0.93	0.735324
0.84	0.94	0.740956
0.84	0.95	0.746497
0.84	0.96	0.751939
0.84	0.97	0.757254
0.84	0.98	0.762317
0.84	0.99	0.766524
0.84	1	0.766983
0.85	0	0
0.85	0.01	0.00890175
0.85	0.02	0.0178031
0.85	0.03	0.0267037
0.85	0.04	0.0356031
0.85	0.05	0.044501
0.85	0.06	0.0533969
0.85	0.07	0.0622904
0.85	0.08	0.0711812
0.85	0.09	0.0800689
0.85	0.1	0.088953
0.85	0.11	0.097833
0.85	0.12	0.106709
0.85	0.13	0.11558
0.85	0.14	0.124445
0.85	0.15	0.133305
0.85	0.16	0.142159
0.85	0.17	0.151006
0.85	0.18	0.159846
0.85	0.19	0.168679
0.85	0.2	0.177503
0.85	0.21	0.186319
0.85	0.22	0.195126
0.85	0.23	0.203924
0.85	0.24	0.212711
0.85	0.25	0.221488
0.85	0.26	0.230253
0.85	0.27	0.239007
0.85	0.28	0.247749
0.85	0.29	0.256477
0.85	0.3	0.265192
0.85	0.31	0.273893
0.85	0.32	0.282579
0.85	0.33	0.29125
0.85	0.34	0.299904
0.85	0.35	0.308542
0.85	0.36	0.317162
0.85	0.37	0.325764
0.85	0.38	0.334347
0.85	0.39	0.34291
0.85	0.4	0.351453
0.85	0.41	0.359975
0.85	0.42	0.368474
0.85	0.43	0.376951
0.85	0.44	0.385403
0.85	0.45	0.393831
0.85	0.46	0.402234
0.85	0.47	0.41061
0.85	0.48	0.418959
0.85	0.49	0.427279
0.85	0.5	0.435571
0.85	0.51	0.443832
0.85	0.52	0.452062
0.85	0.53	0.460259
0.85	0.54	0.468424
0.85	0.55	0.476554
0.85	0.56	0.484648
0.85	0.57	0.492706
0.85	0.58	0.500727
0.85	0.59	0.508709
0.85	0.6	0.51665
0.85	0.61	0.524551
0.85	0.62	0.53241
0.85	0.63	0.540225
0.85	0.64	0.547995
0.85	0.65	0.555719
0.85	0.66	0.563396
0.85	0.67	0.571025
0.85	0.68	0.578604
0.85	0.69	0.586131
0.85	0.7	0.593607
0.85	0.71	0.601028
0.85	0.72	0.608394
0.85	0.73	0.615704
0.85	0.74	0.622955
0.85	0.75	0.630148
0.85	0.76	0.637279
0.85	0.77	0.644348
0.85	0.78	0.651354
0.85	0.79	0.658294
0.85	0.8	0.665168
0.85	0.81	0.671973
0.85	0.82	0.678709
0.85	0.83	0.685373
0.85	0.84	0.691965
0.85	0.85	0.698482
0.85	0.86	0.704924
0.85	0.87	0.711288
0.85	0.88	0.717573
0.85	0.89	0.723778
0.85	0.9	0.7299
0.85	0.91	0.735939
0.85	0.92	0.741892
0.85	0.93	0.747758
0.85	0.94	0.753535
0.85	0.95	0.75922
0.85	0.96	0.764806
0.85	0.97	0.770257
0.85	0.98	0.775416
0.85	0.99	0.779519
0.85	1	0.778846
0.86	0	0
0.86	0.01	0.00902569
0.86	0.02	0.018051
0.86	0.03	0.0270756
0.86	0.04	0.036099
0.86	0.05	0.0451209
0.86	0.06	0.0541409
0.86	0.07	0.0631587
0.86	0.08	0.0721737
0.86	0.09	0.0811857
0.86	0.1	0.0901943
0.86	0.11	0.099199
0.86	0.12	0.108199
0.86	0.13	0.117195
0.86	0.14	0.126186
0.86	0.15	0.135171
0.86	0.16	0.14415
0.86	0.17	0.153123
0.86	0.18	0.162088
0.86	0.19	0.171047
0.86	0.2	0.179997
0.86	0.21	0.18894
0.86	0.22	0.197873
0.86	0.23	0.206797
0.86	0.24	0.215712
0.86	0.25	0.224616
0.86	0.26	0.233509
0.86	0.27	0.24239
0.86	0.28	0.25126
0.86	0.29	0.260117
0.86	0.3	0.268961
0.86	0.31	0.27779
0.86	0.32	0.286606
0.86	0.33	0.295406
0.86	0.34	0.30419
0.86	0.35	0.312958
0.86	0.36	0.321709
0.86	0.37	0.330442
0.86	0.38	0.339156
0.86	0.39	0.347851
0.86	0.4	0.356526
0.86	0.41	0.365179
0.86	0.42	0.373811
0.86	0.43	0.382421
0.86	0.44	0.391007
0.86	0.45	0.399569
0.86	0.46	0.408105
0.86	0.47	0.416616
0.86	0.48	0.425099
0.86	0.49	0.433555
0.86	0.5	0.441981
0.86	0.51	0.450378
0.86	0.52	0.458744
0.86	0.53	0.467079
0.86	0.54	0.47538
0.86	0.55	0.483647
0.86	0.56	0.491879
0.86	0.57	0.500075
0.86	0.58	0.508234
0.86	0.59	0.516354
0.86	0.6	0.524435
0.86	0.61	0.532475
0.86	0.62	0.540473
0.86	0.63	0.548428
0.86	0.64	0.556339
0.86	0.65	0.564204
0.86	0.66	0.572022
0.86	0.67	0.579792
0.86	0.68	0.587512
0.86	0.69	0.595182
0.86	0.7	0.602799
0.86	0.71	0.610363
0.86	0.72	0.617872
0.86	0.73	0.625324
0.86	0.74	0.632719
0.86	0.75	0.640055
0.86	0.76	0.64733
0.86	0.77	0.654543
0.86	0.78	0.661693
0.86	0.79	0.668777
0.86	0.8	0.675796
0.86	0.81	0.682746
0.86	0.82	0.689626
0.86	0.83	0.696436
0.86	0.84	0.703173
0.86	0.85	0.709836
0.86	0.86	0.716423
0.86	0.87	0.722933
0.86	0.88	0.729364
0.86	0.89	0.735715
0.86	0.9	0.741984
0.86	0.91	0.748169
0.86	0.92	0.754268
0.86	0.93	0.760281
0.86	0.94	0.766206
0.86	0.95	0.772042
0.86	0.96	0.777793
0.86	0.97	0.783484
0.86	0.98	0.789244
0.86	0.99	0.79569
0.86	1	0.805808
0.87	0	0
0.87	0.01	0.00915001
0.87	0.02	0.0182997
0.87	0.03	0.0274486
0.87	0.04	0.0365964
0.87	0.05	0.0457428
0.87	0.06	0.0548873
0.87	0.07	0.0640296
0.87	0.08	0.0731693
0.87	0.09	0.0823061
0.87	0.1	0.0914395
0.87	0.11	0.100569
0.87	0.12	0.109695
0.87	0.13	0.118816
0.87	0.14	0.127932
0.87	0.15	0.137042
0.87	0.16	0.146147
0.87	0.17	0.155246
0.87	0.18	0.164338
0.87	0.19	0.173423
0.87	0.2	0.1825
0.87	0.21	0.191569
0.87	0.22	0.200629
0.87	0.23	0.209681
0.87	0.24	0.218723
0.87	0.25	0.227755
0.87	0.26	0.236776
0.87	0.27	0.245786
0.87	0.28	0.254784
0.87	0.29	0.26377
0.87	0.3	0.272743
0.87	0.31	0.281702
0.87	0.32	0.290648
0.87	0.33	0.299578
0.87	0.34	0.308493
0.87	0.35	0.317392
0.87	0.36	0.326274
0.87	0.37	0.335138
0.87	0.38	0.343985
0.87	0.39	0.352812
0.87	0.4	0.361619
0.87	0.41	0.370406
0.87	0.42	0.379171
0.87	0.43	0.387914
0.87	0.44	0.396635
0.87	0.45	0.405331
0.87	0.46	0.414002
0.87	0.47	0.422648
0.87	0.48	0.431267
0.87	0.49	0.439859
0.87	0.5	0.448422
0.87	0.51	0.456956
0.87	0.52	0.465459
0.87	0.53	0.473931
0.87	0.54	0.48237
0.87	0.55	0.490775
0.87	0.56	0.499146
0.87	0.57	0.507481
0.87	0.58	0.51578
0.87	0.59	0.52404
0.87	0.6	0.532261
0.87	0.61	0.540441
0.87	0.62	0.54858
0.87	0.63	0.556676
0.87	0.64	0.564728
0.87	0.65	0.572735
0.87	0.66	0.580696
0.87	0.67	0.588608
0.87	0.68	0.596471
0.87	0.69	0.604284
0.87	0.7	0.612045
0.87	0.71	0.619752
0.87	0.72	0.627405
0.87	0.73	0.635002
0.87	0.74	0.642542
0.87	0.75	0.650022
0.87	0.76	0.657443
0.87	0.77	0.664801
0.87	0.78	0.672096
0.87	0.79	0.679327
0.87	0.8	0.686491
0.87	0.81	0.693588
0.87	0.82	0.700615
0.87	0.83	0.707572
0.87	0.84	0.714456
0.87	0.85	0.721266
0.87	0.86	0.728
0.87	0.87	0.734658
0.87	0.88	0.741236
0.87	0.89	0.747735
0.87	0.9	0.754151
0.87	0.91	0.760484
0.87	0.92	0.766732
0.87	0.93	0.772893
0.87	0.94	0.778965
0.87	0.95	0.78495
0.87	0.96	0.790851
0.87	0.97	0.796699
0.87	0.98	0.802649
0.87	0.99	0.809461
0.87	1	0.820852
0.88	0	0
0.88	0.01	0.00927469
0.88	0.02	0.018549
0.88	0.03	0.0278227
0.88	0.04	0.0370953
0.88	0.05	0.0463664
0.88	0.06	0.0556358
0.88	0.07	0.0649031
0.88	0.08	0.0741679
0.88	0.09	0.0834298
0.88	0.1	0.0926885
0.88	0.11	0.101944
0.88	0.12	0.111195
0.88	0.13	0.120441
0.88	0.14	0.129683
0.88	0.15	0.13892
0.88	0.16	0.148151
0.88	0.17	0.157376
0.88	0.18	0.166594
0.88	0.19	0.175806
0.88	0.2	0.18501
0.88	0.21	0.194207
0.88	0.22	0.203395
0.88	0.23	0.212574
0.88	0.24	0.221744
0.88	0.25	0.230904
0.88	0.26	0.240054
0.88	0.27	0.249193
0.88	0.28	0.258321
0.88	0.29	0.267436
0.88	0.3	0.276539
0.88	0.31	0.285629
0.88	0.32	0.294704
0.88	0.33	0.303766
0.88	0.34	0.312812
0.88	0.35	0.321842
0.88	0.36	0.330856
0.88	0.37	0.339853
0.88	0.38	0.348832
0.88	0.39	0.357792
0.88	0.4	0.366733
0.88	0.41	0.375654
0.88	0.42	0.384553
0.88	0.43	0.393431
0.88	0.44	0.402286
0.88	0.45	0.411118
0.88	0.46	0.419925
0.88	0.47	0.428707
0.88	0.48	0.437463
0.88	0.49	0.446192
0.88	0.5	0.454892
0.88	0.51	0.463564
0.88	0.52	0.472205
0.88	0.53	0.480815
0.88	0.54	0.489394
0.88	0.55	0.497939
0.88	0.56	0.506449
0.88	0.57	0.514924
0.88	0.58	0.523363
0.88	0.59	0.531764
0.88	0.6	0.540127
0.88	0.61	0.548449
0.88	0.62	0.55673
0.88	0.63	0.564968
0.88	0.64	0.573163
0.88	0.65	0.581313
0.88	0.66	0.589417
0.88	0.67	0.597473
0.88	0.68	0.605481
0.88	0.69	0.613438
0.88	0.7	0.621344
0.88	0.71	0.629196
0.88	0.72	0.636995
0.88	0.73	0.644737
0.88	0.74	0.652423
0.88	0.75	0.66005
0.88	0.76	0.667617
0.88	0.77	0.675123
0.88	0.78	0.682565
0.88	0.79	0.689943
0.88	0.8	0.697255
0.88	0.81	0.704499
0.88	0.82	0.711675
0.88	0.83	0.718779
0.88	0.84	0.725812
0.88	0.85	0.732771
0.88	0.86	0.739654
0.88	0.87	0.74646
0.88	0.88	0.753188
0.88	0.89	0.759836
0.88	0.9	0.766402
0.88	0.91	0.772884
0.88	0.92	0.779282
0.88	0.93	0.785592
0.88	0.94	0.791814
0.88	0.95	0.797945
0.88	0.96	0.803976
0.88	0.97	0.809879
0.88	0.98	0.815519
0.88	0.99	0.820254
0.88	1	0.820996
0.89	0	0
0.89	0.01	0.00939973
0.89	0.02	0.0187991
0.89	0.03	0.0281978
0.89	0.04	0.0375955
0.89	0.05	0.0469919
0.89	0.06	0.0563865
0.89	0.07	0.0657791
0.89	0.08	0.0751693
0.89	0.09	0.0845567
0.89	0.1	0.093941
0.89	0.11	0.103322
0.89	0.12	0.112699
0.89	0.13	0.122072
0.89	0.14	0.13144
0.89	0.15	0.140803
0.89	0.16	0.15016
0.89	0.17	0.159512
0.89	0.18	0.168858
0.89	0.19	0.178197
0.89	0.2	0.187529
0.89	0.21	0.196853
0.89	0.22	0.206169
0.89	0.23	0.215477
0.89	0.24	0.224775
0.89	0.25	0.234064
0.89	0.26	0.243343
0.89	0.27	0.252612
0.89	0.28	0.261869
0.89	0.29	0.271115
0.89	0.3	0.280348
0.89	0.31	0.289569
0.89	0.32	0.298776
0.89	0.33	0.307969
0.89	0.34	0.317147
0.89	0.35	0.326309
0.89	0.36	0.335456
0.89	0.37	0.344586
0.89	0.38	0.353698
0.89	0.39	0.362792
0.89	0.4	0.371867
0.89	0.41	0.380923
0.89	0.42	0.389957
0.89	0.43	0.398971
0.89	0.44	0.407962
0.89	0.45	0.41693
0.89	0.46	0.425874
0.89	0.47	0.434793
0.89	0.48	0.443686
0.89	0.49	0.452553
0.89	0.5	0.461392
0.89	0.51	0.470202
0.89	0.52	0.478982
0.89	0.53	0.487732
0.89	0.54	0.496451
0.89	0.55	0.505136
0.89	0.56	0.513787
0.89	0.57	0.522404
0.89	0.58	0.530984
0.89	0.59	0.539528
0.89	0.6	0.548032
0.89	0.61	0.556498
0.89	0.62	0.564922
0.89	0.63	0.573304
0.89	0.64	0.581643
0.89	0.65	0.589938
0.89	0.66	0.598186
0.89	0.67	0.606388
0.89	0.68	0.614541
0.89	0.69	0.622644
0.89	0.7	0.630696
0.89	0.71	0.638695
0.89	0.72	0.64664
0.89	0.73	0.65453
0.89	0.74	0.662363
0.89	0.75	0.670138
0.89	0.76	0.677853
0.89	0.77	0.685507
0.89	0.78	0.693098
0.89	0.79	0.700625
0.89	0.8	0.708086
0.89	0.81	0.71548
0.89	0.82	0.722805
0.89	0.83	0.730059
0.89	0.84	0.737242
0.89	0.85	0.744351
0.89	0.86	0.751385
0.89	0.87	0.758342
0.89	0.88	0.765221
0.89	0.89	0.772019
0.89	0.9	0.778736
0.89	0.91	0.78537
0.89	0.92	0.791918
0.89	0.93	0.79838
0.89	0.94	0.804754
0.89	0.95	0.811036
0.89	0.96	0.817217
0.89	0.97	0.823266
0.89	0.98	0.829022
0.89	0.99	0.833724
0.89	1	0.833651
0.9	0	0
0.9	0.01	0.0095251
0.9	0.02	0.0190499
0.9	0.03	0.028574
0.9	0.04	0.0380972
0.9	0.05	0.047619
0.9	0.06	0.0571392
0.9	0.07	0.0666575
0.9	0.08	0.0761734
0.9	0.09	0.0856867
0.9	0.1	0.0951971
0.9	0.11	0.104704
0.9	0.12	0.114207
0.9	0.13	0.123707
0.9	0.14	0.133201
0.9	0.15	0.142691
0.9	0.16	0.152176
0.9	0.17	0.161655
0.9	0.18	0.171128
0.9	0.19	0.180595
0.9	0.2	0.190055
0.9	0.21	0.199507
0.9	0.22	0.208952
0.9	0.23	0.218388
0.9	0.24	0.227816
0.9	0.25	0.237234
0.9	0.26	0.246643
0.9	0.27	0.256042
0.9	0.28	0.265429
0.9	0.29	0.274806
0.9	0.3	0.28417
0.9	0.31	0.293522
0.9	0.32	0.302861
0.9	0.33	0.312186
0.9	0.34	0.321497
0.9	0.35	0.330792
0.9	0.36	0.340072
0.9	0.37	0.349336
0.9	0.38	0.358583
0.9	0.39	0.367811
0.9	0.4	0.377021
0.9	0.41	0.386212
0.9	0.42	0.395383
0.9	0.43	0.404532
0.9	0.44	0.41366
0.9	0.45	0.422765
0.9	0.46	0.431847
0.9	0.47	0.440904
0.9	0.48	0.449936
0.9	0.49	0.458941
0.9	0.5	0.467919
0.9	0.51	0.476869
0.9	0.52	0.48579
0.9	0.53	0.494681
0.9	0.54	0.50354
0.9	0.55	0.512367
0.9	0.56	0.521161
0.9	0.57	0.52992
0.9	0.58	0.538643
0.9	0.59	0.54733
0.9	0.6	0.555978
0.9	0.61	0.564587
0.9	0.62	0.573156
0.9	0.63	0.581683
0.9	0.64	0.590168
0.9	0.65	0.598608
0.9	0.66	0.607002
0.9	0.67	0.61535
0.9	0.68	0.62365
0.9	0.69	0.631901
0.9	0.7	0.6401
0.9	0.71	0.648247
0.9	0.72	0.656341
0.9	0.73	0.664379
0.9	0.74	0.672361
0.9	0.75	0.680286
0.9	0.76	0.68815
0.9	0.77	0.695954
0.9	0.78	0.703695
0.9	0.79	0.711373
0.9	0.8	0.718984
0.9	0.81	0.726529
0.9	0.82	0.734005
0.9	0.83	0.741411
0.9	0.84	0.748746
0.9	0.85	0.756007
0.9	0.86	0.763192
0.9	0.87	0.770302
0.9	0.88	0.777333
0.9	0.89	0.784284
0.9	0.9	0.791154
0.9	0.91	0.79794
0.9	0.92	0.804642
0.9	0.93	0.811257
0.9	0.94	0.817785
0.9	0.95	0.824224
0.9	0.96	0.830579
0.9	0.97	0.836877
0.9	0.98	0.843253
0.9	0.99	0.850368
0.9	1	0.861405
0.91	0	0
0.91	0.01	0.00965079
0.91	0.02	0.0193013
0.91	0.03	0.0289511
0.91	0.04	0.0386001
0.91	0.05	0.0482478
0.91	0.06	0.0578939
0.91	0.07	0.0675382
0.91	0.08	0.0771802
0.91	0.09	0.0868198
0.91	0.1	0.0964564
0.91	0.11	0.10609
0.91	0.12	0.11572
0.91	0.13	0.125346
0.91	0.14	0.134968
0.91	0.15	0.144585
0.91	0.16	0.154197
0.91	0.17	0.163804
0.91	0.18	0.173405
0.91	0.19	0.183
0.91	0.2	0.192588
0.91	0.21	0.202169
0.91	0.22	0.211743
0.91	0.23	0.221308
0.91	0.24	0.230866
0.91	0.25	0.240414
0.91	0.26	0.249953
0.91	0.27	0.259482
0.91	0.28	0.269001
0.91	0.29	0.278509
0.91	0.3	0.288005
0.91	0.31	0.297489
0.91	0.32	0.30696
0.91	0.33	0.316418
0.91	0.34	0.325862
0.91	0.35	0.335291
0.91	0.36	0.344705
0.91	0.37	0.354103
0.91	0.38	0.363485
0.91	0.39	0.372849
0.91	0.4	0.382195
0.91	0.41	0.391522
0.91	0.42	0.400829
0.91	0.43	0.410115
0.91	0.44	0.419381
0.91	0.45	0.428624
0.91	0.46	0.437844
0.91	0.47	0.44704
0.91	0.48	0.456211
0.91	0.49	0.465357
0.91	0.5	0.474475
0.91	0.51	0.483566
0.91	0.52	0.492628
0.91	0.53	0.501661
0.91	0.54	0.510662
0.91	0.55	0.519632
0.91	0.56	0.528569
0.91	0.57	0.537471
0.91	0.58	0.546338
0.91	0.59	0.555169
0.91	0.6	0.563963
0.91	0.61	0.572717
0.91	0.62	0.581432
0.91	0.63	0.590105
0.91	0.64	0.598736
0.91	0.65	0.607323
0.91	0.66	0.615866
0.91	0.67	0.624361
0.91	0.68	0.632809
0.91	0.69	0.641208
0.91	0.7	0.649557
0.91	0.71	0.657853
0.91	0.72	0.666097
0.91	0.73	0.674285
0.91	0.74	0.682418
0.91	0.75	0.690493
0.91	0.76	0.698508
0.91	0.77	0.706463
0.91	0.78	0.714356
0.91	0.79	0.722186
0.91	0.8	0.72995
0.91	0.81	0.737647
0.91	0.82	0.745276
0.91	0.83	0.752835
0.91	0.84	0.760323
0.91	0.85	0.767737
0.91	0.86	0.775077
0.91	0.87	0.78234
0.91	0.88	0.789525
0.91	0.89	0.79663
0.91	0.9	0.803654
0.91	0.91	0.810595
0.91	0.92	0.817452
0.91	0.93	0.824222
0.91	0.94	0.830904
0.91	0.95	0.837498
0.91	0.96	0.844009
0.91	0.97	0.850467
0.91	0.98	0.857027
0.91	0.99	0.864448
0.91	1	0.876447
0.92	0	0
0.92	0.01	0.0097768
0.92	0.02	0.0195533
0.92	0.03	0.0293292
0.92	0.04	0.0391042
0.92	0.05	0.0488781
0.92	0.06	0.0586505
0.92	0.07	0.0684211
0.92	0.08	0.0781896
0.92	0.09	0.0879557
0.92	0.1	0.097719
0.92	0.11	0.107479
0.92	0.12	0.117236
0.92	0.13	0.12699
0.92	0.14	0.136739
0.92	0.15	0.146484
0.92	0.16	0.156224
0.92	0.17	0.165958
0.92	0.18	0.175688
0.92	0.19	0.185411
0.92	0.2	0.195128
0.92	0.21	0.204838
0.92	0.22	0.214541
0.92	0.23	0.224237
0.92	0.24	0.233924
0.92	0.25	0.243603
0.92	0.26	0.253273
0.92	0.27	0.262933
0.92	0.28	0.272583
0.92	0.29	0.282223
0.92	0.3	0.291851
0.92	0.31	0.301468
0.92	0.32	0.311072
0.92	0.33	0.320664
0.92	0.34	0.330242
0.92	0.35	0.339805
0.92	0.36	0.349354
0.92	0.37	0.358887
0.92	0.38	0.368404
0.92	0.39	0.377905
0.92	0.4	0.387387
0.92	0.41	0.396851
0.92	0.42	0.406296
0.92	0.43	0.41572
0.92	0.44	0.425124
0.92	0.45	0.434506
0.92	0.46	0.443866
0.92	0.47	0.453202
0.92	0.48	0.462513
0.92	0.49	0.471799
0.92	0.5	0.481059
0.92	0.51	0.490292
0.92	0.52	0.499496
0.92	0.53	0.508672
0.92	0.54	0.517816
0.92	0.55	0.52693
0.92	0.56	0.53601
0.92	0.57	0.545058
0.92	0.58	0.55407
0.92	0.59	0.563047
0.92	0.6	0.571986
0.92	0.61	0.580887
0.92	0.62	0.589749
0.92	0.63	0.59857
0.92	0.64	0.607349
0.92	0.65	0.616084
0.92	0.66	0.624775
0.92	0.67	0.63342
0.92	0.68	0.642017
0.92	0.69	0.650566
0.92	0.7	0.659065
0.92	0.71	0.667513
0.92	0.72	0.675907
0.92	0.73	0.684247
0.92	0.74	0.692532
0.92	0.75	0.700759
0.92	0.76	0.708927
0.92	0.77	0.717035
0.92	0.78	0.725081
0.92	0.79	0.733064
0.92	0.8	0.740982
0.92	0.81	0.748833
0.92	0.82	0.756617
0.92	0.83	0.76433
0.92	0.84	0.771973
0.92	0.85	0.779542
0.92	0.86	0.787037
0.92	0.87	0.794456
0.92	0.88	0.801797
0.92	0.89	0.809058
0.92	0.9	0.816238
0.92	0.91	0.823335
0.92	0.92	0.830348
0.92	0.93	0.837274
0.92	0.94	0.844112
0.92	0.95	0.850859
0.92	0.96	0.857507
0.92	0.97	0.864024
0.92	0.98	0.870267
0.92	0.99	0.875552
0.92	1	0.876589
0.93	0	0
0.93	0.01	0.00990309
0.93	0.02	0.0198059
0.93	0.03	0.0297082
0.93	0.04	0.0396096
0.93	0.05	0.0495099
0.93	0.06	0.0594088
0.93	0.07	0.069306
0.93	0.08	0.0792013
0.93	0.09	0.0890943
0.93	0.1	0.0989847
0.93	0.11	0.108872
0.93	0.12	0.118756
0.93	0.13	0.128637
0.93	0.14	0.138514
0.93	0.15	0.148387
0.93	0.16	0.158255
0.93	0.17	0.168118
0.93	0.18	0.177976
0.93	0.19	0.187829
0.93	0.2	0.197675
0.93	0.21	0.207515
0.93	0.22	0.217348
0.93	0.23	0.227174
0.93	0.24	0.236992
0.93	0.25	0.246801
0.93	0.26	0.256602
0.93	0.27	0.266394
0.93	0.28	0.276176
0.93	0.29	0.285948
0.93	0.3	0.29571
0.93	0.31	0.30546
0.93	0.32	0.315198
0.93	0.33	0.324923
0.93	0.34	0.334635
0.93	0.35	0.344334
0.93	0.36	0.354018
0.93	0.37	0.363688
0.93	0.38	0.373341
0.93	0.39	0.382978
0.93	0.4	0.392598
0.93	0.41	0.402199
0.93	0.42	0.411782
0.93	0.43	0.421346
0.93	0.44	0.430889
0.93	0.45	0.440411
0.93	0.46	0.44991
0.93	0.47	0.459387
0.93	0.48	0.46884
0.93	0.49	0.478268
0.93	0.5	0.48767
0.93	0.51	0.497046
0.93	0.52	0.506394
0.93	0.53	0.515713
0.93	0.54	0.525002
0.93	0.55	0.53426
0.93	0.56	0.543486
0.93	0.57	0.552679
0.93	0.58	0.561838
0.93	0.59	0.570961
0.93	0.6	0.580048
0.93	0.61	0.589097
0.93	0.62	0.598107
0.93	0.63	0.607076
0.93	0.64	0.616004
0.93	0.65	0.624889
0.93	0.66	0.63373
0.93	0.67	0.642526
0.93	0.68	0.651274
0.93	0.69	0.659975
0.93	0.7	0.668625
0.93	0.71	0.677225
0.93	0.72	0.685772
0.93	0.73	0.694265
0.93	0.74	0.702703
0.93	0.75	0.711084
0.93	0.76	0.719406
0.93	0.77	0.727669
0.93	0.78	0.73587
0.93	0.79	0.744007
0.93	0.8	0.752081
0.93	0.81	0.760088
0.93	0.82	0.768027
0.93	0.83	0.775897
0.93	0.84	0.783696
0.93	0.85	0.791422
0.93	0.86	0.799074
0.93	0.87	0.80665
0.93	0.88	0.814148
0.93	0.89	0.821567
0.93	0.9	0.828905
0.93	0.91	0.83616
0.93	0.92	0.843331
0.93	0.93	0.850415
0.93	0.94	0.857411
0.93	0.95	0.864316
0.93	0.96	0.871122
0.93	0.97	0.877794
0.93	0.98	0.884175
0.93	0.99	0.889502
0.93	1	0.890056
0.94	0	0
0.94	0.01	0.0100297
0.94	0.02	0.0200591
0.94	0.03	0.030088
0.94	0.04	0.0401161
0.94	0.05	0.0501431
0.94	0.06	0.0601689
0.94	0.07	0.070193
0.94	0.08	0.0802153
0.94	0.09	0.0902354
0.94	0.1	0.100253
0.94	0.11	0.110268
0.94	0.12	0.12028
0.94	0.13	0.130289
0.94	0.14	0.140294
0.94	0.15	0.150295
0.94	0.16	0.160292
0.94	0.17	0.170284
0.94	0.18	0.180271
0.94	0.19	0.190253
0.94	0.2	0.200229
0.94	0.21	0.210198
0.94	0.22	0.220162
0.94	0.23	0.230118
0.94	0.24	0.240067
0.94	0.25	0.250008
0.94	0.26	0.259941
0.94	0.27	0.269865
0.94	0.28	0.27978
0.94	0.29	0.289685
0.94	0.3	0.299579
0.94	0.31	0.309463
0.94	0.32	0.319335
0.94	0.33	0.329195
0.94	0.34	0.339043
0.94	0.35	0.348877
0.94	0.36	0.358698
0.94	0.37	0.368504
0.94	0.38	0.378294
0.94	0.39	0.388069
0.94	0.4	0.397826
0.94	0.41	0.407567
0.94	0.42	0.417289
0.94	0.43	0.426992
0.94	0.44	0.436675
0.94	0.45	0.446337
0.94	0.46	0.455978
0.94	0.47	0.465597
0.94	0.48	0.475192
0.94	0.49	0.484763
0.94	0.5	0.494308
0.94	0.51	0.503828
0.94	0.52	0.51332
0.94	0.53	0.522783
0.94	0.54	0.532218
0.94	0.55	0.541622
0.94	0.56	0.550995
0.94	0.57	0.560335
0.94	0.58	0.569641
0.94	0.59	0.578912
0.94	0.6	0.588147
0.94	0.61	0.597345
0.94	0.62	0.606505
0.94	0.63	0.615624
0.94	0.64	0.624703
0.94	0.65	0.633739
0.94	0.66	0.642731
0.94	0.67	0.651679
0.94	0.68	0.660579
0.94	0.69	0.669433
0.94	0.7	0.678236
0.94	0.71	0.68699
0.94	0.72	0.695691
0.94	0.73	0.704338
0.94	0.74	0.712931
0.94	0.75	0.721467
0.94	0.76	0.729945
0.94	0.77	0.738363
0.94	0.78	0.746721
0.94	0.79	0.755015
0.94	0.8	0.763246
0.94	0.81	0.77141
0.94	0.82	0.779507
0.94	0.83	0.787535
0.94	0.84	0.795492
0.94	0.85	0.803376
0.94	0.86	0.811187
0.94	0.87	0.818922
0.94	0.88	0.826579
0.94	0.89	0.834157
0.94	0.9	0.841654
0.94	0.91	0.849069
0.94	0.92	0.856399
0.94	0.93	0.863644
0.94	0.94	0.870801
0.94	0.95	0.87787
0.94	0.96	0.884856
0.94	0.97	0.891788
0.94	0.98	0.898809
0.94	0.99	0.906624
0.94	1	0.918623
0.95	0	0
0.95	0.01	0.0101565
0.95	0.02	0.0203128
0.95	0.03	0.0304685
0.95	0.04	0.0406236
0.95	0.05	0.0507776
0.95	0.06	0.0609305
0.95	0.07	0.0710818
0.95	0.08	0.0812314
0.95	0.09	0.0913791
0.95	0.1	0.101524
0.95	0.11	0.111667
0.95	0.12	0.121807
0.95	0.13	0.131944
0.95	0.14	0.142077
0.95	0.15	0.152207
0.95	0.16	0.162333
0.95	0.17	0.172454
0.95	0.18	0.182571
0.95	0.19	0.192682
0.95	0.2	0.202788
0.95	0.21	0.212888
0.95	0.22	0.222983
0.95	0.23	0.23307
0.95	0.24	0.24315
0.95	0.25	0.253223
0.95	0.26	0.263288
0.95	0.27	0.273345
0.95	0.28	0.283393
0.95	0.29	0.293431
0.95	0.3	0.30346
0.95	0.31	0.313478
0.95	0.32	0.323485
0.95	0.33	0.333481
0.95	0.34	0.343464
0.95	0.35	0.353435
0.95	0.36	0.363392
0.95	0.37	0.373335
0.95	0.38	0.383263
0.95	0.39	0.393176
0.95	0.4	0.403072
0.95	0.41	0.412952
0.95	0.42	0.422814
0.95	0.43	0.432658
0.95	0.44	0.442482
0.95	0.45	0.452286
0.95	0.46	0.462069
0.95	0.47	0.47183
0.95	0.48	0.481568
0.95	0.49	0.491283
0.95	0.5	0.500972
0.95	0.51	0.510636
0.95	0.52	0.520274
0.95	0.53	0.529884
0.95	0.54	0.539465
0.95	0.55	0.549016
0.95	0.56	0.558536
0.95	0.57	0.568024
0.95	0.58	0.577479
0.95	0.59	0.586899
0.95	0.6	0.596284
0.95	0.61	0.605632
0.95	0.62	0.614943
0.95	0.63	0.624213
0.95	0.64	0.633444
0.95	0.65	0.642632
0.95	0.66	0.651777
0.95	0.67	0.660878
0.95	0.68	0.669932
0.95	0.69	0.67894
0.95	0.7	0.687898
0.95	0.71	0.696806
0.95	0.72	0.705663
0.95	0.73	0.714467
0.95	0.74	0.723216
0.95	0.75	0.731908
0.95	0.76	0.740544
0.95	0.77	0.74912
0.95	0.78	0.757635
0.95	0.79	0.766088
0.95	0.8	0.774476
0.95	0.81	0.7828
0.95	0.82	0.791056
0.95	0.83	0.799243
0.95	0.84	0.80736
0.95	0.85	0.815405
0.95	0.86	0.823375
0.95	0.87	0.831271
0.95	0.88	0.839089
0.95	0.89	0.846828
0.95	0.9	0.854486
0.95	0.91	0.862062
0.95	0.92	0.869554
0.95	0.93	0.87696
0.95	0.94	0.884279
0.95	0.95	0.89151
0.95	0.96	0.898658
0.95	0.97	0.905754
0.95	0.98	0.912951
0.95	0.99	0.921008
0.95	1	0.933641
0.96	0	0
0.96	0.01	0.0102836
0.96	0.02	0.0205669
0.96	0.03	0.0308498
0.96	0.04	0.0411321
0.96	0.05	0.0514134
0.96	0.06	0.0616936
0.96	0.07	0.0719724
0.96	0.08	0.0822496
0.96	0.09	0.0925249
0.96	0.1	0.102798
0.96	0.11	0.113069
0.96	0.12	0.123337
0.96	0.13	0.133603
0.96	0.14	0.143865
0.96	0.15	0.154123
0.96	0.16	0.164378
0.96	0.17	0.174629
0.96	0.18	0.184875
0.96	0.19	0.195117
0.96	0.2	0.205354
0.96	0.21	0.215585
0.96	0.22	0.22581
0.96	0.23	0.236029
0.96	0.24	0.246241
0.96	0.25	0.256446
0.96	0.26	0.266644
0.96	0.27	0.276834
0.96	0.28	0.287015
0.96	0.29	0.297188
0.96	0.3	0.307351
0.96	0.31	0.317504
0.96	0.32	0.327646
0.96	0.33	0.337778
0.96	0.34	0.347898
0.96	0.35	0.358005
0.96	0.36	0.3681
0.96	0.37	0.378181
0.96	0.38	0.388248
0.96	0.39	0.398299
0.96	0.4	0.408336
0.96	0.41	0.418355
0.96	0.42	0.428358
0.96	0.43	0.438343
0.96	0.44	0.448309
0.96	0.45	0.458255
0.96	0.46	0.468181
0.96	0.47	0.478086
0.96	0.48	0.487968
0.96	0.49	0.497827
0.96	0.5	0.507662
0.96	0.51	0.517472
0.96	0.52	0.527256
0.96	0.53	0.537013
0.96	0.54	0.546741
0.96	0.55	0.55644
0.96	0.56	0.566109
0.96	0.57	0.575747
0.96	0.58	0.585351
0.96	0.59	0.594922
0.96	0.6	0.604458
0.96	0.61	0.613958
0.96	0.62	0.62342
0.96	0.63	0.632843
0.96	0.64	0.642226
0.96	0.65	0.651568
0.96	0.66	0.660868
0.96	0.67	0.670123
0.96	0.68	0.679333
0.96	0.69	0.688495
0.96	0.7	0.69761
0.96	0.71	0.706675
0.96	0.72	0.715689
0.96	0.73	0.72465
0.96	0.74	0.733556
0.96	0.75	0.742407
0.96	0.76	0.751201
0.96	0.77	0.759936
0.96	0.78	0.768611
0.96	0.79	0.777224
0.96	0.8	0.785773
0.96	0.81	0.794257
0.96	0.82	0.802674
0.96	0.83	0.811022
0.96	0.84	0.8193
0.96	0.85	0.827507
0.96	0.86	0.835639
0.96	0.87	0.843697
0.96	0.88	0.851677
0.96	0.89	0.859579
0.96	0.9	0.867401
0.96	0.91	0.87514
0.96	0.92	0.882795
0.96	0.93	0.890364
0.96	0.94	0.897845
0.96	0.95	0.905236
0.96	0.96	0.912527
0.96	0.97	0.919686
0.96	0.98	0.926559
0.96	0.99	0.932417
0.96	1	0.933758
0.97	0	0
0.97	0.01	0.0104109
0.97	0.02	0.0208216
0.97	0.03	0.0312318
0.97	0.04	0.0416415
0.97	0.05	0.0520503
0.97	0.06	0.062458
0.97	0.07	0.0728646
0.97	0.08	0.0832696
0.97	0.09	0.0936729
0.97	0.1	0.104074
0.97	0.11	0.114474
0.97	0.12	0.12487
0.97	0.13	0.135264
0.97	0.14	0.145656
0.97	0.15	0.156044
0.97	0.16	0.166428
0.97	0.17	0.176809
0.97	0.18	0.187185
0.97	0.19	0.197557
0.97	0.2	0.207925
0.97	0.21	0.218287
0.97	0.22	0.228643
0.97	0.23	0.238994
0.97	0.24	0.249339
0.97	0.25	0.259677
0.97	0.26	0.270008
0.97	0.27	0.280331
0.97	0.28	0.290647
0.97	0.29	0.300954
0.97	0.3	0.311252
0.97	0.31	0.32154
0.97	0.32	0.331819
0.97	0.33	0.342087
0.97	0.34	0.352344
0.97	0.35	0.362589
0.97	0.36	0.372821
0.97	0.37	0.383041
0.97	0.38	0.393247
0.97	0.39	0.403439
0.97	0.4	0.413615
0.97	0.41	0.423776
0.97	0.42	0.43392
0.97	0.43	0.444047
0.97	0.44	0.454155
0.97	0.45	0.464245
0.97	0.46	0.474315
0.97	0.47	0.484364
0.97	0.48	0.494391
0.97	0.49	0.504396
0.97	0.5	0.514377
0.97	0.51	0.524334
0.97	0.52	0.534265
0.97	0.53	0.54417
0.97	0.54	0.554047
0.97	0.55	0.563895
0.97	0.56	0.573714
0.97	0.57	0.583502
0.97	0.58	0.593257
0.97	0.59	0.60298
0.97	0.6	0.612668
0.97	0.61	0.62232
0.97	0.62	0.631936
0.97	0.63	0.641513
0.97	0.64	0.651051
0.97	0.65	0.660548
0.97	0.66	0.670002
0.97	0.67	0.679413
0.97	0.68	0.68878
0.97	0.69	0.6981
0.97	0.7	0.707372
0.97	0.71	0.716595
0.97	0.72	0.725767
0.97	0.73	0.734887
0.97	0.74	0.743953
0.97	0.75	0.752964
0.97	0.76	0.761918
0.97	0.77	0.770814
0.97	0.78	0.779649
0.97	0.79	0.788423
0.97	0.8	0.797134
0.97	0.81	0.80578
0.97	0.82	0.81436
0.97	0.83	0.822871
0.97	0.84	0.831313
0.97	0.85	0.839682
0.97	0.86	0.847979
0.97	0.87	0.8562
0.97	0.88	0.864345
0.97	0.89	0.872411
0.97	0.9	0.880397
0.97	0.91	0.888301
0.97	0.92	0.896121
0.97	0.93	0.903856
0.97	0.94	0.911502
0.97	0.95	0.919058
0.97	0.96	0.926515
0.97	0.97	0.933839
0.97	0.98	0.940872
0.97	0.99	0.946853
0.97	1	0.948062
0.98	0	0
0.98	0.01	0.0105384
0.98	0.02	0.0210766
0.98	0.03	0.0316144
0.98	0.04	0.0421517
0.98	0.05	0.0526882
0.98	0.06	0.0632238
0.98	0.07	0.0737582
0.98	0.08	0.0842913
0.98	0.09	0.0948229
0.98	0.1	0.105353
0.98	0.11	0.11588
0.98	0.12	0.126406
0.98	0.13	0.136929
0.98	0.14	0.14745
0.98	0.15	0.157967
0.98	0.16	0.168481
0.98	0.17	0.178992
0.98	0.18	0.189499
0.98	0.19	0.200002
0.98	0.2	0.210501
0.98	0.21	0.220994
0.98	0.22	0.231483
0.98	0.23	0.241966
0.98	0.24	0.252444
0.98	0.25	0.262915
0.98	0.26	0.273379
0.98	0.27	0.283837
0.98	0.28	0.294287
0.98	0.29	0.304729
0.98	0.3	0.315162
0.98	0.31	0.325587
0.98	0.32	0.336002
0.98	0.33	0.346407
0.98	0.34	0.356801
0.98	0.35	0.367185
0.98	0.36	0.377556
0.98	0.37	0.387915
0.98	0.38	0.398261
0.98	0.39	0.408593
0.98	0.4	0.41891
0.98	0.41	0.429213
0.98	0.42	0.439499
0.98	0.43	0.449769
0.98	0.44	0.460021
0.98	0.45	0.470254
0.98	0.46	0.480469
0.98	0.47	0.490663
0.98	0.48	0.500837
0.98	0.49	0.510988
0.98	0.5	0.521116
0.98	0.51	0.531221
0.98	0.52	0.541301
0.98	0.53	0.551354
0.98	0.54	0.561381
0.98	0.55	0.57138
0.98	0.56	0.58135
0.98	0.57	0.591289
0.98	0.58	0.601197
0.98	0.59	0.611072
0.98	0.6	0.620914
0.98	0.61	0.63072
0.98	0.62	0.64049
0.98	0.63	0.650222
0.98	0.64	0.659916
0.98	0.65	0.669569
0.98	0.66	0.67918
0.98	0.67	0.688749
0.98	0.68	0.698273
0.98	0.69	0.707751
0.98	0.7	0.717183
0.98	0.71	0.726565
0.98	0.72	0.735897
0.98	0.73	0.745177
0.98	0.74	0.754405
0.98	0.75	0.763577
0.98	0.76	0.772693
0.98	0.77	0.781751
0.98	0.78	0.790749
0.98	0.79	0.799686
0.98	0.8	0.808561
0.98	0.81	0.817371
0.98	0.82	0.826114
0.98	0.83	0.83479
0.98	0.84	0.843396
0.98	0.85	0.851931
0.98	0.86	0.860393
0.98	0.87	0.86878
0.98	0.88	0.877091
0.98	0.89	0.885323
0.98	0.9	0.893476
0.98	0.91	0.901546
0.98	0.92	0.909533
0.98	0.93	0.917435
0.98	0.94	0.925249
0.98	0.95	0.932977
0.98	0.96	0.940622
0.98	0.97	0.948215
0.98	0.98	0.95591
0.98	0.99	0.964458
0.98	1	0.977467
0.99	0	0
0.99	0.01	0.0106661
0.99	0.02	0.021332
0.99	0.03	0.0319976
0.99	0.04	0.0426626
0.99	0.05	0.0533271
0.99	0.06	0.0639906
0.99	0.07	0.0746532
0.99	0.08	0.0853146
0.99	0.09	0.0959745
0.99	0.1	0.106633
0.99	0.11	0.11729
0.99	0.12	0.127944
0.99	0.13	0.138597
0.99	0.14	0.149247
0.99	0.15	0.159894
0.99	0.16	0.170538
0.99	0.17	0.181179
0.99	0.18	0.191817
0.99	0.19	0.202451
0.99	0.2	0.213081
0.99	0.21	0.223707
0.99	0.22	0.234328
0.99	0.23	0.244944
0.99	0.24	0.255554
0.99	0.25	0.266159
0.99	0.26	0.276758
0.99	0.27	0.28735
0.99	0.28	0.297935
0.99	0.29	0.308512
0.99	0.3	0.319082
0.99	0.31	0.329643
0.99	0.32	0.340195
0.99	0.33	0.350738
0.99	0.34	0.36127
0.99	0.35	0.371792
0.99	0.36	0.382303
0.99	0.37	0.392802
0.99	0.38	0.403288
0.99	0.39	0.413762
0.99	0.4	0.424221
0.99	0.41	0.434666
0.99	0.42	0.445095
0.99	0.43	0.455508
0.99	0.44	0.465905
0.99	0.45	0.476283
0.99	0.46	0.486643
0.99	0.47	0.496984
0.99	0.48	0.507304
0.99	0.49	0.517603
0.99	0.5	0.52788
0.99	0.51	0.538133
0.99	0.52	0.548362
0.99	0.53	0.558566
0.99	0.54	0.568744
0.99	0.55	0.578894
0.99	0.56	0.589016
0.99	0.57	0.599108
0.99	0.58	0.609169
0.99	0.59	0.619198
0.99	0.6	0.629194
0.99	0.61	0.639156
0.99	0.62	0.649082
0.99	0.63	0.65897
0.99	0.64	0.668821
0.99	0.65	0.678632
0.99	0.66	0.688401
0.99	0.67	0.698129
0.99	0.68	0.707812
0.99	0.69	0.717451
0.99	0.7	0.727042
0.99	0.71	0.736585
0.99	0.72	0.746079
0.99	0.73	0.755521
0.99	0.74	0.764911
0.99	0.75	0.774246
0.99	0.76	0.783526
0.99	0.77	0.792748
0.99	0.78	0.80191
0.99	0.79	0.811012
0.99	0.8	0.820052
0.99	0.81	0.829027
0.99	0.82	0.837937
0.99	0.83	0.846779
0.99	0.84	0.855551
0.99	0.85	0.864253
0.99	0.86	0.872882
0.99	0.87	0.881437
0.99	0.88	0.889915
0.99	0.89	0.898316
0.99	0.9	0.906636
0.99	0.91	0.914875
0.99	0.92	0.92303
0.99	0.93	0.931101
0.99	0.94	0.939084
0.99	0.95	0.94698
0.99	0.96	0.954794
0.99	0.97	0.962555
0.99	0.98	0.970417
0.99	0.99	0.979139
0.99	1	0.992434
1	0	0
1	0.01	0.0107939
1	0.02	0.0215877
1	0.03	0.0323812
1	0.04	0.0431743
1	0.05	0.0539668
1	0.06	0.0647585
1	0.07	0.0755494
1	0.08	0.0863392
1	0.09	0.0971278
1	0.1	0.107915
1	0.11	0.118701
1	0.12	0.129485
1	0.13	0.140266
1	0.14	0.151046
1	0.15	0.161824
1	0.16	0.172598
1	0.17	0.18337
1	0.18	0.194139
1	0.19	0.204905
1	0.2	0.215666
1	0.21	0.226424
1	0.22	0.237178
1	0.23	0.247927
1	0.24	0.258671
1	0.25	0.269409
1	0.26	0.280142
1	0.27	0.290869
1	0.28	0.30159
1	0.29	0.312303
1	0.3	0.323009
1	0.31	0.333708
1	0.32	0.344397
1	0.33	0.355078
1	0.34	0.36575
1	0.35	0.376411
1	0.36	0.387062
1	0.37	0.397701
1	0.38	0.408329
1	0.39	0.418944
1	0.4	0.429546
1	0.41	0.440134
1	0.42	0.450707
1	0.43	0.461265
1	0.44	0.471806
1	0.45	0.482331
1	0.46	0.492837
1	0.47	0.503325
1	0.48	0.513793
1	0.49	0.52424
1	0.5	0.534666
1	0.51	0.545069
1	0.52	0.555449
1	0.53	0.565804
1	0.54	0.576134
1	0.55	0.586436
1	0.56	0.596711
1	0.57	0.606957
1	0.58	0.617173
1	0.59	0.627357
1	0.6	0.637509
1	0.61	0.647627
1	0.62	0.65771
1	0.63	0.667757
1	0.64	0.677766
1	0.65	0.687736
1	0.66	0.697665
1	0.67	0.707553
1	0.68	0.717397
1	0.69	0.727196
1	0.7	0.73695
1	0.71	0.746656
1	0.72	0.756312
1	0.73	0.765918
1	0.74	0.775472
1	0.75	0.784972
1	0.76	0.794416
1	0.77	0.803804
1	0.78	0.813132
1	0.79	0.822401
1	0.8	0.831607
1	0.81	0.840749
1	0.82	0.849826
1	0.83	0.858836
1	0.84	0.867778
1	0.85	0.876648
1	0.86	0.885446
1	0.87	0.89417
1	0.88	0.902818
1	0.89	0.911388
1	0.9	0.919878
1	0.91	0.928287
1	0.92	0.936613
1	0.93	0.944854
1	0.94	0.953007
1	0.95	0.96107
1	0.96	0.969033
1	0.97	0.976861
1	0.98	0.984392
1	0.99	0.990849
1	1	0.992501
1.01	0	0
1.01	0.01	0.0109219
1.01	0.02	0.0218437
1.01	0.03	0.0327653
1.01	0.04	0.0436865
1.01	0.05	0.0546072
1.01	0.06	0.0655273
1.01	0.07	0.0764466
1.01	0.08	0.0873651
1.01	0.09	0.0982825
1.01	0.1	0.109199
1.01	0.11	0.120114
1.01	0.12	0.131027
1.01	0.13	0.141938
1.01	0.14	0.152848
1.01	0.15	0.163756
1.01	0.16	0.174661
1.01	0.17	0.185564
1.01	0.18	0.196464
1.01	0.19	0.207361
1.01	0.2	0.218255
1.01	0.21	0.229146
1.01	0.22	0.240032
1.01	0.23	0.250915
1.01	0.24	0.261792
1.01	0.25	0.272666
1.01	0.26	0.283533
1.01	0.27	0.294396
1.01	0.28	0.305252
1.01	0.29	0.316102
1.01	0.3	0.326945
1.01	0.31	0.337781
1.01	0.32	0.348609
1.01	0.33	0.359429
1.01	0.34	0.370239
1.01	0.35	0.381041
1.01	0.36	0.391832
1.01	0.37	0.402613
1.01	0.38	0.413382
1.01	0.39	0.42414
1.01	0.4	0.434885
1.01	0.41	0.445617
1.01	0.42	0.456335
1.01	0.43	0.467038
1.01	0.44	0.477725
1.01	0.45	0.488396
1.01	0.46	0.49905
1.01	0.47	0.509686
1.01	0.48	0.520302
1.01	0.49	0.530899
1.01	0.5	0.541475
1.01	0.51	0.552029
1.01	0.52	0.56256
1.01	0.53	0.573068
1.01	0.54	0.58355
1.01	0.55	0.594007
1.01	0.56	0.604436
1.01	0.57	0.614837
1.01	0.58	0.625208
1.01	0.59	0.635549
1.01	0.6	0.645858
1.01	0.61	0.656134
1.01	0.62	0.666375
1.01	0.63	0.676581
1.01	0.64	0.68675
1.01	0.65	0.69688
1.01	0.66	0.70697
1.01	0.67	0.717019
1.01	0.68	0.727026
1.01	0.69	0.736988
1.01	0.7	0.746905
1.01	0.71	0.756775
1.01	0.72	0.766596
1.01	0.73	0.776367
1.01	0.74	0.786087
1.01	0.75	0.795753
1.01	0.76	0.805364
1.01	0.77	0.814918
1.01	0.78	0.824414
1.01	0.79	0.833851
1.01	0.8	0.843226
1.01	0.81	0.852537
1.01	0.82	0.861783
1.01	0.83	0.870963
1.01	0.84	0.880074
1.01	0.85	0.889115
1.01	0.86	0.898084
1.01	0.87	0.906979
1.01	0.88	0.915798
1.01	0.89	0.924539
1.01	0.9	0.933202
1.01	0.91	0.941783
1.01	0.92	0.950281
1.01	0.93	0.958694
1.01	0.94	0.96702
1.01	0.95	0.975255
1.01	0.96	0.983392
1.01	0.97	0.991396
1.01	0.98	0.999111
1.01	0.99	1.00577
1.01	1	1.00767
1.02	0	0
1.02	0.01	0.01105
1.02	0.02	0.0221
1.02	0.03	0.0331498
1.02	0.04	0.0441992
1.02	0.05	0.0552483
1.02	0.06	0.0662968
1.02	0.07	0.0773448
1.02	0.08	0.088392
1.02	0.09	0.0994383
1.02	0.1	0.110484
1.02	0.11	0.121528
1.02	0.12	0.132571
1.02	0.13	0.143612
1.02	0.14	0.154652
1.02	0.15	0.165691
1.02	0.16	0.176727
1.02	0.17	0.187761
1.02	0.18	0.198793
1.02	0.19	0.209822
1.02	0.2	0.220848
1.02	0.21	0.231871
1.02	0.22	0.242891
1.02	0.23	0.253907
1.02	0.24	0.264919
1.02	0.25	0.275927
1.02	0.26	0.28693
1.02	0.27	0.297928
1.02	0.28	0.308921
1.02	0.29	0.319908
1.02	0.3	0.330888
1.02	0.31	0.341862
1.02	0.32	0.352829
1.02	0.33	0.363788
1.02	0.34	0.374738
1.02	0.35	0.38568
1.02	0.36	0.396613
1.02	0.37	0.407535
1.02	0.38	0.418448
1.02	0.39	0.429348
1.02	0.4	0.440237
1.02	0.41	0.451114
1.02	0.42	0.461977
1.02	0.43	0.472826
1.02	0.44	0.48366
1.02	0.45	0.494479
1.02	0.46	0.505281
1.02	0.47	0.516065
1.02	0.48	0.526832
1.02	0.49	0.537579
1.02	0.5	0.548306
1.02	0.51	0.559012
1.02	0.52	0.569696
1.02	0.53	0.580356
1.02	0.54	0.590993
1.02	0.55	0.601604
1.02	0.56	0.612189
1.02	0.57	0.622746
1.02	0.58	0.633274
1.02	0.59	0.643773
1.02	0.6	0.65424
1.02	0.61	0.664675
1.02	0.62	0.675076
1.02	0.63	0.685442
1.02	0.64	0.695772
1.02	0.65	0.706064
1.02	0.66	0.716317
1.02	0.67	0.726529
1.02	0.68	0.736699
1.02	0.69	0.746826
1.02	0.7	0.756908
1.02	0.71	0.766943
1.02	0.72	0.776931
1.02	0.73	0.786868
1.02	0.74	0.796755
1.02	0.75	0.806588
1.02	0.76	0.816368
1.02	0.77	0.826091
1.02	0.78	0.835757
1.02	0.79	0.845363
1.02	0.8	0.854908
1.02	0.81	0.86439
1.02	0.82	0.873807
1.02	0.83	0.883158
1.02	0.84	0.892441
1.02	0.85	0.901654
1.02	0.86	0.910796
1.02	0.87	0.919863
1.02	0.88	0.928855
1.02	0.89	0.93777
1.02	0.9	0.946606
1.02	0.91	0.955361
1.02	0.92	0.964033
1.02	0.93	0.972621
1.02	0.94	0.981122
1.02	0.95	0.989537
1.02	0.96	0.99787
1.02	0.97	1.00615
1.02	0.98	1.01455
1.02	0.99	1.02387
1.02	1	1.03794
1.03	0	0
1.03	0.01	0.0111783
1.03	0.02	0.0223565
1.03	0.03	0.0335345
1.03	0.04	0.0447123
1.03	0.05	0.0558898
1.03	0.06	0.067067
1.03	0.07	0.0782436
1.03	0.08	0.0894197
1.03	0.09	0.100595
1.03	0.1	0.11177
1.03	0.11	0.122944
1.03	0.12	0.134116
1.03	0.13	0.145288
1.03	0.14	0.156458
1.03	0.15	0.167627
1.03	0.16	0.178794
1.03	0.17	0.18996
1.03	0.18	0.201123
1.03	0.19	0.212285
1.03	0.2	0.223444
1.03	0.21	0.2346
1.03	0.22	0.245753
1.03	0.23	0.256903
1.03	0.24	0.26805
1.03	0.25	0.279193
1.03	0.26	0.290332
1.03	0.27	0.301466
1.03	0.28	0.312595
1.03	0.29	0.323719
1.03	0.3	0.334838
1.03	0.31	0.34595
1.03	0.32	0.357056
1.03	0.33	0.368155
1.03	0.34	0.379246
1.03	0.35	0.390329
1.03	0.36	0.401404
1.03	0.37	0.412469
1.03	0.38	0.423524
1.03	0.39	0.434569
1.03	0.4	0.445602
1.03	0.41	0.456624
1.03	0.42	0.467633
1.03	0.43	0.478629
1.03	0.44	0.489611
1.03	0.45	0.500578
1.03	0.46	0.511529
1.03	0.47	0.522463
1.03	0.48	0.53338
1.03	0.49	0.544279
1.03	0.5	0.555158
1.03	0.51	0.566017
1.03	0.52	0.576854
1.03	0.53	0.587669
1.03	0.54	0.598461
1.03	0.55	0.609228
1.03	0.56	0.619969
1.03	0.57	0.630684
1.03	0.58	0.64137
1.03	0.59	0.652028
1.03	0.6	0.662655
1.03	0.61	0.67325
1.03	0.62	0.683812
1.03	0.63	0.69434
1.03	0.64	0.704832
1.03	0.65	0.715287
1.03	0.66	0.725704
1.03	0.67	0.736081
1.03	0.68	0.746416
1.03	0.69	0.756709
1.03	0.7	0.766957
1.03	0.71	0.777159
1.03	0.72	0.787314
1.03	0.73	0.79742
1.03	0.74	0.807476
1.03	0.75	0.817479
1.03	0.76	0.827428
1.03	0.77	0.837322
1.03	0.78	0.847158
1.03	0.79	0.856936
1.03	0.8	0.866653
1.03	0.81	0.876307
1.03	0.82	0.885897
1.03	0.83	0.895422
1.03	0.84	0.904878
1.03	0.85	0.914265
1.03	0.86	0.923581
1.03	0.87	0.932823
1.03	0.88	0.94199
1.03	0.89	0.951081
1.03	0.9	0.960092
1.03	0.91	0.969023
1.03	0.92	0.977871
1.03	0.93	0.986634
1.03	0.94	0.995312
1.03	0.95	1.0039
1.03	0.96	1.01241
1.03	0.97	1.02087
1.03	0.98	1.02942
1.03	0.99	1.03884
1.03	1	1.05283
1.04	0	0
1.04	0.01	0.0113066
1.04	0.02	0.0226131
1.04	0.03	0.0339195
1.04	0.04	0.0452257
1.04	0.05	0.0565318
1.04	0.06	0.0678376
1.04	0.07	0.079143
1.04	0.08	0.0904481
1.04	0.09	0.101753
1.04	0.1	0.113057
1.04	0.11	0.12436
1.04	0.12	0.135663
1.04	0.13	0.146965
1.04	0.14	0.158266
1.04	0.15	0.169565
1.04	0.16	0.180864
1.04	0.17	0.192161
1.04	0.18	0.203456
1.04	0.19	0.21475
1.04	0.2	0.226042
1.04	0.21	0.237332
1.04	0.22	0.248619
1.04	0.23	0.259903
1.04	0.24	0.271185
1.04	0.25	0.282463
1.04	0.26	0.293738
1.04	0.27	0.305008
1.04	0.28	0.316275
1.04	0.29	0.327537
1.04	0.3	0.338794
1.04	0.31	0.350045
1.04	0.32	0.361291
1.04	0.33	0.37253
1.04	0.34	0.383762
1.04	0.35	0.394987
1.04	0.36	0.406203
1.04	0.37	0.417412
1.04	0.38	0.428611
1.04	0.39	0.4398
1.04	0.4	0.450979
1.04	0.41	0.462147
1.04	0.42	0.473303
1.04	0.43	0.484447
1.04	0.44	0.495577
1.04	0.45	0.506693
1.04	0.46	0.517794
1.04	0.47	0.528879
1.04	0.48	0.539947
1.04	0.49	0.550998
1.04	0.5	0.56203
1.04	0.51	0.573043
1.04	0.52	0.584035
1.04	0.53	0.595006
1.04	0.54	0.605953
1.04	0.55	0.616877
1.04	0.56	0.627777
1.04	0.57	0.63865
1.04	0.58	0.649496
1.04	0.59	0.660313
1.04	0.6	0.671101
1.04	0.61	0.681858
1.04	0.62	0.692582
1.04	0.63	0.703273
1.04	0.64	0.713929
1.04	0.65	0.724549
1.04	0.66	0.735131
1.04	0.67	0.745674
1.04	0.68	0.756176
1.04	0.69	0.766636
1.04	0.7	0.777052
1.04	0.71	0.787423
1.04	0.72	0.797747
1.04	0.73	0.808023
1.04	0.74	0.818249
1.04	0.75	0.828423
1.04	0.76	0.838544
1.04	0.77	0.848609
1.04	0.78	0.858619
1.04	0.79	0.868569
1.04	0.8	0.87846
1.04	0.81	0.888289
1.04	0.82	0.898053
1.04	0.83	0.907753
1.04	0.84	0.917385
1.04	0.85	0.926948
1.04	0.86	0.936439
1.04	0.87	0.945858
1.04	0.88	0.955202
1.04	0.89	0.96447
1.04	0.9	0.973658
1.04	0.91	0.982767
1.04	0.92	0.991793
1.04	0.93	1.00073
1.04	0.94	1.00959
1.04	0.95	1.01835
1.04	0.96	1.02702
1.04	0.97	1.03555
1.04	0.98	1.04376
1.04	0.99	1.05084
1.04	1	1.05281
1.05	0	0
1.05	0.01	0.0114349
1.05	0.02	0.0228698
1.05	0.03	0.0343046
1.05	0.04	0.0457393
1.05	0.05	0.057174
1.05	0.06	0.0686085
1.05	0.07	0.0800429
1.05	0.08	0.091477
1.05	0.09	0.102911
1.05	0.1	0.114344
1.05	0.11	0.125778
1.05	0.12	0.13721
1.05	0.13	0.148642
1.05	0.14	0.160074
1.05	0.15	0.171505
1.05	0.16	0.182935
1.05	0.17	0.194363
1.05	0.18	0.205791
1.05	0.19	0.217218
1.05	0.2	0.228642
1.05	0.21	0.240066
1.05	0.22	0.251487
1.05	0.23	0.262906
1.05	0.24	0.274323
1.05	0.25	0.285737
1.05	0.26	0.297148
1.05	0.27	0.308555
1.05	0.28	0.319959
1.05	0.29	0.331359
1.05	0.3	0.342755
1.05	0.31	0.354146
1.05	0.32	0.365531
1.05	0.33	0.376911
1.05	0.34	0.388285
1.05	0.35	0.399652
1.05	0.36	0.411012
1.05	0.37	0.422364
1.05	0.38	0.433708
1.05	0.39	0.445042
1.05	0.4	0.456367
1.05	0.41	0.467682
1.05	0.42	0.478985
1.05	0.43	0.490277
1.05	0.44	0.501556
1.05	0.45	0.512822
1.05	0.46	0.524074
1.05	0.47	0.535311
1.05	0.48	0.546532
1.05	0.49	0.557736
1.05	0.5	0.568922
1.05	0.51	0.58009
1.05	0.52	0.591237
1.05	0.53	0.602364
1.05	0.54	0.61347
1.05	0.55	0.624552
1.05	0.56	0.63561
1.05	0.57	0.646643
1.05	0.58	0.657649
1.05	0.59	0.668628
1.05	0.6	0.679578
1.05	0.61	0.690498
1.05	0.62	0.701386
1.05	0.63	0.712242
1.05	0.64	0.723063
1.05	0.65	0.733848
1.05	0.66	0.744597
1.05	0.67	0.755307
1.05	0.68	0.765977
1.05	0.69	0.776606
1.05	0.7	0.787192
1.05	0.71	0.797733
1.05	0.72	0.808228
1.05	0.73	0.818675
1.05	0.74	0.829073
1.05	0.75	0.83942
1.05	0.76	0.849714
1.05	0.77	0.859954
1.05	0.78	0.870138
1.05	0.79	0.880263
1.05	0.8	0.890329
1.05	0.81	0.900334
1.05	0.82	0.910275
1.05	0.83	0.920151
1.05	0.84	0.92996
1.05	0.85	0.939701
1.05	0.86	0.949371
1.05	0.87	0.958968
1.05	0.88	0.968491
1.05	0.89	0.977937
1.05	0.9	0.987305
1.05	0.91	0.996593
1.05	0.92	1.0058
1.05	0.93	1.01492
1.05	0.94	1.02396
1.05	0.95	1.0329
1.05	0.96	1.04175
1.05	0.97	1.05046
1.05	0.98	1.05889
1.05	0.99	1.06627
1.05	1	1.06888
1.06	0	0
1.06	0.01	0.0115633
1.06	0.02	0.0231265
1.06	0.03	0.0346898
1.06	0.04	0.0462531
1.06	0.05	0.0578163
1.06	0.06	0.0693796
1.06	0.07	0.0809429
1.06	0.08	0.0925061
1.06	0.09	0.104069
1.06	0.1	0.115632
1.06	0.11	0.127195
1.06	0.12	0.138758
1.06	0.13	0.150321
1.06	0.14	0.161883
1.06	0.15	0.173445
1.06	0.16	0.185006
1.06	0.17	0.196567
1.06	0.18	0.208127
1.06	0.19	0.219686
1.06	0.2	0.231245
1.06	0.21	0.242802
1.06	0.22	0.254357
1.06	0.23	0.265911
1.06	0.24	0.277463
1.06	0.25	0.289013
1.06	0.26	0.300561
1.06	0.27	0.312106
1.06	0.28	0.323648
1.06	0.29	0.335186
1.06	0.3	0.346721
1.06	0.31	0.358252
1.06	0.32	0.369778
1.06	0.33	0.381299
1.06	0.34	0.392815
1.06	0.35	0.404325
1.06	0.36	0.415828
1.06	0.37	0.427325
1.06	0.38	0.438813
1.06	0.39	0.450294
1.06	0.4	0.461765
1.06	0.41	0.473227
1.06	0.42	0.484679
1.06	0.43	0.49612
1.06	0.44	0.50755
1.06	0.45	0.518966
1.06	0.46	0.53037
1.06	0.47	0.541759
1.06	0.48	0.553133
1.06	0.49	0.564491
1.06	0.5	0.575833
1.06	0.51	0.587156
1.06	0.52	0.598461
1.06	0.53	0.609745
1.06	0.54	0.621009
1.06	0.55	0.63225
1.06	0.56	0.643469
1.06	0.57	0.654662
1.06	0.58	0.665831
1.06	0.59	0.676972
1.06	0.6	0.688085
1.06	0.61	0.699169
1.06	0.62	0.710223
1.06	0.63	0.721244
1.06	0.64	0.732232
1.06	0.65	0.743185
1.06	0.66	0.754102
1.06	0.67	0.764981
1.06	0.68	0.775821
1.06	0.69	0.78662
1.06	0.7	0.797376
1.06	0.71	0.808089
1.06	0.72	0.818757
1.06	0.73	0.829377
1.06	0.74	0.839949
1.06	0.75	0.85047
1.06	0.76	0.860939
1.06	0.77	0.871355
1.06	0.78	0.881714
1.06	0.79	0.892017
1.06	0.8	0.90226
1.06	0.81	0.912442
1.06	0.82	0.922562
1.06	0.83	0.932617
1.06	0.84	0.942605
1.06	0.85	0.952525
1.06	0.86	0.962375
1.06	0.87	0.972152
1.06	0.88	0.981856
1.06	0.89	0.991483
1.06	0.9	1.00103
1.06	0.91	1.0105
1.06	0.92	1.01989
1.06	0.93	1.02919
1.06	0.94	1.03841
1.06	0.95	1.04754
1.06	0.96	1.0566
1.06	0.97	1.0656
1.06	0.98	1.07474
1.06	0.99	1.08485
1.06	1	1.10004
1.07	0	0
1.07	0.01	0.0116916
1.07	0.02	0.0233833
1.07	0.03	0.035075
1.07	0.04	0.0467668
1.07	0.05	0.0584587
1.07	0.06	0.0701507
1.07	0.07	0.081843
1.07	0.08	0.0935353
1.07	0.09	0.105228
1.07	0.1	0.116921
1.07	0.11	0.128613
1.07	0.12	0.140306
1.07	0.13	0.152
1.07	0.14	0.163693
1.07	0.15	0.175386
1.07	0.16	0.187079
1.07	0.17	0.198772
1.07	0.18	0.210464
1.07	0.19	0.222156
1.07	0.2	0.233848
1.07	0.21	0.245539
1.07	0.22	0.257229
1.07	0.23	0.268918
1.07	0.24	0.280606
1.07	0.25	0.292292
1.07	0.26	0.303977
1.07	0.27	0.315659
1.07	0.28	0.327339
1.07	0.29	0.339017
1.07	0.3	0.350691
1.07	0.31	0.362362
1.07	0.32	0.37403
1.07	0.33	0.385693
1.07	0.34	0.397351
1.07	0.35	0.409004
1.07	0.36	0.420651
1.07	0.37	0.432293
1.07	0.38	0.443927
1.07	0.39	0.455554
1.07	0.4	0.467173
1.07	0.41	0.478783
1.07	0.42	0.490384
1.07	0.43	0.501975
1.07	0.44	0.513555
1.07	0.45	0.525124
1.07	0.46	0.536679
1.07	0.47	0.548222
1.07	0.48	0.55975
1.07	0.49	0.571264
1.07	0.5	0.582761
1.07	0.51	0.594241
1.07	0.52	0.605704
1.07	0.53	0.617147
1.07	0.54	0.62857
1.07	0.55	0.639972
1.07	0.56	0.651352
1.07	0.57	0.662708
1.07	0.58	0.674039
1.07	0.59	0.685344
1.07	0.6	0.696622
1.07	0.61	0.707872
1.07	0.62	0.719091
1.07	0.63	0.73028
1.07	0.64	0.741436
1.07	0.65	0.752558
1.07	0.66	0.763644
1.07	0.67	0.774693
1.07	0.68	0.785704
1.07	0.69	0.796675
1.07	0.7	0.807605
1.07	0.71	0.818491
1.07	0.72	0.829333
1.07	0.73	0.840128
1.07	0.74	0.850875
1.07	0.75	0.861572
1.07	0.76	0.872218
1.07	0.77	0.882811
1.07	0.78	0.893349
1.07	0.79	0.903829
1.07	0.8	0.914252
1.07	0.81	0.924614
1.07	0.82	0.934913
1.07	0.83	0.945148
1.07	0.84	0.955318
1.07	0.85	0.965419
1.07	0.86	0.975451
1.07	0.87	0.985411
1.07	0.88	0.995297
1.07	0.89	1.00511
1.07	0.9	1.01484
1.07	0.91	1.02449
1.07	0.92	1.03406
1.07	0.93	1.04355
1.07	0.94	1.05295
1.07	0.95	1.06227
1.07	0.96	1.0715
1.07	0.97	1.08069
1.07	0.98	1.08997
1.07	0.99	1.10011
1.07	1	1.11482
1.08	0	0
1.08	0.01	0.0118199
1.08	0.02	0.0236399
1.08	0.03	0.0354601
1.08	0.04	0.0472804
1.08	0.05	0.0591009
1.08	0.06	0.0709217
1.08	0.07	0.0827428
1.08	0.08	0.0945644
1.08	0.09	0.106386
1.08	0.1	0.118209
1.08	0.11	0.130031
1.08	0.12	0.141855
1.08	0.13	0.153678
1.08	0.14	0.165502
1.08	0.15	0.177327
1.08	0.16	0.189151
1.08	0.17	0.200976
1.08	0.18	0.212802
1.08	0.19	0.224627
1.08	0.2	0.236452
1.08	0.21	0.248277
1.08	0.22	0.260102
1.08	0.23	0.271927
1.08	0.24	0.28375
1.08	0.25	0.295573
1.08	0.26	0.307395
1.08	0.27	0.319215
1.08	0.28	0.331034
1.08	0.29	0.34285
1.08	0.3	0.354665
1.08	0.31	0.366477
1.08	0.32	0.378285
1.08	0.33	0.390091
1.08	0.34	0.401892
1.08	0.35	0.413689
1.08	0.36	0.425481
1.08	0.37	0.437268
1.08	0.38	0.449048
1.08	0.39	0.460823
1.08	0.4	0.47259
1.08	0.41	0.484349
1.08	0.42	0.496099
1.08	0.43	0.507841
1.08	0.44	0.519572
1.08	0.45	0.531293
1.08	0.46	0.543002
1.08	0.47	0.554699
1.08	0.48	0.566383
1.08	0.49	0.578052
1.08	0.5	0.589707
1.08	0.51	0.601345
1.08	0.52	0.612966
1.08	0.53	0.624569
1.08	0.54	0.636153
1.08	0.55	0.647716
1.08	0.56	0.659258
1.08	0.57	0.670777
1.08	0.58	0.682273
1.08	0.59	0.693743
1.08	0.6	0.705187
1.08	0.61	0.716604
1.08	0.62	0.727991
1.08	0.63	0.739348
1.08	0.64	0.750674
1.08	0.65	0.761966
1.08	0.66	0.773223
1.08	0.67	0.784445
1.08	0.68	0.795628
1.08	0.69	0.806773
1.08	0.7	0.817877
1.08	0.71	0.828938
1.08	0.72	0.839955
1.08	0.73	0.850927
1.08	0.74	0.861851
1.08	0.75	0.872726
1.08	0.76	0.88355
1.08	0.77	0.894322
1.08	0.78	0.90504
1.08	0.79	0.915701
1.08	0.8	0.926304
1.08	0.81	0.936847
1.08	0.82	0.947329
1.08	0.83	0.957746
1.08	0.84	0.968099
1.08	0.85	0.978383
1.08	0.86	0.988599
1.08	0.87	0.998743
1.08	0.88	1.00881
1.08	0.89	1.01881
1.08	0.9	1.02873
1.08	0.91	1.03856
1.08	0.92	1.04832
1.08	0.93	1.058
1.08	0.94	1.06758
1.08	0.95	1.07708
1.08	0.96	1.08648
1.08	0.97	1.09574
1.08	0.98	1.10467
1.08	0.99	1.1124
1.08	1	1.11469
1.09	0	0
1.09	0.01	0.0119482
1.09	0.02	0.0238965
1.09	0.03	0.035845
1.09	0.04	0.0477937
1.09	0.05	0.0597428
1.09	0.06	0.0716923
1.09	0.07	0.0836424
1.09	0.08	0.095593
1.09	0.09	0.107544
1.09	0.1	0.119496
1.09	0.11	0.131449
1.09	0.12	0.143402
1.09	0.13	0.155356
1.09	0.14	0.167311
1.09	0.15	0.179267
1.09	0.16	0.191224
1.09	0.17	0.203181
1.09	0.18	0.215139
1.09	0.19	0.227097
1.09	0.2	0.239056
1.09	0.21	0.251016
1.09	0.22	0.262976
1.09	0.23	0.274935
1.09	0.24	0.286895
1.09	0.25	0.298855
1.09	0.26	0.310814
1.09	0.27	0.322773
1.09	0.28	0.33473
1.09	0.29	0.346686
1.09	0.3	0.358641
1.09	0.31	0.370594
1.09	0.32	0.382545
1.09	0.33	0.394493
1.09	0.34	0.406437
1.09	0.35	0.418379
1.09	0.36	0.430316
1.09	0.37	0.442249
1.09	0.38	0.454176
1.09	0.39	0.466098
1.09	0.4	0.478014
1.09	0.41	0.489923
1.09	0.42	0.501824
1.09	0.43	0.513717
1.09	0.44	0.5256
1.09	0.45	0.537474
1.09	0.46	0.549338
1.09	0.47	0.56119
1.09	0.48	0.573029
1.09	0.49	0.584856
1.09	0.5	0.596668
1.09	0.51	0.608465
1.09	0.52	0.620246
1.09	0.53	0.63201
1.09	0.54	0.643755
1.09	0.55	0.655482
1.09	0.56	0.667187
1.09	0.57	0.678871
1.09	0.58	0.690532
1.09	0.59	0.702169
1.09	0.6	0.71378
1.09	0.61	0.725365
1.09	0.62	0.736921
1.09	0.63	0.748449
1.09	0.64	0.759945
1.09	0.65	0.771409
1.09	0.66	0.782839
1.09	0.67	0.794233
1.09	0.68	0.805591
1.09	0.69	0.816911
1.09	0.7	0.828191
1.09	0.71	0.839429
1.09	0.72	0.850623
1.09	0.73	0.861773
1.09	0.74	0.872876
1.09	0.75	0.883931
1.09	0.76	0.894935
1.09	0.77	0.905888
1.09	0.78	0.916787
1.09	0.79	0.92763
1.09	0.8	0.938416
1.09	0.81	0.949142
1.09	0.82	0.959808
1.09	0.83	0.97041
1.09	0.84	0.980947
1.09	0.85	0.991417
1.09	0.86	1.00182
1.09	0.87	1.01215
1.09	0.88	1.02241
1.09	0.89	1.03259
1.09	0.9	1.04269
1.09	0.91	1.05272
1.09	0.92	1.06266
1.09	0.93	1.07252
1.09	0.94	1.0823
1.09	0.95	1.09199
1.09	0.96	1.10158
1.09	0.97	1.11103
1.09	0.98	1.1202
1.09	0.99	1.12833
1.09	1	1.13169
1.1	0	0
1.1	0.01	0.0120764
1.1	0.02	0.0241529
1.1	0.03	0.0362296
1.1	0.04	0.0483067
1.1	0.05	0.0603843
1.1	0.06	0.0724625
1.1	0.07	0.0845413
1.1	0.08	0.096621
1.1	0.09	0.108701
1.1	0.1	0.120783
1.1	0.11	0.132865
1.1	0.12	0.144949
1.1	0.13	0.157034
1.1	0.14	0.16912
1.1	0.15	0.181207
1.1	0.16	0.193295
1.1	0.17	0.205385
1.1	0.18	0.217476
1.1	0.19	0.229567
1.1	0.2	0.24166
1.1	0.21	0.253754
1.1	0.22	0.265849
1.1	0.23	0.277945
1.1	0.24	0.290041
1.1	0.25	0.302137
1.1	0.26	0.314234
1.1	0.27	0.326331
1.1	0.28	0.338428
1.1	0.29	0.350524
1.1	0.3	0.362619
1.1	0.31	0.374714
1.1	0.32	0.386806
1.1	0.33	0.398898
1.1	0.34	0.410986
1.1	0.35	0.423072
1.1	0.36	0.435155
1.1	0.37	0.447235
1.1	0.38	0.45931
1.1	0.39	0.47138
1.1	0.4	0.483445
1.1	0.41	0.495504
1.1	0.42	0.507556
1.1	0.43	0.519601
1.1	0.44	0.531638
1.1	0.45	0.543666
1.1	0.46	0.555685
1.1	0.47	0.567693
1.1	0.48	0.579689
1.1	0.49	0.591674
1.1	0.5	0.603645
1.1	0.51	0.615602
1.1	0.52	0.627544
1.1	0.53	0.639469
1.1	0.54	0.651378
1.1	0.55	0.663268
1.1	0.56	0.675138
1.1	0.57	0.686988
1.1	0.58	0.698815
1.1	0.59	0.71062
1.1	0.6	0.7224
1.1	0.61	0.734154
1.1	0.62	0.745881
1.1	0.63	0.75758
1.1	0.64	0.769248
1.1	0.65	0.780885
1.1	0.66	0.792489
1.1	0.67	0.804059
1.1	0.68	0.815593
1.1	0.69	0.827089
1.1	0.7	0.838546
1.1	0.71	0.849962
1.1	0.72	0.861336
1.1	0.73	0.872666
1.1	0.74	0.883949
1.1	0.75	0.895185
1.1	0.76	0.906372
1.1	0.77	0.917507
1.1	0.78	0.928589
1.1	0.79	0.939617
1.1	0.8	0.950587
1.1	0.81	0.961499
1.1	0.82	0.97235
1.1	0.83	0.983138
1.1	0.84	0.993862
1.1	0.85	1.00452
1.1	0.86	1.01511
1.1	0.87	1.02563
1.1	0.88	1.03607
1.1	0.89	1.04644
1.1	0.9	1.05674
1.1	0.91	1.06695
1.1	0.92	1.07709
1.1	0.93	1.08714
1.1	0.94	1.09711
1.1	0.95	1.10699
1.1	0.96	1.11679
1.1	0.97	1.12655
1.1	0.98	1.13646
1.1	0.99	1.14741
1.1	1	1.16378
1.11	0	0
1.11	0.01	0.0122044
1.11	0.02	0.024409
1.11	0.03	0.0366139
1.11	0.04	0.0488193
1.11	0.05	0.0610252
1.11	0.06	0.0732319
1.11	0.07	0.0854395
1.11	0.08	0.0976481
1.11	0.09	0.109858
1.11	0.1	0.122069
1.11	0.11	0.134281
1.11	0.12	0.146495
1.11	0.13	0.15871
1.11	0.14	0.170927
1.11	0.15	0.183145
1.11	0.16	0.195366
1.11	0.17	0.207587
1.11	0.18	0.219811
1.11	0.19	0.232036
1.11	0.2	0.244263
1.11	0.21	0.256492
1.11	0.22	0.268722
1.11	0.23	0.280953
1.11	0.24	0.293186
1.11	0.25	0.305419
1.11	0.26	0.317654
1.11	0.27	0.32989
1.11	0.28	0.342126
1.11	0.29	0.354362
1.11	0.3	0.366599
1.11	0.31	0.378835
1.11	0.32	0.39107
1.11	0.33	0.403305
1.11	0.34	0.415538
1.11	0.35	0.427769
1.11	0.36	0.439998
1.11	0.37	0.452225
1.11	0.38	0.464448
1.11	0.39	0.476667
1.11	0.4	0.488882
1.11	0.41	0.501092
1.11	0.42	0.513296
1.11	0.43	0.525494
1.11	0.44	0.537685
1.11	0.45	0.549868
1.11	0.46	0.562042
1.11	0.47	0.574207
1.11	0.48	0.586361
1.11	0.49	0.598505
1.11	0.5	0.610636
1.11	0.51	0.622754
1.11	0.52	0.634857
1.11	0.53	0.646946
1.11	0.54	0.659018
1.11	0.55	0.671073
1.11	0.56	0.683109
1.11	0.57	0.695126
1.11	0.58	0.707122
1.11	0.59	0.719095
1.11	0.6	0.731045
1.11	0.61	0.74297
1.11	0.62	0.754869
1.11	0.63	0.766741
1.11	0.64	0.778583
1.11	0.65	0.790395
1.11	0.66	0.802175
1.11	0.67	0.813921
1.11	0.68	0.825632
1.11	0.69	0.837306
1.11	0.7	0.848943
1.11	0.71	0.860539
1.11	0.72	0.872093
1.11	0.73	0.883604
1.11	0.74	0.89507
1.11	0.75	0.906489
1.11	0.76	0.91786
1.11	0.77	0.92918
1.11	0.78	0.940447
1.11	0.79	0.95166
1.11	0.8	0.962817
1.11	0.81	0.973916
1.11	0.82	0.984955
1.11	0.83	0.995931
1.11	0.84	1.00684
1.11	0.85	1.01769
1.11	0.86	1.02847
1.11	0.87	1.03918
1.11	0.88	1.04981
1.11	0.89	1.06038
1.11	0.9	1.07086
1.11	0.91	1.08127
1.11	0.92	1.0916
1.11	0.93	1.10184
1.11	0.94	1.112
1.11	0.95	1.12207
1.11	0.96	1.13207
1.11	0.97	1.14201
1.11	0.98	1.15205
1.11	0.99	1.16295
1.11	1	1.17841
1.12	0	0
1.12	0.01	0.0123323
1.12	0.02	0.0246649
1.12	0.03	0.0369977
1.12	0.04	0.0493312
1.12	0.05	0.0616654
1.12	0.06	0.0740005
1.12	0.07	0.0863366
1.12	0.08	0.098674
1.12	0.09	0.111013
1.12	0.1	0.123353
1.12	0.11	0.135695
1.12	0.12	0.148039
1.12	0.13	0.160385
1.12	0.14	0.172733
1.12	0.15	0.185082
1.12	0.16	0.197434
1.12	0.17	0.209788
1.12	0.18	0.222145
1.12	0.19	0.234504
1.12	0.2	0.246864
1.12	0.21	0.259227
1.12	0.22	0.271593
1.12	0.23	0.28396
1.12	0.24	0.296329
1.12	0.25	0.3087
1.12	0.26	0.321073
1.12	0.27	0.333448
1.12	0.28	0.345823
1.12	0.29	0.3582
1.12	0.3	0.370578
1.12	0.31	0.382956
1.12	0.32	0.395335
1.12	0.33	0.407713
1.12	0.34	0.420091
1.12	0.35	0.432468
1.12	0.36	0.444844
1.12	0.37	0.457218
1.12	0.38	0.46959
1.12	0.39	0.481959
1.12	0.4	0.494324
1.12	0.41	0.506686
1.12	0.42	0.519043
1.12	0.43	0.531394
1.12	0.44	0.543739
1.12	0.45	0.556078
1.12	0.46	0.568409
1.12	0.47	0.580731
1.12	0.48	0.593045
1.12	0.49	0.605348
1.12	0.5	0.61764
1.12	0.51	0.629919
1.12	0.52	0.642186
1.12	0.53	0.654439
1.12	0.54	0.666676
1.12	0.55	0.678897
1.12	0.56	0.691101
1.12	0.57	0.703286
1.12	0.58	0.715451
1.12	0.59	0.727594
1.12	0.6	0.739716
1.12	0.61	0.751813
1.12	0.62	0.763885
1.12	0.63	0.775931
1.12	0.64	0.787948
1.12	0.65	0.799936
1.12	0.66	0.811893
1.12	0.67	0.823818
1.12	0.68	0.835708
1.12	0.69	0.847562
1.12	0.7	0.859379
1.12	0.71	0.871157
1.12	0.72	0.882894
1.12	0.73	0.894588
1.12	0.74	0.906238
1.12	0.75	0.917842
1.12	0.76	0.929398
1.12	0.77	0.940904
1.12	0.78	0.952359
1.12	0.79	0.96376
1.12	0.8	0.975105
1.12	0.81	0.986393
1.12	0.82	0.997622
1.12	0.83	1.00879
1.12	0.84	1.01989
1.12	0.85	1.03093
1.12	0.86	1.0419
1.12	0.87	1.0528
1.12	0.88	1.06363
1.12	0.89	1.07439
1.12	0.9	1.08506
1.12	0.91	1.09567
1.12	0.92	1.10619
1.12	0.93	1.11662
1.12	0.94	1.12698
1.12	0.95	1.13724
1.12	0.96	1.14741
1.12	0.97	1.15743
1.12	0.98	1.16711
1.12	0.99	1.17552
1.12	1	1.17814
1.13	0	0
1.13	0.01	0.01246
1.13	0.02	0.0249203
1.13	0.03	0.037381
1.13	0.04	0.0498424
1.13	0.05	0.0623046
1.13	0.06	0.0747679
1.13	0.07	0.0872325
1.13	0.08	0.0996986
1.13	0.09	0.112166
1.13	0.1	0.124636
1.13	0.11	0.137108
1.13	0.12	0.149581
1.13	0.13	0.162057
1.13	0.14	0.174536
1.13	0.15	0.187017
1.13	0.16	0.199501
1.13	0.17	0.211987
1.13	0.18	0.224476
1.13	0.19	0.236969
1.13	0.2	0.249463
1.13	0.21	0.261961
1.13	0.22	0.274462
1.13	0.23	0.286965
1.13	0.24	0.299471
1.13	0.25	0.31198
1.13	0.26	0.324491
1.13	0.27	0.337004
1.13	0.28	0.34952
1.13	0.29	0.362038
1.13	0.3	0.374557
1.13	0.31	0.387078
1.13	0.32	0.3996
1.13	0.33	0.412122
1.13	0.34	0.424646
1.13	0.35	0.437169
1.13	0.36	0.449692
1.13	0.37	0.462214
1.13	0.38	0.474735
1.13	0.39	0.487254
1.13	0.4	0.499771
1.13	0.41	0.512284
1.13	0.42	0.524794
1.13	0.43	0.5373
1.13	0.44	0.549801
1.13	0.45	0.562296
1.13	0.46	0.574784
1.13	0.47	0.587265
1.13	0.48	0.599738
1.13	0.49	0.612202
1.13	0.5	0.624656
1.13	0.51	0.637098
1.13	0.52	0.649529
1.13	0.53	0.661947
1.13	0.54	0.67435
1.13	0.55	0.686739
1.13	0.56	0.699111
1.13	0.57	0.711465
1.13	0.58	0.7238
1.13	0.59	0.736116
1.13	0.6	0.74841
1.13	0.61	0.760681
1.13	0.62	0.772928
1.13	0.63	0.785149
1.13	0.64	0.797343
1.13	0.65	0.809509
1.13	0.66	0.821644
1.13	0.67	0.833748
1.13	0.68	0.845819
1.13	0.69	0.857855
1.13	0.7	0.869855
1.13	0.71	0.881816
1.13	0.72	0.893737
1.13	0.73	0.905616
1.13	0.74	0.917452
1.13	0.75	0.929243
1.13	0.76	0.940987
1.13	0.77	0.952681
1.13	0.78	0.964324
1.13	0.79	0.975915
1.13	0.8	0.987451
1.13	0.81	0.99893
1.13	0.82	1.01035
1.13	0.83	1.02171
1.13	0.84	1.03301
1.13	0.85	1.04424
1.13	0.86	1.0554
1.13	0.87	1.0665
1.13	0.88	1.07752
1.13	0.89	1.08847
1.13	0.9	1.09934
1.13	0.91	1.11014
1.13	0.92	1.12086
1.13	0.93	1.13149
1.13	0.94	1.14204
1.13	0.95	1.15251
1.13	0.96	1.16287
1.13	0.97	1.1731
1.13	0.98	1.18305
1.13	0.99	1.19195
1.13	1	1.1961
1.14	0	0
1.14	0.01	0.0125875
1.14	0.02	0.0251753
1.14	0.03	0.0377636
1.14	0.04	0.0503527
1.14	0.05	0.0629428
1.14	0.06	0.0755341
1.14	0.07	0.088127
1.14	0.08	0.100722
1.14	0.09	0.113318
1.14	0.1	0.125917
1.14	0.11	0.138518
1.14	0.12	0.151121
1.14	0.13	0.163728
1.14	0.14	0.176337
1.14	0.15	0.188949
1.14	0.16	0.201565
1.14	0.17	0.214183
1.14	0.18	0.226805
1.14	0.19	0.239431
1.14	0.2	0.25206
1.14	0.21	0.264692
1.14	0.22	0.277328
1.14	0.23	0.289968
1.14	0.24	0.30261
1.14	0.25	0.315257
1.14	0.26	0.327906
1.14	0.27	0.340559
1.14	0.28	0.353215
1.14	0.29	0.365873
1.14	0.3	0.378534
1.14	0.31	0.391198
1.14	0.32	0.403864
1.14	0.33	0.416531
1.14	0.34	0.4292
1.14	0.35	0.44187
1.14	0.36	0.45454
1.14	0.37	0.467211
1.14	0.38	0.479882
1.14	0.39	0.492551
1.14	0.4	0.50522
1.14	0.41	0.517886
1.14	0.42	0.53055
1.14	0.43	0.543211
1.14	0.44	0.555868
1.14	0.45	0.56852
1.14	0.46	0.581167
1.14	0.47	0.593807
1.14	0.48	0.606441
1.14	0.49	0.619066
1.14	0.5	0.631683
1.14	0.51	0.644289
1.14	0.52	0.656885
1.14	0.53	0.669469
1.14	0.54	0.68204
1.14	0.55	0.694597
1.14	0.56	0.707138
1.14	0.57	0.719663
1.14	0.58	0.73217
1.14	0.59	0.744659
1.14	0.6	0.757126
1.14	0.61	0.769573
1.14	0.62	0.781996
1.14	0.63	0.794394
1.14	0.64	0.806766
1.14	0.65	0.819111
1.14	0.66	0.831427
1.14	0.67	0.843713
1.14	0.68	0.855966
1.14	0.69	0.868185
1.14	0.7	0.880368
1.14	0.71	0.892514
1.14	0.72	0.904622
1.14	0.73	0.916688
1.14	0.74	0.928712
1.14	0.75	0.940691
1.14	0.76	0.952624
1.14	0.77	0.964508
1.14	0.78	0.976343
1.14	0.79	0.988125
1.14	0.8	0.999853
1.14	0.81	1.01153
1.14	0.82	1.02314
1.14	0.83	1.03469
1.14	0.84	1.04618
1.14	0.85	1.05761
1.14	0.86	1.06897
1.14	0.87	1.08026
1.14	0.88	1.09148
1.14	0.89	1.10263
1.14	0.9	1.1137
1.14	0.91	1.1247
1.14	0.92	1.13561
1.14	0.93	1.14645
1.14	0.94	1.1572
1.14	0.95	1.16786
1.14	0.96	1.17845
1.14	0.97	1.189
1.14	0.98	1.19971
1.14	0.99	1.21155
1.14	1	1.22916
1.15	0	0
1.15	0.01	0.0127148
1.15	0.02	0.0254298
1.15	0.03	0.0381455
1.15	0.04	0.050862
1.15	0.05	0.0635797
1.15	0.06	0.0762988
1.15	0.07	0.0890197
1.15	0.08	0.101742
1.15	0.09	0.114468
1.15	0.1	0.127195
1.15	0.11	0.139925
1.15	0.12	0.152659
1.15	0.13	0.165395
1.15	0.14	0.178135
1.15	0.15	0.190878
1.15	0.16	0.203625
1.15	0.17	0.216376
1.15	0.18	0.229131
1.15	0.19	0.241889
1.15	0.2	0.254652
1.15	0.21	0.267419
1.15	0.22	0.280191
1.15	0.23	0.292966
1.15	0.24	0.305746
1.15	0.25	0.31853
1.15	0.26	0.331318
1.15	0.27	0.344111
1.15	0.28	0.356907
1.15	0.29	0.369706
1.15	0.3	0.38251
1.15	0.31	0.395316
1.15	0.32	0.408126
1.15	0.33	0.420938
1.15	0.34	0.433753
1.15	0.35	0.44657
1.15	0.36	0.459389
1.15	0.37	0.472208
1.15	0.38	0.485029
1.15	0.39	0.49785
1.15	0.4	0.510671
1.15	0.41	0.523491
1.15	0.42	0.536309
1.15	0.43	0.549126
1.15	0.44	0.561939
1.15	0.45	0.574749
1.15	0.46	0.587555
1.15	0.47	0.600356
1.15	0.48	0.613151
1.15	0.49	0.625939
1.15	0.5	0.63872
1.15	0.51	0.651491
1.15	0.52	0.664253
1.15	0.53	0.677004
1.15	0.54	0.689744
1.15	0.55	0.70247
1.15	0.56	0.715182
1.15	0.57	0.727879
1.15	0.58	0.740559
1.15	0.59	0.753222
1.15	0.6	0.765865
1.15	0.61	0.778488
1.15	0.62	0.791088
1.15	0.63	0.803665
1.15	0.64	0.816217
1.15	0.65	0.828743
1.15	0.66	0.841241
1.15	0.67	0.853709
1.15	0.68	0.866146
1.15	0.69	0.87855
1.15	0.7	0.890919
1.15	0.71	0.903252
1.15	0.72	0.915547
1.15	0.73	0.927802
1.15	0.74	0.940016
1.15	0.75	0.952185
1.15	0.76	0.964309
1.15	0.77	0.976386
1.15	0.78	0.988413
1.15	0.79	1.00039
1.15	0.8	1.01231
1.15	0.81	1.02418
1.15	0.82	1.03599
1.15	0.83	1.04774
1.15	0.84	1.05943
1.15	0.85	1.07105
1.15	0.86	1.08261
1.15	0.87	1.0941
1.15	0.88	1.10552
1.15	0.89	1.11687
1.15	0.9	1.12814
1.15	0.91	1.13933
1.15	0.92	1.15045
1.15	0.93	1.16149
1.15	0.94	1.17244
1.15	0.95	1.1833
1.15	0.96	1.19409
1.15	0.97	1.20482
1.15	0.98	1.21566
1.15	0.99	1.22735
1.15	1	1.2436
1.16	0	0
1.16	0.01	0.0128417
1.16	0.02	0.0256837
1.16	0.03	0.0385264
1.16	0.04	0.0513701
1.16	0.05	0.0642151
1.16	0.06	0.0770618
1.16	0.07	0.0899104
1.16	0.08	0.102761
1.16	0.09	0.115615
1.16	0.1	0.128471
1.16	0.11	0.14133
1.16	0.12	0.154193
1.16	0.13	0.167059
1.16	0.14	0.179929
1.16	0.15	0.192803
1.16	0.16	0.205682
1.16	0.17	0.218564
1.16	0.18	0.231452
1.16	0.19	0.244344
1.16	0.2	0.257241
1.16	0.21	0.270143
1.16	0.22	0.283049
1.16	0.23	0.295961
1.16	0.24	0.308878
1.16	0.25	0.3218
1.16	0.26	0.334727
1.16	0.27	0.347658
1.16	0.28	0.360595
1.16	0.29	0.373536
1.16	0.3	0.386481
1.16	0.31	0.399431
1.16	0.32	0.412385
1.16	0.33	0.425343
1.16	0.34	0.438304
1.16	0.35	0.451268
1.16	0.36	0.464235
1.16	0.37	0.477205
1.16	0.38	0.490176
1.16	0.39	0.503149
1.16	0.4	0.516123
1.16	0.41	0.529097
1.16	0.42	0.54207
1.16	0.43	0.555043
1.16	0.44	0.568014
1.16	0.45	0.580983
1.16	0.46	0.593949
1.16	0.47	0.606911
1.16	0.48	0.619868
1.16	0.49	0.63282
1.16	0.5	0.645765
1.16	0.51	0.658703
1.16	0.52	0.671632
1.16	0.53	0.684552
1.16	0.54	0.69746
1.16	0.55	0.710358
1.16	0.56	0.723242
1.16	0.57	0.736112
1.16	0.58	0.748966
1.16	0.59	0.761804
1.16	0.6	0.774624
1.16	0.61	0.787425
1.16	0.62	0.800204
1.16	0.63	0.812961
1.16	0.64	0.825695
1.16	0.65	0.838403
1.16	0.66	0.851084
1.16	0.67	0.863737
1.16	0.68	0.876359
1.16	0.69	0.88895
1.16	0.7	0.901507
1.16	0.71	0.914028
1.16	0.72	0.926513
1.16	0.73	0.938958
1.16	0.74	0.951363
1.16	0.75	0.963725
1.16	0.76	0.976042
1.16	0.77	0.988313
1.16	0.78	1.00054
1.16	0.79	1.01271
1.16	0.8	1.02483
1.16	0.81	1.03689
1.16	0.82	1.0489
1.16	0.83	1.06085
1.16	0.84	1.07273
1.16	0.85	1.08456
1.16	0.86	1.09632
1.16	0.87	1.10801
1.16	0.88	1.11963
1.16	0.89	1.13118
1.16	0.9	1.14265
1.16	0.91	1.15405
1.16	0.92	1.16537
1.16	0.93	1.17661
1.16	0.94	1.18776
1.16	0.95	1.19883
1.16	0.96	1.20979
1.16	0.97	1.22061
1.16	0.98	1.23108
1.16	0.99	1.24019
1.16	1	1.24313
1.17	0	0
1.17	0.01	0.0129683
1.17	0.02	0.025937
1.17	0.03	0.0389064
1.17	0.04	0.051877
1.17	0.05	0.064849
1.17	0.06	0.0778228
1.17	0.07	0.0907988
1.17	0.08	0.103777
1.17	0.09	0.116759
1.17	0.1	0.129743
1.17	0.11	0.142731
1.17	0.12	0.155723
1.17	0.13	0.168719
1.17	0.14	0.181719
1.17	0.15	0.194724
1.17	0.16	0.207734
1.17	0.17	0.220748
1.17	0.18	0.233768
1.17	0.19	0.246794
1.17	0.2	0.259824
1.17	0.21	0.272861
1.17	0.22	0.285903
1.17	0.23	0.298951
1.17	0.24	0.312005
1.17	0.25	0.325064
1.17	0.26	0.33813
1.17	0.27	0.351201
1.17	0.28	0.364278
1.17	0.29	0.377361
1.17	0.3	0.390449
1.17	0.31	0.403542
1.17	0.32	0.416641
1.17	0.33	0.429744
1.17	0.34	0.442852
1.17	0.35	0.455964
1.17	0.36	0.46908
1.17	0.37	0.482199
1.17	0.38	0.495322
1.17	0.39	0.508447
1.17	0.4	0.521574
1.17	0.41	0.534703
1.17	0.42	0.547832
1.17	0.43	0.560962
1.17	0.44	0.574092
1.17	0.45	0.58722
1.17	0.46	0.600347
1.17	0.47	0.613471
1.17	0.48	0.626591
1.17	0.49	0.639707
1.17	0.5	0.652818
1.17	0.51	0.665923
1.17	0.52	0.67902
1.17	0.53	0.692109
1.17	0.54	0.705189
1.17	0.55	0.718258
1.17	0.56	0.731315
1.17	0.57	0.74436
1.17	0.58	0.75739
1.17	0.59	0.770405
1.17	0.6	0.783403
1.17	0.61	0.796382
1.17	0.62	0.809342
1.17	0.63	0.822281
1.17	0.64	0.835197
1.17	0.65	0.848089
1.17	0.66	0.860956
1.17	0.67	0.873794
1.17	0.68	0.886604
1.17	0.69	0.899383
1.17	0.7	0.912129
1.17	0.71	0.924841
1.17	0.72	0.937517
1.17	0.73	0.950155
1.17	0.74	0.962753
1.17	0.75	0.97531
1.17	0.76	0.987822
1.17	0.77	1.00029
1.17	0.78	1.01271
1.17	0.79	1.02508
1.17	0.8	1.03739
1.17	0.81	1.04966
1.17	0.82	1.06187
1.17	0.83	1.07401
1.17	0.84	1.0861
1.17	0.85	1.09813
1.17	0.86	1.11009
1.17	0.87	1.12198
1.17	0.88	1.13381
1.17	0.89	1.14556
1.17	0.9	1.15724
1.17	0.91	1.16884
1.17	0.92	1.18037
1.17	0.93	1.19181
1.17	0.94	1.20317
1.17	0.95	1.21444
1.17	0.96	1.22562
1.17	0.97	1.23667
1.17	0.98	1.24743
1.17	0.99	1.25715
1.17	1	1.26211
1.18	0	0
1.18	0.01	0.0130946
1.18	0.02	0.0261895
1.18	0.03	0.0392853
1.18	0.04	0.0523823
1.18	0.05	0.065481
1.18	0.06	0.0785817
1.18	0.07	0.0916848
1.18	0.08	0.104791
1.18	0.09	0.1179
1.18	0.1	0.131012
1.18	0.11	0.144129
1.18	0.12	0.15725
1.18	0.13	0.170375
1.18	0.14	0.183505
1.18	0.15	0.19664
1.18	0.16	0.209781
1.18	0.17	0.222927
1.18	0.18	0.23608
1.18	0.19	0.249238
1.18	0.2	0.262402
1.18	0.21	0.275573
1.18	0.22	0.288751
1.18	0.23	0.301935
1.18	0.24	0.315126
1.18	0.25	0.328323
1.18	0.26	0.341527
1.18	0.27	0.354738
1.18	0.28	0.367956
1.18	0.29	0.38118
1.18	0.3	0.394411
1.18	0.31	0.407648
1.18	0.32	0.420892
1.18	0.33	0.434141
1.18	0.34	0.447396
1.18	0.35	0.460656
1.18	0.36	0.473921
1.18	0.37	0.487191
1.18	0.38	0.500465
1.18	0.39	0.513743
1.18	0.4	0.527024
1.18	0.41	0.540308
1.18	0.42	0.553594
1.18	0.43	0.566882
1.18	0.44	0.58017
1.18	0.45	0.593459
1.18	0.46	0.606747
1.18	0.47	0.620034
1.18	0.48	0.633319
1.18	0.49	0.6466
1.18	0.5	0.659878
1.18	0.51	0.67315
1.18	0.52	0.686417
1.18	0.53	0.699676
1.18	0.54	0.712928
1.18	0.55	0.72617
1.18	0.56	0.739402
1.18	0.57	0.752622
1.18	0.58	0.765829
1.18	0.59	0.779022
1.18	0.6	0.792199
1.18	0.61	0.80536
1.18	0.62	0.818502
1.18	0.63	0.831624
1.18	0.64	0.844724
1.18	0.65	0.857802
1.18	0.66	0.870855
1.18	0.67	0.883881
1.18	0.68	0.89688
1.18	0.69	0.909849
1.18	0.7	0.922786
1.18	0.71	0.935691
1.18	0.72	0.94856
1.18	0.73	0.961392
1.18	0.74	0.974185
1.18	0.75	0.986938
1.18	0.76	0.999647
1.18	0.77	1.01231
1.18	0.78	1.02493
1.18	0.79	1.0375
1.18	0.8	1.05002
1.18	0.81	1.06248
1.18	0.82	1.07489
1.18	0.83	1.08724
1.18	0.84	1.09954
1.18	0.85	1.11177
1.18	0.86	1.12393
1.18	0.87	1.13603
1.18	0.88	1.14806
1.18	0.89	1.16002
1.18	0.9	1.17191
1.18	0.91	1.18372
1.18	0.92	1.19545
1.18	0.93	1.2071
1.18	0.94	1.21867
1.18	0.95	1.23016
1.18	0.96	1.24157
1.18	0.97	1.25294
1.18	0.98	1.26449
1.18	0.99	1.27726
1.18	1	1.29619
1.19	0	0
1.19	0.01	0.0132204
1.19	0.02	0.0264412
1.19	0.03	0.0396629
1.19	0.04	0.052886
1.19	0.05	0.0661109
1.19	0.06	0.0793381
1.19	0.07	0.0925679
1.19	0.08	0.105801
1.19	0.09	0.119037
1.19	0.1	0.132278
1.19	0.11	0.145522
1.19	0.12	0.158772
1.19	0.13	0.172026
1.19	0.14	0.185286
1.19	0.15	0.198551
1.19	0.16	0.211823
1.19	0.17	0.2251
1.19	0.18	0.238385
1.19	0.19	0.251676
1.19	0.2	0.264974
1.19	0.21	0.278279
1.19	0.22	0.291592
1.19	0.23	0.304912
1.19	0.24	0.31824
1.19	0.25	0.331575
1.19	0.26	0.344918
1.19	0.27	0.358269
1.19	0.28	0.371627
1.19	0.29	0.384993
1.19	0.3	0.398367
1.19	0.31	0.411748
1.19	0.32	0.425136
1.19	0.33	0.438532
1.19	0.34	0.451934
1.19	0.35	0.465343
1.19	0.36	0.478758
1.19	0.37	0.492178
1.19	0.38	0.505604
1.19	0.39	0.519036
1.19	0.4	0.532471
1.19	0.41	0.545911
1.19	0.42	0.559354
1.19	0.43	0.5728
1.19	0.44	0.586249
1.19	0.45	0.599698
1.19	0.46	0.613149
1.19	0.47	0.626599
1.19	0.48	0.640049
1.19	0.49	0.653497
1.19	0.5	0.666942
1.19	0.51	0.680383
1.19	0.52	0.69382
1.19	0.53	0.707252
1.19	0.54	0.720676
1.19	0.55	0.734093
1.19	0.56	0.7475
1.19	0.57	0.760897
1.19	0.58	0.774283
1.19	0.59	0.787655
1.19	0.6	0.801013
1.19	0.61	0.814356
1.19	0.62	0.827681
1.19	0.63	0.840988
1.19	0.64	0.854274
1.19	0.65	0.867539
1.19	0.66	0.88078
1.19	0.67	0.893996
1.19	0.68	0.907185
1.19	0.69	0.920346
1.19	0.7	0.933477
1.19	0.71	0.946575
1.19	0.72	0.959639
1.19	0.73	0.972668
1.19	0.74	0.985658
1.19	0.75	0.998609
1.19	0.76	1.01152
1.19	0.77	1.02438
1.19	0.78	1.0372
1.19	0.79	1.04997
1.19	0.8	1.06269
1.19	0.81	1.07536
1.19	0.82	1.08798
1.19	0.83	1.10053
1.19	0.84	1.11303
1.19	0.85	1.12547
1.19	0.86	1.13784
1.19	0.87	1.15015
1.19	0.88	1.16239
1.19	0.89	1.17455
1.19	0.9	1.18665
1.19	0.91	1.19867
1.19	0.92	1.21061
1.19	0.93	1.22247
1.19	0.94	1.23425
1.19	0.95	1.24595
1.19	0.96	1.25756
1.19	0.97	1.26913
1.19	0.98	1.28079
1.19	0.99	1.29331
1.19	1	1.31038
1.2	0	0
1.2	0.01	0.0133457
1.2	0.02	0.026692
1.2	0.03	0.0400392
1.2	0.04	0.0533879
1.2	0.05	0.0667387
1.2	0.06	0.0800918
1.2	0.07	0.0934479
1.2	0.08	0.106807
1.2	0.09	0.120171
1.2	0.1	0.133538
1.2	0.11	0.146911
1.2	0.12	0.160288
1.2	0.13	0.173671
1.2	0.14	0.187061
1.2	0.15	0.200456
1.2	0.16	0.213858
1.2	0.17	0.227267
1.2	0.18	0.240683
1.2	0.19	0.254107
1.2	0.2	0.267538
1.2	0.21	0.280978
1.2	0.22	0.294425
1.2	0.23	0.307881
1.2	0.24	0.321346
1.2	0.25	0.334819
1.2	0.26	0.348301
1.2	0.27	0.361792
1.2	0.28	0.375291
1.2	0.29	0.388799
1.2	0.3	0.402316
1.2	0.31	0.415841
1.2	0.32	0.429374
1.2	0.33	0.442916
1.2	0.34	0.456466
1.2	0.35	0.470023
1.2	0.36	0.483588
1.2	0.37	0.49716
1.2	0.38	0.510739
1.2	0.39	0.524324
1.2	0.4	0.537915
1.2	0.41	0.551511
1.2	0.42	0.565112
1.2	0.43	0.578717
1.2	0.44	0.592326
1.2	0.45	0.605937
1.2	0.46	0.619551
1.2	0.47	0.633166
1.2	0.48	0.646781
1.2	0.49	0.660396
1.2	0.5	0.67401
1.2	0.51	0.687621
1.2	0.52	0.70123
1.2	0.53	0.714834
1.2	0.54	0.728432
1.2	0.55	0.742024
1.2	0.56	0.755609
1.2	0.57	0.769184
1.2	0.58	0.782749
1.2	0.59	0.796302
1.2	0.6	0.809843
1.2	0.61	0.823369
1.2	0.62	0.836879
1.2	0.63	0.850372
1.2	0.64	0.863846
1.2	0.65	0.877299
1.2	0.66	0.89073
1.2	0.67	0.904138
1.2	0.68	0.917519
1.2	0.69	0.930874
1.2	0.7	0.944199
1.2	0.71	0.957493
1.2	0.72	0.970755
1.2	0.73	0.983981
1.2	0.74	0.997171
1.2	0.75	1.01032
1.2	0.76	1.02343
1.2	0.77	1.0365
1.2	0.78	1.04952
1.2	0.79	1.0625
1.2	0.8	1.07542
1.2	0.81	1.0883
1.2	0.82	1.10112
1.2	0.83	1.11388
1.2	0.84	1.12659
1.2	0.85	1.13923
1.2	0.86	1.15181
1.2	0.87	1.16433
1.2	0.88	1.17678
1.2	0.89	1.18916
1.2	0.9	1.20147
1.2	0.91	1.2137
1.2	0.92	1.22585
1.2	0.93	1.23793
1.2	0.94	1.24992
1.2	0.95	1.26182
1.2	0.96	1.27363
1.2	0.97	1.28528
1.2	0.98	1.29657
1.2	0.99	1.30641
1.2	1	1.30968
1.21	0	0
1.21	0.01	0.0134706
1.21	0.02	0.0269418
1.21	0.03	0.040414
1.21	0.04	0.0538879
1.21	0.05	0.0673639
1.21	0.06	0.0808426
1.21	0.07	0.0943245
1.21	0.08	0.10781
1.21	0.09	0.1213
1.21	0.1	0.134795
1.21	0.11	0.148294
1.21	0.12	0.1618
1.21	0.13	0.175311
1.21	0.14	0.188829
1.21	0.15	0.202354
1.21	0.16	0.215886
1.21	0.17	0.229426
1.21	0.18	0.242974
1.21	0.19	0.25653
1.21	0.2	0.270094
1.21	0.21	0.283668
1.21	0.22	0.297251
1.21	0.23	0.310842
1.21	0.24	0.324444
1.21	0.25	0.338055
1.21	0.26	0.351675
1.21	0.27	0.365306
1.21	0.28	0.378946
1.21	0.29	0.392596
1.21	0.3	0.406255
1.21	0.31	0.419925
1.21	0.32	0.433604
1.21	0.33	0.447292
1.21	0.34	0.46099
1.21	0.35	0.474696
1.21	0.36	0.488412
1.21	0.37	0.502135
1.21	0.38	0.515867
1.21	0.39	0.529606
1.21	0.4	0.543353
1.21	0.41	0.557106
1.21	0.42	0.570865
1.21	0.43	0.58463
1.21	0.44	0.5984
1.21	0.45	0.612173
1.21	0.46	0.625951
1.21	0.47	0.639731
1.21	0.48	0.653513
1.21	0.49	0.667297
1.21	0.5	0.68108
1.21	0.51	0.694862
1.21	0.52	0.708643
1.21	0.53	0.722421
1.21	0.54	0.736195
1.21	0.55	0.749964
1.21	0.56	0.763726
1.21	0.57	0.777481
1.21	0.58	0.791227
1.21	0.59	0.804963
1.21	0.6	0.818687
1.21	0.61	0.832398
1.21	0.62	0.846094
1.21	0.63	0.859775
1.21	0.64	0.873438
1.21	0.65	0.887082
1.21	0.66	0.900705
1.21	0.67	0.914305
1.21	0.68	0.927881
1.21	0.69	0.941431
1.21	0.7	0.954952
1.21	0.71	0.968444
1.21	0.72	0.981905
1.21	0.73	0.995331
1.21	0.74	1.00872
1.21	0.75	1.02208
1.21	0.76	1.03539
1.21	0.77	1.04866
1.21	0.78	1.06189
1.21	0.79	1.07507
1.21	0.8	1.0882
1.21	0.81	1.10128
1.21	0.82	1.11431
1.21	0.83	1.12729
1.21	0.84	1.1402
1.21	0.85	1.15306
1.21	0.86	1.16585
1.21	0.87	1.17858
1.21	0.88	1.19124
1.21	0.89	1.20384
1.21	0.9	1.21636
1.21	0.91	1.2288
1.21	0.92	1.24117
1.21	0.93	1.25346
1.21	0.94	1.26567
1.21	0.95	1.27779
1.21	0.96	1.28982
1.21	0.97	1.30171
1.21	0.98	1.31333
1.21	0.99	1.3239
1.21	1	1.32972
1.22	0	0
1.22	0.01	0.0135949
1.22	0.02	0.0271905
1.22	0.03	0.0407872
1.22	0.04	0.0543857
1.22	0.05	0.0679865
1.22	0.06	0.0815902
1.22	0.07	0.0951974
1.22	0.08	0.108809
1.22	0.09	0.122425
1.22	0.1	0.136046
1.22	0.11	0.149672
1.22	0.12	0.163305
1.22	0.13	0.176944
1.22	0.14	0.190591
1.22	0.15	0.204245
1.22	0.16	0.217907
1.22	0.17	0.231577
1.22	0.18	0.245256
1.22	0.19	0.258944
1.22	0.2	0.272642
1.22	0.21	0.286349
1.22	0.22	0.300067
1.22	0.23	0.313794
1.22	0.24	0.327532
1.22	0.25	0.341281
1.22	0.26	0.35504
1.22	0.27	0.36881
1.22	0.28	0.382591
1.22	0.29	0.396383
1.22	0.3	0.410186
1.22	0.31	0.423999
1.22	0.32	0.437824
1.22	0.33	0.451659
1.22	0.34	0.465505
1.22	0.35	0.479361
1.22	0.36	0.493227
1.22	0.37	0.507102
1.22	0.38	0.520987
1.22	0.39	0.534881
1.22	0.4	0.548784
1.22	0.41	0.562694
1.22	0.42	0.576613
1.22	0.43	0.590538
1.22	0.44	0.604469
1.22	0.45	0.618406
1.22	0.46	0.632349
1.22	0.47	0.646295
1.22	0.48	0.660245
1.22	0.49	0.674197
1.22	0.5	0.688151
1.22	0.51	0.702105
1.22	0.52	0.71606
1.22	0.53	0.730012
1.22	0.54	0.743963
1.22	0.55	0.757909
1.22	0.56	0.771851
1.22	0.57	0.785787
1.22	0.58	0.799715
1.22	0.59	0.813634
1.22	0.6	0.827544
1.22	0.61	0.841441
1.22	0.62	0.855326
1.22	0.63	0.869196
1.22	0.64	0.883049
1.22	0.65	0.896885
1.22	0.66	0.910701
1.22	0.67	0.924496
1.22	0.68	0.938268
1.22	0.69	0.952015
1.22	0.7	0.965736
1.22	0.71	0.979427
1.22	0.72	0.993089
1.22	0.73	1.00672
1.22	0.74	1.02031
1.22	0.75	1.03387
1.22	0.76	1.04739
1.22	0.77	1.06087
1.22	0.78	1.0743
1.22	0.79	1.08769
1.22	0.8	1.10103
1.22	0.81	1.11432
1.22	0.82	1.12756
1.22	0.83	1.14075
1.22	0.84	1.15388
1.22	0.85	1.16695
1.22	0.86	1.17996
1.22	0.87	1.1929
1.22	0.88	1.20578
1.22	0.89	1.21859
1.22	0.9	1.23132
1.22	0.91	1.24399
1.22	0.92	1.25657
1.22	0.93	1.26908
1.22	0.94	1.28151
1.22	0.95	1.29385
1.22	0.96	1.30612
1.22	0.97	1.31836
1.22	0.98	1.3308
1.22	0.99	1.34454
1.22	1	1.36487
1.23	0	0
1.23	0.01	0.0137187
1.23	0.02	0.027438
1.23	0.03	0.0411586
1.23	0.04	0.0548811
1.23	0.05	0.0686061
1.23	0.06	0.0823343
1.23	0.07	0.0960663
1.23	0.08	0.109803
1.23	0.09	0.123544
1.23	0.1	0.137291
1.23	0.11	0.151044
1.23	0.12	0.164803
1.23	0.13	0.17857
1.23	0.14	0.192345
1.23	0.15	0.206128
1.23	0.16	0.219919
1.23	0.17	0.233719
1.23	0.18	0.24753
1.23	0.19	0.261349
1.23	0.2	0.27518
1.23	0.21	0.28902
1.23	0.22	0.302872
1.23	0.23	0.316735
1.23	0.24	0.33061
1.23	0.25	0.344496
1.23	0.26	0.358393
1.23	0.27	0.372303
1.23	0.28	0.386225
1.23	0.29	0.400159
1.23	0.3	0.414105
1.23	0.31	0.428063
1.23	0.32	0.442033
1.23	0.33	0.456016
1.23	0.34	0.470009
1.23	0.35	0.484015
1.23	0.36	0.498032
1.23	0.37	0.51206
1.23	0.38	0.526099
1.23	0.39	0.540148
1.23	0.4	0.554207
1.23	0.41	0.568276
1.23	0.42	0.582353
1.23	0.43	0.596439
1.23	0.44	0.610533
1.23	0.45	0.624634
1.23	0.46	0.638742
1.23	0.47	0.652855
1.23	0.48	0.666973
1.23	0.49	0.681096
1.23	0.5	0.695221
1.23	0.51	0.709349
1.23	0.52	0.723477
1.23	0.53	0.737606
1.23	0.54	0.751734
1.23	0.55	0.76586
1.23	0.56	0.779982
1.23	0.57	0.7941
1.23	0.58	0.808212
1.23	0.59	0.822316
1.23	0.6	0.836412
1.23	0.61	0.850498
1.23	0.62	0.864572
1.23	0.63	0.878633
1.23	0.64	0.892679
1.23	0.65	0.906708
1.23	0.66	0.920719
1.23	0.67	0.934711
1.23	0.68	0.948681
1.23	0.69	0.962627
1.23	0.7	0.976548
1.23	0.71	0.990441
1.23	0.72	1.0043
1.23	0.73	1.01814
1.23	0.74	1.03194
1.23	0.75	1.0457
1.23	0.76	1.05943
1.23	0.77	1.07311
1.23	0.78	1.08676
1.23	0.79	1.10036
1.23	0.8	1.11391
1.23	0.81	1.12742
1.23	0.82	1.14087
1.23	0.83	1.15427
1.23	0.84	1.16761
1.23	0.85	1.1809
1.23	0.86	1.19412
1.23	0.87	1.20729
1.23	0.88	1.22038
1.23	0.89	1.23341
1.23	0.9	1.24637
1.23	0.91	1.25925
1.23	0.92	1.27205
1.23	0.93	1.28478
1.23	0.94	1.29743
1.23	0.95	1.30999
1.23	0.96	1.32248
1.23	0.97	1.33491
1.23	0.98	1.34745
1.23	0.99	1.36083
1.23	1	1.37877
1.24	0	0
1.24	0.01	0.0138418
1.24	0.02	0.0276842
1.24	0.03	0.0415281
1.24	0.04	0.055374
1.24	0.05	0.0692226
1.24	0.06	0.0830747
1.24	0.07	0.0969308
1.24	0.08	0.110792
1.24	0.09	0.124658
1.24	0.1	0.13853
1.24	0.11	0.152409
1.24	0.12	0.166295
1.24	0.13	0.180189
1.24	0.14	0.194091
1.24	0.15	0.208002
1.24	0.16	0.221922
1.24	0.17	0.235852
1.24	0.18	0.249793
1.24	0.19	0.263744
1.24	0.2	0.277707
1.24	0.21	0.291681
1.24	0.22	0.305667
1.24	0.23	0.319665
1.24	0.24	0.333676
1.24	0.25	0.347699
1.24	0.26	0.361735
1.24	0.27	0.375785
1.24	0.28	0.389847
1.24	0.29	0.403923
1.24	0.3	0.418012
1.24	0.31	0.432115
1.24	0.32	0.446231
1.24	0.33	0.46036
1.24	0.34	0.474503
1.24	0.35	0.488658
1.24	0.36	0.502826
1.24	0.37	0.517007
1.24	0.38	0.5312
1.24	0.39	0.545404
1.24	0.4	0.559621
1.24	0.41	0.573848
1.24	0.42	0.588086
1.24	0.43	0.602333
1.24	0.44	0.61659
1.24	0.45	0.630856
1.24	0.46	0.64513
1.24	0.47	0.659411
1.24	0.48	0.673698
1.24	0.49	0.687991
1.24	0.5	0.702289
1.24	0.51	0.716591
1.24	0.52	0.730895
1.24	0.53	0.745201
1.24	0.54	0.759508
1.24	0.55	0.773814
1.24	0.56	0.788118
1.24	0.57	0.802419
1.24	0.58	0.816716
1.24	0.59	0.831007
1.24	0.6	0.845291
1.24	0.61	0.859566
1.24	0.62	0.873831
1.24	0.63	0.888084
1.24	0.64	0.902324
1.24	0.65	0.916549
1.24	0.66	0.930757
1.24	0.67	0.944947
1.24	0.68	0.959117
1.24	0.69	0.973264
1.24	0.7	0.987387
1.24	0.71	1.00148
1.24	0.72	1.01555
1.24	0.73	1.02959
1.24	0.74	1.0436
1.24	0.75	1.05757
1.24	0.76	1.07151
1.24	0.77	1.0854
1.24	0.78	1.09926
1.24	0.79	1.11307
1.24	0.8	1.12684
1.24	0.81	1.14056
1.24	0.82	1.15423
1.24	0.83	1.16785
1.24	0.84	1.18141
1.24	0.85	1.19491
1.24	0.86	1.20836
1.24	0.87	1.22174
1.24	0.88	1.23505
1.24	0.89	1.2483
1.24	0.9	1.26148
1.24	0.91	1.27458
1.24	0.92	1.28761
1.24	0.93	1.30056
1.24	0.94	1.31343
1.24	0.95	1.32622
1.24	0.96	1.3389
1.24	0.97	1.35143
1.24	0.98	1.36357
1.24	0.99	1.37418
1.24	1	1.37777
1.25	0	0
1.25	0.01	0.0139642
1.25	0.02	0.0279291
1.25	0.03	0.0418955
1.25	0.04	0.0558641
1.25	0.05	0.0698357
1.25	0.06	0.0838109
1.25	0.07	0.0977905
1.25	0.08	0.111775
1.25	0.09	0.125766
1.25	0.1	0.139763
1.25	0.11	0.153767
1.25	0.12	0.167778
1.25	0.13	0.181799
1.25	0.14	0.195828
1.25	0.15	0.209867
1.25	0.16	0.223915
1.25	0.17	0.237975
1.25	0.18	0.252046
1.25	0.19	0.266128
1.25	0.2	0.280222
1.25	0.21	0.294329
1.25	0.22	0.308449
1.25	0.23	0.322582
1.25	0.24	0.336729
1.25	0.25	0.350889
1.25	0.26	0.365064
1.25	0.27	0.379253
1.25	0.28	0.393456
1.25	0.29	0.407674
1.25	0.3	0.421906
1.25	0.31	0.436153
1.25	0.32	0.450415
1.25	0.33	0.464692
1.25	0.34	0.478983
1.25	0.35	0.493288
1.25	0.36	0.507608
1.25	0.37	0.521942
1.25	0.38	0.536289
1.25	0.39	0.55065
1.25	0.4	0.565023
1.25	0.41	0.579409
1.25	0.42	0.593808
1.25	0.43	0.608218
1.25	0.44	0.622638
1.25	0.45	0.637069
1.25	0.46	0.65151
1.25	0.47	0.66596
1.25	0.48	0.680417
1.25	0.49	0.694882
1.25	0.5	0.709353
1.25	0.51	0.72383
1.25	0.52	0.738311
1.25	0.53	0.752795
1.25	0.54	0.767282
1.25	0.55	0.781769
1.25	0.56	0.796257
1.25	0.57	0.810743
1.25	0.58	0.825226
1.25	0.59	0.839705
1.25	0.6	0.854178
1.25	0.61	0.868644
1.25	0.62	0.883102
1.25	0.63	0.89755
1.25	0.64	0.911985
1.25	0.65	0.926407
1.25	0.66	0.940814
1.25	0.67	0.955204
1.25	0.68	0.969575
1.25	0.69	0.983925
1.25	0.7	0.998252
1.25	0.71	1.01255
1.25	0.72	1.02683
1.25	0.73	1.04108
1.25	0.74	1.05529
1.25	0.75	1.06948
1.25	0.76	1.08362
1.25	0.77	1.09773
1.25	0.78	1.11181
1.25	0.79	1.12583
1.25	0.8	1.13982
1.25	0.81	1.15375
1.25	0.82	1.16764
1.25	0.83	1.18148
1.25	0.84	1.19526
1.25	0.85	1.20898
1.25	0.86	1.22265
1.25	0.87	1.23625
1.25	0.88	1.24979
1.25	0.89	1.26326
1.25	0.9	1.27667
1.25	0.91	1.29
1.25	0.92	1.30325
1.25	0.93	1.31643
1.25	0.94	1.32952
1.25	0.95	1.34253
1.25	0.96	1.35545
1.25	0.97	1.36824
1.25	0.98	1.38075
1.25	0.99	1.39222
1.25	1	1.39894
1.26	0	0
1.26	0.01	0.0140859
1.26	0.02	0.0281725
1.26	0.03	0.0422607
1.26	0.04	0.0563513
1.26	0.05	0.0704451
1.26	0.06	0.0845428
1.26	0.07	0.0986452
1.26	0.08	0.112753
1.26	0.09	0.126867
1.26	0.1	0.140988
1.26	0.11	0.155117
1.26	0.12	0.169254
1.26	0.13	0.1834
1.26	0.14	0.197555
1.26	0.15	0.211721
1.26	0.16	0.225898
1.26	0.17	0.240086
1.26	0.18	0.254287
1.26	0.19	0.268499
1.26	0.2	0.282725
1.26	0.21	0.296965
1.26	0.22	0.311218
1.26	0.23	0.325486
1.26	0.24	0.339768
1.26	0.25	0.354065
1.26	0.26	0.368378
1.26	0.27	0.382706
1.26	0.28	0.39705
1.26	0.29	0.41141
1.26	0.3	0.425785
1.26	0.31	0.440177
1.26	0.32	0.454585
1.26	0.33	0.469009
1.26	0.34	0.483449
1.26	0.35	0.497904
1.26	0.36	0.512376
1.26	0.37	0.526863
1.26	0.38	0.541365
1.26	0.39	0.555882
1.26	0.4	0.570413
1.26	0.41	0.584959
1.26	0.42	0.599518
1.26	0.43	0.614091
1.26	0.44	0.628676
1.26	0.45	0.643273
1.26	0.46	0.657882
1.26	0.47	0.672501
1.26	0.48	0.687129
1.26	0.49	0.701767
1.26	0.5	0.716412
1.26	0.51	0.731065
1.26	0.52	0.745724
1.26	0.53	0.760387
1.26	0.54	0.775055
1.26	0.55	0.789725
1.26	0.56	0.804397
1.26	0.57	0.819069
1.26	0.58	0.83374
1.26	0.59	0.848408
1.26	0.6	0.863073
1.26	0.61	0.877731
1.26	0.62	0.892383
1.26	0.63	0.907026
1.26	0.64	0.921659
1.26	0.65	0.93628
1.26	0.66	0.950888
1.26	0.67	0.965479
1.26	0.68	0.980053
1.26	0.69	0.994608
1.26	0.7	1.00914
1.26	0.71	1.02365
1.26	0.72	1.03814
1.26	0.73	1.05259
1.26	0.74	1.06702
1.26	0.75	1.08142
1.26	0.76	1.09578
1.26	0.77	1.11011
1.26	0.78	1.12439
1.26	0.79	1.13864
1.26	0.8	1.15284
1.26	0.81	1.167
1.26	0.82	1.18111
1.26	0.83	1.19516
1.26	0.84	1.20917
1.26	0.85	1.22312
1.26	0.86	1.23701
1.26	0.87	1.25083
1.26	0.88	1.2646
1.26	0.89	1.2783
1.26	0.9	1.29193
1.26	0.91	1.30548
1.26	0.92	1.31897
1.26	0.93	1.33237
1.26	0.94	1.3457
1.26	0.95	1.35894
1.26	0.96	1.37211
1.26	0.97	1.38526
1.26	0.98	1.39863
1.26	0.99	1.41339
1.26	1	1.43522
1.27	0	0
1.27	0.01	0.0142067
1.27	0.02	0.0284143
1.27	0.03	0.0426236
1.27	0.04	0.0568354
1.27	0.05	0.0710506
1.27	0.06	0.08527
1.27	0.07	0.0994944
1.27	0.08	0.113725
1.27	0.09	0.127962
1.27	0.1	0.142206
1.27	0.11	0.156458
1.27	0.12	0.17072
1.27	0.13	0.184991
1.27	0.14	0.199272
1.27	0.15	0.213565
1.27	0.16	0.227869
1.27	0.17	0.242186
1.27	0.18	0.256515
1.27	0.19	0.270858
1.27	0.2	0.285215
1.27	0.21	0.299586
1.27	0.22	0.313973
1.27	0.23	0.328375
1.27	0.24	0.342793
1.27	0.25	0.357226
1.27	0.26	0.371677
1.27	0.27	0.386144
1.27	0.28	0.400628
1.27	0.29	0.41513
1.27	0.3	0.429648
1.27	0.31	0.444185
1.27	0.32	0.458738
1.27	0.33	0.47331
1.27	0.34	0.487898
1.27	0.35	0.502505
1.27	0.36	0.517128
1.27	0.37	0.531768
1.27	0.38	0.546426
1.27	0.39	0.561099
1.27	0.4	0.575789
1.27	0.41	0.590495
1.27	0.42	0.605216
1.27	0.43	0.619952
1.27	0.44	0.634702
1.27	0.45	0.649466
1.27	0.46	0.664243
1.27	0.47	0.679032
1.27	0.48	0.693832
1.27	0.49	0.708643
1.27	0.5	0.723464
1.27	0.51	0.738294
1.27	0.52	0.753131
1.27	0.53	0.767976
1.27	0.54	0.782825
1.27	0.55	0.79768
1.27	0.56	0.812537
1.27	0.57	0.827396
1.27	0.58	0.842256
1.27	0.59	0.857116
1.27	0.6	0.871972
1.27	0.61	0.886825
1.27	0.62	0.901673
1.27	0.63	0.916514
1.27	0.64	0.931346
1.27	0.65	0.946167
1.27	0.66	0.960977
1.27	0.67	0.975772
1.27	0.68	0.990552
1.27	0.69	1.00531
1.27	0.7	1.02006
1.27	0.71	1.03478
1.27	0.72	1.04947
1.27	0.73	1.06414
1.27	0.74	1.07878
1.27	0.75	1.09339
1.27	0.76	1.10797
1.27	0.77	1.12252
1.27	0.78	1.13702
1.27	0.79	1.15149
1.27	0.8	1.16591
1.27	0.81	1.18029
1.27	0.82	1.19462
1.27	0.83	1.2089
1.27	0.84	1.22313
1.27	0.85	1.23731
1.27	0.86	1.25142
1.27	0.87	1.26548
1.27	0.88	1.27947
1.27	0.89	1.2934
1.27	0.9	1.30726
1.27	0.91	1.32105
1.27	0.92	1.33476
1.27	0.93	1.34839
1.27	0.94	1.36195
1.27	0.95	1.37543
1.27	0.96	1.38882
1.27	0.97	1.40217
1.27	0.98	1.41562
1.27	0.99	1.42991
1.27	1	1.44875
1.28	0	0
1.28	0.01	0.0143267
1.28	0.02	0.0286544
1.28	0.03	0.0429839
1.28	0.04	0.057316
1.28	0.05	0.0716518
1.28	0.06	0.0859921
1.28	0.07	0.100338
1.28	0.08	0.11469
1.28	0.09	0.129049
1.28	0.1	0.143416
1.28	0.11	0.157791
1.28	0.12	0.172176
1.28	0.13	0.186572
1.28	0.14	0.200979
1.28	0.15	0.215397
1.28	0.16	0.229828
1.28	0.17	0.244272
1.28	0.18	0.25873
1.28	0.19	0.273202
1.28	0.2	0.28769
1.28	0.21	0.302193
1.28	0.22	0.316712
1.28	0.23	0.331248
1.28	0.24	0.345801
1.28	0.25	0.360371
1.28	0.26	0.374959
1.28	0.27	0.389565
1.28	0.28	0.404189
1.28	0.29	0.418832
1.28	0.3	0.433494
1.28	0.31	0.448175
1.28	0.32	0.462874
1.28	0.33	0.477593
1.28	0.34	0.492331
1.28	0.35	0.507088
1.28	0.36	0.521863
1.28	0.37	0.536657
1.28	0.38	0.55147
1.28	0.39	0.566301
1.28	0.4	0.581149
1.28	0.41	0.596016
1.28	0.42	0.610899
1.28	0.43	0.625798
1.28	0.44	0.640714
1.28	0.45	0.655645
1.28	0.46	0.670591
1.28	0.47	0.685551
1.28	0.48	0.700524
1.28	0.49	0.71551
1.28	0.5	0.730507
1.28	0.51	0.745515
1.28	0.52	0.760532
1.28	0.53	0.775558
1.28	0.54	0.790591
1.28	0.55	0.805631
1.28	0.56	0.820675
1.28	0.57	0.835723
1.28	0.58	0.850774
1.28	0.59	0.865825
1.28	0.6	0.880876
1.28	0.61	0.895925
1.28	0.62	0.91097
1.28	0.63	0.92601
1.28	0.64	0.941042
1.28	0.65	0.956066
1.28	0.66	0.97108
1.28	0.67	0.986081
1.28	0.68	1.00107
1.28	0.69	1.01604
1.28	0.7	1.03099
1.28	0.71	1.04592
1.28	0.72	1.06083
1.28	0.73	1.07572
1.28	0.74	1.09057
1.28	0.75	1.1054
1.28	0.76	1.1202
1.28	0.77	1.13496
1.28	0.78	1.14969
1.28	0.79	1.16438
1.28	0.8	1.17903
1.28	0.81	1.19363
1.28	0.82	1.20819
1.28	0.83	1.22269
1.28	0.84	1.23715
1.28	0.85	1.25155
1.28	0.86	1.2659
1.28	0.87	1.28019
1.28	0.88	1.29441
1.28	0.89	1.30857
1.28	0.9	1.32266
1.28	0.91	1.33668
1.28	0.92	1.35063
1.28	0.93	1.3645
1.28	0.94	1.37829
1.28	0.95	1.39199
1.28	0.96	1.4056
1.28	0.97	1.41905
1.28	0.98	1.43209
1.28	0.99	1.44349
1.28	1	1.44738
1.29	0	0
1.29	0.01	0.0144459
1.29	0.02	0.0288927
1.29	0.03	0.0433415
1.29	0.04	0.0577931
1.29	0.05	0.0722486
1.29	0.06	0.0867089
1.29	0.07	0.101175
1.29	0.08	0.115648
1.29	0.09	0.130128
1.29	0.1	0.144616
1.29	0.11	0.159114
1.29	0.12	0.173623
1.29	0.13	0.188142
1.29	0.14	0.202673
1.29	0.15	0.217217
1.29	0.16	0.231774
1.29	0.17	0.246345
1.29	0.18	0.260931
1.29	0.19	0.275532
1.29	0.2	0.290149
1.29	0.21	0.304784
1.29	0.22	0.319435
1.29	0.23	0.334104
1.29	0.24	0.348792
1.29	0.25	0.363498
1.29	0.26	0.378223
1.29	0.27	0.392967
1.29	0.28	0.407732
1.29	0.29	0.422516
1.29	0.3	0.437321
1.29	0.31	0.452146
1.29	0.32	0.466991
1.29	0.33	0.481858
1.29	0.34	0.496744
1.29	0.35	0.511652
1.29	0.36	0.52658
1.29	0.37	0.541528
1.29	0.38	0.556496
1.29	0.39	0.571484
1.29	0.4	0.586492
1.29	0.41	0.601519
1.29	0.42	0.616565
1.29	0.43	0.631629
1.29	0.44	0.646711
1.29	0.45	0.66181
1.29	0.46	0.676926
1.29	0.47	0.692058
1.29	0.48	0.707204
1.29	0.49	0.722365
1.29	0.5	0.73754
1.29	0.51	0.752726
1.29	0.52	0.767925
1.29	0.53	0.783133
1.29	0.54	0.798351
1.29	0.55	0.813577
1.29	0.56	0.82881
1.29	0.57	0.844048
1.29	0.58	0.85929
1.29	0.59	0.874535
1.29	0.6	0.889782
1.29	0.61	0.905028
1.29	0.62	0.920272
1.29	0.63	0.935512
1.29	0.64	0.950748
1.29	0.65	0.965976
1.29	0.66	0.981195
1.29	0.67	0.996404
1.29	0.68	1.0116
1.29	0.69	1.02678
1.29	0.7	1.04195
1.29	0.71	1.05709
1.29	0.72	1.07222
1.29	0.73	1.08732
1.29	0.74	1.10239
1.29	0.75	1.11744
1.29	0.76	1.13246
1.29	0.77	1.14745
1.29	0.78	1.1624
1.29	0.79	1.17731
1.29	0.8	1.19218
1.29	0.81	1.20701
1.29	0.82	1.2218
1.29	0.83	1.23654
1.29	0.84	1.25123
1.29	0.85	1.26586
1.29	0.86	1.28044
1.29	0.87	1.29496
1.29	0.88	1.30942
1.29	0.89	1.32381
1.29	0.9	1.33814
1.29	0.91	1.35239
1.29	0.92	1.36657
1.29	0.93	1.38068
1.29	0.94	1.39471
1.29	0.95	1.40865
1.29	0.96	1.4225
1.29	0.97	1.43623
1.29	0.98	1.44967
1.29	0.99	1.46209
1.29	1	1.46976
1.3	0	0
1.3	0.01	0.014564
1.3	0.02	0.0291291
1.3	0.03	0.0436961
1.3	0.04	0.0582663
1.3	0.05	0.0728406
1.3	0.06	0.0874199
1.3	0.07	0.102005
1.3	0.08	0.116598
1.3	0.09	0.131198
1.3	0.1	0.145808
1.3	0.11	0.160428
1.3	0.12	0.175058
1.3	0.13	0.1897
1.3	0.14	0.204355
1.3	0.15	0.219023
1.3	0.16	0.233705
1.3	0.17	0.248402
1.3	0.18	0.263116
1.3	0.19	0.277845
1.3	0.2	0.292592
1.3	0.21	0.307357
1.3	0.22	0.32214
1.3	0.23	0.336942
1.3	0.24	0.351764
1.3	0.25	0.366605
1.3	0.26	0.381467
1.3	0.27	0.39635
1.3	0.28	0.411254
1.3	0.29	0.42618
1.3	0.3	0.441127
1.3	0.31	0.456097
1.3	0.32	0.471088
1.3	0.33	0.486102
1.3	0.34	0.501137
1.3	0.35	0.516195
1.3	0.36	0.531276
1.3	0.37	0.546378
1.3	0.38	0.561502
1.3	0.39	0.576648
1.3	0.4	0.591815
1.3	0.41	0.607004
1.3	0.42	0.622213
1.3	0.43	0.637442
1.3	0.44	0.652691
1.3	0.45	0.667958
1.3	0.46	0.683245
1.3	0.47	0.698549
1.3	0.48	0.71387
1.3	0.49	0.729207
1.3	0.5	0.74456
1.3	0.51	0.759927
1.3	0.52	0.775307
1.3	0.53	0.790699
1.3	0.54	0.806103
1.3	0.55	0.821516
1.3	0.56	0.836939
1.3	0.57	0.852368
1.3	0.58	0.867804
1.3	0.59	0.883244
1.3	0.6	0.898688
1.3	0.61	0.914133
1.3	0.62	0.929577
1.3	0.63	0.94502
1.3	0.64	0.96046
1.3	0.65	0.975894
1.3	0.66	0.991322
1.3	0.67	1.00674
1.3	0.68	1.02215
1.3	0.69	1.03754
1.3	0.7	1.05292
1.3	0.71	1.06828
1.3	0.72	1.08362
1.3	0.73	1.09894
1.3	0.74	1.11424
1.3	0.75	1.12951
1.3	0.76	1.14475
1.3	0.77	1.15996
1.3	0.78	1.17514
1.3	0.79	1.19028
1.3	0.8	1.20538
1.3	0.81	1.22044
1.3	0.82	1.23546
1.3	0.83	1.25043
1.3	0.84	1.26535
1.3	0.85	1.28022
1.3	0.86	1.29503
1.3	0.87	1.30979
1.3	0.88	1.32448
1.3	0.89	1.33911
1.3	0.9	1.35368
1.3	0.91	1.36817
1.3	0.92	1.3826
1.3	0.93	1.39694
1.3	0.94	1.41121
1.3	0.95	1.4254
1.3	0.96	1.43952
1.3	0.97	1.45362
1.3	0.98	1.46797
1.3	0.99	1.48381
1.3	1	1.50724
1.31	0	0
1.31	0.01	0.0146811
1.31	0.02	0.0293634
1.31	0.03	0.0440478
1.31	0.04	0.0587354
1.31	0.05	0.0734274
1.31	0.06	0.0881249
1.31	0.07	0.102829
1.31	0.08	0.11754
1.31	0.09	0.13226
1.31	0.1	0.14699
1.31	0.11	0.16173
1.31	0.12	0.176481
1.31	0.13	0.191245
1.31	0.14	0.206023
1.31	0.15	0.220815
1.31	0.16	0.235622
1.31	0.17	0.250444
1.31	0.18	0.265284
1.31	0.19	0.280141
1.31	0.2	0.295017
1.31	0.21	0.309912
1.31	0.22	0.324826
1.31	0.23	0.33976
1.31	0.24	0.354716
1.31	0.25	0.369692
1.31	0.26	0.384691
1.31	0.27	0.399712
1.31	0.28	0.414755
1.31	0.29	0.429822
1.31	0.3	0.444912
1.31	0.31	0.460025
1.31	0.32	0.475162
1.31	0.33	0.490323
1.31	0.34	0.505508
1.31	0.35	0.520717
1.31	0.36	0.53595
1.31	0.37	0.551206
1.31	0.38	0.566487
1.31	0.39	0.581791
1.31	0.4	0.597118
1.31	0.41	0.612468
1.31	0.42	0.62784
1.31	0.43	0.643235
1.31	0.44	0.658651
1.31	0.45	0.674088
1.31	0.46	0.689546
1.31	0.47	0.705023
1.31	0.48	0.720519
1.31	0.49	0.736034
1.31	0.5	0.751565
1.31	0.51	0.767113
1.31	0.52	0.782676
1.31	0.53	0.798254
1.31	0.54	0.813845
1.31	0.55	0.829447
1.31	0.56	0.84506
1.31	0.57	0.860683
1.31	0.58	0.876313
1.31	0.59	0.89195
1.31	0.6	0.907592
1.31	0.61	0.923238
1.31	0.62	0.938885
1.31	0.63	0.954532
1.31	0.64	0.970178
1.31	0.65	0.98582
1.31	0.66	1.00146
1.31	0.67	1.01709
1.31	0.68	1.03271
1.31	0.69	1.04832
1.31	0.7	1.06391
1.31	0.71	1.07949
1.31	0.72	1.09505
1.31	0.73	1.1106
1.31	0.74	1.12612
1.31	0.75	1.14161
1.31	0.76	1.15708
1.31	0.77	1.17252
1.31	0.78	1.18792
1.31	0.79	1.20329
1.31	0.8	1.21863
1.31	0.81	1.23392
1.31	0.82	1.24917
1.31	0.83	1.26437
1.31	0.84	1.27953
1.31	0.85	1.29464
1.31	0.86	1.30969
1.31	0.87	1.32468
1.31	0.88	1.33962
1.31	0.89	1.35449
1.31	0.9	1.36929
1.31	0.91	1.38403
1.31	0.92	1.39869
1.31	0.93	1.41328
1.31	0.94	1.4278
1.31	0.95	1.44223
1.31	0.96	1.45658
1.31	0.97	1.47089
1.31	0.98	1.48529
1.31	0.99	1.50054
1.31	1	1.52033
1.32	0	0
1.32	0.01	0.0147972
1.32	0.02	0.0295955
1.32	0.03	0.0443961
1.32	0.04	0.0592002
1.32	0.05	0.0740089
1.32	0.06	0.0888233
1.32	0.07	0.103645
1.32	0.08	0.118474
1.32	0.09	0.133312
1.32	0.1	0.148161
1.32	0.11	0.16302
1.32	0.12	0.177892
1.32	0.13	0.192777
1.32	0.14	0.207677
1.32	0.15	0.222591
1.32	0.16	0.237522
1.32	0.17	0.25247
1.32	0.18	0.267435
1.32	0.19	0.282419
1.32	0.2	0.297423
1.32	0.21	0.312447
1.32	0.22	0.327491
1.32	0.23	0.342558
1.32	0.24	0.357646
1.32	0.25	0.372758
1.32	0.26	0.387892
1.32	0.27	0.403051
1.32	0.28	0.418233
1.32	0.29	0.43344
1.32	0.3	0.448672
1.32	0.31	0.46393
1.32	0.32	0.479212
1.32	0.33	0.494521
1.32	0.34	0.509855
1.32	0.35	0.525214
1.32	0.36	0.5406
1.32	0.37	0.556011
1.32	0.38	0.571448
1.32	0.39	0.58691
1.32	0.4	0.602397
1.32	0.41	0.617909
1.32	0.42	0.633446
1.32	0.43	0.649006
1.32	0.44	0.66459
1.32	0.45	0.680198
1.32	0.46	0.695827
1.32	0.47	0.711478
1.32	0.48	0.727151
1.32	0.49	0.742843
1.32	0.5	0.758555
1.32	0.51	0.774285
1.32	0.52	0.790032
1.32	0.53	0.805796
1.32	0.54	0.821574
1.32	0.55	0.837367
1.32	0.56	0.853172
1.32	0.57	0.868989
1.32	0.58	0.884816
1.32	0.59	0.900651
1.32	0.6	0.916493
1.32	0.61	0.932341
1.32	0.62	0.948192
1.32	0.63	0.964045
1.32	0.64	0.979899
1.32	0.65	0.995751
1.32	0.66	1.0116
1.32	0.67	1.02744
1.32	0.68	1.04328
1.32	0.69	1.0591
1.32	0.7	1.07492
1.32	0.71	1.09072
1.32	0.72	1.1065
1.32	0.73	1.12227
1.32	0.74	1.13801
1.32	0.75	1.15374
1.32	0.76	1.16943
1.32	0.77	1.1851
1.32	0.78	1.20074
1.32	0.79	1.21634
1.32	0.8	1.23191
1.32	0.81	1.24744
1.32	0.82	1.26292
1.32	0.83	1.27837
1.32	0.84	1.29376
1.32	0.85	1.30911
1.32	0.86	1.3244
1.32	0.87	1.33963
1.32	0.88	1.35481
1.32	0.89	1.36993
1.32	0.9	1.38498
1.32	0.91	1.39996
1.32	0.92	1.41487
1.32	0.93	1.4297
1.32	0.94	1.44446
1.32	0.95	1.45913
1.32	0.96	1.47371
1.32	0.97	1.48812
1.32	0.98	1.50211
1.32	0.99	1.51434
1.32	1	1.51852
1.33	0	0
1.33	0.01	0.014912
1.33	0.02	0.0298253
1.33	0.03	0.044741
1.33	0.04	0.0596604
1.33	0.05	0.0745846
1.33	0.06	0.0895149
1.33	0.07	0.104453
1.33	0.08	0.119399
1.33	0.09	0.134354
1.33	0.1	0.149321
1.33	0.11	0.164299
1.33	0.12	0.17929
1.33	0.13	0.194295
1.33	0.14	0.209316
1.33	0.15	0.224352
1.33	0.16	0.239405
1.33	0.17	0.254477
1.33	0.18	0.269567
1.33	0.19	0.284678
1.33	0.2	0.299809
1.33	0.21	0.314961
1.33	0.22	0.330136
1.33	0.23	0.345333
1.33	0.24	0.360554
1.33	0.25	0.3758
1.33	0.26	0.39107
1.33	0.27	0.406365
1.33	0.28	0.421687
1.33	0.29	0.437034
1.33	0.3	0.452408
1.33	0.31	0.467809
1.33	0.32	0.483237
1.33	0.33	0.498693
1.33	0.34	0.514176
1.33	0.35	0.529686
1.33	0.36	0.545224
1.33	0.37	0.56079
1.33	0.38	0.576383
1.33	0.39	0.592004
1.33	0.4	0.607652
1.33	0.41	0.623326
1.33	0.42	0.639027
1.33	0.43	0.654754
1.33	0.44	0.670507
1.33	0.45	0.686285
1.33	0.46	0.702087
1.33	0.47	0.717913
1.33	0.48	0.733762
1.33	0.49	0.749633
1.33	0.5	0.765526
1.33	0.51	0.781439
1.33	0.52	0.797371
1.33	0.53	0.813322
1.33	0.54	0.82929
1.33	0.55	0.845274
1.33	0.56	0.861273
1.33	0.57	0.877285
1.33	0.58	0.89331
1.33	0.59	0.909345
1.33	0.6	0.925389
1.33	0.61	0.94144
1.33	0.62	0.957497
1.33	0.63	0.973558
1.33	0.64	0.989622
1.33	0.65	1.00569
1.33	0.66	1.02175
1.33	0.67	1.03781
1.33	0.68	1.05386
1.33	0.69	1.0699
1.33	0.7	1.08594
1.33	0.71	1.10196
1.33	0.72	1.11797
1.33	0.73	1.13396
1.33	0.74	1.14994
1.33	0.75	1.16589
1.33	0.76	1.18181
1.33	0.77	1.19772
1.33	0.78	1.21359
1.33	0.79	1.22942
1.33	0.8	1.24523
1.33	0.81	1.261
1.33	0.82	1.27672
1.33	0.83	1.2924
1.33	0.84	1.30804
1.33	0.85	1.32363
1.33	0.86	1.33916
1.33	0.87	1.35465
1.33	0.88	1.37007
1.33	0.89	1.38543
1.33	0.9	1.40073
1.33	0.91	1.41595
1.33	0.92	1.43111
1.33	0.93	1.4462
1.33	0.94	1.46121
1.33	0.95	1.47613
1.33	0.96	1.49096
1.33	0.97	1.50567
1.33	0.98	1.52011
1.33	0.99	1.53351
1.33	1	1.54218
1.34	0	0
1.34	0.01	0.0150257
1.34	0.02	0.0300527
1.34	0.03	0.0450822
1.34	0.04	0.0601157
1.34	0.05	0.0751543
1.34	0.06	0.0901993
1.34	0.07	0.105252
1.34	0.08	0.120314
1.34	0.09	0.135385
1.34	0.1	0.150469
1.34	0.11	0.165564
1.34	0.12	0.180674
1.34	0.13	0.195798
1.34	0.14	0.210938
1.34	0.15	0.226096
1.34	0.16	0.241271
1.34	0.17	0.256465
1.34	0.18	0.27168
1.34	0.19	0.286915
1.34	0.2	0.302173
1.34	0.21	0.317453
1.34	0.22	0.332757
1.34	0.23	0.348085
1.34	0.24	0.363438
1.34	0.25	0.378817
1.34	0.26	0.394222
1.34	0.27	0.409654
1.34	0.28	0.425114
1.34	0.29	0.440601
1.34	0.3	0.456117
1.34	0.31	0.471661
1.34	0.32	0.487235
1.34	0.33	0.502837
1.34	0.34	0.518469
1.34	0.35	0.53413
1.34	0.36	0.549821
1.34	0.37	0.565542
1.34	0.38	0.581292
1.34	0.39	0.597071
1.34	0.4	0.612879
1.34	0.41	0.628717
1.34	0.42	0.644583
1.34	0.43	0.660477
1.34	0.44	0.676398
1.34	0.45	0.692347
1.34	0.46	0.708323
1.34	0.47	0.724324
1.34	0.48	0.740351
1.34	0.49	0.756402
1.34	0.5	0.772476
1.34	0.51	0.788573
1.34	0.52	0.804692
1.34	0.53	0.820831
1.34	0.54	0.83699
1.34	0.55	0.853167
1.34	0.56	0.869361
1.34	0.57	0.88557
1.34	0.58	0.901793
1.34	0.59	0.91803
1.34	0.6	0.934277
1.34	0.61	0.950534
1.34	0.62	0.966798
1.34	0.63	0.983069
1.34	0.64	0.999344
1.34	0.65	1.01562
1.34	0.66	1.0319
1.34	0.67	1.04818
1.34	0.68	1.06445
1.34	0.69	1.08071
1.34	0.7	1.09697
1.34	0.71	1.11322
1.34	0.72	1.12946
1.34	0.73	1.14568
1.34	0.74	1.16188
1.34	0.75	1.17806
1.34	0.76	1.19422
1.34	0.77	1.21036
1.34	0.78	1.22647
1.34	0.79	1.24254
1.34	0.8	1.25859
1.34	0.81	1.27459
1.34	0.82	1.29056
1.34	0.83	1.30649
1.34	0.84	1.32237
1.34	0.85	1.3382
1.34	0.86	1.35399
1.34	0.87	1.36971
1.34	0.88	1.38539
1.34	0.89	1.401
1.34	0.9	1.41654
1.34	0.91	1.43202
1.34	0.92	1.44743
1.34	0.93	1.46277
1.34	0.94	1.47803
1.34	0.95	1.49322
1.34	0.96	1.50833
1.34	0.97	1.52344
1.34	0.98	1.53881
1.34	0.99	1.5558
1.34	1	1.58095
1.35	0	0
1.35	0.01	0.015138
1.35	0.02	0.0302774
1.35	0.03	0.0454196
1.35	0.04	0.0605658
1.35	0.05	0.0757175
1.35	0.06	0.0908759
1.35	0.07	0.106043
1.35	0.08	0.121219
1.35	0.09	0.136405
1.35	0.1	0.151604
1.35	0.11	0.166816
1.35	0.12	0.182043
1.35	0.13	0.197285
1.35	0.14	0.212544
1.35	0.15	0.227821
1.35	0.16	0.243117
1.35	0.17	0.258434
1.35	0.18	0.273771
1.35	0.19	0.289131
1.35	0.2	0.304514
1.35	0.21	0.319921
1.35	0.22	0.335353
1.35	0.23	0.350811
1.35	0.24	0.366296
1.35	0.25	0.381808
1.35	0.26	0.397347
1.35	0.27	0.412915
1.35	0.28	0.428513
1.35	0.29	0.44414
1.35	0.3	0.459797
1.35	0.31	0.475484
1.35	0.32	0.491203
1.35	0.33	0.506952
1.35	0.34	0.522733
1.35	0.35	0.538545
1.35	0.36	0.554389
1.35	0.37	0.570264
1.35	0.38	0.586171
1.35	0.39	0.602109
1.35	0.4	0.618078
1.35	0.41	0.634079
1.35	0.42	0.65011
1.35	0.43	0.666171
1.35	0.44	0.682262
1.35	0.45	0.698383
1.35	0.46	0.714532
1.35	0.47	0.73071
1.35	0.48	0.746915
1.35	0.49	0.763147
1.35	0.5	0.779404
1.35	0.51	0.795686
1.35	0.52	0.811992
1.35	0.53	0.828321
1.35	0.54	0.844671
1.35	0.55	0.861042
1.35	0.56	0.877432
1.35	0.57	0.89384
1.35	0.58	0.910264
1.35	0.59	0.926703
1.35	0.6	0.943155
1.35	0.61	0.959619
1.35	0.62	0.976093
1.35	0.63	0.992575
1.35	0.64	1.00906
1.35	0.65	1.02556
1.35	0.66	1.04205
1.35	0.67	1.05855
1.35	0.68	1.07504
1.35	0.69	1.09153
1.35	0.7	1.10802
1.35	0.71	1.12449
1.35	0.72	1.14096
1.35	0.73	1.15741
1.35	0.74	1.17384
1.35	0.75	1.19026
1.35	0.76	1.20666
1.35	0.77	1.22303
1.35	0.78	1.23938
1.35	0.79	1.2557
1.35	0.8	1.27198
1.35	0.81	1.28823
1.35	0.82	1.30445
1.35	0.83	1.32062
1.35	0.84	1.33675
1.35	0.85	1.35283
1.35	0.86	1.36886
1.35	0.87	1.38484
1.35	0.88	1.40076
1.35	0.89	1.41663
1.35	0.9	1.43243
1.35	0.91	1.44816
1.35	0.92	1.46383
1.35	0.93	1.47942
1.35	0.94	1.49494
1.35	0.95	1.51038
1.35	0.96	1.52574
1.35	0.97	1.54106
1.35	0.98	1.55647
1.35	0.99	1.57272
1.35	1	1.5935
1.36	0	0
1.36	0.01	0.015249
1.36	0.02	0.0304995
1.36	0.03	0.0457528
1.36	0.04	0.0610105
1.36	0.05	0.0762739
1.36	0.06	0.0915445
1.36	0.07	0.106824
1.36	0.08	0.122113
1.36	0.09	0.137413
1.36	0.1	0.152726
1.36	0.11	0.168053
1.36	0.12	0.183396
1.36	0.13	0.198755
1.36	0.14	0.214131
1.36	0.15	0.229527
1.36	0.16	0.244943
1.36	0.17	0.260381
1.36	0.18	0.27584
1.36	0.19	0.291324
1.36	0.2	0.306832
1.36	0.21	0.322365
1.36	0.22	0.337924
1.36	0.23	0.353511
1.36	0.24	0.369126
1.36	0.25	0.38477
1.36	0.26	0.400444
1.36	0.27	0.416148
1.36	0.28	0.431882
1.36	0.29	0.447648
1.36	0.3	0.463446
1.36	0.31	0.479277
1.36	0.32	0.49514
1.36	0.33	0.511036
1.36	0.34	0.526965
1.36	0.35	0.542928
1.36	0.36	0.558925
1.36	0.37	0.574955
1.36	0.38	0.591018
1.36	0.39	0.607116
1.36	0.4	0.623246
1.36	0.41	0.63941
1.36	0.42	0.655607
1.36	0.43	0.671836
1.36	0.44	0.688097
1.36	0.45	0.70439
1.36	0.46	0.720714
1.36	0.47	0.737069
1.36	0.48	0.753453
1.36	0.49	0.769866
1.36	0.5	0.786307
1.36	0.51	0.802775
1.36	0.52	0.81927
1.36	0.53	0.835789
1.36	0.54	0.852333
1.36	0.55	0.868899
1.36	0.56	0.885486
1.36	0.57	0.902094
1.36	0.58	0.91872
1.36	0.59	0.935364
1.36	0.6	0.952022
1.36	0.61	0.968695
1.36	0.62	0.98538
1.36	0.63	1.00208
1.36	0.64	1.01878
1.36	0.65	1.03549
1.36	0.66	1.0522
1.36	0.67	1.06892
1.36	0.68	1.08564
1.36	0.69	1.10236
1.36	0.7	1.11907
1.36	0.71	1.13577
1.36	0.72	1.15247
1.36	0.73	1.16915
1.36	0.74	1.18583
1.36	0.75	1.20248
1.36	0.76	1.21912
1.36	0.77	1.23573
1.36	0.78	1.25232
1.36	0.79	1.26888
1.36	0.8	1.28541
1.36	0.81	1.30191
1.36	0.82	1.31837
1.36	0.83	1.33479
1.36	0.84	1.35117
1.36	0.85	1.36751
1.36	0.86	1.38379
1.36	0.87	1.40002
1.36	0.88	1.4162
1.36	0.89	1.43232
1.36	0.9	1.44838
1.36	0.91	1.46437
1.36	0.92	1.4803
1.36	0.93	1.49615
1.36	0.94	1.51192
1.36	0.95	1.52762
1.36	0.96	1.54321
1.36	0.97	1.55864
1.36	0.98	1.57362
1.36	0.99	1.58672
1.36	1	1.59116
1.37	0	0
1.37	0.01	0.0153586
1.37	0.02	0.0307186
1.37	0.03	0.0460817
1.37	0.04	0.0614494
1.37	0.05	0.0768231
1.37	0.06	0.0922044
1.37	0.07	0.107595
1.37	0.08	0.122996
1.37	0.09	0.138408
1.37	0.1	0.153834
1.37	0.11	0.169275
1.37	0.12	0.184732
1.37	0.13	0.200207
1.37	0.14	0.2157
1.37	0.15	0.231213
1.37	0.16	0.246748
1.37	0.17	0.262305
1.37	0.18	0.277886
1.37	0.19	0.293492
1.37	0.2	0.309123
1.37	0.21	0.324782
1.37	0.22	0.340468
1.37	0.23	0.356183
1.37	0.24	0.371928
1.37	0.25	0.387704
1.37	0.26	0.40351
1.37	0.27	0.419349
1.37	0.28	0.435221
1.37	0.29	0.451125
1.37	0.3	0.467064
1.37	0.31	0.483036
1.37	0.32	0.499044
1.37	0.33	0.515086
1.37	0.34	0.531164
1.37	0.35	0.547278
1.37	0.36	0.563427
1.37	0.37	0.579612
1.37	0.38	0.595832
1.37	0.39	0.612089
1.37	0.4	0.628381
1.37	0.41	0.644708
1.37	0.42	0.661071
1.37	0.43	0.677468
1.37	0.44	0.6939
1.37	0.45	0.710366
1.37	0.46	0.726866
1.37	0.47	0.743398
1.37	0.48	0.759962
1.37	0.49	0.776557
1.37	0.5	0.793183
1.37	0.51	0.809838
1.37	0.52	0.826522
1.37	0.53	0.843233
1.37	0.54	0.859971
1.37	0.55	0.876734
1.37	0.56	0.89352
1.37	0.57	0.910329
1.37	0.58	0.927159
1.37	0.59	0.944008
1.37	0.6	0.960876
1.37	0.61	0.977759
1.37	0.62	0.994657
1.37	0.63	1.01157
1.37	0.64	1.02849
1.37	0.65	1.04542
1.37	0.66	1.06236
1.37	0.67	1.0793
1.37	0.68	1.09624
1.37	0.69	1.11318
1.37	0.7	1.13013
1.37	0.71	1.14706
1.37	0.72	1.16399
1.37	0.73	1.18092
1.37	0.74	1.19782
1.37	0.75	1.21472
1.37	0.76	1.2316
1.37	0.77	1.24845
1.37	0.78	1.26529
1.37	0.79	1.28209
1.37	0.8	1.29887
1.37	0.81	1.31562
1.37	0.82	1.33233
1.37	0.83	1.34901
1.37	0.84	1.36564
1.37	0.85	1.38223
1.37	0.86	1.39877
1.37	0.87	1.41526
1.37	0.88	1.4317
1.37	0.89	1.44808
1.37	0.9	1.4644
1.37	0.91	1.48065
1.37	0.92	1.49683
1.37	0.93	1.51295
1.37	0.94	1.52899
1.37	0.95	1.54495
1.37	0.96	1.56082
1.37	0.97	1.57656
1.37	0.98	1.59203
1.37	0.99	1.60648
1.37	1	1.61621
1.38	0	0
1.38	0.01	0.0154666
1.38	0.02	0.0309347
1.38	0.03	0.0464061
1.38	0.04	0.0618823
1.38	0.05	0.0773648
1.38	0.06	0.0928553
1.38	0.07	0.108355
1.38	0.08	0.123866
1.38	0.09	0.13939
1.38	0.1	0.154928
1.38	0.11	0.170481
1.38	0.12	0.186051
1.38	0.13	0.20164
1.38	0.14	0.217249
1.38	0.15	0.232878
1.38	0.16	0.24853
1.38	0.17	0.264206
1.38	0.18	0.279907
1.38	0.19	0.295634
1.38	0.2	0.311388
1.38	0.21	0.327171
1.38	0.22	0.342983
1.38	0.23	0.358826
1.38	0.24	0.3747
1.38	0.25	0.390606
1.38	0.26	0.406545
1.38	0.27	0.422518
1.38	0.28	0.438525
1.38	0.29	0.454568
1.38	0.3	0.470647
1.38	0.31	0.486761
1.38	0.32	0.502913
1.38	0.33	0.519101
1.38	0.34	0.535328
1.38	0.35	0.551591
1.38	0.36	0.567893
1.38	0.37	0.584233
1.38	0.38	0.600611
1.38	0.39	0.617026
1.38	0.4	0.63348
1.38	0.41	0.649971
1.38	0.42	0.6665
1.38	0.43	0.683067
1.38	0.44	0.69967
1.38	0.45	0.716309
1.38	0.46	0.732984
1.38	0.47	0.749694
1.38	0.48	0.766439
1.38	0.49	0.783218
1.38	0.5	0.800029
1.38	0.51	0.816873
1.38	0.52	0.833747
1.38	0.53	0.850651
1.38	0.54	0.867584
1.38	0.55	0.884545
1.38	0.56	0.901532
1.38	0.57	0.918543
1.38	0.58	0.935578
1.38	0.59	0.952635
1.38	0.6	0.969712
1.38	0.61	0.986808
1.38	0.62	1.00392
1.38	0.63	1.02105
1.38	0.64	1.03819
1.38	0.65	1.05534
1.38	0.66	1.0725
1.38	0.67	1.08967
1.38	0.68	1.10684
1.38	0.69	1.12401
1.38	0.7	1.14119
1.38	0.71	1.15836
1.38	0.72	1.17553
1.38	0.73	1.19269
1.38	0.74	1.20984
1.38	0.75	1.22697
1.38	0.76	1.2441
1.38	0.77	1.2612
1.38	0.78	1.27828
1.38	0.79	1.29534
1.38	0.8	1.31237
1.38	0.81	1.32937
1.38	0.82	1.34634
1.38	0.83	1.36327
1.38	0.84	1.38016
1.38	0.85	1.397
1.38	0.86	1.4138
1.38	0.87	1.43056
1.38	0.88	1.44725
1.38	0.89	1.4639
1.38	0.9	1.48048
1.38	0.91	1.49699
1.38	0.92	1.51345
1.38	0.93	1.52983
1.38	0.94	1.54613
1.38	0.95	1.56236
1.38	0.96	1.57853
1.38	0.97	1.59469
1.38	0.98	1.61115
1.38	0.99	1.62936
1.38	1	1.65636
1.39	0	0
1.39	0.01	0.015573
1.39	0.02	0.0311476
1.39	0.03	0.0467257
1.39	0.04	0.0623088
1.39	0.05	0.0778986
1.39	0.06	0.0934967
1.39	0.07	0.109105
1.39	0.08	0.124725
1.39	0.09	0.140358
1.39	0.1	0.156006
1.39	0.11	0.17167
1.39	0.12	0.187352
1.39	0.13	0.203054
1.39	0.14	0.218776
1.39	0.15	0.234521
1.39	0.16	0.250289
1.39	0.17	0.266082
1.39	0.18	0.281902
1.39	0.19	0.297749
1.39	0.2	0.313625
1.39	0.21	0.329531
1.39	0.22	0.345468
1.39	0.23	0.361437
1.39	0.24	0.377438
1.39	0.25	0.393474
1.39	0.26	0.409545
1.39	0.27	0.425652
1.39	0.28	0.441795
1.39	0.29	0.457975
1.39	0.3	0.474193
1.39	0.31	0.49045
1.39	0.32	0.506745
1.39	0.33	0.523079
1.39	0.34	0.539453
1.39	0.35	0.555867
1.39	0.36	0.572321
1.39	0.37	0.588816
1.39	0.38	0.605351
1.39	0.39	0.621926
1.39	0.4	0.638541
1.39	0.41	0.655197
1.39	0.42	0.671893
1.39	0.43	0.688628
1.39	0.44	0.705402
1.39	0.45	0.722216
1.39	0.46	0.739067
1.39	0.47	0.755957
1.39	0.48	0.772883
1.39	0.49	0.789846
1.39	0.5	0.806844
1.39	0.51	0.823876
1.39	0.52	0.840942
1.39	0.53	0.858041
1.39	0.54	0.87517
1.39	0.55	0.89233
1.39	0.56	0.909518
1.39	0.57	0.926734
1.39	0.58	0.943976
1.39	0.59	0.961242
1.39	0.6	0.978531
1.39	0.61	0.99584
1.39	0.62	1.01317
1.39	0.63	1.03052
1.39	0.64	1.04788
1.39	0.65	1.06525
1.39	0.66	1.08264
1.39	0.67	1.10003
1.39	0.68	1.11744
1.39	0.69	1.13484
1.39	0.7	1.15225
1.39	0.71	1.16966
1.39	0.72	1.18707
1.39	0.73	1.20447
1.39	0.74	1.22186
1.39	0.75	1.23925
1.39	0.76	1.25661
1.39	0.77	1.27397
1.39	0.78	1.2913
1.39	0.79	1.30861
1.39	0.8	1.32589
1.39	0.81	1.34315
1.39	0.82	1.36037
1.39	0.83	1.37756
1.39	0.84	1.39471
1.39	0.85	1.41182
1.39	0.86	1.42889
1.39	0.87	1.4459
1.39	0.88	1.46286
1.39	0.89	1.47977
1.39	0.9	1.49662
1.39	0.91	1.51341
1.39	0.92	1.53013
1.39	0.93	1.54678
1.39	0.94	1.56335
1.39	0.95	1.57985
1.39	0.96	1.59628
1.39	0.97	1.61266
1.39	0.98	1.62913
1.39	0.99	1.64644
1.39	1	1.66827
1.4	0	0
1.4	0.01	0.0156777
1.4	0.02	0.0313572
1.4	0.03	0.0470402
1.4	0.04	0.0627285
1.4	0.05	0.0784239
1.4	0.06	0.0941281
1.4	0.07	0.109843
1.4	0.08	0.12557
1.4	0.09	0.141311
1.4	0.1	0.157067
1.4	0.11	0.172841
1.4	0.12	0.188633
1.4	0.13	0.204446
1.4	0.14	0.220281
1.4	0.15	0.236139
1.4	0.16	0.252022
1.4	0.17	0.267932
1.4	0.18	0.283869
1.4	0.19	0.299835
1.4	0.2	0.315832
1.4	0.21	0.331859
1.4	0.22	0.34792
1.4	0.23	0.364014
1.4	0.24	0.380143
1.4	0.25	0.396308
1.4	0.26	0.41251
1.4	0.27	0.42875
1.4	0.28	0.445027
1.4	0.29	0.461345
1.4	0.3	0.477701
1.4	0.31	0.494099
1.4	0.32	0.510537
1.4	0.33	0.527017
1.4	0.34	0.543539
1.4	0.35	0.560103
1.4	0.36	0.576709
1.4	0.37	0.593359
1.4	0.38	0.610051
1.4	0.39	0.626785
1.4	0.4	0.643563
1.4	0.41	0.660383
1.4	0.42	0.677245
1.4	0.43	0.69415
1.4	0.44	0.711096
1.4	0.45	0.728084
1.4	0.46	0.745113
1.4	0.47	0.762182
1.4	0.48	0.779291
1.4	0.49	0.796438
1.4	0.5	0.813623
1.4	0.51	0.830846
1.4	0.52	0.848105
1.4	0.53	0.865398
1.4	0.54	0.882726
1.4	0.55	0.900086
1.4	0.56	0.917478
1.4	0.57	0.934899
1.4	0.58	0.952349
1.4	0.59	0.969826
1.4	0.6	0.987328
1.4	0.61	1.00485
1.4	0.62	1.0224
1.4	0.63	1.03997
1.4	0.64	1.05755
1.4	0.65	1.07515
1.4	0.66	1.09277
1.4	0.67	1.11039
1.4	0.68	1.12803
1.4	0.69	1.14567
1.4	0.7	1.16332
1.4	0.71	1.18097
1.4	0.72	1.19862
1.4	0.73	1.21626
1.4	0.74	1.2339
1.4	0.75	1.25153
1.4	0.76	1.26915
1.4	0.77	1.28675
1.4	0.78	1.30434
1.4	0.79	1.3219
1.4	0.8	1.33945
1.4	0.81	1.35696
1.4	0.82	1.37445
1.4	0.83	1.3919
1.4	0.84	1.40931
1.4	0.85	1.42669
1.4	0.86	1.44402
1.4	0.87	1.4613
1.4	0.88	1.47853
1.4	0.89	1.49571
1.4	0.9	1.51283
1.4	0.91	1.52989
1.4	0.92	1.54688
1.4	0.93	1.5638
1.4	0.94	1.58065
1.4	0.95	1.59742
1.4	0.96	1.61409
1.4	0.97	1.63059
1.4	0.98	1.64661
1.4	0.99	1.66061
1.4	1	1.66529
1.41	0	0
1.41	0.01	0.0157807
1.41	0.02	0.0315632
1.41	0.03	0.0473494
1.41	0.04	0.0631413
1.41	0.05	0.0789405
1.41	0.06	0.094749
1.41	0.07	0.110569
1.41	0.08	0.126401
1.41	0.09	0.142248
1.41	0.1	0.158111
1.41	0.11	0.173993
1.41	0.12	0.189894
1.41	0.13	0.205817
1.41	0.14	0.221763
1.41	0.15	0.237733
1.41	0.16	0.25373
1.41	0.17	0.269754
1.41	0.18	0.285807
1.41	0.19	0.301891
1.41	0.2	0.318007
1.41	0.21	0.334155
1.41	0.22	0.350339
1.41	0.23	0.366557
1.41	0.24	0.382813
1.41	0.25	0.399106
1.41	0.26	0.415437
1.41	0.27	0.431809
1.41	0.28	0.448221
1.41	0.29	0.464674
1.41	0.3	0.481169
1.41	0.31	0.497707
1.41	0.32	0.514288
1.41	0.33	0.530913
1.41	0.34	0.547582
1.41	0.35	0.564296
1.41	0.36	0.581055
1.41	0.37	0.597859
1.41	0.38	0.614708
1.41	0.39	0.631602
1.41	0.4	0.648541
1.41	0.41	0.665526
1.41	0.42	0.682556
1.41	0.43	0.69963
1.41	0.44	0.716749
1.41	0.45	0.733912
1.41	0.46	0.751118
1.41	0.47	0.768368
1.41	0.48	0.785659
1.41	0.49	0.802992
1.41	0.5	0.820366
1.41	0.51	0.83778
1.41	0.52	0.855232
1.41	0.53	0.872722
1.41	0.54	0.890249
1.41	0.55	0.907811
1.41	0.56	0.925407
1.41	0.57	0.943036
1.41	0.58	0.960695
1.41	0.59	0.978385
1.41	0.6	0.996102
1.41	0.61	1.01384
1.41	0.62	1.03161
1.41	0.63	1.0494
1.41	0.64	1.06721
1.41	0.65	1.08504
1.41	0.66	1.10289
1.41	0.67	1.12075
1.41	0.68	1.13862
1.41	0.69	1.1565
1.41	0.7	1.17438
1.41	0.71	1.19227
1.41	0.72	1.21017
1.41	0.73	1.22806
1.41	0.74	1.24595
1.41	0.75	1.26383
1.41	0.76	1.2817
1.41	0.77	1.29956
1.41	0.78	1.3174
1.41	0.79	1.33522
1.41	0.8	1.35303
1.41	0.81	1.3708
1.41	0.82	1.38855
1.41	0.83	1.40627
1.41	0.84	1.42395
1.41	0.85	1.44159
1.41	0.86	1.45919
1.41	0.87	1.47675
1.41	0.88	1.49425
1.41	0.89	1.5117
1.41	0.9	1.5291
1.41	0.91	1.54643
1.41	0.92	1.5637
1.41	0.93	1.5809
1.41	0.94	1.59802
1.41	0.95	1.61507
1.41	0.96	1.63204
1.41	0.97	1.64888
1.41	0.98	1.66545
1.41	0.99	1.681
1.41	1	1.69184
1.42	0	0
1.42	0.01	0.0158818
1.42	0.02	0.0317655
1.42	0.03	0.0476531
1.42	0.04	0.0635465
1.42	0.05	0.0794478
1.42	0.06	0.0953588
1.42	0.07	0.111281
1.42	0.08	0.127217
1.42	0.09	0.143169
1.42	0.1	0.159138
1.42	0.11	0.175125
1.42	0.12	0.191134
1.42	0.13	0.207164
1.42	0.14	0.22322
1.42	0.15	0.239301
1.42	0.16	0.255409
1.42	0.17	0.271547
1.42	0.18	0.287715
1.42	0.19	0.303915
1.42	0.2	0.320149
1.42	0.21	0.336417
1.42	0.22	0.352722
1.42	0.23	0.369064
1.42	0.24	0.385444
1.42	0.25	0.401864
1.42	0.26	0.418325
1.42	0.27	0.434828
1.42	0.28	0.451373
1.42	0.29	0.467961
1.42	0.3	0.484594
1.42	0.31	0.501272
1.42	0.32	0.517996
1.42	0.33	0.534765
1.42	0.34	0.551581
1.42	0.35	0.568445
1.42	0.36	0.585355
1.42	0.37	0.602313
1.42	0.38	0.619319
1.42	0.39	0.636373
1.42	0.4	0.653475
1.42	0.41	0.670624
1.42	0.42	0.687821
1.42	0.43	0.705066
1.42	0.44	0.722358
1.42	0.45	0.739696
1.42	0.46	0.757081
1.42	0.47	0.774511
1.42	0.48	0.791986
1.42	0.49	0.809506
1.42	0.5	0.827069
1.42	0.51	0.844675
1.42	0.52	0.862322
1.42	0.53	0.88001
1.42	0.54	0.897737
1.42	0.55	0.915502
1.42	0.56	0.933304
1.42	0.57	0.951141
1.42	0.58	0.969012
1.42	0.59	0.986915
1.42	0.6	1.00485
1.42	0.61	1.02281
1.42	0.62	1.0408
1.42	0.63	1.05882
1.42	0.64	1.07685
1.42	0.65	1.09491
1.42	0.66	1.11299
1.42	0.67	1.13108
1.42	0.68	1.14919
1.42	0.69	1.16731
1.42	0.7	1.18544
1.42	0.71	1.20358
1.42	0.72	1.22172
1.42	0.73	1.23986
1.42	0.74	1.258
1.42	0.75	1.27613
1.42	0.76	1.29426
1.42	0.77	1.31238
1.42	0.78	1.33048
1.42	0.79	1.34857
1.42	0.8	1.36663
1.42	0.81	1.38468
1.42	0.82	1.40269
1.42	0.83	1.42068
1.42	0.84	1.43863
1.42	0.85	1.45654
1.42	0.86	1.47442
1.42	0.87	1.49225
1.42	0.88	1.51003
1.42	0.89	1.52775
1.42	0.9	1.54543
1.42	0.91	1.56304
1.42	0.92	1.58059
1.42	0.93	1.59807
1.42	0.94	1.61548
1.42	0.95	1.63282
1.42	0.96	1.65009
1.42	0.97	1.66737
1.42	0.98	1.68498
1.42	0.99	1.70448
1.42	1	1.7335
1.43	0	0
1.43	0.01	0.0159809
1.43	0.02	0.0319638
1.43	0.03	0.0479509
1.43	0.04	0.0639441
1.43	0.05	0.0799454
1.43	0.06	0.095957
1.43	0.07	0.111981
1.43	0.08	0.128019
1.43	0.09	0.144073
1.43	0.1	0.160145
1.43	0.11	0.176237
1.43	0.12	0.19235
1.43	0.13	0.208488
1.43	0.14	0.224651
1.43	0.15	0.240841
1.43	0.16	0.25706
1.43	0.17	0.273309
1.43	0.18	0.28959
1.43	0.19	0.305905
1.43	0.2	0.322256
1.43	0.21	0.338643
1.43	0.22	0.355067
1.43	0.23	0.371531
1.43	0.24	0.388036
1.43	0.25	0.404582
1.43	0.26	0.421171
1.43	0.27	0.437804
1.43	0.28	0.454481
1.43	0.29	0.471205
1.43	0.3	0.487974
1.43	0.31	0.504792
1.43	0.32	0.521657
1.43	0.33	0.53857
1.43	0.34	0.555533
1.43	0.35	0.572545
1.43	0.36	0.589608
1.43	0.37	0.60672
1.43	0.38	0.623883
1.43	0.39	0.641096
1.43	0.4	0.65836
1.43	0.41	0.675675
1.43	0.42	0.69304
1.43	0.43	0.710455
1.43	0.44	0.72792
1.43	0.45	0.745434
1.43	0.46	0.762998
1.43	0.47	0.78061
1.43	0.48	0.798269
1.43	0.49	0.815976
1.43	0.5	0.83373
1.43	0.51	0.851528
1.43	0.52	0.869371
1.43	0.53	0.887258
1.43	0.54	0.905186
1.43	0.55	0.923156
1.43	0.56	0.941165
1.43	0.57	0.959212
1.43	0.58	0.977296
1.43	0.59	0.995416
1.43	0.6	1.01357
1.43	0.61	1.03175
1.43	0.62	1.04997
1.43	0.63	1.06821
1.43	0.64	1.08647
1.43	0.65	1.10477
1.43	0.66	1.12308
1.43	0.67	1.14141
1.43	0.68	1.15976
1.43	0.69	1.17812
1.43	0.7	1.19649
1.43	0.71	1.21488
1.43	0.72	1.23327
1.43	0.73	1.25166
1.43	0.74	1.27005
1.43	0.75	1.28845
1.43	0.76	1.30683
1.43	0.77	1.32521
1.43	0.78	1.34358
1.43	0.79	1.36193
1.43	0.8	1.38026
1.43	0.81	1.39857
1.43	0.82	1.41686
1.43	0.83	1.43512
1.43	0.84	1.45334
1.43	0.85	1.47153
1.43	0.86	1.48968
1.43	0.87	1.50779
1.43	0.88	1.52585
1.43	0.89	1.54386
1.43	0.9	1.56182
1.43	0.91	1.57971
1.43	0.92	1.59754
1.43	0.93	1.61531
1.43	0.94	1.633
1.43	0.95	1.65063
1.43	0.96	1.66817
1.43	0.97	1.68568
1.43	0.98	1.70327
1.43	0.99	1.7217
1.43	1	1.74464
1.44	0	0
1.44	0.01	0.016078
1.44	0.02	0.0321581
1.44	0.03	0.0482425
1.44	0.04	0.0643334
1.44	0.05	0.0804328
1.44	0.06	0.0965429
1.44	0.07	0.112666
1.44	0.08	0.128804
1.44	0.09	0.144958
1.44	0.1	0.161132
1.44	0.11	0.177326
1.44	0.12	0.193544
1.44	0.13	0.209786
1.44	0.14	0.226055
1.44	0.15	0.242352
1.44	0.16	0.25868
1.44	0.17	0.275039
1.44	0.18	0.291432
1.44	0.19	0.307861
1.44	0.2	0.324326
1.44	0.21	0.34083
1.44	0.22	0.357374
1.44	0.23	0.373958
1.44	0.24	0.390586
1.44	0.25	0.407257
1.44	0.26	0.423973
1.44	0.27	0.440735
1.44	0.28	0.457544
1.44	0.29	0.474401
1.44	0.3	0.491307
1.44	0.31	0.508263
1.44	0.32	0.525269
1.44	0.33	0.542326
1.44	0.34	0.559435
1.44	0.35	0.576597
1.44	0.36	0.59381
1.44	0.37	0.611077
1.44	0.38	0.628396
1.44	0.39	0.645769
1.44	0.4	0.663195
1.44	0.41	0.680675
1.44	0.42	0.698208
1.44	0.43	0.715794
1.44	0.44	0.733432
1.44	0.45	0.751123
1.44	0.46	0.768866
1.44	0.47	0.78666
1.44	0.48	0.804505
1.44	0.49	0.8224
1.44	0.5	0.840344
1.44	0.51	0.858337
1.44	0.52	0.876377
1.44	0.53	0.894464
1.44	0.54	0.912595
1.44	0.55	0.93077
1.44	0.56	0.948988
1.44	0.57	0.967247
1.44	0.58	0.985546
1.44	0.59	1.00388
1.44	0.6	1.02226
1.44	0.61	1.04066
1.44	0.62	1.0591
1.44	0.63	1.07757
1.44	0.64	1.09607
1.44	0.65	1.1146
1.44	0.66	1.13315
1.44	0.67	1.15172
1.44	0.68	1.17031
1.44	0.69	1.18892
1.44	0.7	1.20754
1.44	0.71	1.22617
1.44	0.72	1.24481
1.44	0.73	1.26346
1.44	0.74	1.28211
1.44	0.75	1.30076
1.44	0.76	1.31941
1.44	0.77	1.33806
1.44	0.78	1.35669
1.44	0.79	1.37531
1.44	0.8	1.39391
1.44	0.81	1.4125
1.44	0.82	1.43106
1.44	0.83	1.44959
1.44	0.84	1.4681
1.44	0.85	1.48656
1.44	0.86	1.505
1.44	0.87	1.52339
1.44	0.88	1.54173
1.44	0.89	1.56002
1.44	0.9	1.57826
1.44	0.91	1.59645
1.44	0.92	1.61457
1.44	0.93	1.63262
1.44	0.94	1.6506
1.44	0.95	1.66851
1.44	0.96	1.68632
1.44	0.97	1.70395
1.44	0.98	1.72107
1.44	0.99	1.73602
1.44	1	1.74087
1.45	0	0
1.45	0.01	0.0161729
1.45	0.02	0.0323481
1.45	0.03	0.0485277
1.45	0.04	0.0647141
1.45	0.05	0.0809095
1.45	0.06	0.0971161
1.45	0.07	0.113336
1.45	0.08	0.129572
1.45	0.09	0.145825
1.45	0.1	0.162098
1.45	0.11	0.178393
1.45	0.12	0.194712
1.45	0.13	0.211057
1.45	0.14	0.22743
1.45	0.15	0.243833
1.45	0.16	0.260267
1.45	0.17	0.276736
1.45	0.18	0.293239
1.45	0.19	0.309779
1.45	0.2	0.326358
1.45	0.21	0.342978
1.45	0.22	0.359639
1.45	0.23	0.376343
1.45	0.24	0.393092
1.45	0.25	0.409887
1.45	0.26	0.426729
1.45	0.27	0.443619
1.45	0.28	0.460559
1.45	0.29	0.477549
1.45	0.3	0.49459
1.45	0.31	0.511684
1.45	0.32	0.528831
1.45	0.33	0.546031
1.45	0.34	0.563286
1.45	0.35	0.580595
1.45	0.36	0.59796
1.45	0.37	0.61538
1.45	0.38	0.632856
1.45	0.39	0.650389
1.45	0.4	0.667977
1.45	0.41	0.685622
1.45	0.42	0.703323
1.45	0.43	0.72108
1.45	0.44	0.738892
1.45	0.45	0.75676
1.45	0.46	0.774683
1.45	0.47	0.79266
1.45	0.48	0.810691
1.45	0.49	0.828775
1.45	0.5	0.846911
1.45	0.51	0.865099
1.45	0.52	0.883337
1.45	0.53	0.901624
1.45	0.54	0.91996
1.45	0.55	0.938342
1.45	0.56	0.95677
1.45	0.57	0.975243
1.45	0.58	0.993757
1.45	0.59	1.01231
1.45	0.6	1.03091
1.45	0.61	1.04954
1.45	0.62	1.06821
1.45	0.63	1.08691
1.45	0.64	1.10564
1.45	0.65	1.1244
1.45	0.66	1.14319
1.45	0.67	1.16201
1.45	0.68	1.18084
1.45	0.69	1.1997
1.45	0.7	1.21857
1.45	0.71	1.23746
1.45	0.72	1.25635
1.45	0.73	1.27526
1.45	0.74	1.29417
1.45	0.75	1.31309
1.45	0.76	1.332
1.45	0.77	1.35091
1.45	0.78	1.36981
1.45	0.79	1.3887
1.45	0.8	1.40758
1.45	0.81	1.42644
1.45	0.82	1.44528
1.45	0.83	1.4641
1.45	0.84	1.48288
1.45	0.85	1.50163
1.45	0.86	1.52035
1.45	0.87	1.53903
1.45	0.88	1.55766
1.45	0.89	1.57624
1.45	0.9	1.59477
1.45	0.91	1.61324
1.45	0.92	1.63166
1.45	0.93	1.65
1.45	0.94	1.66828
1.45	0.95	1.68648
1.45	0.96	1.7046
1.45	0.97	1.7226
1.45	0.98	1.74033
1.45	0.99	1.75706
1.45	1	1.76909
1.46	0	0
1.46	0.01	0.0162656
1.46	0.02	0.0325335
1.46	0.03	0.0488062
1.46	0.04	0.0650859
1.46	0.05	0.0813751
1.46	0.06	0.0976759
1.46	0.07	0.113991
1.46	0.08	0.130322
1.46	0.09	0.146672
1.46	0.1	0.163042
1.46	0.11	0.179436
1.46	0.12	0.195855
1.46	0.13	0.212301
1.46	0.14	0.228776
1.46	0.15	0.245282
1.46	0.16	0.261822
1.46	0.17	0.278397
1.46	0.18	0.295009
1.46	0.19	0.311659
1.46	0.2	0.32835
1.46	0.21	0.345084
1.46	0.22	0.361861
1.46	0.23	0.378683
1.46	0.24	0.395552
1.46	0.25	0.41247
1.46	0.26	0.429436
1.46	0.27	0.446454
1.46	0.28	0.463523
1.46	0.29	0.480645
1.46	0.3	0.497821
1.46	0.31	0.515052
1.46	0.32	0.532338
1.46	0.33	0.549681
1.46	0.34	0.567081
1.46	0.35	0.584538
1.46	0.36	0.602054
1.46	0.37	0.619628
1.46	0.38	0.63726
1.46	0.39	0.654952
1.46	0.4	0.672703
1.46	0.41	0.690513
1.46	0.42	0.708382
1.46	0.43	0.72631
1.46	0.44	0.744297
1.46	0.45	0.762342
1.46	0.46	0.780445
1.46	0.47	0.798606
1.46	0.48	0.816823
1.46	0.49	0.835097
1.46	0.5	0.853426
1.46	0.51	0.87181
1.46	0.52	0.890247
1.46	0.53	0.908737
1.46	0.54	0.927278
1.46	0.55	0.945869
1.46	0.56	0.964508
1.46	0.57	0.983195
1.46	0.58	1.00193
1.46	0.59	1.0207
1.46	0.6	1.03952
1.46	0.61	1.05838
1.46	0.62	1.07728
1.46	0.63	1.09621
1.46	0.64	1.11518
1.46	0.65	1.13418
1.46	0.66	1.15321
1.46	0.67	1.17227
1.46	0.68	1.19136
1.46	0.69	1.21046
1.46	0.7	1.22959
1.46	0.71	1.24873
1.46	0.72	1.26789
1.46	0.73	1.28705
1.46	0.74	1.30623
1.46	0.75	1.32541
1.46	0.76	1.34459
1.46	0.77	1.36377
1.46	0.78	1.38295
1.46	0.79	1.40211
1.46	0.8	1.42127
1.46	0.81	1.44041
1.46	0.82	1.45953
1.46	0.83	1.47863
1.46	0.84	1.4977
1.46	0.85	1.51674
1.46	0.86	1.53574
1.46	0.87	1.55471
1.46	0.88	1.57363
1.46	0.89	1.59251
1.46	0.9	1.61133
1.46	0.91	1.6301
1.46	0.92	1.64881
1.46	0.93	1.66746
1.46	0.94	1.68603
1.46	0.95	1.70454
1.46	0.96	1.72299
1.46	0.97	1.74145
1.46	0.98	1.76028
1.46	0.99	1.78118
1.46	1	1.8124
1.47	0	0
1.47	0.01	0.0163559
1.47	0.02	0.0327143
1.47	0.03	0.0490776
1.47	0.04	0.0654483
1.47	0.05	0.0818288
1.47	0.06	0.0982217
1.47	0.07	0.114629
1.47	0.08	0.131054
1.47	0.09	0.147498
1.47	0.1	0.163964
1.47	0.11	0.180454
1.47	0.12	0.19697
1.47	0.13	0.213515
1.47	0.14	0.23009
1.47	0.15	0.246698
1.47	0.16	0.263341
1.47	0.17	0.280021
1.47	0.18	0.296739
1.47	0.19	0.313499
1.47	0.2	0.3303
1.47	0.21	0.347146
1.47	0.22	0.364038
1.47	0.23	0.380977
1.47	0.24	0.397965
1.47	0.25	0.415003
1.47	0.26	0.432093
1.47	0.27	0.449237
1.47	0.28	0.466434
1.47	0.29	0.483688
1.47	0.3	0.500997
1.47	0.31	0.518364
1.47	0.32	0.53579
1.47	0.33	0.553274
1.47	0.34	0.570819
1.47	0.35	0.588423
1.47	0.36	0.606089
1.47	0.37	0.623816
1.47	0.38	0.641605
1.47	0.39	0.659456
1.47	0.4	0.677369
1.47	0.41	0.695344
1.47	0.42	0.713382
1.47	0.43	0.731481
1.47	0.44	0.749643
1.47	0.45	0.767866
1.47	0.46	0.78615
1.47	0.47	0.804495
1.47	0.48	0.8229
1.47	0.49	0.841364
1.47	0.5	0.859887
1.47	0.51	0.878468
1.47	0.52	0.897105
1.47	0.53	0.915798
1.47	0.54	0.934546
1.47	0.55	0.953346
1.47	0.56	0.972199
1.47	0.57	0.991102
1.47	0.58	1.01005
1.47	0.59	1.02905
1.47	0.6	1.0481
1.47	0.61	1.06719
1.47	0.62	1.08632
1.47	0.63	1.10549
1.47	0.64	1.12469
1.47	0.65	1.14393
1.47	0.66	1.16321
1.47	0.67	1.18251
1.47	0.68	1.20185
1.47	0.69	1.22121
1.47	0.7	1.24059
1.47	0.71	1.25999
1.47	0.72	1.27941
1.47	0.73	1.29884
1.47	0.74	1.31828
1.47	0.75	1.33773
1.47	0.76	1.35718
1.47	0.77	1.37664
1.47	0.78	1.39609
1.47	0.79	1.41554
1.47	0.8	1.43497
1.47	0.81	1.4544
1.47	0.82	1.4738
1.47	0.83	1.49319
1.47	0.84	1.51255
1.47	0.85	1.53188
1.47	0.86	1.55118
1.47	0.87	1.57044
1.47	0.88	1.58966
1.47	0.89	1.60883
1.47	0.9	1.62795
1.47	0.91	1.64702
1.47	0.92	1.66603
1.47	0.93	1.68498
1.47	0.94	1.70386
1.47	0.95	1.72266
1.47	0.96	1.7414
1.47	0.97	1.76009
1.47	0.98	1.77888
1.47	0.99	1.79848
1.47	1	1.82259
1.48	0	0
1.48	0.01	0.0164437
1.48	0.02	0.03289
1.48	0.03	0.0493415
1.48	0.04	0.0658008
1.48	0.05	0.0822703
1.48	0.06	0.0987528
1.48	0.07	0.115251
1.48	0.08	0.131766
1.48	0.09	0.148302
1.48	0.1	0.164861
1.48	0.11	0.181445
1.48	0.12	0.198057
1.48	0.13	0.214698
1.48	0.14	0.231372
1.48	0.15	0.248079
1.48	0.16	0.264824
1.48	0.17	0.281606
1.48	0.18	0.29843
1.48	0.19	0.315295
1.48	0.2	0.332206
1.48	0.21	0.349162
1.48	0.22	0.366167
1.48	0.23	0.383221
1.48	0.24	0.400326
1.48	0.25	0.417485
1.48	0.26	0.434697
1.48	0.27	0.451965
1.48	0.28	0.46929
1.48	0.29	0.486674
1.48	0.3	0.504116
1.48	0.31	0.521618
1.48	0.32	0.539182
1.48	0.33	0.556807
1.48	0.34	0.574496
1.48	0.35	0.592247
1.48	0.36	0.610063
1.48	0.37	0.627943
1.48	0.38	0.645888
1.48	0.39	0.663898
1.48	0.4	0.681973
1.48	0.41	0.700114
1.48	0.42	0.71832
1.48	0.43	0.736591
1.48	0.44	0.754927
1.48	0.45	0.773329
1.48	0.46	0.791794
1.48	0.47	0.810324
1.48	0.48	0.828917
1.48	0.49	0.847572
1.48	0.5	0.86629
1.48	0.51	0.885068
1.48	0.52	0.903907
1.48	0.53	0.922805
1.48	0.54	0.94176
1.48	0.55	0.960772
1.48	0.56	0.979839
1.48	0.57	0.99896
1.48	0.58	1.01813
1.48	0.59	1.03736
1.48	0.6	1.05663
1.48	0.61	1.07595
1.48	0.62	1.09531
1.48	0.63	1.11472
1.48	0.64	1.13417
1.48	0.65	1.15365
1.48	0.66	1.17317
1.48	0.67	1.19273
1.48	0.68	1.21231
1.48	0.69	1.23193
1.48	0.7	1.25157
1.48	0.71	1.27123
1.48	0.72	1.29091
1.48	0.73	1.31061
1.48	0.74	1.33032
1.48	0.75	1.35005
1.48	0.76	1.36978
1.48	0.77	1.38951
1.48	0.78	1.40924
1.48	0.79	1.42897
1.48	0.8	1.44869
1.48	0.81	1.4684
1.48	0.82	1.4881
1.48	0.83	1.50777
1.48	0.84	1.52742
1.48	0.85	1.54705
1.48	0.86	1.56665
1.48	0.87	1.5862
1.48	0.88	1.60572
1.48	0.89	1.6252
1.48	0.9	1.64462
1.48	0.91	1.664
1.48	0.92	1.68331
1.48	0.93	1.70257
1.48	0.94	1.72175
1.48	0.95	1.74086
1.48	0.96	1.75987
1.48	0.97	1.77871
1.48	0.98	1.79699
1.48	0.99	1.81292
1.48	1	1.81788
1.49	0	0
1.49	0.01	0.016529
1.49	0.02	0.0330607
1.49	0.03	0.0495977
1.49	0.04	0.066143
1.49	0.05	0.082699
1.49	0.06	0.0992684
1.49	0.07	0.115854
1.49	0.08	0.132458
1.49	0.09	0.149084
1.49	0.1	0.165733
1.49	0.11	0.182409
1.49	0.12	0.199114
1.49	0.13	0.215849
1.49	0.14	0.232619
1.49	0.15	0.249424
1.49	0.16	0.266267
1.49	0.17	0.283151
1.49	0.18	0.300077
1.49	0.19	0.317048
1.49	0.2	0.334065
1.49	0.21	0.351131
1.49	0.22	0.368246
1.49	0.23	0.385414
1.49	0.24	0.402635
1.49	0.25	0.419912
1.49	0.26	0.437245
1.49	0.27	0.454637
1.49	0.28	0.472088
1.49	0.29	0.4896
1.49	0.3	0.507174
1.49	0.31	0.524811
1.49	0.32	0.542512
1.49	0.33	0.560278
1.49	0.34	0.57811
1.49	0.35	0.596008
1.49	0.36	0.613973
1.49	0.37	0.632005
1.49	0.38	0.650106
1.49	0.39	0.668275
1.49	0.4	0.686512
1.49	0.41	0.704818
1.49	0.42	0.723192
1.49	0.43	0.741636
1.49	0.44	0.760147
1.49	0.45	0.778727
1.49	0.46	0.797374
1.49	0.47	0.816089
1.49	0.48	0.834871
1.49	0.49	0.853719
1.49	0.5	0.872632
1.49	0.51	0.891609
1.49	0.52	0.91065
1.49	0.53	0.929753
1.49	0.54	0.948918
1.49	0.55	0.968143
1.49	0.56	0.987426
1.49	0.57	1.00677
1.49	0.58	1.02616
1.49	0.59	1.04561
1.49	0.6	1.06511
1.49	0.61	1.08467
1.49	0.62	1.10427
1.49	0.63	1.12391
1.49	0.64	1.1436
1.49	0.65	1.16333
1.49	0.66	1.1831
1.49	0.67	1.20291
1.49	0.68	1.22275
1.49	0.69	1.24263
1.49	0.7	1.26253
1.49	0.71	1.28245
1.49	0.72	1.3024
1.49	0.73	1.32237
1.49	0.74	1.34236
1.49	0.75	1.36236
1.49	0.76	1.38236
1.49	0.77	1.40238
1.49	0.78	1.42239
1.49	0.79	1.44241
1.49	0.8	1.46242
1.49	0.81	1.48242
1.49	0.82	1.50241
1.49	0.83	1.52238
1.49	0.84	1.54233
1.49	0.85	1.56225
1.49	0.86	1.58215
1.49	0.87	1.60201
1.49	0.88	1.62184
1.49	0.89	1.64162
1.49	0.9	1.66135
1.49	0.91	1.68103
1.49	0.92	1.70066
1.49	0.93	1.72022
1.49	0.94	1.73972
1.49	0.95	1.75914
1.49	0.96	1.77849
1.49	0.97	1.79771
1.49	0.98	1.81668
1.49	0.99	1.83465
1.49	1	1.84794
1.5	0	0
1.5	0.01	0.0166115
1.5	0.02	0.0332258
1.5	0.03	0.0498459
1.5	0.04	0.0664743
1.5	0.05	0.0831141
1.5	0.06	0.099768
1.5	0.07	0.116439
1.5	0.08	0.133129
1.5	0.09	0.149842
1.5	0.1	0.166579
1.5	0.11	0.183344
1.5	0.12	0.200139
1.5	0.13	0.216967
1.5	0.14	0.23383
1.5	0.15	0.250731
1.5	0.16	0.267671
1.5	0.17	0.284653
1.5	0.18	0.30168
1.5	0.19	0.318754
1.5	0.2	0.335876
1.5	0.21	0.353049
1.5	0.22	0.370274
1.5	0.23	0.387553
1.5	0.24	0.404889
1.5	0.25	0.422283
1.5	0.26	0.439735
1.5	0.27	0.457249
1.5	0.28	0.474825
1.5	0.29	0.492465
1.5	0.3	0.510169
1.5	0.31	0.52794
1.5	0.32	0.545777
1.5	0.33	0.563683
1.5	0.34	0.581657
1.5	0.35	0.599701
1.5	0.36	0.617815
1.5	0.37	0.635999
1.5	0.38	0.654255
1.5	0.39	0.672583
1.5	0.4	0.690982
1.5	0.41	0.709453
1.5	0.42	0.727996
1.5	0.43	0.746612
1.5	0.44	0.765299
1.5	0.45	0.784057
1.5	0.46	0.802887
1.5	0.47	0.821788
1.5	0.48	0.840759
1.5	0.49	0.8598
1.5	0.5	0.878909
1.5	0.51	0.898086
1.5	0.52	0.917331
1.5	0.53	0.936641
1.5	0.54	0.956016
1.5	0.55	0.975455
1.5	0.56	0.994955
1.5	0.57	1.01452
1.5	0.58	1.03414
1.5	0.59	1.05381
1.5	0.6	1.07355
1.5	0.61	1.09333
1.5	0.62	1.11317
1.5	0.63	1.13306
1.5	0.64	1.15299
1.5	0.65	1.17297
1.5	0.66	1.193
1.5	0.67	1.21306
1.5	0.68	1.23316
1.5	0.69	1.25329
1.5	0.7	1.27346
1.5	0.71	1.29365
1.5	0.72	1.31387
1.5	0.73	1.33412
1.5	0.74	1.35438
1.5	0.75	1.37466
1.5	0.76	1.39495
1.5	0.77	1.41524
1.5	0.78	1.43555
1.5	0.79	1.45585
1.5	0.8	1.47616
1.5	0.81	1.49645
1.5	0.82	1.51674
1.5	0.83	1.53701
1.5	0.84	1.55726
1.5	0.85	1.57749
1.5	0.86	1.59769
1.5	0.87	1.61786
1.5	0.88	1.63799
1.5	0.89	1.65808
1.5	0.9	1.67813
1.5	0.91	1.69812
1.5	0.92	1.71806
1.5	0.93	1.73794
1.5	0.94	1.75776
1.5	0.95	1.77751
1.5	0.96	1.7972
1.5	0.97	1.81692
1.5	0.98	1.83704
1.5	0.99	1.85944
1.5	1	1.8931
1.51	0	0
1.51	0.01	0.0166912
1.51	0.02	0.0333854
1.51	0.03	0.0500855
1.51	0.04	0.0667944
1.51	0.05	0.0835152
1.51	0.06	0.100251
1.51	0.07	0.117004
1.51	0.08	0.133777
1.51	0.09	0.150574
1.51	0.1	0.167397
1.51	0.11	0.184249
1.51	0.12	0.201132
1.51	0.13	0.21805
1.51	0.14	0.235004
1.51	0.15	0.251997
1.51	0.16	0.269032
1.51	0.17	0.286111
1.51	0.18	0.303237
1.51	0.19	0.320411
1.51	0.2	0.337636
1.51	0.21	0.354914
1.51	0.22	0.372247
1.51	0.23	0.389637
1.51	0.24	0.407085
1.51	0.25	0.424594
1.51	0.26	0.442165
1.51	0.27	0.459799
1.51	0.28	0.477499
1.51	0.29	0.495265
1.51	0.3	0.513099
1.51	0.31	0.531002
1.51	0.32	0.548975
1.51	0.33	0.567019
1.51	0.34	0.585135
1.51	0.35	0.603324
1.51	0.36	0.621586
1.51	0.37	0.639922
1.51	0.38	0.658333
1.51	0.39	0.676819
1.51	0.4	0.69538
1.51	0.41	0.714016
1.51	0.42	0.732728
1.51	0.43	0.751516
1.51	0.44	0.770379
1.51	0.45	0.789317
1.51	0.46	0.808329
1.51	0.47	0.827417
1.51	0.48	0.846578
1.51	0.49	0.865812
1.51	0.5	0.885118
1.51	0.51	0.904497
1.51	0.52	0.923945
1.51	0.53	0.943464
1.51	0.54	0.963051
1.51	0.55	0.982704
1.51	0.56	1.00242
1.51	0.57	1.02221
1.51	0.58	1.04205
1.51	0.59	1.06196
1.51	0.6	1.08193
1.51	0.61	1.10195
1.51	0.62	1.12203
1.51	0.63	1.14216
1.51	0.64	1.16234
1.51	0.65	1.18257
1.51	0.66	1.20285
1.51	0.67	1.22317
1.51	0.68	1.24353
1.51	0.69	1.26393
1.51	0.7	1.28436
1.51	0.71	1.30483
1.51	0.72	1.32532
1.51	0.73	1.34584
1.51	0.74	1.36638
1.51	0.75	1.38694
1.51	0.76	1.40752
1.51	0.77	1.42811
1.51	0.78	1.4487
1.51	0.79	1.4693
1.51	0.8	1.4899
1.51	0.81	1.51049
1.51	0.82	1.53108
1.51	0.83	1.55166
1.51	0.84	1.57221
1.51	0.85	1.59275
1.51	0.86	1.61326
1.51	0.87	1.63374
1.51	0.88	1.65419
1.51	0.89	1.67459
1.51	0.9	1.69496
1.51	0.91	1.71527
1.51	0.92	1.73553
1.51	0.93	1.75573
1.51	0.94	1.77587
1.51	0.95	1.79593
1.51	0.96	1.81593
1.51	0.97	1.83589
1.51	0.98	1.85594
1.51	0.99	1.87679
1.51	1	1.90213
1.52	0	0
1.52	0.01	0.0167679
1.52	0.02	0.033539
1.52	0.03	0.0503162
1.52	0.04	0.0671027
1.52	0.05	0.0839016
1.52	0.06	0.100716
1.52	0.07	0.117548
1.52	0.08	0.134403
1.52	0.09	0.151281
1.52	0.1	0.168187
1.52	0.11	0.185122
1.52	0.12	0.202091
1.52	0.13	0.219095
1.52	0.14	0.236138
1.52	0.15	0.253222
1.52	0.16	0.270349
1.52	0.17	0.287523
1.52	0.18	0.304745
1.52	0.19	0.322018
1.52	0.2	0.339344
1.52	0.21	0.356725
1.52	0.22	0.374163
1.52	0.23	0.391661
1.52	0.24	0.40922
1.52	0.25	0.426843
1.52	0.26	0.44453
1.52	0.27	0.462284
1.52	0.28	0.480106
1.52	0.29	0.497997
1.52	0.3	0.515959
1.52	0.31	0.533993
1.52	0.32	0.552101
1.52	0.33	0.570283
1.52	0.34	0.58854
1.52	0.35	0.606873
1.52	0.36	0.625283
1.52	0.37	0.643771
1.52	0.38	0.662336
1.52	0.39	0.68098
1.52	0.4	0.699703
1.52	0.41	0.718504
1.52	0.42	0.737385
1.52	0.43	0.756345
1.52	0.44	0.775384
1.52	0.45	0.794501
1.52	0.46	0.813697
1.52	0.47	0.832971
1.52	0.48	0.852323
1.52	0.49	0.871752
1.52	0.5	0.891256
1.52	0.51	0.910836
1.52	0.52	0.930491
1.52	0.53	0.950218
1.52	0.54	0.970018
1.52	0.55	0.989889
1.52	0.56	1.00983
1.52	0.57	1.02984
1.52	0.58	1.04991
1.52	0.59	1.07005
1.52	0.6	1.09025
1.52	0.61	1.11051
1.52	0.62	1.13083
1.52	0.63	1.15121
1.52	0.64	1.17164
1.52	0.65	1.19213
1.52	0.66	1.21266
1.52	0.67	1.23324
1.52	0.68	1.25387
1.52	0.69	1.27453
1.52	0.7	1.29523
1.52	0.71	1.31597
1.52	0.72	1.33674
1.52	0.73	1.35754
1.52	0.74	1.37837
1.52	0.75	1.39922
1.52	0.76	1.42008
1.52	0.77	1.44096
1.52	0.78	1.46185
1.52	0.79	1.48275
1.52	0.8	1.50365
1.52	0.81	1.52454
1.52	0.82	1.54544
1.52	0.83	1.56632
1.52	0.84	1.58719
1.52	0.85	1.60804
1.52	0.86	1.62886
1.52	0.87	1.64966
1.52	0.88	1.67042
1.52	0.89	1.69115
1.52	0.9	1.71183
1.52	0.91	1.73247
1.52	0.92	1.75305
1.52	0.93	1.77358
1.52	0.94	1.79404
1.52	0.95	1.81443
1.52	0.96	1.83472
1.52	0.97	1.85483
1.52	0.98	1.87434
1.52	0.99	1.8913
1.52	1	1.89627
1.53	0	0
1.53	0.01	0.0168416
1.53	0.02	0.0336864
1.53	0.03	0.0505377
1.53	0.04	0.0673986
1.53	0.05	0.0842725
1.53	0.06	0.101162
1.53	0.07	0.118072
1.53	0.08	0.135003
1.53	0.09	0.15196
1.53	0.1	0.168946
1.53	0.11	0.185963
1.53	0.12	0.203014
1.53	0.13	0.220103
1.53	0.14	0.237232
1.53	0.15	0.254403
1.53	0.16	0.271621
1.53	0.17	0.288886
1.53	0.18	0.306202
1.53	0.19	0.323571
1.53	0.2	0.340996
1.53	0.21	0.358478
1.53	0.22	0.37602
1.53	0.23	0.393624
1.53	0.24	0.411293
1.53	0.25	0.429027
1.53	0.26	0.446829
1.53	0.27	0.4647
1.53	0.28	0.482643
1.53	0.29	0.500658
1.53	0.3	0.518747
1.53	0.31	0.536912
1.53	0.32	0.555153
1.53	0.33	0.573472
1.53	0.34	0.591869
1.53	0.35	0.610346
1.53	0.36	0.628903
1.53	0.37	0.647541
1.53	0.38	0.66626
1.53	0.39	0.685062
1.53	0.4	0.703946
1.53	0.41	0.722913
1.53	0.42	0.741962
1.53	0.43	0.761095
1.53	0.44	0.78031
1.53	0.45	0.799607
1.53	0.46	0.818987
1.53	0.47	0.838448
1.53	0.48	0.857991
1.53	0.49	0.877615
1.53	0.5	0.897319
1.53	0.51	0.917101
1.53	0.52	0.936962
1.53	0.53	0.956901
1.53	0.54	0.976915
1.53	0.55	0.997003
1.53	0.56	1.01717
1.53	0.57	1.0374
1.53	0.58	1.0577
1.53	0.59	1.07807
1.53	0.6	1.09851
1.53	0.61	1.11902
1.53	0.62	1.13958
1.53	0.63	1.16021
1.53	0.64	1.18089
1.53	0.65	1.20163
1.53	0.66	1.22243
1.53	0.67	1.24327
1.53	0.68	1.26416
1.53	0.69	1.28509
1.53	0.7	1.30607
1.53	0.71	1.32709
1.53	0.72	1.34814
1.53	0.73	1.36922
1.53	0.74	1.39033
1.53	0.75	1.41147
1.53	0.76	1.43263
1.53	0.77	1.4538
1.53	0.78	1.47499
1.53	0.79	1.49619
1.53	0.8	1.5174
1.53	0.81	1.5386
1.53	0.82	1.5598
1.53	0.83	1.581
1.53	0.84	1.60218
1.53	0.85	1.62335
1.53	0.86	1.64449
1.53	0.87	1.66561
1.53	0.88	1.6867
1.53	0.89	1.70775
1.53	0.9	1.72876
1.53	0.91	1.74972
1.53	0.92	1.77064
1.53	0.93	1.79149
1.53	0.94	1.81229
1.53	0.95	1.83301
1.53	0.96	1.85366
1.53	0.97	1.87419
1.53	0.98	1.89447
1.53	0.99	1.91377
1.53	1	1.9284
1.54	0	0
1.54	0.01	0.016912
1.54	0.02	0.0338273
1.54	0.03	0.0507494
1.54	0.04	0.0676816
1.54	0.05	0.0846274
1.54	0.06	0.10159
1.54	0.07	0.118573
1.54	0.08	0.135579
1.54	0.09	0.152611
1.54	0.1	0.169674
1.54	0.11	0.186769
1.54	0.12	0.2039
1.54	0.13	0.22107
1.54	0.14	0.238282
1.54	0.15	0.255539
1.54	0.16	0.272844
1.54	0.17	0.290198
1.54	0.18	0.307606
1.54	0.19	0.325069
1.54	0.2	0.34259
1.54	0.21	0.360171
1.54	0.22	0.377815
1.54	0.23	0.395524
1.54	0.24	0.413299
1.54	0.25	0.431143
1.54	0.26	0.449058
1.54	0.27	0.467046
1.54	0.28	0.485108
1.54	0.29	0.503245
1.54	0.3	0.52146
1.54	0.31	0.539754
1.54	0.32	0.558127
1.54	0.33	0.576582
1.54	0.34	0.595118
1.54	0.35	0.613738
1.54	0.36	0.632441
1.54	0.37	0.65123
1.54	0.38	0.670103
1.54	0.39	0.689062
1.54	0.4	0.708107
1.54	0.41	0.727239
1.54	0.42	0.746457
1.54	0.43	0.765762
1.54	0.44	0.785153
1.54	0.45	0.804631
1.54	0.46	0.824195
1.54	0.47	0.843844
1.54	0.48	0.863579
1.54	0.49	0.883399
1.54	0.5	0.903302
1.54	0.51	0.923289
1.54	0.52	0.943357
1.54	0.53	0.963507
1.54	0.54	0.983736
1.54	0.55	1.00404
1.54	0.56	1.02443
1.54	0.57	1.04489
1.54	0.58	1.06543
1.54	0.59	1.08603
1.54	0.6	1.10671
1.54	0.61	1.12746
1.54	0.62	1.14827
1.54	0.63	1.16915
1.54	0.64	1.19009
1.54	0.65	1.21108
1.54	0.66	1.23214
1.54	0.67	1.25325
1.54	0.68	1.27441
1.54	0.69	1.29562
1.54	0.7	1.31687
1.54	0.71	1.33817
1.54	0.72	1.3595
1.54	0.73	1.38087
1.54	0.74	1.40227
1.54	0.75	1.4237
1.54	0.76	1.44516
1.54	0.77	1.46663
1.54	0.78	1.48812
1.54	0.79	1.50963
1.54	0.8	1.53114
1.54	0.81	1.55266
1.54	0.82	1.57418
1.54	0.83	1.59569
1.54	0.84	1.61719
1.54	0.85	1.63868
1.54	0.86	1.66015
1.54	0.87	1.68159
1.54	0.88	1.70301
1.54	0.89	1.72439
1.54	0.9	1.74573
1.54	0.91	1.76703
1.54	0.92	1.78828
1.54	0.93	1.80947
1.54	0.94	1.8306
1.54	0.95	1.85167
1.54	0.96	1.87269
1.54	0.97	1.89375
1.54	0.98	1.91526
1.54	0.99	1.93927
1.54	1	1.97564
1.55	0	0
1.55	0.01	0.016979
1.55	0.02	0.0339614
1.55	0.03	0.050951
1.55	0.04	0.0679512
1.55	0.05	0.0849654
1.55	0.06	0.101997
1.55	0.07	0.11905
1.55	0.08	0.136127
1.55	0.09	0.153232
1.55	0.1	0.170368
1.55	0.11	0.187539
1.55	0.12	0.204747
1.55	0.13	0.221996
1.55	0.14	0.239288
1.55	0.15	0.256627
1.55	0.16	0.274016
1.55	0.17	0.291458
1.55	0.18	0.308954
1.55	0.19	0.326509
1.55	0.2	0.344124
1.55	0.21	0.361802
1.55	0.22	0.379545
1.55	0.23	0.397356
1.55	0.24	0.415236
1.55	0.25	0.433189
1.55	0.26	0.451215
1.55	0.27	0.469317
1.55	0.28	0.487497
1.55	0.29	0.505755
1.55	0.3	0.524094
1.55	0.31	0.542516
1.55	0.32	0.56102
1.55	0.33	0.57961
1.55	0.34	0.598285
1.55	0.35	0.617046
1.55	0.36	0.635896
1.55	0.37	0.654833
1.55	0.38	0.67386
1.55	0.39	0.692976
1.55	0.4	0.712182
1.55	0.41	0.731478
1.55	0.42	0.750865
1.55	0.43	0.770342
1.55	0.44	0.78991
1.55	0.45	0.809568
1.55	0.46	0.829317
1.55	0.47	0.849155
1.55	0.48	0.869082
1.55	0.49	0.889098
1.55	0.5	0.909202
1.55	0.51	0.929393
1.55	0.52	0.949671
1.55	0.53	0.970033
1.55	0.54	0.99048
1.55	0.55	1.01101
1.55	0.56	1.03162
1.55	0.57	1.05231
1.55	0.58	1.07308
1.55	0.59	1.09392
1.55	0.6	1.11484
1.55	0.61	1.13583
1.55	0.62	1.15689
1.55	0.63	1.17802
1.55	0.64	1.19922
1.55	0.65	1.22048
1.55	0.66	1.2418
1.55	0.67	1.26317
1.55	0.68	1.28461
1.55	0.69	1.30609
1.55	0.7	1.32763
1.55	0.71	1.3492
1.55	0.72	1.37083
1.55	0.73	1.39249
1.55	0.74	1.41418
1.55	0.75	1.43591
1.55	0.76	1.45767
1.55	0.77	1.47945
1.55	0.78	1.50124
1.55	0.79	1.52306
1.55	0.8	1.54489
1.55	0.81	1.56672
1.55	0.82	1.58855
1.55	0.83	1.61039
1.55	0.84	1.63221
1.55	0.85	1.65403
1.55	0.86	1.67583
1.55	0.87	1.6976
1.55	0.88	1.71935
1.55	0.89	1.74107
1.55	0.9	1.76275
1.55	0.91	1.78438
1.55	0.92	1.80597
1.55	0.93	1.8275
1.55	0.94	1.84898
1.55	0.95	1.87039
1.55	0.96	1.89173
1.55	0.97	1.91304
1.55	0.98	1.93442
1.55	0.99	1.95661
1.55	1	1.98326
1.56	0	0
1.56	0.01	0.0170424
1.56	0.02	0.0340885
1.56	0.03	0.051142
1.56	0.04	0.0682066
1.56	0.05	0.0852859
1.56	0.06	0.102384
1.56	0.07	0.119503
1.56	0.08	0.136648
1.56	0.09	0.153822
1.56	0.1	0.171029
1.56	0.11	0.188271
1.56	0.12	0.205553
1.56	0.13	0.222877
1.56	0.14	0.240247
1.56	0.15	0.257666
1.56	0.16	0.275137
1.56	0.17	0.292662
1.56	0.18	0.310245
1.56	0.19	0.327888
1.56	0.2	0.345595
1.56	0.21	0.363367
1.56	0.22	0.381207
1.56	0.23	0.399118
1.56	0.24	0.417102
1.56	0.25	0.435161
1.56	0.26	0.453296
1.56	0.27	0.471511
1.56	0.28	0.489807
1.56	0.29	0.508184
1.56	0.3	0.526647
1.56	0.31	0.545194
1.56	0.32	0.563829
1.56	0.33	0.582552
1.56	0.34	0.601364
1.56	0.35	0.620267
1.56	0.36	0.639261
1.56	0.37	0.658348
1.56	0.38	0.677527
1.56	0.39	0.696799
1.56	0.4	0.716166
1.56	0.41	0.735627
1.56	0.42	0.755182
1.56	0.43	0.774832
1.56	0.44	0.794577
1.56	0.45	0.814416
1.56	0.46	0.834349
1.56	0.47	0.854376
1.56	0.48	0.874497
1.56	0.49	0.89471
1.56	0.5	0.915015
1.56	0.51	0.935412
1.56	0.52	0.955899
1.56	0.53	0.976476
1.56	0.54	0.99714
1.56	0.55	1.01789
1.56	0.56	1.03873
1.56	0.57	1.05965
1.56	0.58	1.08065
1.56	0.59	1.10174
1.56	0.6	1.1229
1.56	0.61	1.14414
1.56	0.62	1.16545
1.56	0.63	1.18683
1.56	0.64	1.20829
1.56	0.65	1.22981
1.56	0.66	1.2514
1.56	0.67	1.27305
1.56	0.68	1.29476
1.56	0.69	1.31652
1.56	0.7	1.33834
1.56	0.71	1.3602
1.56	0.72	1.38211
1.56	0.73	1.40407
1.56	0.74	1.42606
1.56	0.75	1.44809
1.56	0.76	1.47015
1.56	0.77	1.49224
1.56	0.78	1.51435
1.56	0.79	1.53648
1.56	0.8	1.55862
1.56	0.81	1.58078
1.56	0.82	1.60294
1.56	0.83	1.6251
1.56	0.84	1.64725
1.56	0.85	1.6694
1.56	0.86	1.69153
1.56	0.87	1.71364
1.56	0.88	1.73573
1.56	0.89	1.75779
1.56	0.9	1.77981
1.56	0.91	1.80179
1.56	0.92	1.82372
1.56	0.93	1.8456
1.56	0.94	1.86742
1.56	0.95	1.88917
1.56	0.96	1.91083
1.56	0.97	1.93229
1.56	0.98	1.95311
1.56	0.99	1.97113
1.56	1	1.97598
1.57	0	0
1.57	0.01	0.0171022
1.57	0.02	0.0342082
1.57	0.03	0.051322
1.57	0.04	0.0684473
1.57	0.05	0.085588
1.57	0.06	0.102748
1.57	0.07	0.119931
1.57	0.08	0.13714
1.57	0.09	0.15438
1.57	0.1	0.171654
1.57	0.11	0.188965
1.57	0.12	0.206317
1.57	0.13	0.223713
1.57	0.14	0.241158
1.57	0.15	0.258653
1.57	0.16	0.276202
1.57	0.17	0.293808
1.57	0.18	0.311475
1.57	0.19	0.329205
1.57	0.2	0.347
1.57	0.21	0.364864
1.57	0.22	0.382799
1.57	0.23	0.400808
1.57	0.24	0.418893
1.57	0.25	0.437056
1.57	0.26	0.455299
1.57	0.27	0.473624
1.57	0.28	0.492034
1.57	0.29	0.51053
1.57	0.3	0.529113
1.57	0.31	0.547786
1.57	0.32	0.566549
1.57	0.33	0.585405
1.57	0.34	0.604353
1.57	0.35	0.623396
1.57	0.36	0.642535
1.57	0.37	0.661769
1.57	0.38	0.681101
1.57	0.39	0.700529
1.57	0.4	0.720056
1.57	0.41	0.739681
1.57	0.42	0.759405
1.57	0.43	0.779228
1.57	0.44	0.799149
1.57	0.45	0.819169
1.57	0.46	0.839287
1.57	0.47	0.859504
1.57	0.48	0.879818
1.57	0.49	0.900229
1.57	0.5	0.920737
1.57	0.51	0.94134
1.57	0.52	0.962038
1.57	0.53	0.98283
1.57	0.54	1.00371
1.57	0.55	1.02469
1.57	0.56	1.04575
1.57	0.57	1.06691
1.57	0.58	1.08815
1.57	0.59	1.10947
1.57	0.6	1.13088
1.57	0.61	1.15237
1.57	0.62	1.17393
1.57	0.63	1.19558
1.57	0.64	1.21729
1.57	0.65	1.23908
1.57	0.66	1.26094
1.57	0.67	1.28286
1.57	0.68	1.30485
1.57	0.69	1.32689
1.57	0.7	1.349
1.57	0.71	1.37115
1.57	0.72	1.39336
1.57	0.73	1.41561
1.57	0.74	1.43791
1.57	0.75	1.46024
1.57	0.76	1.48261
1.57	0.77	1.50501
1.57	0.78	1.52743
1.57	0.79	1.54988
1.57	0.8	1.57235
1.57	0.81	1.59483
1.57	0.82	1.61732
1.57	0.83	1.63981
1.57	0.84	1.6623
1.57	0.85	1.68478
1.57	0.86	1.70725
1.57	0.87	1.7297
1.57	0.88	1.75213
1.57	0.89	1.77454
1.57	0.9	1.79691
1.57	0.91	1.81924
1.57	0.92	1.84152
1.57	0.93	1.86375
1.57	0.94	1.88593
1.57	0.95	1.90804
1.57	0.96	1.93008
1.57	0.97	1.95201
1.57	0.98	1.97369
1.57	0.99	1.99441
1.57	1	2.01049
1.58	0	0
1.58	0.01	0.0171581
1.58	0.02	0.0343202
1.58	0.03	0.0514904
1.58	0.04	0.0686726
1.58	0.05	0.0858709
1.58	0.06	0.103089
1.58	0.07	0.120332
1.58	0.08	0.137602
1.58	0.09	0.154904
1.58	0.1	0.172241
1.58	0.11	0.189617
1.58	0.12	0.207036
1.58	0.13	0.224502
1.58	0.14	0.242017
1.58	0.15	0.259585
1.58	0.16	0.27721
1.58	0.17	0.294895
1.58	0.18	0.312642
1.58	0.19	0.330455
1.58	0.2	0.348337
1.58	0.21	0.36629
1.58	0.22	0.384318
1.58	0.23	0.402422
1.58	0.24	0.420605
1.58	0.25	0.43887
1.58	0.26	0.457218
1.58	0.27	0.475653
1.58	0.28	0.494175
1.58	0.29	0.512787
1.58	0.3	0.53149
1.58	0.31	0.550287
1.58	0.32	0.569177
1.58	0.33	0.588164
1.58	0.34	0.607248
1.58	0.35	0.62643
1.58	0.36	0.645712
1.58	0.37	0.665094
1.58	0.38	0.684577
1.58	0.39	0.704161
1.58	0.4	0.723848
1.58	0.41	0.743637
1.58	0.42	0.763529
1.58	0.43	0.783524
1.58	0.44	0.803622
1.58	0.45	0.823823
1.58	0.46	0.844127
1.58	0.47	0.864534
1.58	0.48	0.885042
1.58	0.49	0.905652
1.58	0.5	0.926363
1.58	0.51	0.947174
1.58	0.52	0.968084
1.58	0.53	0.989092
1.58	0.54	1.0102
1.58	0.55	1.0314
1.58	0.56	1.05269
1.58	0.57	1.07408
1.58	0.58	1.09556
1.58	0.59	1.11712
1.58	0.6	1.13878
1.58	0.61	1.16052
1.58	0.62	1.18234
1.58	0.63	1.20424
1.58	0.64	1.22622
1.58	0.65	1.24828
1.58	0.66	1.27041
1.58	0.67	1.29261
1.58	0.68	1.31488
1.58	0.69	1.33721
1.58	0.7	1.3596
1.58	0.71	1.38205
1.58	0.72	1.40456
1.58	0.73	1.42711
1.58	0.74	1.44971
1.58	0.75	1.47235
1.58	0.76	1.49504
1.58	0.77	1.51775
1.58	0.78	1.5405
1.58	0.79	1.56327
1.58	0.8	1.58606
1.58	0.81	1.60887
1.58	0.82	1.63169
1.58	0.83	1.65452
1.58	0.84	1.67735
1.58	0.85	1.70017
1.58	0.86	1.72299
1.58	0.87	1.74579
1.58	0.88	1.76857
1.58	0.89	1.79132
1.58	0.9	1.81405
1.58	0.91	1.83673
1.58	0.92	1.85937
1.58	0.93	1.88197
1.58	0.94	1.9045
1.58	0.95	1.92699
1.58	0.96	1.94942
1.58	0.97	1.97191
1.58	0.98	1.99491
1.58	0.99	2.02067
1.58	1	2.06009
1.59	0	0
1.59	0.01	0.0172099
1.59	0.02	0.0344241
1.59	0.03	0.0516466
1.59	0.04	0.0688818
1.59	0.05	0.0861338
1.59	0.06	0.103407
1.59	0.07	0.120705
1.59	0.08	0.138032
1.59	0.09	0.155392
1.59	0.1	0.172789
1.59	0.11	0.190227
1.59	0.12	0.207709
1.59	0.13	0.22524
1.59	0.14	0.242823
1.59	0.15	0.260461
1.59	0.16	0.278159
1.59	0.17	0.295918
1.59	0.18	0.313743
1.59	0.19	0.331637
1.59	0.2	0.349602
1.59	0.21	0.367642
1.59	0.22	0.385759
1.59	0.23	0.403956
1.59	0.24	0.422236
1.59	0.25	0.440601
1.59	0.26	0.459052
1.59	0.27	0.477594
1.59	0.28	0.496227
1.59	0.29	0.514953
1.59	0.3	0.533774
1.59	0.31	0.552693
1.59	0.32	0.57171
1.59	0.33	0.590827
1.59	0.34	0.610045
1.59	0.35	0.629365
1.59	0.36	0.648789
1.59	0.37	0.668318
1.59	0.38	0.687951
1.59	0.39	0.707691
1.59	0.4	0.727537
1.59	0.41	0.74749
1.59	0.42	0.76755
1.59	0.43	0.787718
1.59	0.44	0.807993
1.59	0.45	0.828375
1.59	0.46	0.848865
1.59	0.47	0.869462
1.59	0.48	0.890165
1.59	0.49	0.910975
1.59	0.5	0.931889
1.59	0.51	0.952909
1.59	0.52	0.974031
1.59	0.53	0.995257
1.59	0.54	1.01658
1.59	0.55	1.03801
1.59	0.56	1.05954
1.59	0.57	1.08116
1.59	0.58	1.10288
1.59	0.59	1.12469
1.59	0.6	1.14659
1.59	0.61	1.16859
1.59	0.62	1.19067
1.59	0.63	1.21283
1.59	0.64	1.23508
1.59	0.65	1.25741
1.59	0.66	1.27981
1.59	0.67	1.3023
1.59	0.68	1.32485
1.59	0.69	1.34747
1.59	0.7	1.37015
1.59	0.71	1.3929
1.59	0.72	1.4157
1.59	0.73	1.43856
1.59	0.74	1.46147
1.59	0.75	1.48443
1.59	0.76	1.50743
1.59	0.77	1.53047
1.59	0.78	1.55354
1.59	0.79	1.57664
1.59	0.8	1.59976
1.59	0.81	1.6229
1.59	0.82	1.64606
1.59	0.83	1.66923
1.59	0.84	1.6924
1.59	0.85	1.71558
1.59	0.86	1.73874
1.59	0.87	1.76189
1.59	0.88	1.78503
1.59	0.89	1.80814
1.59	0.9	1.83122
1.59	0.91	1.85427
1.59	0.92	1.87728
1.59	0.93	1.90023
1.59	0.94	1.92314
1.59	0.95	1.94598
1.59	0.96	1.96876
1.59	0.97	1.9915
1.59	0.98	2.01432
1.59	0.99	2.03792
1.59	1	2.06596
1.6	0	0
1.6	0.01	0.0172576
1.6	0.02	0.0345195
1.6	0.03	0.0517903
1.6	0.04	0.0690743
1.6	0.05	0.0863758
1.6	0.06	0.103699
1.6	0.07	0.121049
1.6	0.08	0.138428
1.6	0.09	0.155843
1.6	0.1	0.173296
1.6	0.11	0.190792
1.6	0.12	0.208334
1.6	0.13	0.225927
1.6	0.14	0.243574
1.6	0.15	0.261278
1.6	0.16	0.279045
1.6	0.17	0.296876
1.6	0.18	0.314776
1.6	0.19	0.332747
1.6	0.2	0.350793
1.6	0.21	0.368917
1.6	0.22	0.387121
1.6	0.23	0.405408
1.6	0.24	0.423782
1.6	0.25	0.442244
1.6	0.26	0.460797
1.6	0.27	0.479443
1.6	0.28	0.498185
1.6	0.29	0.517024
1.6	0.3	0.535962
1.6	0.31	0.555001
1.6	0.32	0.574142
1.6	0.33	0.593388
1.6	0.34	0.612739
1.6	0.35	0.632196
1.6	0.36	0.651762
1.6	0.37	0.671436
1.6	0.38	0.69122
1.6	0.39	0.711114
1.6	0.4	0.731119
1.6	0.41	0.751235
1.6	0.42	0.771463
1.6	0.43	0.791804
1.6	0.44	0.812256
1.6	0.45	0.83282
1.6	0.46	0.853496
1.6	0.47	0.874283
1.6	0.48	0.895182
1.6	0.49	0.916191
1.6	0.5	0.937311
1.6	0.51	0.958539
1.6	0.52	0.979876
1.6	0.53	1.00132
1.6	0.54	1.02287
1.6	0.55	1.04453
1.6	0.56	1.06628
1.6	0.57	1.08814
1.6	0.58	1.1101
1.6	0.59	1.13216
1.6	0.6	1.15432
1.6	0.61	1.17657
1.6	0.62	1.19891
1.6	0.63	1.22134
1.6	0.64	1.24386
1.6	0.65	1.26646
1.6	0.66	1.28914
1.6	0.67	1.31191
1.6	0.68	1.33475
1.6	0.69	1.35766
1.6	0.7	1.38064
1.6	0.71	1.40369
1.6	0.72	1.4268
1.6	0.73	1.44997
1.6	0.74	1.47319
1.6	0.75	1.49646
1.6	0.76	1.51978
1.6	0.77	1.54314
1.6	0.78	1.56654
1.6	0.79	1.58998
1.6	0.8	1.61344
1.6	0.81	1.63692
1.6	0.82	1.66042
1.6	0.83	1.68394
1.6	0.84	1.70746
1.6	0.85	1.73098
1.6	0.86	1.75451
1.6	0.87	1.77802
1.6	0.88	1.80151
1.6	0.89	1.82499
1.6	0.9	1.84844
1.6	0.91	1.87185
1.6	0.92	1.89523
1.6	0.93	1.91855
1.6	0.94	1.94183
1.6	0.95	1.96504
1.6	0.96	1.98815
1.6	0.97	2.01107
1.6	0.98	2.03328
1.6	0.99	2.0524
1.6	1	2.05693
1.61	0	0
1.61	0.01	0.0173008
1.61	0.02	0.0346062
1.61	0.03	0.0519208
1.61	0.04	0.0692492
1.61	0.05	0.0865959
1.61	0.06	0.103965
1.61	0.07	0.121362
1.61	0.08	0.138791
1.61	0.09	0.156255
1.61	0.1	0.17376
1.61	0.11	0.19131
1.61	0.12	0.208908
1.61	0.13	0.226559
1.61	0.14	0.244266
1.61	0.15	0.262034
1.61	0.16	0.279866
1.61	0.17	0.297766
1.61	0.18	0.315737
1.61	0.19	0.333782
1.61	0.2	0.351906
1.61	0.21	0.37011
1.61	0.22	0.388399
1.61	0.23	0.406774
1.61	0.24	0.425239
1.61	0.25	0.443796
1.61	0.26	0.462448
1.61	0.27	0.481197
1.61	0.28	0.500045
1.61	0.29	0.518995
1.61	0.3	0.538048
1.61	0.31	0.557206
1.61	0.32	0.57647
1.61	0.33	0.595843
1.61	0.34	0.615326
1.61	0.35	0.63492
1.61	0.36	0.654626
1.61	0.37	0.674445
1.61	0.38	0.694378
1.61	0.39	0.714426
1.61	0.4	0.73459
1.61	0.41	0.754869
1.61	0.42	0.775265
1.61	0.43	0.795777
1.61	0.44	0.816407
1.61	0.45	0.837152
1.61	0.46	0.858015
1.61	0.47	0.878994
1.61	0.48	0.900088
1.61	0.49	0.921298
1.61	0.5	0.942623
1.61	0.51	0.964062
1.61	0.52	0.985614
1.61	0.53	1.00728
1.61	0.54	1.02905
1.61	0.55	1.05094
1.61	0.56	1.07293
1.61	0.57	1.09503
1.61	0.58	1.11723
1.61	0.59	1.13954
1.61	0.6	1.16195
1.61	0.61	1.18445
1.61	0.62	1.20706
1.61	0.63	1.22976
1.61	0.64	1.25255
1.61	0.65	1.27543
1.61	0.66	1.29839
1.61	0.67	1.32144
1.61	0.68	1.34457
1.61	0.69	1.36778
1.61	0.7	1.39106
1.61	0.71	1.41441
1.61	0.72	1.43783
1.61	0.73	1.46131
1.61	0.74	1.48485
1.61	0.75	1.50845
1.61	0.76	1.53209
1.61	0.77	1.55579
1.61	0.78	1.57952
1.61	0.79	1.60329
1.61	0.8	1.62709
1.61	0.81	1.65092
1.61	0.82	1.67477
1.61	0.83	1.69864
1.61	0.84	1.72251
1.61	0.85	1.7464
1.61	0.86	1.77028
1.61	0.87	1.79416
1.61	0.88	1.81802
1.61	0.89	1.84186
1.61	0.9	1.86568
1.61	0.91	1.88947
1.61	0.92	1.91322
1.61	0.93	1.93693
1.61	0.94	1.96058
1.61	0.95	1.98418
1.61	0.96	2.0077
1.61	0.97	2.03113
1.61	0.98	2.05431
1.61	0.99	2.07656
1.61	1	2.0942
1.62	0	0
1.62	0.01	0.0173394
1.62	0.02	0.0346836
1.62	0.03	0.0520375
1.62	0.04	0.0694057
1.62	0.05	0.0867931
1.62	0.06	0.104204
1.62	0.07	0.121644
1.62	0.08	0.139117
1.62	0.09	0.156628
1.62	0.1	0.17418
1.62	0.11	0.191779
1.62	0.12	0.209429
1.62	0.13	0.227134
1.62	0.14	0.244898
1.62	0.15	0.262725
1.62	0.16	0.28062
1.62	0.17	0.298584
1.62	0.18	0.316623
1.62	0.19	0.33474
1.62	0.2	0.352938
1.62	0.21	0.37122
1.62	0.22	0.38959
1.62	0.23	0.408051
1.62	0.24	0.426604
1.62	0.25	0.445254
1.62	0.26	0.464003
1.62	0.27	0.482852
1.62	0.28	0.501805
1.62	0.29	0.520863
1.62	0.3	0.540029
1.62	0.31	0.559304
1.62	0.32	0.57869
1.62	0.33	0.598189
1.62	0.34	0.617802
1.62	0.35	0.637531
1.62	0.36	0.657376
1.62	0.37	0.67734
1.62	0.38	0.697421
1.62	0.39	0.717623
1.62	0.4	0.737944
1.62	0.41	0.758387
1.62	0.42	0.77895
1.62	0.43	0.799635
1.62	0.44	0.820441
1.62	0.45	0.841369
1.62	0.46	0.862418
1.62	0.47	0.883588
1.62	0.48	0.904879
1.62	0.49	0.92629
1.62	0.5	0.947822
1.62	0.51	0.969471
1.62	0.52	0.991239
1.62	0.53	1.01312
1.62	0.54	1.03512
1.62	0.55	1.05724
1.62	0.56	1.07947
1.62	0.57	1.10181
1.62	0.58	1.12426
1.62	0.59	1.14682
1.62	0.6	1.16948
1.62	0.61	1.19225
1.62	0.62	1.21512
1.62	0.63	1.23808
1.62	0.64	1.26115
1.62	0.65	1.28431
1.62	0.66	1.30756
1.62	0.67	1.3309
1.62	0.68	1.35432
1.62	0.69	1.37783
1.62	0.7	1.40141
1.62	0.71	1.42507
1.62	0.72	1.4488
1.62	0.73	1.4726
1.62	0.74	1.49646
1.62	0.75	1.52039
1.62	0.76	1.54436
1.62	0.77	1.56839
1.62	0.78	1.59246
1.62	0.79	1.61657
1.62	0.8	1.64072
1.62	0.81	1.6649
1.62	0.82	1.6891
1.62	0.83	1.71333
1.62	0.84	1.73756
1.62	0.85	1.76181
1.62	0.86	1.78606
1.62	0.87	1.81031
1.62	0.88	1.83454
1.62	0.89	1.85876
1.62	0.9	1.88296
1.62	0.91	1.90713
1.62	0.92	1.93126
1.62	0.93	1.95535
1.62	0.94	1.9794
1.62	0.95	2.00339
1.62	0.96	2.02734
1.62	0.97	2.05137
1.62	0.98	2.07597
1.62	0.99	2.10366
1.62	1	2.14656
1.63	0	0
1.63	0.01	0.0173732
1.63	0.02	0.0347515
1.63	0.03	0.0521398
1.63	0.04	0.0695431
1.63	0.05	0.0869665
1.63	0.06	0.104415
1.63	0.07	0.121893
1.63	0.08	0.139406
1.63	0.09	0.156958
1.63	0.1	0.174554
1.63	0.11	0.192198
1.63	0.12	0.209896
1.63	0.13	0.227651
1.63	0.14	0.245468
1.63	0.15	0.26335
1.63	0.16	0.281302
1.63	0.17	0.299328
1.63	0.18	0.317432
1.63	0.19	0.335616
1.63	0.2	0.353885
1.63	0.21	0.372243
1.63	0.22	0.390691
1.63	0.23	0.409234
1.63	0.24	0.427873
1.63	0.25	0.446613
1.63	0.26	0.465456
1.63	0.27	0.484404
1.63	0.28	0.503459
1.63	0.29	0.522624
1.63	0.3	0.541901
1.63	0.31	0.561291
1.63	0.32	0.580797
1.63	0.33	0.600421
1.63	0.34	0.620163
1.63	0.35	0.640026
1.63	0.36	0.660009
1.63	0.37	0.680116
1.63	0.38	0.700345
1.63	0.39	0.720699
1.63	0.4	0.741178
1.63	0.41	0.761783
1.63	0.42	0.782513
1.63	0.43	0.80337
1.63	0.44	0.824353
1.63	0.45	0.845463
1.63	0.46	0.866699
1.63	0.47	0.888062
1.63	0.48	0.90955
1.63	0.49	0.931163
1.63	0.5	0.952901
1.63	0.51	0.974763
1.63	0.52	0.996748
1.63	0.53	1.01885
1.63	0.54	1.04108
1.63	0.55	1.06343
1.63	0.56	1.0859
1.63	0.57	1.10848
1.63	0.58	1.13117
1.63	0.59	1.15399
1.63	0.6	1.17691
1.63	0.61	1.19994
1.63	0.62	1.22307
1.63	0.63	1.24631
1.63	0.64	1.26966
1.63	0.65	1.2931
1.63	0.66	1.31664
1.63	0.67	1.34027
1.63	0.68	1.36399
1.63	0.69	1.3878
1.63	0.7	1.41169
1.63	0.71	1.43566
1.63	0.72	1.45971
1.63	0.73	1.48383
1.63	0.74	1.50802
1.63	0.75	1.53227
1.63	0.76	1.55658
1.63	0.77	1.58094
1.63	0.78	1.60536
1.63	0.79	1.62982
1.63	0.8	1.65432
1.63	0.81	1.67885
1.63	0.82	1.70341
1.63	0.83	1.728
1.63	0.84	1.75261
1.63	0.85	1.77722
1.63	0.86	1.80184
1.63	0.87	1.82647
1.63	0.88	1.85108
1.63	0.89	1.87569
1.63	0.9	1.90027
1.63	0.91	1.92482
1.63	0.92	1.94935
1.63	0.93	1.97383
1.63	0.94	1.99826
1.63	0.95	2.02264
1.63	0.96	2.04697
1.63	0.97	2.07125
1.63	0.98	2.09561
1.63	0.99	2.12072
1.63	1	2.15023
1.64	0	0
1.64	0.01	0.017402
1.64	0.02	0.0348093
1.64	0.03	0.052227
1.64	0.04	0.0696605
1.64	0.05	0.0871149
1.64	0.06	0.104595
1.64	0.07	0.122107
1.64	0.08	0.139655
1.64	0.09	0.157244
1.64	0.1	0.174878
1.64	0.11	0.192564
1.64	0.12	0.210305
1.64	0.13	0.228106
1.64	0.14	0.245971
1.64	0.15	0.263905
1.64	0.16	0.281911
1.64	0.17	0.299995
1.64	0.18	0.318159
1.64	0.19	0.336408
1.64	0.2	0.354745
1.64	0.21	0.373174
1.64	0.22	0.391697
1.64	0.23	0.410319
1.64	0.24	0.429042
1.64	0.25	0.44787
1.64	0.26	0.466804
1.64	0.27	0.485847
1.64	0.28	0.505003
1.64	0.29	0.524273
1.64	0.3	0.543659
1.64	0.31	0.563163
1.64	0.32	0.582787
1.64	0.33	0.602534
1.64	0.34	0.622404
1.64	0.35	0.642399
1.64	0.36	0.66252
1.64	0.37	0.682768
1.64	0.38	0.703145
1.64	0.39	0.723651
1.64	0.4	0.744287
1.64	0.41	0.765053
1.64	0.42	0.785951
1.64	0.43	0.806979
1.64	0.44	0.82814
1.64	0.45	0.849431
1.64	0.46	0.870855
1.64	0.47	0.892409
1.64	0.48	0.914095
1.64	0.49	0.935911
1.64	0.5	0.957856
1.64	0.51	0.979931
1.64	0.52	1.00213
1.64	0.53	1.02446
1.64	0.54	1.04692
1.64	0.55	1.0695
1.64	0.56	1.09221
1.64	0.57	1.11503
1.64	0.58	1.13798
1.64	0.59	1.16104
1.64	0.6	1.18422
1.64	0.61	1.20752
1.64	0.62	1.23093
1.64	0.63	1.25444
1.64	0.64	1.27807
1.64	0.65	1.30179
1.64	0.66	1.32562
1.64	0.67	1.34955
1.64	0.68	1.37357
1.64	0.69	1.39769
1.64	0.7	1.42189
1.64	0.71	1.44617
1.64	0.72	1.47054
1.64	0.73	1.49499
1.64	0.74	1.5195
1.64	0.75	1.54409
1.64	0.76	1.56874
1.64	0.77	1.59345
1.64	0.78	1.61821
1.64	0.79	1.64302
1.64	0.8	1.66788
1.64	0.81	1.69277
1.64	0.82	1.7177
1.64	0.83	1.74266
1.64	0.84	1.76763
1.64	0.85	1.79263
1.64	0.86	1.81763
1.64	0.87	1.84263
1.64	0.88	1.86764
1.64	0.89	1.89263
1.64	0.9	1.9176
1.64	0.91	1.94255
1.64	0.92	1.96747
1.64	0.93	1.99235
1.64	0.94	2.01718
1.64	0.95	2.04196
1.64	0.96	2.06664
1.64	0.97	2.09111
1.64	0.98	2.1148
1.64	0.99	2.13505
1.64	1	2.13901
1.65	0	0
1.65	0.01	0.0174255
1.65	0.02	0.0348565
1.65	0.03	0.0522986
1.65	0.04	0.069757
1.65	0.05	0.0872373
1.65	0.06	0.104745
1.65	0.07	0.122285
1.65	0.08	0.139863
1.65	0.09	0.157484
1.65	0.1	0.175153
1.65	0.11	0.192874
1.65	0.12	0.210654
1.65	0.13	0.228496
1.65	0.14	0.246406
1.65	0.15	0.264386
1.65	0.16	0.282443
1.65	0.17	0.300581
1.65	0.18	0.318802
1.65	0.19	0.337111
1.65	0.2	0.355513
1.65	0.21	0.37401
1.65	0.22	0.392606
1.65	0.23	0.411304
1.65	0.24	0.430107
1.65	0.25	0.449019
1.65	0.26	0.468042
1.65	0.27	0.487179
1.65	0.28	0.506433
1.65	0.29	0.525805
1.65	0.3	0.545298
1.65	0.31	0.564914
1.65	0.32	0.584655
1.65	0.33	0.604523
1.65	0.34	0.62452
1.65	0.35	0.644646
1.65	0.36	0.664903
1.65	0.37	0.685292
1.65	0.38	0.705815
1.65	0.39	0.726472
1.65	0.4	0.747265
1.65	0.41	0.768192
1.65	0.42	0.789256
1.65	0.43	0.810457
1.65	0.44	0.831794
1.65	0.45	0.853268
1.65	0.46	0.874879
1.65	0.47	0.896626
1.65	0.48	0.918509
1.65	0.49	0.940529
1.65	0.5	0.962683
1.65	0.51	0.984972
1.65	0.52	1.00739
1.65	0.53	1.02995
1.65	0.54	1.05263
1.65	0.55	1.07545
1.65	0.56	1.0984
1.65	0.57	1.12147
1.65	0.58	1.14467
1.65	0.59	1.16799
1.65	0.6	1.19143
1.65	0.61	1.21499
1.65	0.62	1.23867
1.65	0.63	1.26246
1.65	0.64	1.28637
1.65	0.65	1.31039
1.65	0.66	1.33451
1.65	0.67	1.35873
1.65	0.68	1.38306
1.65	0.69	1.40748
1.65	0.7	1.432
1.65	0.71	1.45661
1.65	0.72	1.4813
1.65	0.73	1.50607
1.65	0.74	1.53092
1.65	0.75	1.55585
1.65	0.76	1.58084
1.65	0.77	1.6059
1.65	0.78	1.63101
1.65	0.79	1.65618
1.65	0.8	1.6814
1.65	0.81	1.70666
1.65	0.82	1.73196
1.65	0.83	1.75729
1.65	0.84	1.78265
1.65	0.85	1.80802
1.65	0.86	1.83341
1.65	0.87	1.85881
1.65	0.88	1.8842
1.65	0.89	1.90959
1.65	0.9	1.93496
1.65	0.91	1.96031
1.65	0.92	1.98563
1.65	0.93	2.01092
1.65	0.94	2.03616
1.65	0.95	2.06135
1.65	0.96	2.08648
1.65	0.97	2.11151
1.65	0.98	2.13631
1.65	0.99	2.16021
1.65	1	2.17955
1.66	0	0
1.66	0.01	0.0174435
1.66	0.02	0.0348928
1.66	0.03	0.0523536
1.66	0.04	0.0698316
1.66	0.05	0.0873325
1.66	0.06	0.104862
1.66	0.07	0.122425
1.66	0.08	0.140028
1.66	0.09	0.157676
1.66	0.1	0.175374
1.66	0.11	0.193127
1.66	0.12	0.210941
1.66	0.13	0.228819
1.66	0.14	0.246768
1.66	0.15	0.264792
1.66	0.16	0.282895
1.66	0.17	0.301082
1.66	0.18	0.319357
1.66	0.19	0.337723
1.66	0.2	0.356185
1.66	0.21	0.374747
1.66	0.22	0.393412
1.66	0.23	0.412183
1.66	0.24	0.431064
1.66	0.25	0.450058
1.66	0.26	0.469167
1.66	0.27	0.488395
1.66	0.28	0.507744
1.66	0.29	0.527216
1.66	0.3	0.546814
1.66	0.31	0.566541
1.66	0.32	0.586397
1.66	0.33	0.606384
1.66	0.34	0.626505
1.66	0.35	0.646761
1.66	0.36	0.667153
1.66	0.37	0.687683
1.66	0.38	0.708351
1.66	0.39	0.729159
1.66	0.4	0.750107
1.66	0.41	0.771196
1.66	0.42	0.792426
1.66	0.43	0.813798
1.66	0.44	0.835312
1.66	0.45	0.856968
1.66	0.46	0.878766
1.66	0.47	0.900707
1.66	0.48	0.922788
1.66	0.49	0.945011
1.66	0.5	0.967375
1.66	0.51	0.989878
1.66	0.52	1.01252
1.66	0.53	1.0353
1.66	0.54	1.05822
1.66	0.55	1.08127
1.66	0.56	1.10446
1.66	0.57	1.12778
1.66	0.58	1.15123
1.66	0.59	1.17481
1.66	0.6	1.19851
1.66	0.61	1.22235
1.66	0.62	1.2463
1.66	0.63	1.27037
1.66	0.64	1.29457
1.66	0.65	1.31887
1.66	0.66	1.34329
1.66	0.67	1.36782
1.66	0.68	1.39245
1.66	0.69	1.41719
1.66	0.7	1.44202
1.66	0.71	1.46695
1.66	0.72	1.49197
1.66	0.73	1.51708
1.66	0.74	1.54227
1.66	0.75	1.56754
1.66	0.76	1.59288
1.66	0.77	1.61829
1.66	0.78	1.64376
1.66	0.79	1.66929
1.66	0.8	1.69488
1.66	0.81	1.72051
1.66	0.82	1.74619
1.66	0.83	1.7719
1.66	0.84	1.79764
1.66	0.85	1.8234
1.66	0.86	1.84919
1.66	0.87	1.87498
1.66	0.88	1.90077
1.66	0.89	1.92656
1.66	0.9	1.95234
1.66	0.91	1.9781
1.66	0.92	2.00383
1.66	0.93	2.02953
1.66	0.94	2.05519
1.66	0.95	2.08081
1.66	0.96	2.1064
1.66	0.97	2.13207
1.66	0.98	2.15842
1.66	0.99	2.18824
1.66	1	2.23519
1.67	0	0
1.67	0.01	0.0174558
1.67	0.02	0.0349176
1.67	0.03	0.0523915
1.67	0.04	0.0698833
1.67	0.05	0.0873991
1.67	0.06	0.104945
1.67	0.07	0.122526
1.67	0.08	0.140148
1.67	0.09	0.157818
1.67	0.1	0.175539
1.67	0.11	0.193319
1.67	0.12	0.211162
1.67	0.13	0.229073
1.67	0.14	0.247057
1.67	0.15	0.265119
1.67	0.16	0.283264
1.67	0.17	0.301496
1.67	0.18	0.319819
1.67	0.19	0.338239
1.67	0.2	0.356758
1.67	0.21	0.375381
1.67	0.22	0.394111
1.67	0.23	0.412952
1.67	0.24	0.431907
1.67	0.25	0.45098
1.67	0.26	0.470173
1.67	0.27	0.489489
1.67	0.28	0.508931
1.67	0.29	0.528502
1.67	0.3	0.548203
1.67	0.31	0.568037
1.67	0.32	0.588006
1.67	0.33	0.608112
1.67	0.34	0.628356
1.67	0.35	0.648741
1.67	0.36	0.669267
1.67	0.37	0.689935
1.67	0.38	0.710748
1.67	0.39	0.731705
1.67	0.4	0.752808
1.67	0.41	0.774057
1.67	0.42	0.795453
1.67	0.43	0.816997
1.67	0.44	0.838687
1.67	0.45	0.860526
1.67	0.46	0.882512
1.67	0.47	0.904645
1.67	0.48	0.926926
1.67	0.49	0.949353
1.67	0.5	0.971927
1.67	0.51	0.994646
1.67	0.52	1.01751
1.67	0.53	1.04052
1.67	0.54	1.06367
1.67	0.55	1.08696
1.67	0.56	1.11039
1.67	0.57	1.13396
1.67	0.58	1.15766
1.67	0.59	1.1815
1.67	0.6	1.20547
1.67	0.61	1.22958
1.67	0.62	1.25381
1.67	0.63	1.27817
1.67	0.64	1.30265
1.67	0.65	1.32725
1.67	0.66	1.35197
1.67	0.67	1.3768
1.67	0.68	1.40174
1.67	0.69	1.42679
1.67	0.7	1.45195
1.67	0.71	1.47721
1.67	0.72	1.50256
1.67	0.73	1.528
1.67	0.74	1.55354
1.67	0.75	1.57915
1.67	0.76	1.60485
1.67	0.77	1.63062
1.67	0.78	1.65645
1.67	0.79	1.68235
1.67	0.8	1.70831
1.67	0.81	1.73432
1.67	0.82	1.76038
1.67	0.83	1.78648
1.67	0.84	1.81261
1.67	0.85	1.83877
1.67	0.86	1.86495
1.67	0.87	1.89114
1.67	0.88	1.91734
1.67	0.89	1.94355
1.67	0.9	1.96974
1.67	0.91	1.99591
1.67	0.92	2.02207
1.67	0.93	2.04819
1.67	0.94	2.07427
1.67	0.95	2.1003
1.67	0.96	2.12629
1.67	0.97	2.15223
1.67	0.98	2.17824
1.67	0.99	2.20497
1.67	1	2.23605
1.68	0	0
1.68	0.01	0.0174621
1.68	0.02	0.0349304
1.68	0.03	0.0524113
1.68	0.04	0.0699111
1.68	0.05	0.0874359
1.68	0.06	0.104992
1.68	0.07	0.122585
1.68	0.08	0.140222
1.68	0.09	0.157907
1.68	0.1	0.175647
1.68	0.11	0.193448
1.68	0.12	0.211315
1.68	0.13	0.229253
1.68	0.14	0.247267
1.68	0.15	0.265363
1.68	0.16	0.283545
1.68	0.17	0.301818
1.68	0.18	0.320186
1.68	0.19	0.338655
1.68	0.2	0.357227
1.68	0.21	0.375908
1.68	0.22	0.3947
1.68	0.23	0.413607
1.68	0.24	0.432634
1.68	0.25	0.451782
1.68	0.26	0.471056
1.68	0.27	0.490458
1.68	0.28	0.50999
1.68	0.29	0.529657
1.68	0.3	0.549459
1.68	0.31	0.569399
1.68	0.32	0.589479
1.68	0.33	0.609701
1.68	0.34	0.630067
1.68	0.35	0.650579
1.68	0.36	0.671237
1.68	0.37	0.692044
1.68	0.38	0.712999
1.68	0.39	0.734106
1.68	0.4	0.755363
1.68	0.41	0.776772
1.68	0.42	0.798334
1.68	0.43	0.820048
1.68	0.44	0.841915
1.68	0.45	0.863936
1.68	0.46	0.88611
1.68	0.47	0.908437
1.68	0.48	0.930917
1.68	0.49	0.953549
1.68	0.5	0.976334
1.68	0.51	0.999269
1.68	0.52	1.02235
1.68	0.53	1.04559
1.68	0.54	1.06897
1.68	0.55	1.0925
1.68	0.56	1.11618
1.68	0.57	1.14
1.68	0.58	1.16396
1.68	0.59	1.18806
1.68	0.6	1.2123
1.68	0.61	1.23668
1.68	0.62	1.26119
1.68	0.63	1.28583
1.68	0.64	1.31061
1.68	0.65	1.3355
1.68	0.66	1.36052
1.68	0.67	1.38567
1.68	0.68	1.41092
1.68	0.69	1.4363
1.68	0.7	1.46178
1.68	0.71	1.48736
1.68	0.72	1.51305
1.68	0.73	1.53884
1.68	0.74	1.56472
1.68	0.75	1.59069
1.68	0.76	1.61674
1.68	0.77	1.64287
1.68	0.78	1.66908
1.68	0.79	1.69536
1.68	0.8	1.72169
1.68	0.81	1.74809
1.68	0.82	1.77453
1.68	0.83	1.80102
1.68	0.84	1.82755
1.68	0.85	1.85412
1.68	0.86	1.8807
1.68	0.87	1.90731
1.68	0.88	1.93392
1.68	0.89	1.96054
1.68	0.9	1.98715
1.68	0.91	2.01375
1.68	0.92	2.04033
1.68	0.93	2.06688
1.68	0.94	2.09339
1.68	0.95	2.11985
1.68	0.96	2.14622
1.68	0.97	2.17237
1.68	0.98	2.19765
1.68	0.99	2.21905
1.68	1	2.22202
1.69	0	0
1.69	0.01	0.017462
1.69	0.02	0.0349306
1.69	0.03	0.0524124
1.69	0.04	0.0699139
1.69	0.05	0.0874416
1.69	0.06	0.105002
1.69	0.07	0.122601
1.69	0.08	0.140246
1.69	0.09	0.157942
1.69	0.1	0.175695
1.69	0.11	0.193511
1.69	0.12	0.211396
1.69	0.13	0.229356
1.69	0.14	0.247396
1.69	0.15	0.26552
1.69	0.16	0.283735
1.69	0.17	0.302044
1.69	0.18	0.320453
1.69	0.19	0.338967
1.69	0.2	0.357588
1.69	0.21	0.376322
1.69	0.22	0.395173
1.69	0.23	0.414143
1.69	0.24	0.433238
1.69	0.25	0.452459
1.69	0.26	0.471811
1.69	0.27	0.491295
1.69	0.28	0.510916
1.69	0.29	0.530676
1.69	0.3	0.550576
1.69	0.31	0.57062
1.69	0.32	0.590809
1.69	0.33	0.611146
1.69	0.34	0.631633
1.69	0.35	0.65227
1.69	0.36	0.673059
1.69	0.37	0.694003
1.69	0.38	0.715101
1.69	0.39	0.736355
1.69	0.4	0.757766
1.69	0.41	0.779334
1.69	0.42	0.801061
1.69	0.43	0.822946
1.69	0.44	0.84499
1.69	0.45	0.867193
1.69	0.46	0.889555
1.69	0.47	0.912076
1.69	0.48	0.934756
1.69	0.49	0.957594
1.69	0.5	0.980589
1.69	0.51	1.00374
1.69	0.52	1.02705
1.69	0.53	1.05051
1.69	0.54	1.07413
1.69	0.55	1.0979
1.69	0.56	1.12183
1.69	0.57	1.1459
1.69	0.58	1.17012
1.69	0.59	1.19448
1.69	0.6	1.219
1.69	0.61	1.24365
1.69	0.62	1.26844
1.69	0.63	1.29337
1.69	0.64	1.31844
1.69	0.65	1.34364
1.69	0.66	1.36896
1.69	0.67	1.39442
1.69	0.68	1.41999
1.69	0.69	1.44569
1.69	0.7	1.4715
1.69	0.71	1.49742
1.69	0.72	1.52345
1.69	0.73	1.54958
1.69	0.74	1.57582
1.69	0.75	1.60214
1.69	0.76	1.62856
1.69	0.77	1.65506
1.69	0.78	1.68164
1.69	0.79	1.70829
1.69	0.8	1.73502
1.69	0.81	1.7618
1.69	0.82	1.78864
1.69	0.83	1.81553
1.69	0.84	1.84246
1.69	0.85	1.86943
1.69	0.86	1.89643
1.69	0.87	1.92346
1.69	0.88	1.95049
1.69	0.89	1.97753
1.69	0.9	2.00458
1.69	0.91	2.03161
1.69	0.92	2.05862
1.69	0.93	2.08561
1.69	0.94	2.11257
1.69	0.95	2.13948
1.69	0.96	2.16633
1.69	0.97	2.1931
1.69	0.98	2.21966
1.69	0.99	2.24536
1.69	1	2.26656
1.7	0	0
1.7	0.01	0.0174553
1.7	0.02	0.0349176
1.7	0.03	0.0523937
1.7	0.04	0.0698904
1.7	0.05	0.0874146
1.7	0.06	0.104973
1.7	0.07	0.122572
1.7	0.08	0.140219
1.7	0.09	0.157919
1.7	0.1	0.175679
1.7	0.11	0.193505
1.7	0.12	0.211404
1.7	0.13	0.22938
1.7	0.14	0.247439
1.7	0.15	0.265587
1.7	0.16	0.28383
1.7	0.17	0.302171
1.7	0.18	0.320616
1.7	0.19	0.33917
1.7	0.2	0.357837
1.7	0.21	0.376621
1.7	0.22	0.395526
1.7	0.23	0.414556
1.7	0.24	0.433715
1.7	0.25	0.453006
1.7	0.26	0.472432
1.7	0.27	0.491997
1.7	0.28	0.511703
1.7	0.29	0.531553
1.7	0.3	0.55155
1.7	0.31	0.571696
1.7	0.32	0.591993
1.7	0.33	0.612442
1.7	0.34	0.633047
1.7	0.35	0.653808
1.7	0.36	0.674728
1.7	0.37	0.695807
1.7	0.38	0.717046
1.7	0.39	0.738448
1.7	0.4	0.760011
1.7	0.41	0.781739
1.7	0.42	0.80363
1.7	0.43	0.825685
1.7	0.44	0.847906
1.7	0.45	0.870291
1.7	0.46	0.892841
1.7	0.47	0.915556
1.7	0.48	0.938436
1.7	0.49	0.96148
1.7	0.5	0.984687
1.7	0.51	1.00806
1.7	0.52	1.03159
1.7	0.53	1.05528
1.7	0.54	1.07914
1.7	0.55	1.10315
1.7	0.56	1.12732
1.7	0.57	1.15165
1.7	0.58	1.17613
1.7	0.59	1.20076
1.7	0.6	1.22555
1.7	0.61	1.25048
1.7	0.62	1.27556
1.7	0.63	1.30078
1.7	0.64	1.32614
1.7	0.65	1.35164
1.7	0.66	1.37728
1.7	0.67	1.40305
1.7	0.68	1.42894
1.7	0.69	1.45496
1.7	0.7	1.48111
1.7	0.71	1.50737
1.7	0.72	1.53374
1.7	0.73	1.56023
1.7	0.74	1.58682
1.7	0.75	1.61351
1.7	0.76	1.64029
1.7	0.77	1.66717
1.7	0.78	1.69412
1.7	0.79	1.72116
1.7	0.8	1.74828
1.7	0.81	1.77546
1.7	0.82	1.8027
1.7	0.83	1.82999
1.7	0.84	1.85734
1.7	0.85	1.88473
1.7	0.86	1.91214
1.7	0.87	1.93959
1.7	0.88	1.96706
1.7	0.89	1.99453
1.7	0.9	2.02201
1.7	0.91	2.04949
1.7	0.92	2.07694
1.7	0.93	2.10438
1.7	0.94	2.13179
1.7	0.95	2.15916
1.7	0.96	2.18651
1.7	0.97	2.21398
1.7	0.98	2.24223
1.7	0.99	2.27445
1.7	1	2.3262
1.71	0	0
1.71	0.01	0.0174418
1.71	0.02	0.0348908
1.71	0.03	0.0523543
1.71	0.04	0.0698394
1.71	0.05	0.0873534
1.71	0.06	0.104903
1.71	0.07	0.122496
1.71	0.08	0.140138
1.71	0.09	0.157836
1.71	0.1	0.175597
1.71	0.11	0.193427
1.71	0.12	0.211333
1.71	0.13	0.22932
1.71	0.14	0.247394
1.71	0.15	0.265561
1.71	0.16	0.283826
1.71	0.17	0.302194
1.71	0.18	0.320671
1.71	0.19	0.339261
1.71	0.2	0.357968
1.71	0.21	0.376798
1.71	0.22	0.395754
1.71	0.23	0.41484
1.71	0.24	0.43406
1.71	0.25	0.453417
1.71	0.26	0.472915
1.71	0.27	0.492557
1.71	0.28	0.512346
1.71	0.29	0.532285
1.71	0.3	0.552375
1.71	0.31	0.57262
1.71	0.32	0.593023
1.71	0.33	0.613583
1.71	0.34	0.634305
1.71	0.35	0.655189
1.71	0.36	0.676237
1.71	0.37	0.69745
1.71	0.38	0.71883
1.71	0.39	0.740377
1.71	0.4	0.762093
1.71	0.41	0.783979
1.71	0.42	0.806034
1.71	0.43	0.82826
1.71	0.44	0.850657
1.71	0.45	0.873224
1.71	0.46	0.895963
1.71	0.47	0.918872
1.71	0.48	0.941952
1.71	0.49	0.965203
1.71	0.5	0.988623
1.71	0.51	1.01221
1.71	0.52	1.03597
1.71	0.53	1.0599
1.71	0.54	1.08399
1.71	0.55	1.10824
1.71	0.56	1.13266
1.71	0.57	1.15725
1.71	0.58	1.18199
1.71	0.59	1.20689
1.71	0.6	1.23195
1.71	0.61	1.25716
1.71	0.62	1.28253
1.71	0.63	1.30804
1.71	0.64	1.3337
1.71	0.65	1.35951
1.71	0.66	1.38546
1.71	0.67	1.41154
1.71	0.68	1.43777
1.71	0.69	1.46412
1.71	0.7	1.4906
1.71	0.71	1.5172
1.71	0.72	1.54393
1.71	0.73	1.57077
1.71	0.74	1.59772
1.71	0.75	1.62477
1.71	0.76	1.65193
1.71	0.77	1.67919
1.71	0.78	1.70653
1.71	0.79	1.73396
1.71	0.8	1.76147
1.71	0.81	1.78905
1.71	0.82	1.8167
1.71	0.83	1.84441
1.71	0.84	1.87217
1.71	0.85	1.89998
1.71	0.86	1.92783
1.71	0.87	1.95571
1.71	0.88	1.98361
1.71	0.89	2.01153
1.71	0.9	2.03945
1.71	0.91	2.06738
1.71	0.92	2.09529
1.71	0.93	2.12318
1.71	0.94	2.15104
1.71	0.95	2.17887
1.71	0.96	2.20664
1.71	0.97	2.23438
1.71	0.98	2.26218
1.71	0.99	2.29065
1.71	1	2.3234
1.72	0	0
1.72	0.01	0.0174209
1.72	0.02	0.0348495
1.72	0.03	0.0522932
1.72	0.04	0.0697597
1.72	0.05	0.0872563
1.72	0.06	0.104791
1.72	0.07	0.12237
1.72	0.08	0.140001
1.72	0.09	0.15769
1.72	0.1	0.175446
1.72	0.11	0.193274
1.72	0.12	0.211181
1.72	0.13	0.229173
1.72	0.14	0.247256
1.72	0.15	0.265436
1.72	0.16	0.283718
1.72	0.17	0.302109
1.72	0.18	0.320612
1.72	0.19	0.339233
1.72	0.2	0.357977
1.72	0.21	0.376849
1.72	0.22	0.395851
1.72	0.23	0.41499
1.72	0.24	0.434267
1.72	0.25	0.453688
1.72	0.26	0.473254
1.72	0.27	0.492971
1.72	0.28	0.512839
1.72	0.29	0.532864
1.72	0.3	0.553046
1.72	0.31	0.573388
1.72	0.32	0.593894
1.72	0.33	0.614564
1.72	0.34	0.6354
1.72	0.35	0.656405
1.72	0.36	0.67758
1.72	0.37	0.698927
1.72	0.38	0.720446
1.72	0.39	0.742139
1.72	0.4	0.764006
1.72	0.41	0.786049
1.72	0.42	0.808268
1.72	0.43	0.830664
1.72	0.44	0.853236
1.72	0.45	0.875986
1.72	0.46	0.898913
1.72	0.47	0.922017
1.72	0.48	0.945298
1.72	0.49	0.968756
1.72	0.5	0.992389
1.72	0.51	1.0162
1.72	0.52	1.04018
1.72	0.53	1.06434
1.72	0.54	1.08867
1.72	0.55	1.11317
1.72	0.56	1.13784
1.72	0.57	1.16268
1.72	0.58	1.18769
1.72	0.59	1.21286
1.72	0.6	1.2382
1.72	0.61	1.26369
1.72	0.62	1.28935
1.72	0.63	1.31516
1.72	0.64	1.34112
1.72	0.65	1.36724
1.72	0.66	1.3935
1.72	0.67	1.41991
1.72	0.68	1.44646
1.72	0.69	1.47315
1.72	0.7	1.49997
1.72	0.71	1.52692
1.72	0.72	1.554
1.72	0.73	1.5812
1.72	0.74	1.60851
1.72	0.75	1.63594
1.72	0.76	1.66348
1.72	0.77	1.69112
1.72	0.78	1.71885
1.72	0.79	1.74668
1.72	0.8	1.77459
1.72	0.81	1.80258
1.72	0.82	1.83064
1.72	0.83	1.85877
1.72	0.84	1.88696
1.72	0.85	1.9152
1.72	0.86	1.94348
1.72	0.87	1.9718
1.72	0.88	2.00015
1.72	0.89	2.02852
1.72	0.9	2.0569
1.72	0.91	2.08528
1.72	0.92	2.11365
1.72	0.93	2.14201
1.72	0.94	2.17034
1.72	0.95	2.19862
1.72	0.96	2.22682
1.72	0.97	2.25478
1.72	0.98	2.28176
1.72	0.99	2.3043
1.72	1	2.30569
1.73	0	0
1.73	0.01	0.0173925
1.73	0.02	0.034793
1.73	0.03	0.0522094
1.73	0.04	0.0696497
1.73	0.05	0.0871217
1.73	0.06	0.104633
1.73	0.07	0.122192
1.73	0.08	0.139804
1.73	0.09	0.157479
1.73	0.1	0.175223
1.73	0.11	0.193042
1.73	0.12	0.210944
1.73	0.13	0.228935
1.73	0.14	0.247021
1.73	0.15	0.265208
1.73	0.16	0.283503
1.73	0.17	0.30191
1.73	0.18	0.320435
1.73	0.19	0.339083
1.73	0.2	0.35786
1.73	0.21	0.376768
1.73	0.22	0.395814
1.73	0.23	0.415
1.73	0.24	0.434332
1.73	0.25	0.453812
1.73	0.26	0.473444
1.73	0.27	0.493231
1.73	0.28	0.513177
1.73	0.29	0.533285
1.73	0.3	0.553556
1.73	0.31	0.573994
1.73	0.32	0.5946
1.73	0.33	0.615377
1.73	0.34	0.636327
1.73	0.35	0.657452
1.73	0.36	0.678753
1.73	0.37	0.700231
1.73	0.38	0.721888
1.73	0.39	0.743725
1.73	0.4	0.765743
1.73	0.41	0.787943
1.73	0.42	0.810325
1.73	0.43	0.83289
1.73	0.44	0.855639
1.73	0.45	0.878571
1.73	0.46	0.901686
1.73	0.47	0.924985
1.73	0.48	0.948467
1.73	0.49	0.972132
1.73	0.5	0.99598
1.73	0.51	1.02001
1.73	0.52	1.04422
1.73	0.53	1.06861
1.73	0.54	1.09318
1.73	0.55	1.11793
1.73	0.56	1.14285
1.73	0.57	1.16795
1.73	0.58	1.19322
1.73	0.59	1.21867
1.73	0.6	1.24428
1.73	0.61	1.27006
1.73	0.62	1.29601
1.73	0.63	1.32212
1.73	0.64	1.34839
1.73	0.65	1.37482
1.73	0.66	1.4014
1.73	0.67	1.42813
1.73	0.68	1.45501
1.73	0.69	1.48204
1.73	0.7	1.5092
1.73	0.71	1.53651
1.73	0.72	1.56394
1.73	0.73	1.59151
1.73	0.74	1.61919
1.73	0.75	1.647
1.73	0.76	1.67492
1.73	0.77	1.70295
1.73	0.78	1.73108
1.73	0.79	1.75931
1.73	0.8	1.78763
1.73	0.81	1.81604
1.73	0.82	1.84452
1.73	0.83	1.87307
1.73	0.84	1.90169
1.73	0.85	1.93037
1.73	0.86	1.9591
1.73	0.87	1.98787
1.73	0.88	2.01667
1.73	0.89	2.04549
1.73	0.9	2.07434
1.73	0.91	2.10318
1.73	0.92	2.13203
1.73	0.93	2.16086
1.73	0.94	2.18967
1.73	0.95	2.21845
1.73	0.96	2.24718
1.73	0.97	2.27584
1.73	0.98	2.30432
1.73	0.99	2.33199
1.73	1	2.35528
1.74	0	0
1.74	0.01	0.0173561
1.74	0.02	0.0347206
1.74	0.03	0.0521018
1.74	0.04	0.0695081
1.74	0.05	0.0869477
1.74	0.06	0.104429
1.74	0.07	0.121959
1.74	0.08	0.139547
1.74	0.09	0.157199
1.74	0.1	0.174923
1.74	0.11	0.192727
1.74	0.12	0.210618
1.74	0.13	0.228601
1.74	0.14	0.246685
1.74	0.15	0.264874
1.74	0.16	0.283175
1.74	0.17	0.301593
1.74	0.18	0.320135
1.74	0.19	0.338806
1.74	0.2	0.357609
1.74	0.21	0.376551
1.74	0.22	0.395635
1.74	0.23	0.414866
1.74	0.24	0.434247
1.74	0.25	0.453784
1.74	0.26	0.473478
1.74	0.27	0.493334
1.74	0.28	0.513354
1.74	0.29	0.533542
1.74	0.3	0.553899
1.74	0.31	0.57443
1.74	0.32	0.595135
1.74	0.33	0.616018
1.74	0.34	0.63708
1.74	0.35	0.658322
1.74	0.36	0.679747
1.74	0.37	0.701356
1.74	0.38	0.72315
1.74	0.39	0.745131
1.74	0.4	0.767299
1.74	0.41	0.789655
1.74	0.42	0.8122
1.74	0.43	0.834934
1.74	0.44	0.857858
1.74	0.45	0.880972
1.74	0.46	0.904276
1.74	0.47	0.92777
1.74	0.48	0.951453
1.74	0.49	0.975327
1.74	0.5	0.999389
1.74	0.51	1.02364
1.74	0.52	1.04808
1.74	0.53	1.0727
1.74	0.54	1.09751
1.74	0.55	1.12251
1.74	0.56	1.14769
1.74	0.57	1.17305
1.74	0.58	1.19859
1.74	0.59	1.22431
1.74	0.6	1.2502
1.74	0.61	1.27627
1.74	0.62	1.30251
1.74	0.63	1.32892
1.74	0.64	1.3555
1.74	0.65	1.38224
1.74	0.66	1.40915
1.74	0.67	1.43621
1.74	0.68	1.46342
1.74	0.69	1.49079
1.74	0.7	1.51831
1.74	0.71	1.54596
1.74	0.72	1.57376
1.74	0.73	1.60169
1.74	0.74	1.62976
1.74	0.75	1.65795
1.74	0.76	1.68625
1.74	0.77	1.71468
1.74	0.78	1.74321
1.74	0.79	1.77185
1.74	0.8	1.80059
1.74	0.81	1.82941
1.74	0.82	1.85832
1.74	0.83	1.88731
1.74	0.84	1.91637
1.74	0.85	1.9455
1.74	0.86	1.97467
1.74	0.87	2.0039
1.74	0.88	2.03316
1.74	0.89	2.06246
1.74	0.9	2.09177
1.74	0.91	2.12109
1.74	0.92	2.15042
1.74	0.93	2.17974
1.74	0.94	2.20904
1.74	0.95	2.23832
1.74	0.96	2.2676
1.74	0.97	2.29703
1.74	0.98	2.32736
1.74	0.99	2.36234
1.74	1	2.41996
1.75	0	0
1.75	0.01	0.0173113
1.75	0.02	0.0346313
1.75	0.03	0.051969
1.75	0.04	0.0693331
1.75	0.05	0.0867322
1.75	0.06	0.104175
1.75	0.07	0.121669
1.75	0.08	0.139224
1.75	0.09	0.156846
1.75	0.1	0.174545
1.75	0.11	0.192326
1.75	0.12	0.210198
1.75	0.13	0.228168
1.75	0.14	0.246242
1.75	0.15	0.264427
1.75	0.16	0.282729
1.75	0.17	0.301154
1.75	0.18	0.319707
1.75	0.19	0.338394
1.75	0.2	0.357221
1.75	0.21	0.376191
1.75	0.22	0.395309
1.75	0.23	0.41458
1.75	0.24	0.434009
1.75	0.25	0.453597
1.75	0.26	0.473351
1.75	0.27	0.493271
1.75	0.28	0.513363
1.75	0.29	0.533628
1.75	0.3	0.55407
1.75	0.31	0.574691
1.75	0.32	0.595494
1.75	0.33	0.61648
1.75	0.34	0.637651
1.75	0.35	0.65901
1.75	0.36	0.680558
1.75	0.37	0.702296
1.75	0.38	0.724226
1.75	0.39	0.746349
1.75	0.4	0.768666
1.75	0.41	0.791178
1.75	0.42	0.813885
1.75	0.43	0.836788
1.75	0.44	0.859887
1.75	0.45	0.883183
1.75	0.46	0.906675
1.75	0.47	0.930365
1.75	0.48	0.95425
1.75	0.49	0.978332
1.75	0.5	1.00261
1.75	0.51	1.02708
1.75	0.52	1.05175
1.75	0.53	1.07661
1.75	0.54	1.10166
1.75	0.55	1.12691
1.75	0.56	1.15234
1.75	0.57	1.17796
1.75	0.58	1.20377
1.75	0.59	1.22977
1.75	0.6	1.25595
1.75	0.61	1.28231
1.75	0.62	1.30884
1.75	0.63	1.33556
1.75	0.64	1.36245
1.75	0.65	1.38951
1.75	0.66	1.41673
1.75	0.67	1.44413
1.75	0.68	1.47168
1.75	0.69	1.4994
1.75	0.7	1.52726
1.75	0.71	1.55528
1.75	0.72	1.58344
1.75	0.73	1.61175
1.75	0.74	1.64019
1.75	0.75	1.66877
1.75	0.76	1.69747
1.75	0.77	1.7263
1.75	0.78	1.75524
1.75	0.79	1.78429
1.75	0.8	1.81345
1.75	0.81	1.84271
1.75	0.82	1.87205
1.75	0.83	1.90148
1.75	0.84	1.93099
1.75	0.85	1.96056
1.75	0.86	1.9902
1.75	0.87	2.01989
1.75	0.88	2.04963
1.75	0.89	2.0794
1.75	0.9	2.10919
1.75	0.91	2.139
1.75	0.92	2.16882
1.75	0.93	2.19864
1.75	0.94	2.22843
1.75	0.95	2.25821
1.75	0.96	2.28794
1.75	0.97	2.31764
1.75	0.98	2.34737
1.75	0.99	2.37771
1.75	1	2.41221
1.76	0	0
1.76	0.01	0.0172576
1.76	0.02	0.0345245
1.76	0.03	0.0518099
1.76	0.04	0.0691231
1.76	0.05	0.0864732
1.76	0.06	0.103869
1.76	0.07	0.121319
1.76	0.08	0.138833
1.76	0.09	0.156418
1.76	0.1	0.174083
1.76	0.11	0.191835
1.76	0.12	0.209681
1.76	0.13	0.227631
1.76	0.14	0.245689
1.76	0.15	0.263863
1.76	0.16	0.28216
1.76	0.17	0.300585
1.76	0.18	0.319145
1.76	0.19	0.337844
1.76	0.2	0.356688
1.76	0.21	0.375682
1.76	0.22	0.394831
1.76	0.23	0.414138
1.76	0.24	0.433609
1.76	0.25	0.453247
1.76	0.26	0.473056
1.76	0.27	0.493038
1.76	0.28	0.513198
1.76	0.29	0.533539
1.76	0.3	0.554062
1.76	0.31	0.574771
1.76	0.32	0.595668
1.76	0.33	0.616756
1.76	0.34	0.638035
1.76	0.35	0.659509
1.76	0.36	0.681178
1.76	0.37	0.703044
1.76	0.38	0.725109
1.76	0.39	0.747374
1.76	0.4	0.769839
1.76	0.41	0.792505
1.76	0.42	0.815374
1.76	0.43	0.838445
1.76	0.44	0.861719
1.76	0.45	0.885197
1.76	0.46	0.908878
1.76	0.47	0.932763
1.76	0.48	0.956851
1.76	0.49	0.981142
1.76	0.5	1.00563
1.76	0.51	1.03033
1.76	0.52	1.05523
1.76	0.53	1.08032
1.76	0.54	1.10562
1.76	0.55	1.13111
1.76	0.56	1.15681
1.76	0.57	1.18269
1.76	0.58	1.20877
1.76	0.59	1.23505
1.76	0.6	1.26151
1.76	0.61	1.28816
1.76	0.62	1.315
1.76	0.63	1.34202
1.76	0.64	1.36922
1.76	0.65	1.3966
1.76	0.66	1.42416
1.76	0.67	1.45189
1.76	0.68	1.47978
1.76	0.69	1.50785
1.76	0.7	1.53607
1.76	0.71	1.56445
1.76	0.72	1.59299
1.76	0.73	1.62167
1.76	0.74	1.6505
1.76	0.75	1.67947
1.76	0.76	1.70857
1.76	0.77	1.7378
1.76	0.78	1.76716
1.76	0.79	1.79663
1.76	0.8	1.82622
1.76	0.81	1.85591
1.76	0.82	1.88569
1.76	0.83	1.91557
1.76	0.84	1.94553
1.76	0.85	1.97557
1.76	0.86	2.00568
1.76	0.87	2.03584
1.76	0.88	2.06605
1.76	0.89	2.09631
1.76	0.9	2.1266
1.76	0.91	2.15691
1.76	0.92	2.18723
1.76	0.93	2.21755
1.76	0.94	2.24785
1.76	0.95	2.27813
1.76	0.96	2.30833
1.76	0.97	2.33826
1.76	0.98	2.36707
1.76	0.99	2.3907
1.76	1	2.38955
1.77	0	0
1.77	0.01	0.0171946
1.77	0.02	0.034399
1.77	0.03	0.051623
1.77	0.04	0.0688763
1.77	0.05	0.0861684
1.77	0.06	0.103509
1.77	0.07	0.120906
1.77	0.08	0.138371
1.77	0.09	0.15591
1.77	0.1	0.173533
1.77	0.11	0.191248
1.77	0.12	0.209062
1.77	0.13	0.226984
1.77	0.14	0.24502
1.77	0.15	0.263178
1.77	0.16	0.281463
1.77	0.17	0.299883
1.77	0.18	0.318443
1.77	0.19	0.337149
1.77	0.2	0.356006
1.77	0.21	0.375019
1.77	0.22	0.394193
1.77	0.23	0.413533
1.77	0.24	0.433043
1.77	0.25	0.452726
1.77	0.26	0.472586
1.77	0.27	0.492628
1.77	0.28	0.512853
1.77	0.29	0.533266
1.77	0.3	0.553868
1.77	0.31	0.574663
1.77	0.32	0.595653
1.77	0.33	0.61684
1.77	0.34	0.638225
1.77	0.35	0.659812
1.77	0.36	0.681601
1.77	0.37	0.703594
1.77	0.38	0.725793
1.77	0.39	0.748198
1.77	0.4	0.77081
1.77	0.41	0.79363
1.77	0.42	0.81666
1.77	0.43	0.839899
1.77	0.44	0.863349
1.77	0.45	0.887008
1.77	0.46	0.910878
1.77	0.47	0.934958
1.77	0.48	0.959248
1.77	0.49	0.983749
1.77	0.5	1.00846
1.77	0.51	1.03338
1.77	0.52	1.0585
1.77	0.53	1.08384
1.77	0.54	1.10938
1.77	0.55	1.13513
1.77	0.56	1.16108
1.77	0.57	1.18723
1.77	0.58	1.21358
1.77	0.59	1.24013
1.77	0.6	1.26689
1.77	0.61	1.29383
1.77	0.62	1.32097
1.77	0.63	1.3483
1.77	0.64	1.37582
1.77	0.65	1.40352
1.77	0.66	1.43141
1.77	0.67	1.45948
1.77	0.68	1.48772
1.77	0.69	1.51613
1.77	0.7	1.54472
1.77	0.71	1.57347
1.77	0.72	1.60238
1.77	0.73	1.63145
1.77	0.74	1.66066
1.77	0.75	1.69003
1.77	0.76	1.71954
1.77	0.77	1.74918
1.77	0.78	1.77896
1.77	0.79	1.80886
1.77	0.8	1.83888
1.77	0.81	1.86901
1.77	0.82	1.89925
1.77	0.83	1.92958
1.77	0.84	1.96
1.77	0.85	1.99051
1.77	0.86	2.02109
1.77	0.87	2.05174
1.77	0.88	2.08244
1.77	0.89	2.11319
1.77	0.9	2.14398
1.77	0.91	2.1748
1.77	0.92	2.20563
1.77	0.93	2.23647
1.77	0.94	2.2673
1.77	0.95	2.29812
1.77	0.96	2.3289
1.77	0.97	2.35963
1.77	0.98	2.39023
1.77	0.99	2.42012
1.77	1	2.44577
1.78	0	0
1.78	0.01	0.0171218
1.78	0.02	0.034254
1.78	0.03	0.0514068
1.78	0.04	0.0685906
1.78	0.05	0.0858153
1.78	0.06	0.103091
1.78	0.07	0.120427
1.78	0.08	0.137833
1.78	0.09	0.155318
1.78	0.1	0.172892
1.78	0.11	0.190561
1.78	0.12	0.208336
1.78	0.13	0.226223
1.78	0.14	0.244229
1.78	0.15	0.262363
1.78	0.16	0.280631
1.78	0.17	0.29904
1.78	0.18	0.317595
1.78	0.19	0.336302
1.78	0.2	0.355167
1.78	0.21	0.374195
1.78	0.22	0.39339
1.78	0.23	0.412758
1.78	0.24	0.432302
1.78	0.25	0.452027
1.78	0.26	0.471936
1.78	0.27	0.492033
1.78	0.28	0.512321
1.78	0.29	0.532803
1.78	0.3	0.553482
1.78	0.31	0.57436
1.78	0.32	0.59544
1.78	0.33	0.616724
1.78	0.34	0.638215
1.78	0.35	0.659913
1.78	0.36	0.68182
1.78	0.37	0.703939
1.78	0.38	0.72627
1.78	0.39	0.748814
1.78	0.4	0.771573
1.78	0.41	0.794547
1.78	0.42	0.817737
1.78	0.43	0.841144
1.78	0.44	0.864767
1.78	0.45	0.888608
1.78	0.46	0.912667
1.78	0.47	0.936943
1.78	0.48	0.961436
1.78	0.49	0.986146
1.78	0.5	1.01107
1.78	0.51	1.03622
1.78	0.52	1.06157
1.78	0.53	1.08715
1.78	0.54	1.11293
1.78	0.55	1.13893
1.78	0.56	1.16514
1.78	0.57	1.19156
1.78	0.58	1.21819
1.78	0.59	1.24503
1.78	0.6	1.27207
1.78	0.61	1.29931
1.78	0.62	1.32675
1.78	0.63	1.35439
1.78	0.64	1.38223
1.78	0.65	1.41026
1.78	0.66	1.43848
1.78	0.67	1.46689
1.78	0.68	1.49548
1.78	0.69	1.52425
1.78	0.7	1.5532
1.78	0.71	1.58232
1.78	0.72	1.61161
1.78	0.73	1.64107
1.78	0.74	1.67068
1.78	0.75	1.70045
1.78	0.76	1.73037
1.78	0.77	1.76043
1.78	0.78	1.79063
1.78	0.79	1.82097
1.78	0.8	1.85143
1.78	0.81	1.88201
1.78	0.82	1.9127
1.78	0.83	1.9435
1.78	0.84	1.97439
1.78	0.85	2.00538
1.78	0.86	2.03644
1.78	0.87	2.06758
1.78	0.88	2.09878
1.78	0.89	2.13004
1.78	0.9	2.16134
1.78	0.91	2.19267
1.78	0.92	2.22403
1.78	0.93	2.2554
1.78	0.94	2.28677
1.78	0.95	2.31814
1.78	0.96	2.34952
1.78	0.97	2.38111
1.78	0.98	2.41379
1.78	0.99	2.45198
1.78	1	2.51708
1.79	0	0
1.79	0.01	0.0170387
1.79	0.02	0.0340883
1.79	0.03	0.0511597
1.79	0.04	0.0682639
1.79	0.05	0.0854113
1.79	0.06	0.102612
1.79	0.07	0.119878
1.79	0.08	0.137216
1.79	0.09	0.154639
1.79	0.1	0.172154
1.79	0.11	0.18977
1.79	0.12	0.207497
1.79	0.13	0.225341
1.79	0.14	0.243312
1.79	0.15	0.261415
1.79	0.16	0.279659
1.79	0.17	0.29805
1.79	0.18	0.316594
1.79	0.19	0.335297
1.79	0.2	0.354165
1.79	0.21	0.373203
1.79	0.22	0.392415
1.79	0.23	0.411806
1.79	0.24	0.431381
1.79	0.25	0.451144
1.79	0.26	0.471098
1.79	0.27	0.491247
1.79	0.28	0.511595
1.79	0.29	0.532143
1.79	0.3	0.552896
1.79	0.31	0.573855
1.79	0.32	0.595024
1.79	0.33	0.616403
1.79	0.34	0.637996
1.79	0.35	0.659804
1.79	0.36	0.681828
1.79	0.37	0.704071
1.79	0.38	0.726533
1.79	0.39	0.749216
1.79	0.4	0.77212
1.79	0.41	0.795247
1.79	0.42	0.818597
1.79	0.43	0.842171
1.79	0.44	0.865969
1.79	0.45	0.889991
1.79	0.46	0.914239
1.79	0.47	0.93871
1.79	0.48	0.963406
1.79	0.49	0.988327
1.79	0.5	1.01347
1.79	0.51	1.03884
1.79	0.52	1.06443
1.79	0.53	1.09024
1.79	0.54	1.11627
1.79	0.55	1.14253
1.79	0.56	1.169
1.79	0.57	1.19569
1.79	0.58	1.22259
1.79	0.59	1.24971
1.79	0.6	1.27704
1.79	0.61	1.30458
1.79	0.62	1.33233
1.79	0.63	1.36029
1.79	0.64	1.38845
1.79	0.65	1.41681
1.79	0.66	1.44537
1.79	0.67	1.47412
1.79	0.68	1.50306
1.79	0.69	1.5322
1.79	0.7	1.56151
1.79	0.71	1.59101
1.79	0.72	1.62069
1.79	0.73	1.65053
1.79	0.74	1.68055
1.79	0.75	1.71072
1.79	0.76	1.74106
1.79	0.77	1.77154
1.79	0.78	1.80218
1.79	0.79	1.83295
1.79	0.8	1.86386
1.79	0.81	1.89489
1.79	0.82	1.92605
1.79	0.83	1.95732
1.79	0.84	1.98869
1.79	0.85	2.02016
1.79	0.86	2.05172
1.79	0.87	2.08336
1.79	0.88	2.11507
1.79	0.89	2.14684
1.79	0.9	2.17866
1.79	0.91	2.21053
1.79	0.92	2.24242
1.79	0.93	2.27433
1.79	0.94	2.30624
1.79	0.95	2.33815
1.79	0.96	2.37003
1.79	0.97	2.40187
1.79	0.98	2.43372
1.79	0.99	2.46607
1.79	1	2.50237
1.8	0	0
1.8	0.01	0.0169445
1.8	0.02	0.0339006
1.8	0.03	0.0508799
1.8	0.04	0.0678938
1.8	0.05	0.0849536
1.8	0.06	0.10207
1.8	0.07	0.119254
1.8	0.08	0.136516
1.8	0.09	0.153866
1.8	0.1	0.171314
1.8	0.11	0.188869
1.8	0.12	0.206539
1.8	0.13	0.224334
1.8	0.14	0.242261
1.8	0.15	0.260327
1.8	0.16	0.278541
1.8	0.17	0.296908
1.8	0.18	0.315435
1.8	0.19	0.334128
1.8	0.2	0.352994
1.8	0.21	0.372036
1.8	0.22	0.39126
1.8	0.23	0.410671
1.8	0.24	0.430273
1.8	0.25	0.45007
1.8	0.26	0.470065
1.8	0.27	0.490264
1.8	0.28	0.510667
1.8	0.29	0.53128
1.8	0.3	0.552104
1.8	0.31	0.573141
1.8	0.32	0.594396
1.8	0.33	0.615869
1.8	0.34	0.637562
1.8	0.35	0.659478
1.8	0.36	0.681618
1.8	0.37	0.703983
1.8	0.38	0.726576
1.8	0.39	0.749396
1.8	0.4	0.772445
1.8	0.41	0.795724
1.8	0.42	0.819233
1.8	0.43	0.842974
1.8	0.44	0.866946
1.8	0.45	0.89115
1.8	0.46	0.915586
1.8	0.47	0.940253
1.8	0.48	0.965153
1.8	0.49	0.990284
1.8	0.5	1.01565
1.8	0.51	1.04124
1.8	0.52	1.06706
1.8	0.53	1.09311
1.8	0.54	1.1194
1.8	0.55	1.1459
1.8	0.56	1.17264
1.8	0.57	1.1996
1.8	0.58	1.22678
1.8	0.59	1.25418
1.8	0.6	1.28181
1.8	0.61	1.30965
1.8	0.62	1.33771
1.8	0.63	1.36598
1.8	0.64	1.39447
1.8	0.65	1.42316
1.8	0.66	1.45206
1.8	0.67	1.48116
1.8	0.68	1.51046
1.8	0.69	1.53995
1.8	0.7	1.56964
1.8	0.71	1.59952
1.8	0.72	1.62958
1.8	0.73	1.65983
1.8	0.74	1.69025
1.8	0.75	1.72084
1.8	0.76	1.75159
1.8	0.77	1.78251
1.8	0.78	1.81358
1.8	0.79	1.8448
1.8	0.8	1.87616
1.8	0.81	1.90766
1.8	0.82	1.93928
1.8	0.83	1.97103
1.8	0.84	2.00289
1.8	0.85	2.03485
1.8	0.86	2.06691
1.8	0.87	2.09906
1.8	0.88	2.13129
1.8	0.89	2.16359
1.8	0.9	2.19595
1.8	0.91	2.22835
1.8	0.92	2.26079
1.8	0.93	2.29325
1.8	0.94	2.32573
1.8	0.95	2.35819
1.8	0.96	2.39058
1.8	0.97	2.42268
1.8	0.98	2.45346
1.8	0.99	2.47803
1.8	1	2.47277
1.81	0	0
1.81	0.01	0.0168388
1.81	0.02	0.0336898
1.81	0.03	0.0505655
1.81	0.04	0.0674779
1.81	0.05	0.0844389
1.81	0.06	0.10146
1.81	0.07	0.118553
1.81	0.08	0.135728
1.81	0.09	0.152996
1.81	0.1	0.170368
1.81	0.11	0.187852
1.81	0.12	0.205458
1.81	0.13	0.223194
1.81	0.14	0.24107
1.81	0.15	0.259092
1.81	0.16	0.277268
1.81	0.17	0.295605
1.81	0.18	0.314109
1.81	0.19	0.332788
1.81	0.2	0.351645
1.81	0.21	0.370687
1.81	0.22	0.389919
1.81	0.23	0.409344
1.81	0.24	0.428969
1.81	0.25	0.448796
1.81	0.26	0.46883
1.81	0.27	0.489074
1.81	0.28	0.509531
1.81	0.29	0.530204
1.81	0.3	0.551097
1.81	0.31	0.572211
1.81	0.32	0.593549
1.81	0.33	0.615113
1.81	0.34	0.636906
1.81	0.35	0.658928
1.81	0.36	0.681182
1.81	0.37	0.703669
1.81	0.38	0.72639
1.81	0.39	0.749347
1.81	0.4	0.77254
1.81	0.41	0.79597
1.81	0.42	0.819639
1.81	0.43	0.843545
1.81	0.44	0.867691
1.81	0.45	0.892076
1.81	0.46	0.916701
1.81	0.47	0.941564
1.81	0.48	0.966667
1.81	0.49	0.99201
1.81	0.5	1.01759
1.81	0.51	1.04341
1.81	0.52	1.06947
1.81	0.53	1.09576
1.81	0.54	1.12229
1.81	0.55	1.14905
1.81	0.56	1.17605
1.81	0.57	1.20328
1.81	0.58	1.23075
1.81	0.59	1.25844
1.81	0.6	1.28636
1.81	0.61	1.3145
1.81	0.62	1.34287
1.81	0.63	1.37146
1.81	0.64	1.40027
1.81	0.65	1.4293
1.81	0.66	1.45854
1.81	0.67	1.48799
1.81	0.68	1.51765
1.81	0.69	1.54752
1.81	0.7	1.57758
1.81	0.71	1.60785
1.81	0.72	1.6383
1.81	0.73	1.66895
1.81	0.74	1.69978
1.81	0.75	1.73079
1.81	0.76	1.76197
1.81	0.77	1.79332
1.81	0.78	1.82483
1.81	0.79	1.85651
1.81	0.8	1.88833
1.81	0.81	1.92029
1.81	0.82	1.9524
1.81	0.83	1.98463
1.81	0.84	2.01698
1.81	0.85	2.04945
1.81	0.86	2.08202
1.81	0.87	2.11469
1.81	0.88	2.14745
1.81	0.89	2.18028
1.81	0.9	2.21318
1.81	0.91	2.24614
1.81	0.92	2.27913
1.81	0.93	2.31217
1.81	0.94	2.34522
1.81	0.95	2.37827
1.81	0.96	2.41133
1.81	0.97	2.44436
1.81	0.98	2.47732
1.81	0.99	2.50975
1.81	1	2.5382
1.82	0	0
1.82	0.01	0.0167207
1.82	0.02	0.0334544
1.82	0.03	0.0502144
1.82	0.04	0.0670133
1.82	0.05	0.083864
1.82	0.06	0.100779
1.82	0.07	0.117769
1.82	0.08	0.134847
1.82	0.09	0.152023
1.82	0.1	0.169308
1.82	0.11	0.186713
1.82	0.12	0.204245
1.82	0.13	0.221916
1.82	0.14	0.239732
1.82	0.15	0.257702
1.82	0.16	0.275834
1.82	0.17	0.294135
1.82	0.18	0.31261
1.82	0.19	0.331267
1.82	0.2	0.350112
1.82	0.21	0.369148
1.82	0.22	0.388383
1.82	0.23	0.407819
1.82	0.24	0.427463
1.82	0.25	0.447316
1.82	0.26	0.467385
1.82	0.27	0.487671
1.82	0.28	0.508179
1.82	0.29	0.52891
1.82	0.3	0.549869
1.82	0.31	0.571057
1.82	0.32	0.592476
1.82	0.33	0.61413
1.82	0.34	0.63602
1.82	0.35	0.658147
1.82	0.36	0.680513
1.82	0.37	0.70312
1.82	0.38	0.725969
1.82	0.39	0.749062
1.82	0.4	0.772398
1.82	0.41	0.795979
1.82	0.42	0.819805
1.82	0.43	0.843878
1.82	0.44	0.868197
1.82	0.45	0.892763
1.82	0.46	0.917576
1.82	0.47	0.942636
1.82	0.48	0.967943
1.82	0.49	0.993497
1.82	0.5	1.0193
1.82	0.51	1.04534
1.82	0.52	1.07163
1.82	0.53	1.09817
1.82	0.54	1.12495
1.82	0.55	1.15197
1.82	0.56	1.17924
1.82	0.57	1.20674
1.82	0.58	1.23448
1.82	0.59	1.26246
1.82	0.6	1.29068
1.82	0.61	1.31913
1.82	0.62	1.34781
1.82	0.63	1.37673
1.82	0.64	1.40587
1.82	0.65	1.43523
1.82	0.66	1.46482
1.82	0.67	1.49462
1.82	0.68	1.52465
1.82	0.69	1.55488
1.82	0.7	1.58533
1.82	0.71	1.61598
1.82	0.72	1.64683
1.82	0.73	1.67788
1.82	0.74	1.70913
1.82	0.75	1.74056
1.82	0.76	1.77217
1.82	0.77	1.80397
1.82	0.78	1.83593
1.82	0.79	1.86806
1.82	0.8	1.90035
1.82	0.81	1.93279
1.82	0.82	1.96538
1.82	0.83	1.99811
1.82	0.84	2.03096
1.82	0.85	2.06394
1.82	0.86	2.09704
1.82	0.87	2.13023
1.82	0.88	2.16353
1.82	0.89	2.1969
1.82	0.9	2.23036
1.82	0.91	2.26388
1.82	0.92	2.29745
1.82	0.93	2.33106
1.82	0.94	2.3647
1.82	0.95	2.39837
1.82	0.96	2.43209
1.82	0.97	2.46608
1.82	0.98	2.50143
1.82	0.99	2.54357
1.82	1	2.61874
1.83	0	0
1.83	0.01	0.0165894
1.83	0.02	0.0331928
1.83	0.03	0.0498241
1.83	0.04	0.0664971
1.83	0.05	0.083225
1.83	0.06	0.100021
1.83	0.07	0.116898
1.83	0.08	0.133867
1.83	0.09	0.150941
1.83	0.1	0.16813
1.83	0.11	0.185445
1.83	0.12	0.202895
1.83	0.13	0.220491
1.83	0.14	0.23824
1.83	0.15	0.256151
1.83	0.16	0.274232
1.83	0.17	0.292489
1.83	0.18	0.31093
1.83	0.19	0.32956
1.83	0.2	0.348386
1.83	0.21	0.367412
1.83	0.22	0.386645
1.83	0.23	0.406088
1.83	0.24	0.425745
1.83	0.25	0.445622
1.83	0.26	0.465722
1.83	0.27	0.486047
1.83	0.28	0.506602
1.83	0.29	0.527389
1.83	0.3	0.548411
1.83	0.31	0.56967
1.83	0.32	0.59117
1.83	0.33	0.612911
1.83	0.34	0.634896
1.83	0.35	0.657126
1.83	0.36	0.679604
1.83	0.37	0.70233
1.83	0.38	0.725306
1.83	0.39	0.748532
1.83	0.4	0.772011
1.83	0.41	0.795742
1.83	0.42	0.819726
1.83	0.43	0.843964
1.83	0.44	0.868456
1.83	0.45	0.893203
1.83	0.46	0.918205
1.83	0.47	0.943461
1.83	0.48	0.968972
1.83	0.49	0.994737
1.83	0.5	1.02076
1.83	0.51	1.04703
1.83	0.52	1.07356
1.83	0.53	1.10034
1.83	0.54	1.12737
1.83	0.55	1.15465
1.83	0.56	1.18218
1.83	0.57	1.20996
1.83	0.58	1.23798
1.83	0.59	1.26625
1.83	0.6	1.29477
1.83	0.61	1.32353
1.83	0.62	1.35252
1.83	0.63	1.38176
1.83	0.64	1.41123
1.83	0.65	1.44094
1.83	0.66	1.47087
1.83	0.67	1.50104
1.83	0.68	1.53143
1.83	0.69	1.56204
1.83	0.7	1.59287
1.83	0.71	1.62391
1.83	0.72	1.65517
1.83	0.73	1.68663
1.83	0.74	1.71829
1.83	0.75	1.75015
1.83	0.76	1.7822
1.83	0.77	1.81444
1.83	0.78	1.84686
1.83	0.79	1.87946
1.83	0.8	1.91222
1.83	0.81	1.94515
1.83	0.82	1.97823
1.83	0.83	2.01146
1.83	0.84	2.04482
1.83	0.85	2.07832
1.83	0.86	2.11194
1.83	0.87	2.14568
1.83	0.88	2.17952
1.83	0.89	2.21345
1.83	0.9	2.24747
1.83	0.91	2.28157
1.83	0.92	2.31572
1.83	0.93	2.34993
1.83	0.94	2.38417
1.83	0.95	2.41843
1.83	0.96	2.45269
1.83	0.97	2.48691
1.83	0.98	2.52109
1.83	0.99	2.55555
1.83	1	2.59365
1.84	0	0
1.84	0.01	0.0164441
1.84	0.02	0.0329033
1.84	0.03	0.0493922
1.84	0.04	0.0659257
1.84	0.05	0.0825179
1.84	0.06	0.0991828
1.84	0.07	0.115934
1.84	0.08	0.132783
1.84	0.09	0.149743
1.84	0.1	0.166826
1.84	0.11	0.184041
1.84	0.12	0.201401
1.84	0.13	0.218913
1.84	0.14	0.236586
1.84	0.15	0.25443
1.84	0.16	0.272453
1.84	0.17	0.29066
1.84	0.18	0.309059
1.84	0.19	0.327657
1.84	0.2	0.346459
1.84	0.21	0.36547
1.84	0.22	0.384696
1.84	0.23	0.404141
1.84	0.24	0.423809
1.84	0.25	0.443705
1.84	0.26	0.463832
1.84	0.27	0.484194
1.84	0.28	0.504793
1.84	0.29	0.525633
1.84	0.3	0.546716
1.84	0.31	0.568044
1.84	0.32	0.589621
1.84	0.33	0.611448
1.84	0.34	0.633526
1.84	0.35	0.655859
1.84	0.36	0.678446
1.84	0.37	0.70129
1.84	0.38	0.724391
1.84	0.39	0.747751
1.84	0.4	0.771371
1.84	0.41	0.795251
1.84	0.42	0.819393
1.84	0.43	0.843796
1.84	0.44	0.868461
1.84	0.45	0.893388
1.84	0.46	0.918579
1.84	0.47	0.944031
1.84	0.48	0.969746
1.84	0.49	0.995724
1.84	0.5	1.02196
1.84	0.51	1.04846
1.84	0.52	1.07523
1.84	0.53	1.10225
1.84	0.54	1.12953
1.84	0.55	1.15707
1.84	0.56	1.18487
1.84	0.57	1.21293
1.84	0.58	1.24124
1.84	0.59	1.2698
1.84	0.6	1.29862
1.84	0.61	1.32768
1.84	0.62	1.357
1.84	0.63	1.38656
1.84	0.64	1.41637
1.84	0.65	1.44641
1.84	0.66	1.4767
1.84	0.67	1.50723
1.84	0.68	1.53798
1.84	0.69	1.56897
1.84	0.7	1.60019
1.84	0.71	1.63163
1.84	0.72	1.66329
1.84	0.73	1.69517
1.84	0.74	1.72725
1.84	0.75	1.75955
1.84	0.76	1.79204
1.84	0.77	1.82473
1.84	0.78	1.85762
1.84	0.79	1.89068
1.84	0.8	1.92393
1.84	0.81	1.95735
1.84	0.82	1.99093
1.84	0.83	2.02466
1.84	0.84	2.05855
1.84	0.85	2.09258
1.84	0.86	2.12674
1.84	0.87	2.16102
1.84	0.88	2.19542
1.84	0.89	2.22992
1.84	0.9	2.26451
1.84	0.91	2.29919
1.84	0.92	2.33394
1.84	0.93	2.36876
1.84	0.94	2.40361
1.84	0.95	2.43849
1.84	0.96	2.47332
1.84	0.97	2.50782
1.84	0.98	2.54073
1.84	0.99	2.56589
1.84	1	2.55366
1.85	0	0
1.85	0.01	0.0162839
1.85	0.02	0.0325838
1.85	0.03	0.0489158
1.85	0.04	0.0652955
1.85	0.05	0.0817382
1.85	0.06	0.0982585
1.85	0.07	0.114871
1.85	0.08	0.131588
1.85	0.09	0.148423
1.85	0.1	0.165388
1.85	0.11	0.182495
1.85	0.12	0.199753
1.85	0.13	0.217172
1.85	0.14	0.234762
1.85	0.15	0.252532
1.85	0.16	0.270488
1.85	0.17	0.288639
1.85	0.18	0.306991
1.85	0.19	0.32555
1.85	0.2	0.344322
1.85	0.21	0.363313
1.85	0.22	0.382528
1.85	0.23	0.401971
1.85	0.24	0.421646
1.85	0.25	0.441557
1.85	0.26	0.461708
1.85	0.27	0.482102
1.85	0.28	0.502743
1.85	0.29	0.523633
1.85	0.3	0.544775
1.85	0.31	0.56617
1.85	0.32	0.587823
1.85	0.33	0.609733
1.85	0.34	0.631903
1.85	0.35	0.654336
1.85	0.36	0.677031
1.85	0.37	0.699992
1.85	0.38	0.723217
1.85	0.39	0.74671
1.85	0.4	0.770471
1.85	0.41	0.7945
1.85	0.42	0.818798
1.85	0.43	0.843365
1.85	0.44	0.868203
1.85	0.45	0.893311
1.85	0.46	0.91869
1.85	0.47	0.944339
1.85	0.48	0.970258
1.85	0.49	0.996448
1.85	0.5	1.02291
1.85	0.51	1.04964
1.85	0.52	1.07664
1.85	0.53	1.1039
1.85	0.54	1.13144
1.85	0.55	1.15924
1.85	0.56	1.18731
1.85	0.57	1.21564
1.85	0.58	1.24423
1.85	0.59	1.27309
1.85	0.6	1.30221
1.85	0.61	1.33159
1.85	0.62	1.36122
1.85	0.63	1.39111
1.85	0.64	1.42126
1.85	0.65	1.45165
1.85	0.66	1.48229
1.85	0.67	1.51318
1.85	0.68	1.54431
1.85	0.69	1.57568
1.85	0.7	1.60729
1.85	0.71	1.63913
1.85	0.72	1.6712
1.85	0.73	1.7035
1.85	0.74	1.73601
1.85	0.75	1.76874
1.85	0.76	1.80169
1.85	0.77	1.83484
1.85	0.78	1.86819
1.85	0.79	1.90173
1.85	0.8	1.93547
1.85	0.81	1.96938
1.85	0.82	2.00347
1.85	0.83	2.03772
1.85	0.84	2.07214
1.85	0.85	2.1067
1.85	0.86	2.14141
1.85	0.87	2.17625
1.85	0.88	2.21121
1.85	0.89	2.24629
1.85	0.9	2.28147
1.85	0.91	2.31674
1.85	0.92	2.35211
1.85	0.93	2.38754
1.85	0.94	2.42303
1.85	0.95	2.45858
1.85	0.96	2.49416
1.85	0.97	2.52979
1.85	0.98	2.56548
1.85	0.99	2.60098
1.85	1	2.63298
1.86	0	0
1.86	0.01	0.0161074
1.86	0.02	0.0322323
1.86	0.03	0.0483916
1.86	0.04	0.0646023
1.86	0.05	0.0808806
1.86	0.06	0.0972423
1.86	0.07	0.113702
1.86	0.08	0.130275
1.86	0.09	0.146973
1.86	0.1	0.163809
1.86	0.11	0.180796
1.86	0.12	0.197943
1.86	0.13	0.215261
1.86	0.14	0.232759
1.86	0.15	0.250446
1.86	0.16	0.268329
1.86	0.17	0.286416
1.86	0.18	0.304715
1.86	0.19	0.32323
1.86	0.2	0.341967
1.86	0.21	0.360933
1.86	0.22	0.380132
1.86	0.23	0.399568
1.86	0.24	0.419246
1.86	0.25	0.439169
1.86	0.26	0.459341
1.86	0.27	0.479765
1.86	0.28	0.500444
1.86	0.29	0.521382
1.86	0.3	0.54258
1.86	0.31	0.56404
1.86	0.32	0.585766
1.86	0.33	0.607758
1.86	0.34	0.630019
1.86	0.35	0.65255
1.86	0.36	0.675352
1.86	0.37	0.698428
1.86	0.38	0.721777
1.86	0.39	0.745402
1.86	0.4	0.769302
1.86	0.41	0.793479
1.86	0.42	0.817933
1.86	0.43	0.842665
1.86	0.44	0.867675
1.86	0.45	0.892963
1.86	0.46	0.91853
1.86	0.47	0.944376
1.86	0.48	0.9705
1.86	0.49	0.996903
1.86	0.5	1.02358
1.86	0.51	1.05054
1.86	0.52	1.07778
1.86	0.53	1.10529
1.86	0.54	1.13308
1.86	0.55	1.16114
1.86	0.56	1.18948
1.86	0.57	1.21809
1.86	0.58	1.24697
1.86	0.59	1.27613
1.86	0.6	1.30555
1.86	0.61	1.33524
1.86	0.62	1.36519
1.86	0.63	1.39541
1.86	0.64	1.4259
1.86	0.65	1.45664
1.86	0.66	1.48764
1.86	0.67	1.51889
1.86	0.68	1.5504
1.86	0.69	1.58215
1.86	0.7	1.61416
1.86	0.71	1.6464
1.86	0.72	1.67889
1.86	0.73	1.7116
1.86	0.74	1.74455
1.86	0.75	1.77773
1.86	0.76	1.81113
1.86	0.77	1.84474
1.86	0.78	1.87857
1.86	0.79	1.91259
1.86	0.8	1.94682
1.86	0.81	1.98124
1.86	0.82	2.01584
1.86	0.83	2.05063
1.86	0.84	2.08557
1.86	0.85	2.12068
1.86	0.86	2.15595
1.86	0.87	2.19135
1.86	0.88	2.22689
1.86	0.89	2.26255
1.86	0.9	2.29833
1.86	0.91	2.33421
1.86	0.92	2.37019
1.86	0.93	2.40626
1.86	0.94	2.4424
1.86	0.95	2.47862
1.86	0.96	2.51496
1.86	0.97	2.55168
1.86	0.98	2.59019
1.86	0.99	2.63747
1.86	1	2.72739
1.87	0	0
1.87	0.01	0.0159137
1.87	0.02	0.0318461
1.87	0.03	0.0478159
1.87	0.04	0.0638413
1.87	0.05	0.0799396
1.87	0.06	0.0961277
1.87	0.07	0.112421
1.87	0.08	0.128836
1.87	0.09	0.145384
1.87	0.1	0.162081
1.87	0.11	0.178936
1.87	0.12	0.195962
1.87	0.13	0.21317
1.87	0.14	0.230567
1.87	0.15	0.248163
1.87	0.16	0.265966
1.87	0.17	0.283983
1.87	0.18	0.302221
1.87	0.19	0.320686
1.87	0.2	0.339384
1.87	0.21	0.35832
1.87	0.22	0.377498
1.87	0.23	0.396924
1.87	0.24	0.4166
1.87	0.25	0.436531
1.87	0.26	0.456721
1.87	0.27	0.477172
1.87	0.28	0.497888
1.87	0.29	0.51887
1.87	0.3	0.540122
1.87	0.31	0.561645
1.87	0.32	0.583442
1.87	0.33	0.605514
1.87	0.34	0.627864
1.87	0.35	0.650492
1.87	0.36	0.6734
1.87	0.37	0.69659
1.87	0.38	0.720062
1.87	0.39	0.743817
1.87	0.4	0.767857
1.87	0.41	0.792181
1.87	0.42	0.816791
1.87	0.43	0.841686
1.87	0.44	0.866868
1.87	0.45	0.892337
1.87	0.46	0.918092
1.87	0.47	0.944135
1.87	0.48	0.970463
1.87	0.49	0.997079
1.87	0.5	1.02398
1.87	0.51	1.05117
1.87	0.52	1.07864
1.87	0.53	1.1064
1.87	0.54	1.13444
1.87	0.55	1.16277
1.87	0.56	1.19138
1.87	0.57	1.22027
1.87	0.58	1.24944
1.87	0.59	1.27889
1.87	0.6	1.30862
1.87	0.61	1.33862
1.87	0.62	1.3689
1.87	0.63	1.39945
1.87	0.64	1.43028
1.87	0.65	1.46137
1.87	0.66	1.49273
1.87	0.67	1.52435
1.87	0.68	1.55624
1.87	0.69	1.58838
1.87	0.7	1.62078
1.87	0.71	1.65343
1.87	0.72	1.68633
1.87	0.73	1.71948
1.87	0.74	1.75287
1.87	0.75	1.78649
1.87	0.76	1.82035
1.87	0.77	1.85443
1.87	0.78	1.88874
1.87	0.79	1.92326
1.87	0.8	1.95799
1.87	0.81	1.99292
1.87	0.82	2.02804
1.87	0.83	2.06336
1.87	0.84	2.09885
1.87	0.85	2.13452
1.87	0.86	2.17034
1.87	0.87	2.20632
1.87	0.88	2.24244
1.87	0.89	2.2787
1.87	0.9	2.31509
1.87	0.91	2.35159
1.87	0.92	2.3882
1.87	0.93	2.42491
1.87	0.94	2.4617
1.87	0.95	2.49858
1.87	0.96	2.5355
1.87	0.97	2.5724
1.87	0.98	2.60915
1.87	0.99	2.64578
1.87	1	2.68534
1.88	0	0
1.88	0.01	0.015701
1.88	0.02	0.0314225
1.88	0.03	0.0471847
1.88	0.04	0.0630071
1.88	0.05	0.0789087
1.88	0.06	0.0949073
1.88	0.07	0.11102
1.88	0.08	0.127262
1.88	0.09	0.143648
1.88	0.1	0.160192
1.88	0.11	0.176906
1.88	0.12	0.193801
1.88	0.13	0.210888
1.88	0.14	0.228176
1.88	0.15	0.245673
1.88	0.16	0.263389
1.88	0.17	0.281329
1.88	0.18	0.299501
1.88	0.19	0.317911
1.88	0.2	0.336563
1.88	0.21	0.355464
1.88	0.22	0.374617
1.88	0.23	0.394028
1.88	0.24	0.4137
1.88	0.25	0.433636
1.88	0.26	0.45384
1.88	0.27	0.474315
1.88	0.28	0.495064
1.88	0.29	0.516089
1.88	0.3	0.537392
1.88	0.31	0.558976
1.88	0.32	0.580842
1.88	0.33	0.602993
1.88	0.34	0.62543
1.88	0.35	0.648154
1.88	0.36	0.671167
1.88	0.37	0.69447
1.88	0.38	0.718063
1.88	0.39	0.741948
1.88	0.4	0.766126
1.88	0.41	0.790597
1.88	0.42	0.815362
1.88	0.43	0.840421
1.88	0.44	0.865775
1.88	0.45	0.891424
1.88	0.46	0.917368
1.88	0.47	0.943606
1.88	0.48	0.97014
1.88	0.49	0.996969
1.88	0.5	1.02409
1.88	0.51	1.05151
1.88	0.52	1.07922
1.88	0.53	1.10723
1.88	0.54	1.13552
1.88	0.55	1.16411
1.88	0.56	1.19299
1.88	0.57	1.22217
1.88	0.58	1.25163
1.88	0.59	1.28137
1.88	0.6	1.31141
1.88	0.61	1.34173
1.88	0.62	1.37233
1.88	0.63	1.40322
1.88	0.64	1.43439
1.88	0.65	1.46583
1.88	0.66	1.49755
1.88	0.67	1.52955
1.88	0.68	1.56182
1.88	0.69	1.59435
1.88	0.7	1.62715
1.88	0.71	1.66022
1.88	0.72	1.69354
1.88	0.73	1.72712
1.88	0.74	1.76095
1.88	0.75	1.79502
1.88	0.76	1.82934
1.88	0.77	1.8639
1.88	0.78	1.89869
1.88	0.79	1.93371
1.88	0.8	1.96895
1.88	0.81	2.0044
1.88	0.82	2.04005
1.88	0.83	2.07591
1.88	0.84	2.11196
1.88	0.85	2.14818
1.88	0.86	2.18458
1.88	0.87	2.22115
1.88	0.88	2.25786
1.88	0.89	2.29473
1.88	0.9	2.33172
1.88	0.91	2.36885
1.88	0.92	2.4061
1.88	0.93	2.44346
1.88	0.94	2.48093
1.88	0.95	2.51848
1.88	0.96	2.55604
1.88	0.97	2.59326
1.88	0.98	2.62845
1.88	0.99	2.65341
1.88	1	2.62839
1.89	0	0
1.89	0.01	0.0154679
1.89	0.02	0.0309582
1.89	0.03	0.046493
1.89	0.04	0.0620937
1.89	0.05	0.0777806
1.89	0.06	0.0935728
1.89	0.07	0.109488
1.89	0.08	0.125544
1.89	0.09	0.141754
1.89	0.1	0.158133
1.89	0.11	0.174694
1.89	0.12	0.191448
1.89	0.13	0.208405
1.89	0.14	0.225575
1.89	0.15	0.242966
1.89	0.16	0.260587
1.89	0.17	0.278443
1.89	0.18	0.296543
1.89	0.19	0.314891
1.89	0.2	0.333494
1.89	0.21	0.352355
1.89	0.22	0.37148
1.89	0.23	0.390872
1.89	0.24	0.410535
1.89	0.25	0.430473
1.89	0.26	0.450688
1.89	0.27	0.471184
1.89	0.28	0.491964
1.89	0.29	0.513029
1.89	0.3	0.534382
1.89	0.31	0.556024
1.89	0.32	0.577959
1.89	0.33	0.600186
1.89	0.34	0.622709
1.89	0.35	0.645528
1.89	0.36	0.668644
1.89	0.37	0.692059
1.89	0.38	0.715773
1.89	0.39	0.739787
1.89	0.4	0.764103
1.89	0.41	0.78872
1.89	0.42	0.81364
1.89	0.43	0.838862
1.89	0.44	0.864387
1.89	0.45	0.890216
1.89	0.46	0.916348
1.89	0.47	0.942783
1.89	0.48	0.969522
1.89	0.49	0.996564
1.89	0.5	1.02391
1.89	0.51	1.05156
1.89	0.52	1.07951
1.89	0.53	1.10776
1.89	0.54	1.13631
1.89	0.55	1.16517
1.89	0.56	1.19432
1.89	0.57	1.22377
1.89	0.58	1.25353
1.89	0.59	1.28357
1.89	0.6	1.31392
1.89	0.61	1.34456
1.89	0.62	1.37549
1.89	0.63	1.40671
1.89	0.64	1.43822
1.89	0.65	1.47002
1.89	0.66	1.50211
1.89	0.67	1.53448
1.89	0.68	1.56713
1.89	0.69	1.60006
1.89	0.7	1.63326
1.89	0.71	1.66674
1.89	0.72	1.70049
1.89	0.73	1.7345
1.89	0.74	1.76878
1.89	0.75	1.80331
1.89	0.76	1.8381
1.89	0.77	1.87314
1.89	0.78	1.90842
1.89	0.79	1.94394
1.89	0.8	1.97969
1.89	0.81	2.01567
1.89	0.82	2.05187
1.89	0.83	2.08827
1.89	0.84	2.12488
1.89	0.85	2.16168
1.89	0.86	2.19866
1.89	0.87	2.23582
1.89	0.88	2.27314
1.89	0.89	2.31061
1.89	0.9	2.34823
1.89	0.91	2.38599
1.89	0.92	2.42389
1.89	0.93	2.46191
1.89	0.94	2.50006
1.89	0.95	2.53835
1.89	0.96	2.57678
1.89	0.97	2.61542
1.89	0.98	2.65446
1.89	0.99	2.69407
1.89	1	2.73134
1.9	0	0
1.9	0.01	0.0152123
1.9	0.02	0.0304493
1.9	0.03	0.0457354
1.9	0.04	0.0610938
1.9	0.05	0.0765468
1.9	0.06	0.0921149
1.9	0.07	0.107817
1.9	0.08	0.12367
1.9	0.09	0.139691
1.9	0.1	0.155893
1.9	0.11	0.172289
1.9	0.12	0.188891
1.9	0.13	0.205709
1.9	0.14	0.222752
1.9	0.15	0.240029
1.9	0.16	0.257548
1.9	0.17	0.275315
1.9	0.18	0.293336
1.9	0.19	0.311618
1.9	0.2	0.330165
1.9	0.21	0.348983
1.9	0.22	0.368074
1.9	0.23	0.387444
1.9	0.24	0.407095
1.9	0.25	0.427031
1.9	0.26	0.447256
1.9	0.27	0.46777
1.9	0.28	0.488578
1.9	0.29	0.509681
1.9	0.3	0.531082
1.9	0.31	0.552781
1.9	0.32	0.574782
1.9	0.33	0.597085
1.9	0.34	0.619692
1.9	0.35	0.642604
1.9	0.36	0.665822
1.9	0.37	0.689348
1.9	0.38	0.713182
1.9	0.39	0.737325
1.9	0.4	0.761778
1.9	0.41	0.786541
1.9	0.42	0.811614
1.9	0.43	0.836999
1.9	0.44	0.862696
1.9	0.45	0.888704
1.9	0.46	0.915024
1.9	0.47	0.941656
1.9	0.48	0.9686
1.9	0.49	0.995856
1.9	0.5	1.02342
1.9	0.51	1.0513
1.9	0.52	1.07949
1.9	0.53	1.10799
1.9	0.54	1.1368
1.9	0.55	1.16592
1.9	0.56	1.19535
1.9	0.57	1.22509
1.9	0.58	1.25513
1.9	0.59	1.28548
1.9	0.6	1.31613
1.9	0.61	1.34709
1.9	0.62	1.37835
1.9	0.63	1.40991
1.9	0.64	1.44177
1.9	0.65	1.47392
1.9	0.66	1.50638
1.9	0.67	1.53912
1.9	0.68	1.57216
1.9	0.69	1.60548
1.9	0.7	1.6391
1.9	0.71	1.67299
1.9	0.72	1.70717
1.9	0.73	1.74162
1.9	0.74	1.77635
1.9	0.75	1.81135
1.9	0.76	1.84661
1.9	0.77	1.88213
1.9	0.78	1.91791
1.9	0.79	1.95394
1.9	0.8	1.99022
1.9	0.81	2.02673
1.9	0.82	2.06347
1.9	0.83	2.10043
1.9	0.84	2.13761
1.9	0.85	2.17499
1.9	0.86	2.21257
1.9	0.87	2.25033
1.9	0.88	2.28826
1.9	0.89	2.32636
1.9	0.9	2.36461
1.9	0.91	2.403
1.9	0.92	2.44154
1.9	0.93	2.48023
1.9	0.94	2.51906
1.9	0.95	2.55807
1.9	0.96	2.59733
1.9	0.97	2.63723
1.9	0.98	2.67972
1.9	0.99	2.73453
1.9	1	2.84938
1.91	0	0
1.91	0.01	0.0149318
1.91	0.02	0.0298911
1.91	0.03	0.0449051
1.91	0.04	0.0599992
1.91	0.05	0.0751977
1.91	0.06	0.0905226
1.91	0.07	0.105994
1.91	0.08	0.12163
1.91	0.09	0.137446
1.91	0.1	0.153458
1.91	0.11	0.169678
1.91	0.12	0.186118
1.91	0.13	0.202787
1.91	0.14	0.219696
1.91	0.15	0.236851
1.91	0.16	0.254261
1.91	0.17	0.271932
1.91	0.18	0.289869
1.91	0.19	0.30808
1.91	0.2	0.326567
1.91	0.21	0.345336
1.91	0.22	0.364391
1.91	0.23	0.383734
1.91	0.24	0.403371
1.91	0.25	0.423302
1.91	0.26	0.443532
1.91	0.27	0.464063
1.91	0.28	0.484897
1.91	0.29	0.506036
1.91	0.3	0.527482
1.91	0.31	0.549237
1.91	0.32	0.571302
1.91	0.33	0.593679
1.91	0.34	0.616369
1.91	0.35	0.639374
1.91	0.36	0.662693
1.91	0.37	0.686329
1.91	0.38	0.710282
1.91	0.39	0.734553
1.91	0.4	0.759142
1.91	0.41	0.78405
1.91	0.42	0.809278
1.91	0.43	0.834825
1.91	0.44	0.860693
1.91	0.45	0.886881
1.91	0.46	0.913389
1.91	0.47	0.940218
1.91	0.48	0.967367
1.91	0.49	0.994837
1.91	0.5	1.02263
1.91	0.51	1.05074
1.91	0.52	1.07917
1.91	0.53	1.10791
1.91	0.54	1.13698
1.91	0.55	1.16637
1.91	0.56	1.19607
1.91	0.57	1.22609
1.91	0.58	1.25642
1.91	0.59	1.28708
1.91	0.6	1.31804
1.91	0.61	1.34932
1.91	0.62	1.38091
1.91	0.63	1.41281
1.91	0.64	1.44501
1.91	0.65	1.47753
1.91	0.66	1.51035
1.91	0.67	1.54347
1.91	0.68	1.5769
1.91	0.69	1.61063
1.91	0.7	1.64465
1.91	0.71	1.67897
1.91	0.72	1.71357
1.91	0.73	1.74847
1.91	0.74	1.78365
1.91	0.75	1.81912
1.91	0.76	1.85486
1.91	0.77	1.89087
1.91	0.78	1.92716
1.91	0.79	1.9637
1.91	0.8	2.0005
1.91	0.81	2.03755
1.91	0.82	2.07485
1.91	0.83	2.11238
1.91	0.84	2.15014
1.91	0.85	2.18811
1.91	0.86	2.22629
1.91	0.87	2.26466
1.91	0.88	2.30322
1.91	0.89	2.34195
1.91	0.9	2.38083
1.91	0.91	2.41987
1.91	0.92	2.45906
1.91	0.93	2.4984
1.91	0.94	2.53789
1.91	0.95	2.57757
1.91	0.96	2.61741
1.91	0.97	2.65732
1.91	0.98	2.69691
1.91	0.99	2.73538
1.91	1	2.77501
1.92	0	0
1.92	0.01	0.0146236
1.92	0.02	0.0292782
1.92	0.03	0.0439942
1.92	0.04	0.0588
1.92	0.05	0.0737219
1.92	0.06	0.0887835
1.92	0.07	0.104006
1.92	0.08	0.119408
1.92	0.09	0.135006
1.92	0.1	0.150815
1.92	0.11	0.166848
1.92	0.12	0.183115
1.92	0.13	0.199627
1.92	0.14	0.216392
1.92	0.15	0.233418
1.92	0.16	0.250712
1.92	0.17	0.268281
1.92	0.18	0.28613
1.92	0.19	0.304264
1.92	0.2	0.322687
1.92	0.21	0.341404
1.92	0.22	0.360418
1.92	0.23	0.379732
1.92	0.24	0.39935
1.92	0.25	0.419275
1.92	0.26	0.439508
1.92	0.27	0.460053
1.92	0.28	0.480911
1.92	0.29	0.502084
1.92	0.3	0.523574
1.92	0.31	0.545382
1.92	0.32	0.567511
1.92	0.33	0.58996
1.92	0.34	0.612733
1.92	0.35	0.635828
1.92	0.36	0.659248
1.92	0.37	0.682993
1.92	0.38	0.707064
1.92	0.39	0.731462
1.92	0.4	0.756187
1.92	0.41	0.78124
1.92	0.42	0.806621
1.92	0.43	0.832331
1.92	0.44	0.858369
1.92	0.45	0.884737
1.92	0.46	0.911433
1.92	0.47	0.938459
1.92	0.48	0.965813
1.92	0.49	0.993497
1.92	0.5	1.02151
1.92	0.51	1.04985
1.92	0.52	1.07852
1.92	0.53	1.10752
1.92	0.54	1.13684
1.92	0.55	1.16649
1.92	0.56	1.19647
1.92	0.57	1.22678
1.92	0.58	1.25741
1.92	0.59	1.28836
1.92	0.6	1.31964
1.92	0.61	1.35124
1.92	0.62	1.38316
1.92	0.63	1.4154
1.92	0.64	1.44795
1.92	0.65	1.48083
1.92	0.66	1.51402
1.92	0.67	1.54753
1.92	0.68	1.58134
1.92	0.69	1.61547
1.92	0.7	1.64991
1.92	0.71	1.68465
1.92	0.72	1.71969
1.92	0.73	1.75503
1.92	0.74	1.79068
1.92	0.75	1.82661
1.92	0.76	1.86283
1.92	0.77	1.89934
1.92	0.78	1.93613
1.92	0.79	1.9732
1.92	0.8	2.01054
1.92	0.81	2.04814
1.92	0.82	2.08599
1.92	0.83	2.1241
1.92	0.84	2.16245
1.92	0.85	2.20102
1.92	0.86	2.23981
1.92	0.87	2.27881
1.92	0.88	2.31801
1.92	0.89	2.35737
1.92	0.9	2.39691
1.92	0.91	2.43659
1.92	0.92	2.47643
1.92	0.93	2.51641
1.92	0.94	2.55655
1.92	0.95	2.59688
1.92	0.96	2.63737
1.92	0.97	2.67763
1.92	0.98	2.71528
1.92	0.99	2.73807
1.92	1	2.68573
1.93	0	0
1.93	0.01	0.0142841
1.93	0.02	0.0286037
1.93	0.03	0.0429932
1.93	0.04	0.0574844
1.93	0.05	0.0721059
1.93	0.06	0.086883
1.93	0.07	0.101838
1.93	0.08	0.11699
1.93	0.09	0.132355
1.93	0.1	0.147949
1.93	0.11	0.163782
1.93	0.12	0.179867
1.93	0.13	0.196212
1.93	0.14	0.212826
1.93	0.15	0.229717
1.93	0.16	0.24689
1.93	0.17	0.264351
1.93	0.18	0.282106
1.93	0.19	0.300158
1.93	0.2	0.318513
1.93	0.21	0.337174
1.93	0.22	0.356144
1.93	0.23	0.375426
1.93	0.24	0.395024
1.93	0.25	0.414939
1.93	0.26	0.435173
1.93	0.27	0.455729
1.93	0.28	0.476609
1.93	0.29	0.497815
1.93	0.3	0.519347
1.93	0.31	0.541208
1.93	0.32	0.563398
1.93	0.33	0.585919
1.93	0.34	0.608772
1.93	0.35	0.631958
1.93	0.36	0.655477
1.93	0.37	0.679331
1.93	0.38	0.70352
1.93	0.39	0.728044
1.93	0.4	0.752905
1.93	0.41	0.778102
1.93	0.42	0.803637
1.93	0.43	0.829508
1.93	0.44	0.855717
1.93	0.45	0.882264
1.93	0.46	0.909148
1.93	0.47	0.936371
1.93	0.48	0.963931
1.93	0.49	0.991829
1.93	0.5	1.02006
1.93	0.51	1.04864
1.93	0.52	1.07755
1.93	0.53	1.10679
1.93	0.54	1.13638
1.93	0.55	1.1663
1.93	0.56	1.19655
1.93	0.57	1.22714
1.93	0.58	1.25806
1.93	0.59	1.28932
1.93	0.6	1.32091
1.93	0.61	1.35283
1.93	0.62	1.38508
1.93	0.63	1.41767
1.93	0.64	1.45058
1.93	0.65	1.48381
1.93	0.66	1.51738
1.93	0.67	1.55127
1.93	0.68	1.58548
1.93	0.69	1.62001
1.93	0.7	1.65486
1.93	0.71	1.69003
1.93	0.72	1.72551
1.93	0.73	1.7613
1.93	0.74	1.7974
1.93	0.75	1.83381
1.93	0.76	1.87052
1.93	0.77	1.90753
1.93	0.78	1.94484
1.93	0.79	1.98243
1.93	0.8	2.02031
1.93	0.81	2.05846
1.93	0.82	2.09689
1.93	0.83	2.13558
1.93	0.84	2.17452
1.93	0.85	2.21371
1.93	0.86	2.25313
1.93	0.87	2.29277
1.93	0.88	2.33261
1.93	0.89	2.37264
1.93	0.9	2.41283
1.93	0.91	2.45317
1.93	0.92	2.49365
1.93	0.93	2.53425
1.93	0.94	2.57501
1.93	0.95	2.616
1.93	0.96	2.65736
1.93	0.97	2.69945
1.93	0.98	2.74313
1.93	0.99	2.79012
1.93	1	2.83876
1.94	0	0
1.94	0.01	0.0139087
1.94	0.02	0.0278589
1.94	0.03	0.0418901
1.94	0.04	0.0560379
1.94	0.05	0.0703337
1.94	0.06	0.0848043
1.94	0.07	0.0994726
1.94	0.08	0.114358
1.94	0.09	0.129476
1.94	0.1	0.144841
1.94	0.11	0.160465
1.94	0.12	0.176358
1.94	0.13	0.192529
1.94	0.14	0.208985
1.94	0.15	0.225733
1.94	0.16	0.242778
1.94	0.17	0.260127
1.94	0.18	0.277783
1.94	0.19	0.295751
1.94	0.2	0.314034
1.94	0.21	0.332635
1.94	0.22	0.351558
1.94	0.23	0.370806
1.94	0.24	0.39038
1.94	0.25	0.410282
1.94	0.26	0.430516
1.94	0.27	0.451082
1.94	0.28	0.471983
1.94	0.29	0.493219
1.94	0.3	0.514792
1.94	0.31	0.536704
1.94	0.32	0.558955
1.94	0.33	0.581546
1.94	0.34	0.604479
1.94	0.35	0.627754
1.94	0.36	0.651372
1.94	0.37	0.675334
1.94	0.38	0.69964
1.94	0.39	0.72429
1.94	0.4	0.749286
1.94	0.41	0.774627
1.94	0.42	0.800314
1.94	0.43	0.826348
1.94	0.44	0.852727
1.94	0.45	0.879453
1.94	0.46	0.906525
1.94	0.47	0.933945
1.94	0.48	0.96171
1.94	0.49	0.989822
1.94	0.5	1.01828
1.94	0.51	1.04709
1.94	0.52	1.07624
1.94	0.53	1.10573
1.94	0.54	1.13558
1.94	0.55	1.16576
1.94	0.56	1.19629
1.94	0.57	1.22717
1.94	0.58	1.25839
1.94	0.59	1.28995
1.94	0.6	1.32185
1.94	0.61	1.3541
1.94	0.62	1.38668
1.94	0.63	1.41961
1.94	0.64	1.45287
1.94	0.65	1.48647
1.94	0.66	1.52041
1.94	0.67	1.55468
1.94	0.68	1.58929
1.94	0.69	1.62423
1.94	0.7	1.65949
1.94	0.71	1.69509
1.94	0.72	1.73101
1.94	0.73	1.76726
1.94	0.74	1.80383
1.94	0.75	1.84071
1.94	0.76	1.87791
1.94	0.77	1.91543
1.94	0.78	1.95325
1.94	0.79	1.99137
1.94	0.8	2.0298
1.94	0.81	2.06852
1.94	0.82	2.10752
1.94	0.83	2.14681
1.94	0.84	2.18636
1.94	0.85	2.22617
1.94	0.86	2.26624
1.94	0.87	2.30653
1.94	0.88	2.34704
1.94	0.89	2.38774
1.94	0.9	2.42861
1.94	0.91	2.46962
1.94	0.92	2.51074
1.94	0.93	2.55195
1.94	0.94	2.59327
1.94	0.95	2.63476
1.94	0.96	2.67669
1.94	0.97	2.71988
1.94	0.98	2.76772
1.94	0.99	2.83648
1.94	1	3.00689
1.95	0	0
1.95	0.01	0.0134914
1.95	0.02	0.0270326
1.95	0.03	0.0406695
1.95	0.04	0.0544426
1.95	0.05	0.0683859
1.95	0.06	0.0825273
1.95	0.07	0.0968898
1.95	0.08	0.111492
1.95	0.09	0.126349
1.95	0.1	0.141475
1.95	0.11	0.156879
1.95	0.12	0.172572
1.95	0.13	0.18856
1.95	0.14	0.204851
1.95	0.15	0.221451
1.95	0.16	0.238364
1.95	0.17	0.255595
1.95	0.18	0.273149
1.95	0.19	0.291028
1.95	0.2	0.309235
1.95	0.21	0.327775
1.95	0.22	0.346648
1.95	0.23	0.365858
1.95	0.24	0.385407
1.95	0.25	0.405295
1.95	0.26	0.425526
1.95	0.27	0.446101
1.95	0.28	0.46702
1.95	0.29	0.488286
1.95	0.3	0.509899
1.95	0.31	0.53186
1.95	0.32	0.554171
1.95	0.33	0.576832
1.95	0.34	0.599844
1.95	0.35	0.623208
1.95	0.36	0.646924
1.95	0.37	0.670993
1.95	0.38	0.695415
1.95	0.39	0.720191
1.95	0.4	0.745322
1.95	0.41	0.770806
1.95	0.42	0.796646
1.95	0.43	0.822841
1.95	0.44	0.84939
1.95	0.45	0.876296
1.95	0.46	0.903556
1.95	0.47	0.931172
1.95	0.48	0.959143
1.95	0.49	0.98747
1.95	0.5	1.01615
1.95	0.51	1.04519
1.95	0.52	1.07458
1.95	0.53	1.10433
1.95	0.54	1.13443
1.95	0.55	1.16488
1.95	0.56	1.19569
1.95	0.57	1.22685
1.95	0.58	1.25837
1.95	0.59	1.29024
1.95	0.6	1.32245
1.95	0.61	1.35502
1.95	0.62	1.38794
1.95	0.63	1.42121
1.95	0.64	1.45483
1.95	0.65	1.4888
1.95	0.66	1.52311
1.95	0.67	1.55777
1.95	0.68	1.59277
1.95	0.69	1.62811
1.95	0.7	1.6638
1.95	0.71	1.69983
1.95	0.72	1.73619
1.95	0.73	1.77289
1.95	0.74	1.80993
1.95	0.75	1.8473
1.95	0.76	1.88499
1.95	0.77	1.92301
1.95	0.78	1.96136
1.95	0.79	2.00002
1.95	0.8	2.039
1.95	0.81	2.07828
1.95	0.82	2.11787
1.95	0.83	2.15776
1.95	0.84	2.19794
1.95	0.85	2.23839
1.95	0.86	2.27911
1.95	0.87	2.32007
1.95	0.88	2.36127
1.95	0.89	2.40267
1.95	0.9	2.44424
1.95	0.91	2.48595
1.95	0.92	2.52774
1.95	0.93	2.56956
1.95	0.94	2.61137
1.95	0.95	2.65317
1.95	0.96	2.69503
1.95	0.97	2.73705
1.95	0.98	2.77857
1.95	0.99	2.81607
1.95	1	2.84796
1.96	0	0
1.96	0.01	0.0130239
1.96	0.02	0.0261094
1.96	0.03	0.0393116
1.96	0.04	0.0526762
1.96	0.05	0.0662392
1.96	0.06	0.0800287
1.96	0.07	0.0940667
1.96	0.08	0.108371
1.96	0.09	0.122954
1.96	0.1	0.13783
1.96	0.11	0.153005
1.96	0.12	0.168489
1.96	0.13	0.184289
1.96	0.14	0.200409
1.96	0.15	0.216855
1.96	0.16	0.233632
1.96	0.17	0.250742
1.96	0.18	0.268189
1.96	0.19	0.285976
1.96	0.2	0.304106
1.96	0.21	0.32258
1.96	0.22	0.341402
1.96	0.23	0.360572
1.96	0.24	0.380093
1.96	0.25	0.399966
1.96	0.26	0.420193
1.96	0.27	0.440774
1.96	0.28	0.461711
1.96	0.29	0.483005
1.96	0.3	0.504657
1.96	0.31	0.526667
1.96	0.32	0.549037
1.96	0.33	0.571767
1.96	0.34	0.594857
1.96	0.35	0.618309
1.96	0.36	0.642122
1.96	0.37	0.666298
1.96	0.38	0.690837
1.96	0.39	0.715738
1.96	0.4	0.741003
1.96	0.41	0.766631
1.96	0.42	0.792623
1.96	0.43	0.818979
1.96	0.44	0.845699
1.96	0.45	0.872783
1.96	0.46	0.900231
1.96	0.47	0.928044
1.96	0.48	0.956221
1.96	0.49	0.984762
1.96	0.5	1.01367
1.96	0.51	1.04294
1.96	0.52	1.07257
1.96	0.53	1.10257
1.96	0.54	1.13293
1.96	0.55	1.16365
1.96	0.56	1.19474
1.96	0.57	1.22619
1.96	0.58	1.258
1.96	0.59	1.29017
1.96	0.6	1.3227
1.96	0.61	1.3556
1.96	0.62	1.38885
1.96	0.63	1.42247
1.96	0.64	1.45644
1.96	0.65	1.49077
1.96	0.66	1.52546
1.96	0.67	1.56051
1.96	0.68	1.59591
1.96	0.69	1.63166
1.96	0.7	1.66777
1.96	0.71	1.70423
1.96	0.72	1.74104
1.96	0.73	1.7782
1.96	0.74	1.8157
1.96	0.75	1.85355
1.96	0.76	1.89174
1.96	0.77	1.93028
1.96	0.78	1.96915
1.96	0.79	2.00835
1.96	0.8	2.04789
1.96	0.81	2.08775
1.96	0.82	2.12793
1.96	0.83	2.16843
1.96	0.84	2.20923
1.96	0.85	2.25034
1.96	0.86	2.29172
1.96	0.87	2.33338
1.96	0.88	2.37529
1.96	0.89	2.41743
1.96	0.9	2.45975
1.96	0.91	2.5022
1.96	0.92	2.54472
1.96	0.93	2.58719
1.96	0.94	2.6295
1.96	0.95	2.67151
1.96	0.96	2.71314
1.96	0.97	2.75425
1.96	0.98	2.79257
1.96	0.99	2.80743
1.96	1	2.67412
1.97	0	0
1.97	0.01	0.0124936
1.97	0.02	0.0250677
1.97	0.03	0.0377897
1.97	0.04	0.05071
1.97	0.05	0.0638649
1.97	0.06	0.0772808
1.97	0.07	0.0909772
1.97	0.08	0.104969
1.97	0.09	0.119268
1.97	0.1	0.133883
1.97	0.11	0.148822
1.97	0.12	0.164092
1.97	0.13	0.179696
1.97	0.14	0.195641
1.97	0.15	0.21193
1.97	0.16	0.228565
1.97	0.17	0.245551
1.97	0.18	0.262889
1.97	0.19	0.280581
1.97	0.2	0.298631
1.97	0.21	0.317038
1.97	0.22	0.335806
1.97	0.23	0.354936
1.97	0.24	0.374428
1.97	0.25	0.394284
1.97	0.26	0.414505
1.97	0.27	0.435092
1.97	0.28	0.456046
1.97	0.29	0.477367
1.97	0.3	0.499056
1.97	0.31	0.521115
1.97	0.32	0.543543
1.97	0.33	0.566341
1.97	0.34	0.589509
1.97	0.35	0.613048
1.97	0.36	0.636959
1.97	0.37	0.661241
1.97	0.38	0.685895
1.97	0.39	0.710921
1.97	0.4	0.73632
1.97	0.41	0.762091
1.97	0.42	0.788235
1.97	0.43	0.814752
1.97	0.44	0.841643
1.97	0.45	0.868906
1.97	0.46	0.896542
1.97	0.47	0.924552
1.97	0.48	0.952934
1.97	0.49	0.98169
1.97	0.5	1.01082
1.97	0.51	1.04032
1.97	0.52	1.0702
1.97	0.53	1.10044
1.97	0.54	1.13106
1.97	0.55	1.16206
1.97	0.56	1.19342
1.97	0.57	1.22516
1.97	0.58	1.25726
1.97	0.59	1.28974
1.97	0.6	1.32259
1.97	0.61	1.35581
1.97	0.62	1.38941
1.97	0.63	1.42337
1.97	0.64	1.45769
1.97	0.65	1.49239
1.97	0.66	1.52746
1.97	0.67	1.56289
1.97	0.68	1.59869
1.97	0.69	1.63485
1.97	0.7	1.67138
1.97	0.71	1.70828
1.97	0.72	1.74553
1.97	0.73	1.78315
1.97	0.74	1.82113
1.97	0.75	1.85946
1.97	0.76	1.89815
1.97	0.77	1.9372
1.97	0.78	1.9766
1.97	0.79	2.01635
1.97	0.8	2.05645
1.97	0.81	2.09689
1.97	0.82	2.13767
1.97	0.83	2.17879
1.97	0.84	2.22023
1.97	0.85	2.262
1.97	0.86	2.30407
1.97	0.87	2.34644
1.97	0.88	2.38909
1.97	0.89	2.432
1.97	0.9	2.47511
1.97	0.91	2.51838
1.97	0.92	2.56172
1.97	0.93	2.60498
1.97	0.94	2.64794
1.97	0.95	2.69027
1.97	0.96	2.73163
1.97	0.97	2.77254
1.97	0.98	2.81845
1.97	0.99	2.89032
1.97	1	3.00952
1.98	0	0
1.98	0.01	0.0118804
1.98	0.02	0.0238752
1.98	0.03	0.0360672
1.98	0.04	0.0485075
1.98	0.05	0.0612285
1.98	0.06	0.0742516
1.98	0.07	0.0875917
1.98	0.08	0.10126
1.98	0.09	0.115265
1.98	0.1	0.129613
1.98	0.11	0.144309
1.98	0.12	0.159358
1.98	0.13	0.174764
1.98	0.14	0.190529
1.98	0.15	0.206657
1.98	0.16	0.223149
1.98	0.17	0.240007
1.98	0.18	0.257234
1.98	0.19	0.27483
1.98	0.2	0.292797
1.98	0.21	0.311137
1.98	0.22	0.329849
1.98	0.23	0.348936
1.98	0.24	0.368398
1.98	0.25	0.388236
1.98	0.26	0.408451
1.98	0.27	0.429043
1.98	0.28	0.450012
1.98	0.29	0.47136
1.98	0.3	0.493087
1.98	0.31	0.515193
1.98	0.32	0.537678
1.98	0.33	0.560544
1.98	0.34	0.58379
1.98	0.35	0.607416
1.98	0.36	0.631423
1.98	0.37	0.655812
1.98	0.38	0.680581
1.98	0.39	0.705732
1.98	0.4	0.731265
1.98	0.41	0.757179
1.98	0.42	0.783475
1.98	0.43	0.810153
1.98	0.44	0.837213
1.98	0.45	0.864656
1.98	0.46	0.89248
1.98	0.47	0.920686
1.98	0.48	0.949275
1.98	0.49	0.978245
1.98	0.5	1.0076
1.98	0.51	1.03733
1.98	0.52	1.06745
1.98	0.53	1.09795
1.98	0.54	1.12883
1.98	0.55	1.16009
1.98	0.56	1.19173
1.98	0.57	1.22376
1.98	0.58	1.25616
1.98	0.59	1.28895
1.98	0.6	1.32211
1.98	0.61	1.35566
1.98	0.62	1.38959
1.98	0.63	1.42389
1.98	0.64	1.45858
1.98	0.65	1.49364
1.98	0.66	1.52909
1.98	0.67	1.56491
1.98	0.68	1.60111
1.98	0.69	1.63768
1.98	0.7	1.67464
1.98	0.71	1.71196
1.98	0.72	1.74967
1.98	0.73	1.78774
1.98	0.74	1.82619
1.98	0.75	1.86502
1.98	0.76	1.90421
1.98	0.77	1.94377
1.98	0.78	1.98371
1.98	0.79	2.024
1.98	0.8	2.06467
1.98	0.81	2.10569
1.98	0.82	2.14708
1.98	0.83	2.18882
1.98	0.84	2.23091
1.98	0.85	2.27334
1.98	0.86	2.31612
1.98	0.87	2.35922
1.98	0.88	2.40264
1.98	0.89	2.44635
1.98	0.9	2.49032
1.98	0.91	2.53449
1.98	0.92	2.5788
1.98	0.93	2.62305
1.98	0.94	2.66702
1.98	0.95	2.71005
1.98	0.96	2.75116
1.98	0.97	2.78829
1.98	0.98	2.82326
1.98	0.99	2.90322
1.98	1	3.36002
1.99	0	0
1.99	0.01	0.011146
1.99	0.02	0.0224801
1.99	0.03	0.0340932
1.99	0.04	0.0460227
1.99	0.05	0.0582891
1.99	0.06	0.0709047
1.99	0.07	0.0838776
1.99	0.08	0.0972139
1.99	0.09	0.110918
1.99	0.1	0.124993
1.99	0.11	0.139443
1.99	0.12	0.154268
1.99	0.13	0.169472
1.99	0.14	0.185055
1.99	0.15	0.201019
1.99	0.16	0.217366
1.99	0.17	0.234096
1.99	0.18	0.251209
1.99	0.19	0.268708
1.99	0.2	0.286592
1.99	0.21	0.304862
1.99	0.22	0.323518
1.99	0.23	0.342562
1.99	0.24	0.361993
1.99	0.25	0.381812
1.99	0.26	0.40202
1.99	0.27	0.422616
1.99	0.28	0.443601
1.99	0.29	0.464975
1.99	0.3	0.486738
1.99	0.31	0.508891
1.99	0.32	0.531434
1.99	0.33	0.554367
1.99	0.34	0.57769
1.99	0.35	0.601403
1.99	0.36	0.625507
1.99	0.37	0.650001
1.99	0.38	0.674886
1.99	0.39	0.700161
1.99	0.4	0.725828
1.99	0.41	0.751885
1.99	0.42	0.778333
1.99	0.43	0.805172
1.99	0.44	0.832402
1.99	0.45	0.860023
1.99	0.46	0.888036
1.99	0.47	0.916438
1.99	0.48	0.945233
1.99	0.49	0.974418
1.99	0.5	1.00399
1.99	0.51	1.03396
1.99	0.52	1.06432
1.99	0.53	1.09507
1.99	0.54	1.12621
1.99	0.55	1.15774
1.99	0.56	1.18966
1.99	0.57	1.22197
1.99	0.58	1.25468
1.99	0.59	1.28777
1.99	0.6	1.32125
1.99	0.61	1.35512
1.99	0.62	1.38939
1.99	0.63	1.42404
1.99	0.64	1.45909
1.99	0.65	1.49452
1.99	0.66	1.53034
1.99	0.67	1.56655
1.99	0.68	1.60315
1.99	0.69	1.64013
1.99	0.7	1.67751
1.99	0.71	1.71527
1.99	0.72	1.75343
1.99	0.73	1.79196
1.99	0.74	1.83089
1.99	0.75	1.8702
1.99	0.76	1.9099
1.99	0.77	1.94998
1.99	0.78	1.99045
1.99	0.79	2.03129
1.99	0.8	2.07253
1.99	0.81	2.11413
1.99	0.82	2.15613
1.99	0.83	2.19849
1.99	0.84	2.24125
1.99	0.85	2.28435
1.99	0.86	2.32786
1.99	0.87	2.37167
1.99	0.88	2.41592
1.99	0.89	2.46041
1.99	0.9	2.50535
1.99	0.91	2.55041
1.99	0.92	2.59595
1.99	0.93	2.64129
1.99	0.94	2.68704
1.99	0.95	2.73142
1.99	0.96	2.77504
1.99	0.97	2.8089
1.99	0.98	2.81885
1.99	0.99	2.67335
1.99	1	2.43747
2	0	0
2	0.01	0.0102
2	0.02	0.0208
2	0.03	0.0318
2	0.04	0.0432
2	0.05	0.055
2	0.06	0.0672
2	0.07	0.0798
2	0.08	0.0928
2	0.09	0.1062
2	0.1	0.12
2	0.11	0.1342
2	0.12	0.1488
2	0.13	0.1638
2	0.14	0.1792
2	0.15	0.195
2	0.16	0.2112
2	0.17	0.2278
2	0.18	0.2448
2	0.19	0.2622
2	0.2	0.28
2	0.21	0.2982
2	0.22	0.3168
2	0.23	0.3358
2	0.24	0.3552
2	0.25	0.375
2	0.26	0.3952
2	0.27	0.4158
2	0.28	0.4368
2	0.29	0.4582
2	0.3	0.48
2	0.31	0.5022
2	0.32	0.5248
2	0.33	0.5478
2	0.34	0.5712
2	0.35	0.595
2	0.36	0.6192
2	0.37	0.6438
2	0.38	0.6688
2	0.39	0.6942
2	0.4	0.72
2	0.41	0.7462
2	0.42	0.7728
2	0.43	0.7998
2	0.44	0.8272
2	0.45	0.855
2	0.46	0.8832
2	0.47	0.9118
2	0.48	0.9408
2	0.49	0.9702
2	0.5	1
2	0.51	1.0302
2	0.52	1.0608
2	0.53	1.0918
2	0.54	1.1232
2	0.55	1.155
2	0.56	1.1872
2	0.57	1.2198
2	0.58	1.2528
2	0.59	1.2862
2	0.6	1.32
2	0.61	1.3542
2	0.62	1.3888
2	0.63	1.4238
2	0.64	1.4592
2	0.65	1.495
2	0.66	1.5312
2	0.67	1.5678
2	0.68	1.6048
2	0.69	1.6422
2	0.7	1.68
2	0.71	1.7182
2	0.72	1.7568
2	0.73	1.7958
2	0.74	1.8352
2	0.75	1.875
2	0.76	1.9152
2	0.77	1.9558
2	0.78	1.9968
2	0.79	2.0382
2	0.8	2.08
2	0.81	2.1222
2	0.82	2.1648
2	0.83	2.2078
2	0.84	2.2512
2	0.85	2.295
2	0.86	2.3392
2	0.87	2.3838
2	0.88	2.4288
2	0.89	2.4742
2	0.9	2.52
2	0.91	2.5662
2	0.92	2.6128
2	0.93	2.6598
2	0.94	2.7072
2	0.95	2.755
2	0.96	2.8032
2	0.97	2.8518
2	0.98	2.9008
2	0.99	2.9502
2	1	3
