0.000000	0.000000	0.000004
0.000000	0.010000	0.000008
0.000000	0.020000	0.000012
0.000000	0.030000	0.000016
0.000000	0.040000	0.000019
0.000000	0.050000	0.000023
0.000000	0.060000	0.000027
0.000000	0.070000	0.000031
0.000000	0.080000	0.000035
0.000000	0.090000	0.000038
0.000000	0.100000	0.000042
0.000000	0.110000	0.000046
0.000000	0.120000	0.000049
0.000000	0.130000	0.000053
0.000000	0.140000	0.000057
0.000000	0.150000	0.000060
0.000000	0.160000	0.000063
0.000000	0.170000	0.000067
0.000000	0.180000	0.000070
0.000000	0.190000	0.000073
0.000000	0.200000	0.000076
0.000000	0.210000	0.000080
0.000000	0.220000	0.000083
0.000000	0.230000	0.000085
0.000000	0.240000	0.000088
0.000000	0.250000	0.000091
0.000000	0.260000	0.000094
0.000000	0.270000	0.000096
0.000000	0.280000	0.000099
0.000000	0.290000	0.000101
0.000000	0.300000	0.000104
0.000000	0.310000	0.000106
0.000000	0.320000	0.000108
0.000000	0.330000	0.000110
0.000000	0.340000	0.000112
0.000000	0.350000	0.000113
0.000000	0.360000	0.000115
0.000000	0.370000	0.000117
0.000000	0.380000	0.000118
0.000000	0.390000	0.000120
0.000000	0.400000	0.000121
0.000000	0.410000	0.000122
0.000000	0.420000	0.000123
0.000000	0.430000	0.000124
0.000000	0.440000	0.000124
0.000000	0.450000	0.000125
0.000000	0.460000	0.000126
0.000000	0.470000	0.000126
0.000000	0.480000	0.000126
0.000000	0.490000	0.000126
0.010000	0.000000	0.000008
0.010000	0.010000	0.000016
0.010000	0.020000	0.000023
0.010000	0.030000	0.000031
0.010000	0.040000	0.000039
0.010000	0.050000	0.000047
0.010000	0.060000	0.000054
0.010000	0.070000	0.000062
0.010000	0.080000	0.000069
0.010000	0.090000	0.000077
0.010000	0.100000	0.000084
0.010000	0.110000	0.000092
0.010000	0.120000	0.000099
0.010000	0.130000	0.000106
0.010000	0.140000	0.000113
0.010000	0.150000	0.000120
0.010000	0.160000	0.000127
0.010000	0.170000	0.000134
0.010000	0.180000	0.000140
0.010000	0.190000	0.000147
0.010000	0.200000	0.000153
0.010000	0.210000	0.000159
0.010000	0.220000	0.000165
0.010000	0.230000	0.000171
0.010000	0.240000	0.000177
0.010000	0.250000	0.000182
0.010000	0.260000	0.000188
0.010000	0.270000	0.000193
0.010000	0.280000	0.000198
0.010000	0.290000	0.000203
0.010000	0.300000	0.000207
0.010000	0.310000	0.000212
0.010000	0.320000	0.000216
0.010000	0.330000	0.000220
0.010000	0.340000	0.000224
0.010000	0.350000	0.000227
0.010000	0.360000	0.000230
0.010000	0.370000	0.000234
0.010000	0.380000	0.000237
0.010000	0.390000	0.000239
0.010000	0.400000	0.000242
0.010000	0.410000	0.000244
0.010000	0.420000	0.000246
0.010000	0.430000	0.000248
0.010000	0.440000	0.000249
0.010000	0.450000	0.000250
0.010000	0.460000	0.000251
0.010000	0.470000	0.000252
0.010000	0.480000	0.000253
0.010000	0.490000	0.000253
0.020000	0.000000	0.000012
0.020000	0.010000	0.000023
0.020000	0.020000	0.000035
0.020000	0.030000	0.000047
0.020000	0.040000	0.000058
0.020000	0.050000	0.000070
0.020000	0.060000	0.000082
0.020000	0.070000	0.000093
0.020000	0.080000	0.000104
0.020000	0.090000	0.000116
0.020000	0.100000	0.000127
0.020000	0.110000	0.000138
0.020000	0.120000	0.000149
0.020000	0.130000	0.000159
0.020000	0.140000	0.000170
0.020000	0.150000	0.000180
0.020000	0.160000	0.000191
0.020000	0.170000	0.000201
0.020000	0.180000	0.000211
0.020000	0.190000	0.000220
0.020000	0.200000	0.000230
0.020000	0.210000	0.000239
0.020000	0.220000	0.000248
0.020000	0.230000	0.000257
0.020000	0.240000	0.000265
0.020000	0.250000	0.000274
0.020000	0.260000	0.000282
0.020000	0.270000	0.000289
0.020000	0.280000	0.000297
0.020000	0.290000	0.000304
0.020000	0.300000	0.000311
0.020000	0.310000	0.000318
0.020000	0.320000	0.000324
0.020000	0.330000	0.000330
0.020000	0.340000	0.000336
0.020000	0.350000	0.000341
0.020000	0.360000	0.000346
0.020000	0.370000	0.000351
0.020000	0.380000	0.000355
0.020000	0.390000	0.000359
0.020000	0.400000	0.000363
0.020000	0.410000	0.000366
0.020000	0.420000	0.000369
0.020000	0.430000	0.000372
0.020000	0.440000	0.000374
0.020000	0.450000	0.000376
0.020000	0.460000	0.000378
0.020000	0.470000	0.000379
0.020000	0.480000	0.000380
0.020000	0.490000	0.000380
0.030000	0.000000	0.000016
0.030000	0.010000	0.000031
0.030000	0.020000	0.000047
0.030000	0.030000	0.000063
0.030000	0.040000	0.000078
0.030000	0.050000	0.000094
0.030000	0.060000	0.000109
0.030000	0.070000	0.000124
0.030000	0.080000	0.000139
0.030000	0.090000	0.000154
0.030000	0.100000	0.000169
0.030000	0.110000	0.000184
0.030000	0.120000	0.000198
0.030000	0.130000	0.000213
0.030000	0.140000	0.000227
0.030000	0.150000	0.000241
0.030000	0.160000	0.000255
0.030000	0.170000	0.000268
0.030000	0.180000	0.000281
0.030000	0.190000	0.000294
0.030000	0.200000	0.000307
0.030000	0.210000	0.000319
0.030000	0.220000	0.000331
0.030000	0.230000	0.000343
0.030000	0.240000	0.000354
0.030000	0.250000	0.000365
0.030000	0.260000	0.000376
0.030000	0.270000	0.000387
0.030000	0.280000	0.000397
0.030000	0.290000	0.000406
0.030000	0.300000	0.000415
0.030000	0.310000	0.000424
0.030000	0.320000	0.000433
0.030000	0.330000	0.000441
0.030000	0.340000	0.000448
0.030000	0.350000	0.000455
0.030000	0.360000	0.000462
0.030000	0.370000	0.000468
0.030000	0.380000	0.000474
0.030000	0.390000	0.000480
0.030000	0.400000	0.000485
0.030000	0.410000	0.000489
0.030000	0.420000	0.000493
0.030000	0.430000	0.000497
0.030000	0.440000	0.000500
0.030000	0.450000	0.000502
0.030000	0.460000	0.000504
0.030000	0.470000	0.000506
0.030000	0.480000	0.000507
0.030000	0.490000	0.000507
0.040000	0.000000	0.000020
0.040000	0.010000	0.000039
0.040000	0.020000	0.000059
0.040000	0.030000	0.000078
0.040000	0.040000	0.000098
0.040000	0.050000	0.000117
0.040000	0.060000	0.000136
0.040000	0.070000	0.000155
0.040000	0.080000	0.000174
0.040000	0.090000	0.000193
0.040000	0.100000	0.000212
0.040000	0.110000	0.000230
0.040000	0.120000	0.000248
0.040000	0.130000	0.000266
0.040000	0.140000	0.000284
0.040000	0.150000	0.000302
0.040000	0.160000	0.000319
0.040000	0.170000	0.000336
0.040000	0.180000	0.000352
0.040000	0.190000	0.000368
0.040000	0.200000	0.000384
0.040000	0.210000	0.000400
0.040000	0.220000	0.000415
0.040000	0.230000	0.000429
0.040000	0.240000	0.000444
0.040000	0.250000	0.000458
0.040000	0.260000	0.000471
0.040000	0.270000	0.000484
0.040000	0.280000	0.000497
0.040000	0.290000	0.000509
0.040000	0.300000	0.000520
0.040000	0.310000	0.000531
0.040000	0.320000	0.000542
0.040000	0.330000	0.000552
0.040000	0.340000	0.000561
0.040000	0.350000	0.000570
0.040000	0.360000	0.000579
0.040000	0.370000	0.000587
0.040000	0.380000	0.000594
0.040000	0.390000	0.000601
0.040000	0.400000	0.000607
0.040000	0.410000	0.000612
0.040000	0.420000	0.000617
0.040000	0.430000	0.000622
0.040000	0.440000	0.000626
0.040000	0.450000	0.000629
0.040000	0.460000	0.000631
0.040000	0.470000	0.000633
0.040000	0.480000	0.000635
0.040000	0.490000	0.000636
0.050000	0.000000	0.000024
0.050000	0.010000	0.000047
0.050000	0.020000	0.000071
0.050000	0.030000	0.000094
0.050000	0.040000	0.000118
0.050000	0.050000	0.000141
0.050000	0.060000	0.000164
0.050000	0.070000	0.000187
0.050000	0.080000	0.000210
0.050000	0.090000	0.000232
0.050000	0.100000	0.000255
0.050000	0.110000	0.000277
0.050000	0.120000	0.000299
0.050000	0.130000	0.000320
0.050000	0.140000	0.000342
0.050000	0.150000	0.000363
0.050000	0.160000	0.000383
0.050000	0.170000	0.000404
0.050000	0.180000	0.000424
0.050000	0.190000	0.000443
0.050000	0.200000	0.000462
0.050000	0.210000	0.000481
0.050000	0.220000	0.000499
0.050000	0.230000	0.000517
0.050000	0.240000	0.000534
0.050000	0.250000	0.000550
0.050000	0.260000	0.000567
0.050000	0.270000	0.000582
0.050000	0.280000	0.000597
0.050000	0.290000	0.000612
0.050000	0.300000	0.000626
0.050000	0.310000	0.000639
0.050000	0.320000	0.000652
0.050000	0.330000	0.000664
0.050000	0.340000	0.000675
0.050000	0.350000	0.000686
0.050000	0.360000	0.000696
0.050000	0.370000	0.000706
0.050000	0.380000	0.000714
0.050000	0.390000	0.000723
0.050000	0.400000	0.000730
0.050000	0.410000	0.000737
0.050000	0.420000	0.000743
0.050000	0.430000	0.000748
0.050000	0.440000	0.000753
0.050000	0.450000	0.000756
0.050000	0.460000	0.000760
0.050000	0.470000	0.000762
0.050000	0.480000	0.000764
0.050000	0.490000	0.000764
0.060000	0.000000	0.000028
0.060000	0.010000	0.000055
0.060000	0.020000	0.000083
0.060000	0.030000	0.000110
0.060000	0.040000	0.000138
0.060000	0.050000	0.000165
0.060000	0.060000	0.000192
0.060000	0.070000	0.000219
0.060000	0.080000	0.000245
0.060000	0.090000	0.000272
0.060000	0.100000	0.000298
0.060000	0.110000	0.000324
0.060000	0.120000	0.000350
0.060000	0.130000	0.000375
0.060000	0.140000	0.000400
0.060000	0.150000	0.000424
0.060000	0.160000	0.000448
0.060000	0.170000	0.000472
0.060000	0.180000	0.000495
0.060000	0.190000	0.000518
0.060000	0.200000	0.000541
0.060000	0.210000	0.000562
0.060000	0.220000	0.000584
0.060000	0.230000	0.000604
0.060000	0.240000	0.000624
0.060000	0.250000	0.000644
0.060000	0.260000	0.000663
0.060000	0.270000	0.000681
0.060000	0.280000	0.000699
0.060000	0.290000	0.000716
0.060000	0.300000	0.000732
0.060000	0.310000	0.000748
0.060000	0.320000	0.000762
0.060000	0.330000	0.000777
0.060000	0.340000	0.000790
0.060000	0.350000	0.000803
0.060000	0.360000	0.000814
0.060000	0.370000	0.000826
0.060000	0.380000	0.000836
0.060000	0.390000	0.000845
0.060000	0.400000	0.000854
0.060000	0.410000	0.000862
0.060000	0.420000	0.000869
0.060000	0.430000	0.000875
0.060000	0.440000	0.000880
0.060000	0.450000	0.000885
0.060000	0.460000	0.000889
0.060000	0.470000	0.000891
0.060000	0.480000	0.000893
0.060000	0.490000	0.000894
0.070000	0.000000	0.000032
0.070000	0.010000	0.000063
0.070000	0.020000	0.000095
0.070000	0.030000	0.000126
0.070000	0.040000	0.000158
0.070000	0.050000	0.000189
0.070000	0.060000	0.000220
0.070000	0.070000	0.000251
0.070000	0.080000	0.000281
0.070000	0.090000	0.000312
0.070000	0.100000	0.000342
0.070000	0.110000	0.000371
0.070000	0.120000	0.000401
0.070000	0.130000	0.000430
0.070000	0.140000	0.000458
0.070000	0.150000	0.000487
0.070000	0.160000	0.000514
0.070000	0.170000	0.000541
0.070000	0.180000	0.000568
0.070000	0.190000	0.000594
0.070000	0.200000	0.000620
0.070000	0.210000	0.000645
0.070000	0.220000	0.000669
0.070000	0.230000	0.000693
0.070000	0.240000	0.000716
0.070000	0.250000	0.000738
0.070000	0.260000	0.000760
0.070000	0.270000	0.000781
0.070000	0.280000	0.000801
0.070000	0.290000	0.000821
0.070000	0.300000	0.000839
0.070000	0.310000	0.000857
0.070000	0.320000	0.000874
0.070000	0.330000	0.000890
0.070000	0.340000	0.000906
0.070000	0.350000	0.000920
0.070000	0.360000	0.000934
0.070000	0.370000	0.000946
0.070000	0.380000	0.000958
0.070000	0.390000	0.000969
0.070000	0.400000	0.000979
0.070000	0.410000	0.000988
0.070000	0.420000	0.000996
0.070000	0.430000	0.001003
0.070000	0.440000	0.001009
0.070000	0.450000	0.001015
0.070000	0.460000	0.001019
0.070000	0.470000	0.001022
0.070000	0.480000	0.001024
0.070000	0.490000	0.001025
0.080000	0.000000	0.000036
0.080000	0.010000	0.000071
0.080000	0.020000	0.000107
0.080000	0.030000	0.000143
0.080000	0.040000	0.000178
0.080000	0.050000	0.000213
0.080000	0.060000	0.000248
0.080000	0.070000	0.000283
0.080000	0.080000	0.000318
0.080000	0.090000	0.000352
0.080000	0.100000	0.000386
0.080000	0.110000	0.000419
0.080000	0.120000	0.000453
0.080000	0.130000	0.000485
0.080000	0.140000	0.000518
0.080000	0.150000	0.000549
0.080000	0.160000	0.000581
0.080000	0.170000	0.000611
0.080000	0.180000	0.000641
0.080000	0.190000	0.000671
0.080000	0.200000	0.000700
0.080000	0.210000	0.000728
0.080000	0.220000	0.000755
0.080000	0.230000	0.000782
0.080000	0.240000	0.000808
0.080000	0.250000	0.000833
0.080000	0.260000	0.000858
0.080000	0.270000	0.000882
0.080000	0.280000	0.000904
0.080000	0.290000	0.000926
0.080000	0.300000	0.000947
0.080000	0.310000	0.000968
0.080000	0.320000	0.000987
0.080000	0.330000	0.001005
0.080000	0.340000	0.001022
0.080000	0.350000	0.001039
0.080000	0.360000	0.001054
0.080000	0.370000	0.001069
0.080000	0.380000	0.001082
0.080000	0.390000	0.001094
0.080000	0.400000	0.001105
0.080000	0.410000	0.001116
0.080000	0.420000	0.001125
0.080000	0.430000	0.001133
0.080000	0.440000	0.001140
0.080000	0.450000	0.001145
0.080000	0.460000	0.001150
0.080000	0.470000	0.001154
0.080000	0.480000	0.001156
0.080000	0.490000	0.001158
0.090000	0.000000	0.000040
0.090000	0.010000	0.000080
0.090000	0.020000	0.000119
0.090000	0.030000	0.000159
0.090000	0.040000	0.000199
0.090000	0.050000	0.000238
0.090000	0.060000	0.000277
0.090000	0.070000	0.000316
0.090000	0.080000	0.000354
0.090000	0.090000	0.000393
0.090000	0.100000	0.000430
0.090000	0.110000	0.000468
0.090000	0.120000	0.000505
0.090000	0.130000	0.000541
0.090000	0.140000	0.000577
0.090000	0.150000	0.000613
0.090000	0.160000	0.000648
0.090000	0.170000	0.000682
0.090000	0.180000	0.000715
0.090000	0.190000	0.000748
0.090000	0.200000	0.000781
0.090000	0.210000	0.000812
0.090000	0.220000	0.000843
0.090000	0.230000	0.000873
0.090000	0.240000	0.000902
0.090000	0.250000	0.000930
0.090000	0.260000	0.000957
0.090000	0.270000	0.000983
0.090000	0.280000	0.001009
0.090000	0.290000	0.001033
0.090000	0.300000	0.001057
0.090000	0.310000	0.001079
0.090000	0.320000	0.001101
0.090000	0.330000	0.001121
0.090000	0.340000	0.001141
0.090000	0.350000	0.001159
0.090000	0.360000	0.001176
0.090000	0.370000	0.001192
0.090000	0.380000	0.001207
0.090000	0.390000	0.001221
0.090000	0.400000	0.001233
0.090000	0.410000	0.001244
0.090000	0.420000	0.001255
0.090000	0.430000	0.001264
0.090000	0.440000	0.001271
0.090000	0.450000	0.001278
0.090000	0.460000	0.001283
0.090000	0.470000	0.001287
0.090000	0.480000	0.001290
0.090000	0.490000	0.001291
0.100000	0.000000	0.000044
0.100000	0.010000	0.000088
0.100000	0.020000	0.000132
0.100000	0.030000	0.000176
0.100000	0.040000	0.000219
0.100000	0.050000	0.000263
0.100000	0.060000	0.000306
0.100000	0.070000	0.000349
0.100000	0.080000	0.000392
0.100000	0.090000	0.000434
0.100000	0.100000	0.000476
0.100000	0.110000	0.000517
0.100000	0.120000	0.000558
0.100000	0.130000	0.000598
0.100000	0.140000	0.000638
0.100000	0.150000	0.000677
0.100000	0.160000	0.000715
0.100000	0.170000	0.000753
0.100000	0.180000	0.000790
0.100000	0.190000	0.000827
0.100000	0.200000	0.000862
0.100000	0.210000	0.000897
0.100000	0.220000	0.000931
0.100000	0.230000	0.000964
0.100000	0.240000	0.000996
0.100000	0.250000	0.001027
0.100000	0.260000	0.001057
0.100000	0.270000	0.001087
0.100000	0.280000	0.001115
0.100000	0.290000	0.001142
0.100000	0.300000	0.001168
0.100000	0.310000	0.001193
0.100000	0.320000	0.001216
0.100000	0.330000	0.001239
0.100000	0.340000	0.001260
0.100000	0.350000	0.001280
0.100000	0.360000	0.001299
0.100000	0.370000	0.001317
0.100000	0.380000	0.001333
0.100000	0.390000	0.001349
0.100000	0.400000	0.001362
0.100000	0.410000	0.001375
0.100000	0.420000	0.001386
0.100000	0.430000	0.001396
0.100000	0.440000	0.001405
0.100000	0.450000	0.001412
0.100000	0.460000	0.001418
0.100000	0.470000	0.001422
0.100000	0.480000	0.001425
0.100000	0.490000	0.001427
0.110000	0.000000	0.000048
0.110000	0.010000	0.000097
0.110000	0.020000	0.000145
0.110000	0.030000	0.000193
0.110000	0.040000	0.000241
0.110000	0.050000	0.000288
0.110000	0.060000	0.000336
0.110000	0.070000	0.000383
0.110000	0.080000	0.000429
0.110000	0.090000	0.000475
0.110000	0.100000	0.000521
0.110000	0.110000	0.000567
0.110000	0.120000	0.000611
0.110000	0.130000	0.000656
0.110000	0.140000	0.000699
0.110000	0.150000	0.000742
0.110000	0.160000	0.000784
0.110000	0.170000	0.000826
0.110000	0.180000	0.000866
0.110000	0.190000	0.000906
0.110000	0.200000	0.000945
0.110000	0.210000	0.000983
0.110000	0.220000	0.001020
0.110000	0.230000	0.001057
0.110000	0.240000	0.001092
0.110000	0.250000	0.001126
0.110000	0.260000	0.001159
0.110000	0.270000	0.001191
0.110000	0.280000	0.001222
0.110000	0.290000	0.001252
0.110000	0.300000	0.001280
0.110000	0.310000	0.001307
0.110000	0.320000	0.001333
0.110000	0.330000	0.001358
0.110000	0.340000	0.001381
0.110000	0.350000	0.001404
0.110000	0.360000	0.001424
0.110000	0.370000	0.001444
0.110000	0.380000	0.001462
0.110000	0.390000	0.001478
0.110000	0.400000	0.001493
0.110000	0.410000	0.001507
0.110000	0.420000	0.001520
0.110000	0.430000	0.001530
0.110000	0.440000	0.001540
0.110000	0.450000	0.001548
0.110000	0.460000	0.001554
0.110000	0.470000	0.001559
0.110000	0.480000	0.001562
0.110000	0.490000	0.001564
0.120000	0.000000	0.000053
0.120000	0.010000	0.000105
0.120000	0.020000	0.000158
0.120000	0.030000	0.000210
0.120000	0.040000	0.000262
0.120000	0.050000	0.000314
0.120000	0.060000	0.000365
0.120000	0.070000	0.000417
0.120000	0.080000	0.000467
0.120000	0.090000	0.000518
0.120000	0.100000	0.000568
0.120000	0.110000	0.000617
0.120000	0.120000	0.000666
0.120000	0.130000	0.000714
0.120000	0.140000	0.000761
0.120000	0.150000	0.000808
0.120000	0.160000	0.000854
0.120000	0.170000	0.000899
0.120000	0.180000	0.000943
0.120000	0.190000	0.000987
0.120000	0.200000	0.001029
0.120000	0.210000	0.001071
0.120000	0.220000	0.001111
0.120000	0.230000	0.001151
0.120000	0.240000	0.001189
0.120000	0.250000	0.001226
0.120000	0.260000	0.001262
0.120000	0.270000	0.001297
0.120000	0.280000	0.001331
0.120000	0.290000	0.001363
0.120000	0.300000	0.001394
0.120000	0.310000	0.001424
0.120000	0.320000	0.001452
0.120000	0.330000	0.001479
0.120000	0.340000	0.001504
0.120000	0.350000	0.001528
0.120000	0.360000	0.001551
0.120000	0.370000	0.001572
0.120000	0.380000	0.001592
0.120000	0.390000	0.001610
0.120000	0.400000	0.001626
0.120000	0.410000	0.001641
0.120000	0.420000	0.001655
0.120000	0.430000	0.001667
0.120000	0.440000	0.001677
0.120000	0.450000	0.001685
0.120000	0.460000	0.001692
0.120000	0.470000	0.001698
0.120000	0.480000	0.001701
0.120000	0.490000	0.001703
0.130000	0.000000	0.000057
0.130000	0.010000	0.000114
0.130000	0.020000	0.000171
0.130000	0.030000	0.000227
0.130000	0.040000	0.000284
0.130000	0.050000	0.000340
0.130000	0.060000	0.000396
0.130000	0.070000	0.000451
0.130000	0.080000	0.000506
0.130000	0.090000	0.000561
0.130000	0.100000	0.000615
0.130000	0.110000	0.000668
0.130000	0.120000	0.000721
0.130000	0.130000	0.000773
0.130000	0.140000	0.000824
0.130000	0.150000	0.000875
0.130000	0.160000	0.000925
0.130000	0.170000	0.000974
0.130000	0.180000	0.001022
0.130000	0.190000	0.001069
0.130000	0.200000	0.001115
0.130000	0.210000	0.001160
0.130000	0.220000	0.001203
0.130000	0.230000	0.001246
0.130000	0.240000	0.001288
0.130000	0.250000	0.001328
0.130000	0.260000	0.001367
0.130000	0.270000	0.001405
0.130000	0.280000	0.001441
0.130000	0.290000	0.001476
0.130000	0.300000	0.001510
0.130000	0.310000	0.001542
0.130000	0.320000	0.001572
0.130000	0.330000	0.001602
0.130000	0.340000	0.001629
0.130000	0.350000	0.001655
0.130000	0.360000	0.001680
0.130000	0.370000	0.001703
0.130000	0.380000	0.001724
0.130000	0.390000	0.001743
0.130000	0.400000	0.001761
0.130000	0.410000	0.001778
0.130000	0.420000	0.001792
0.130000	0.430000	0.001805
0.130000	0.440000	0.001816
0.130000	0.450000	0.001825
0.130000	0.460000	0.001833
0.130000	0.470000	0.001839
0.130000	0.480000	0.001843
0.130000	0.490000	0.001845
0.140000	0.000000	0.000061
0.140000	0.010000	0.000123
0.140000	0.020000	0.000184
0.140000	0.030000	0.000245
0.140000	0.040000	0.000306
0.140000	0.050000	0.000366
0.140000	0.060000	0.000426
0.140000	0.070000	0.000486
0.140000	0.080000	0.000546
0.140000	0.090000	0.000604
0.140000	0.100000	0.000663
0.140000	0.110000	0.000720
0.140000	0.120000	0.000777
0.140000	0.130000	0.000833
0.140000	0.140000	0.000889
0.140000	0.150000	0.000943
0.140000	0.160000	0.000997
0.140000	0.170000	0.001049
0.140000	0.180000	0.001101
0.140000	0.190000	0.001152
0.140000	0.200000	0.001201
0.140000	0.210000	0.001250
0.140000	0.220000	0.001297
0.140000	0.230000	0.001343
0.140000	0.240000	0.001388
0.140000	0.250000	0.001431
0.140000	0.260000	0.001473
0.140000	0.270000	0.001514
0.140000	0.280000	0.001553
0.140000	0.290000	0.001591
0.140000	0.300000	0.001627
0.140000	0.310000	0.001662
0.140000	0.320000	0.001695
0.140000	0.330000	0.001726
0.140000	0.340000	0.001756
0.140000	0.350000	0.001784
0.140000	0.360000	0.001811
0.140000	0.370000	0.001835
0.140000	0.380000	0.001858
0.140000	0.390000	0.001879
0.140000	0.400000	0.001899
0.140000	0.410000	0.001916
0.140000	0.420000	0.001932
0.140000	0.430000	0.001946
0.140000	0.440000	0.001957
0.140000	0.450000	0.001967
0.140000	0.460000	0.001976
0.140000	0.470000	0.001982
0.140000	0.480000	0.001986
0.140000	0.490000	0.001989
0.150000	0.000000	0.000066
0.150000	0.010000	0.000132
0.150000	0.020000	0.000197
0.150000	0.030000	0.000263
0.150000	0.040000	0.000328
0.150000	0.050000	0.000393
0.150000	0.060000	0.000458
0.150000	0.070000	0.000522
0.150000	0.080000	0.000586
0.150000	0.090000	0.000649
0.150000	0.100000	0.000711
0.150000	0.110000	0.000773
0.150000	0.120000	0.000834
0.150000	0.130000	0.000894
0.150000	0.140000	0.000954
0.150000	0.150000	0.001012
0.150000	0.160000	0.001070
0.150000	0.170000	0.001127
0.150000	0.180000	0.001182
0.150000	0.190000	0.001236
0.150000	0.200000	0.001290
0.150000	0.210000	0.001342
0.150000	0.220000	0.001392
0.150000	0.230000	0.001442
0.150000	0.240000	0.001490
0.150000	0.250000	0.001536
0.150000	0.260000	0.001582
0.150000	0.270000	0.001625
0.150000	0.280000	0.001667
0.150000	0.290000	0.001708
0.150000	0.300000	0.001747
0.150000	0.310000	0.001784
0.150000	0.320000	0.001819
0.150000	0.330000	0.001853
0.150000	0.340000	0.001885
0.150000	0.350000	0.001915
0.150000	0.360000	0.001944
0.150000	0.370000	0.001970
0.150000	0.380000	0.001995
0.150000	0.390000	0.002017
0.150000	0.400000	0.002038
0.150000	0.410000	0.002057
0.150000	0.420000	0.002074
0.150000	0.430000	0.002089
0.150000	0.440000	0.002101
0.150000	0.450000	0.002112
0.150000	0.460000	0.002121
0.150000	0.470000	0.002128
0.150000	0.480000	0.002132
0.150000	0.490000	0.002135
0.160000	0.000000	0.000070
0.160000	0.010000	0.000141
0.160000	0.020000	0.000211
0.160000	0.030000	0.000281
0.160000	0.040000	0.000351
0.160000	0.050000	0.000421
0.160000	0.060000	0.000490
0.160000	0.070000	0.000558
0.160000	0.080000	0.000626
0.160000	0.090000	0.000694
0.160000	0.100000	0.000761
0.160000	0.110000	0.000827
0.160000	0.120000	0.000892
0.160000	0.130000	0.000957
0.160000	0.140000	0.001020
0.160000	0.150000	0.001083
0.160000	0.160000	0.001145
0.160000	0.170000	0.001205
0.160000	0.180000	0.001264
0.160000	0.190000	0.001323
0.160000	0.200000	0.001380
0.160000	0.210000	0.001435
0.160000	0.220000	0.001489
0.160000	0.230000	0.001542
0.160000	0.240000	0.001594
0.160000	0.250000	0.001644
0.160000	0.260000	0.001692
0.160000	0.270000	0.001738
0.160000	0.280000	0.001784
0.160000	0.290000	0.001827
0.160000	0.300000	0.001868
0.160000	0.310000	0.001908
0.160000	0.320000	0.001946
0.160000	0.330000	0.001982
0.160000	0.340000	0.002017
0.160000	0.350000	0.002049
0.160000	0.360000	0.002079
0.160000	0.370000	0.002108
0.160000	0.380000	0.002134
0.160000	0.390000	0.002158
0.160000	0.400000	0.002180
0.160000	0.410000	0.002200
0.160000	0.420000	0.002218
0.160000	0.430000	0.002234
0.160000	0.440000	0.002248
0.160000	0.450000	0.002260
0.160000	0.460000	0.002269
0.160000	0.470000	0.002276
0.160000	0.480000	0.002281
0.160000	0.490000	0.002284
0.170000	0.000000	0.000075
0.170000	0.010000	0.000150
0.170000	0.020000	0.000225
0.170000	0.030000	0.000300
0.170000	0.040000	0.000374
0.170000	0.050000	0.000448
0.170000	0.060000	0.000522
0.170000	0.070000	0.000595
0.170000	0.080000	0.000668
0.170000	0.090000	0.000740
0.170000	0.100000	0.000811
0.170000	0.110000	0.000882
0.170000	0.120000	0.000951
0.170000	0.130000	0.001020
0.170000	0.140000	0.001088
0.170000	0.150000	0.001155
0.170000	0.160000	0.001221
0.170000	0.170000	0.001285
0.170000	0.180000	0.001348
0.170000	0.190000	0.001410
0.170000	0.200000	0.001471
0.170000	0.210000	0.001531
0.170000	0.220000	0.001588
0.170000	0.230000	0.001645
0.170000	0.240000	0.001699
0.170000	0.250000	0.001753
0.170000	0.260000	0.001804
0.170000	0.270000	0.001854
0.170000	0.280000	0.001902
0.170000	0.290000	0.001948
0.170000	0.300000	0.001993
0.170000	0.310000	0.002035
0.170000	0.320000	0.002075
0.170000	0.330000	0.002114
0.170000	0.340000	0.002151
0.170000	0.350000	0.002185
0.170000	0.360000	0.002217
0.170000	0.370000	0.002248
0.170000	0.380000	0.002276
0.170000	0.390000	0.002302
0.170000	0.400000	0.002325
0.170000	0.410000	0.002347
0.170000	0.420000	0.002366
0.170000	0.430000	0.002383
0.170000	0.440000	0.002397
0.170000	0.450000	0.002410
0.170000	0.460000	0.002420
0.170000	0.470000	0.002427
0.170000	0.480000	0.002433
0.170000	0.490000	0.002436
0.180000	0.000000	0.000080
0.180000	0.010000	0.000160
0.180000	0.020000	0.000239
0.180000	0.030000	0.000319
0.180000	0.040000	0.000398
0.180000	0.050000	0.000477
0.180000	0.060000	0.000555
0.180000	0.070000	0.000633
0.180000	0.080000	0.000710
0.180000	0.090000	0.000787
0.180000	0.100000	0.000863
0.180000	0.110000	0.000938
0.180000	0.120000	0.001012
0.180000	0.130000	0.001085
0.180000	0.140000	0.001157
0.180000	0.150000	0.001228
0.180000	0.160000	0.001298
0.180000	0.170000	0.001367
0.180000	0.180000	0.001434
0.180000	0.190000	0.001500
0.180000	0.200000	0.001565
0.180000	0.210000	0.001628
0.180000	0.220000	0.001689
0.180000	0.230000	0.001749
0.180000	0.240000	0.001807
0.180000	0.250000	0.001864
0.180000	0.260000	0.001919
0.180000	0.270000	0.001972
0.180000	0.280000	0.002023
0.180000	0.290000	0.002072
0.180000	0.300000	0.002119
0.180000	0.310000	0.002164
0.180000	0.320000	0.002207
0.180000	0.330000	0.002248
0.180000	0.340000	0.002287
0.180000	0.350000	0.002324
0.180000	0.360000	0.002358
0.180000	0.370000	0.002390
0.180000	0.380000	0.002420
0.180000	0.390000	0.002448
0.180000	0.400000	0.002473
0.180000	0.410000	0.002496
0.180000	0.420000	0.002516
0.180000	0.430000	0.002534
0.180000	0.440000	0.002550
0.180000	0.450000	0.002563
0.180000	0.460000	0.002574
0.180000	0.470000	0.002582
0.180000	0.480000	0.002587
0.180000	0.490000	0.002591
0.190000	0.000000	0.000085
0.190000	0.010000	0.000170
0.190000	0.020000	0.000254
0.190000	0.030000	0.000338
0.190000	0.040000	0.000422
0.190000	0.050000	0.000506
0.190000	0.060000	0.000589
0.190000	0.070000	0.000672
0.190000	0.080000	0.000754
0.190000	0.090000	0.000835
0.190000	0.100000	0.000915
0.190000	0.110000	0.000995
0.190000	0.120000	0.001074
0.190000	0.130000	0.001151
0.190000	0.140000	0.001228
0.190000	0.150000	0.001303
0.190000	0.160000	0.001377
0.190000	0.170000	0.001450
0.190000	0.180000	0.001521
0.190000	0.190000	0.001591
0.190000	0.200000	0.001660
0.190000	0.210000	0.001727
0.190000	0.220000	0.001792
0.190000	0.230000	0.001856
0.190000	0.240000	0.001918
0.190000	0.250000	0.001978
0.190000	0.260000	0.002036
0.190000	0.270000	0.002092
0.190000	0.280000	0.002146
0.190000	0.290000	0.002198
0.190000	0.300000	0.002248
0.190000	0.310000	0.002296
0.190000	0.320000	0.002342
0.190000	0.330000	0.002385
0.190000	0.340000	0.002427
0.190000	0.350000	0.002466
0.190000	0.360000	0.002502
0.190000	0.370000	0.002536
0.190000	0.380000	0.002568
0.190000	0.390000	0.002597
0.190000	0.400000	0.002624
0.190000	0.410000	0.002648
0.190000	0.420000	0.002670
0.190000	0.430000	0.002689
0.190000	0.440000	0.002705
0.190000	0.450000	0.002719
0.190000	0.460000	0.002731
0.190000	0.470000	0.002739
0.190000	0.480000	0.002745
0.190000	0.490000	0.002749
0.200000	0.000000	0.000090
0.200000	0.010000	0.000179
0.200000	0.020000	0.000269
0.200000	0.030000	0.000358
0.200000	0.040000	0.000447
0.200000	0.050000	0.000536
0.200000	0.060000	0.000624
0.200000	0.070000	0.000711
0.200000	0.080000	0.000798
0.200000	0.090000	0.000884
0.200000	0.100000	0.000969
0.200000	0.110000	0.001053
0.200000	0.120000	0.001137
0.200000	0.130000	0.001219
0.200000	0.140000	0.001300
0.200000	0.150000	0.001380
0.200000	0.160000	0.001458
0.200000	0.170000	0.001535
0.200000	0.180000	0.001611
0.200000	0.190000	0.001685
0.200000	0.200000	0.001757
0.200000	0.210000	0.001828
0.200000	0.220000	0.001897
0.200000	0.230000	0.001965
0.200000	0.240000	0.002030
0.200000	0.250000	0.002094
0.200000	0.260000	0.002155
0.200000	0.270000	0.002215
0.200000	0.280000	0.002272
0.200000	0.290000	0.002327
0.200000	0.300000	0.002380
0.200000	0.310000	0.002431
0.200000	0.320000	0.002480
0.200000	0.330000	0.002526
0.200000	0.340000	0.002569
0.200000	0.350000	0.002610
0.200000	0.360000	0.002649
0.200000	0.370000	0.002685
0.200000	0.380000	0.002719
0.200000	0.390000	0.002750
0.200000	0.400000	0.002778
0.200000	0.410000	0.002804
0.200000	0.420000	0.002827
0.200000	0.430000	0.002847
0.200000	0.440000	0.002864
0.200000	0.450000	0.002879
0.200000	0.460000	0.002891
0.200000	0.470000	0.002900
0.200000	0.480000	0.002907
0.200000	0.490000	0.002910
0.210000	0.000000	0.000095
0.210000	0.010000	0.000190
0.210000	0.020000	0.000284
0.210000	0.030000	0.000379
0.210000	0.040000	0.000473
0.210000	0.050000	0.000566
0.210000	0.060000	0.000659
0.210000	0.070000	0.000751
0.210000	0.080000	0.000843
0.210000	0.090000	0.000934
0.210000	0.100000	0.001024
0.210000	0.110000	0.001113
0.210000	0.120000	0.001201
0.210000	0.130000	0.001288
0.210000	0.140000	0.001373
0.210000	0.150000	0.001458
0.210000	0.160000	0.001541
0.210000	0.170000	0.001622
0.210000	0.180000	0.001702
0.210000	0.190000	0.001780
0.210000	0.200000	0.001857
0.210000	0.210000	0.001932
0.210000	0.220000	0.002005
0.210000	0.230000	0.002076
0.210000	0.240000	0.002145
0.210000	0.250000	0.002212
0.210000	0.260000	0.002277
0.210000	0.270000	0.002340
0.210000	0.280000	0.002401
0.210000	0.290000	0.002459
0.210000	0.300000	0.002515
0.210000	0.310000	0.002569
0.210000	0.320000	0.002620
0.210000	0.330000	0.002669
0.210000	0.340000	0.002715
0.210000	0.350000	0.002759
0.210000	0.360000	0.002799
0.210000	0.370000	0.002838
0.210000	0.380000	0.002873
0.210000	0.390000	0.002906
0.210000	0.400000	0.002936
0.210000	0.410000	0.002963
0.210000	0.420000	0.002987
0.210000	0.430000	0.003009
0.210000	0.440000	0.003027
0.210000	0.450000	0.003043
0.210000	0.460000	0.003055
0.210000	0.470000	0.003065
0.210000	0.480000	0.003072
0.210000	0.490000	0.003076
0.220000	0.000000	0.000100
0.220000	0.010000	0.000200
0.220000	0.020000	0.000300
0.220000	0.030000	0.000399
0.220000	0.040000	0.000498
0.220000	0.050000	0.000597
0.220000	0.060000	0.000695
0.220000	0.070000	0.000793
0.220000	0.080000	0.000889
0.220000	0.090000	0.000985
0.220000	0.100000	0.001080
0.220000	0.110000	0.001174
0.220000	0.120000	0.001267
0.220000	0.130000	0.001358
0.220000	0.140000	0.001449
0.220000	0.150000	0.001538
0.220000	0.160000	0.001625
0.220000	0.170000	0.001711
0.220000	0.180000	0.001795
0.220000	0.190000	0.001878
0.220000	0.200000	0.001959
0.220000	0.210000	0.002038
0.220000	0.220000	0.002115
0.220000	0.230000	0.002190
0.220000	0.240000	0.002263
0.220000	0.250000	0.002334
0.220000	0.260000	0.002402
0.220000	0.270000	0.002469
0.220000	0.280000	0.002533
0.220000	0.290000	0.002594
0.220000	0.300000	0.002654
0.220000	0.310000	0.002710
0.220000	0.320000	0.002764
0.220000	0.330000	0.002815
0.220000	0.340000	0.002864
0.220000	0.350000	0.002910
0.220000	0.360000	0.002953
0.220000	0.370000	0.002993
0.220000	0.380000	0.003031
0.220000	0.390000	0.003065
0.220000	0.400000	0.003097
0.220000	0.410000	0.003126
0.220000	0.420000	0.003151
0.220000	0.430000	0.003174
0.220000	0.440000	0.003193
0.220000	0.450000	0.003210
0.220000	0.460000	0.003223
0.220000	0.470000	0.003234
0.220000	0.480000	0.003241
0.220000	0.490000	0.003245
0.230000	0.000000	0.000105
0.230000	0.010000	0.000211
0.230000	0.020000	0.000316
0.230000	0.030000	0.000421
0.230000	0.040000	0.000525
0.230000	0.050000	0.000629
0.230000	0.060000	0.000732
0.230000	0.070000	0.000835
0.230000	0.080000	0.000937
0.230000	0.090000	0.001038
0.230000	0.100000	0.001138
0.230000	0.110000	0.001236
0.230000	0.120000	0.001334
0.230000	0.130000	0.001431
0.230000	0.140000	0.001526
0.230000	0.150000	0.001620
0.230000	0.160000	0.001712
0.230000	0.170000	0.001802
0.230000	0.180000	0.001891
0.230000	0.190000	0.001978
0.230000	0.200000	0.002063
0.230000	0.210000	0.002146
0.230000	0.220000	0.002228
0.230000	0.230000	0.002307
0.230000	0.240000	0.002384
0.230000	0.250000	0.002458
0.230000	0.260000	0.002530
0.230000	0.270000	0.002600
0.230000	0.280000	0.002668
0.230000	0.290000	0.002733
0.230000	0.300000	0.002795
0.230000	0.310000	0.002854
0.230000	0.320000	0.002911
0.230000	0.330000	0.002965
0.230000	0.340000	0.003017
0.230000	0.350000	0.003065
0.230000	0.360000	0.003111
0.230000	0.370000	0.003153
0.230000	0.380000	0.003193
0.230000	0.390000	0.003229
0.230000	0.400000	0.003262
0.230000	0.410000	0.003292
0.230000	0.420000	0.003319
0.230000	0.430000	0.003343
0.230000	0.440000	0.003364
0.230000	0.450000	0.003381
0.230000	0.460000	0.003395
0.230000	0.470000	0.003406
0.230000	0.480000	0.003414
0.230000	0.490000	0.003418
0.240000	0.000000	0.000111
0.240000	0.010000	0.000222
0.240000	0.020000	0.000332
0.240000	0.030000	0.000442
0.240000	0.040000	0.000552
0.240000	0.050000	0.000661
0.240000	0.060000	0.000770
0.240000	0.070000	0.000878
0.240000	0.080000	0.000985
0.240000	0.090000	0.001091
0.240000	0.100000	0.001196
0.240000	0.110000	0.001300
0.240000	0.120000	0.001403
0.240000	0.130000	0.001505
0.240000	0.140000	0.001605
0.240000	0.150000	0.001703
0.240000	0.160000	0.001800
0.240000	0.170000	0.001896
0.240000	0.180000	0.001989
0.240000	0.190000	0.002080
0.240000	0.200000	0.002170
0.240000	0.210000	0.002258
0.240000	0.220000	0.002343
0.240000	0.230000	0.002426
0.240000	0.240000	0.002507
0.240000	0.250000	0.002586
0.240000	0.260000	0.002662
0.240000	0.270000	0.002735
0.240000	0.280000	0.002806
0.240000	0.290000	0.002874
0.240000	0.300000	0.002940
0.240000	0.310000	0.003002
0.240000	0.320000	0.003062
0.240000	0.330000	0.003119
0.240000	0.340000	0.003173
0.240000	0.350000	0.003224
0.240000	0.360000	0.003272
0.240000	0.370000	0.003317
0.240000	0.380000	0.003358
0.240000	0.390000	0.003396
0.240000	0.400000	0.003431
0.240000	0.410000	0.003463
0.240000	0.420000	0.003492
0.240000	0.430000	0.003517
0.240000	0.440000	0.003538
0.240000	0.450000	0.003557
0.240000	0.460000	0.003572
0.240000	0.470000	0.003583
0.240000	0.480000	0.003591
0.240000	0.490000	0.003595
0.250000	0.000000	0.000116
0.250000	0.010000	0.000233
0.250000	0.020000	0.000349
0.250000	0.030000	0.000465
0.250000	0.040000	0.000580
0.250000	0.050000	0.000695
0.250000	0.060000	0.000809
0.250000	0.070000	0.000922
0.250000	0.080000	0.001035
0.250000	0.090000	0.001146
0.250000	0.100000	0.001257
0.250000	0.110000	0.001366
0.250000	0.120000	0.001474
0.250000	0.130000	0.001581
0.250000	0.140000	0.001686
0.250000	0.150000	0.001789
0.250000	0.160000	0.001891
0.250000	0.170000	0.001991
0.250000	0.180000	0.002089
0.250000	0.190000	0.002185
0.250000	0.200000	0.002280
0.250000	0.210000	0.002372
0.250000	0.220000	0.002461
0.250000	0.230000	0.002549
0.250000	0.240000	0.002634
0.250000	0.250000	0.002716
0.250000	0.260000	0.002796
0.250000	0.270000	0.002873
0.250000	0.280000	0.002948
0.250000	0.290000	0.003019
0.250000	0.300000	0.003088
0.250000	0.310000	0.003154
0.250000	0.320000	0.003217
0.250000	0.330000	0.003277
0.250000	0.340000	0.003333
0.250000	0.350000	0.003387
0.250000	0.360000	0.003437
0.250000	0.370000	0.003484
0.250000	0.380000	0.003528
0.250000	0.390000	0.003568
0.250000	0.400000	0.003605
0.250000	0.410000	0.003638
0.250000	0.420000	0.003668
0.250000	0.430000	0.003695
0.250000	0.440000	0.003717
0.250000	0.450000	0.003737
0.250000	0.460000	0.003752
0.250000	0.470000	0.003764
0.250000	0.480000	0.003773
0.250000	0.490000	0.003777
0.260000	0.000000	0.000122
0.260000	0.010000	0.000244
0.260000	0.020000	0.000366
0.260000	0.030000	0.000488
0.260000	0.040000	0.000609
0.260000	0.050000	0.000729
0.260000	0.060000	0.000849
0.260000	0.070000	0.000968
0.260000	0.080000	0.001086
0.260000	0.090000	0.001203
0.260000	0.100000	0.001319
0.260000	0.110000	0.001433
0.260000	0.120000	0.001547
0.260000	0.130000	0.001658
0.260000	0.140000	0.001769
0.260000	0.150000	0.001877
0.260000	0.160000	0.001984
0.260000	0.170000	0.002089
0.260000	0.180000	0.002192
0.260000	0.190000	0.002293
0.260000	0.200000	0.002392
0.260000	0.210000	0.002488
0.260000	0.220000	0.002583
0.260000	0.230000	0.002674
0.260000	0.240000	0.002763
0.260000	0.250000	0.002850
0.260000	0.260000	0.002934
0.260000	0.270000	0.003015
0.260000	0.280000	0.003093
0.260000	0.290000	0.003168
0.260000	0.300000	0.003240
0.260000	0.310000	0.003310
0.260000	0.320000	0.003376
0.260000	0.330000	0.003438
0.260000	0.340000	0.003498
0.260000	0.350000	0.003554
0.260000	0.360000	0.003607
0.260000	0.370000	0.003656
0.260000	0.380000	0.003702
0.260000	0.390000	0.003744
0.260000	0.400000	0.003783
0.260000	0.410000	0.003818
0.260000	0.420000	0.003849
0.260000	0.430000	0.003877
0.260000	0.440000	0.003901
0.260000	0.450000	0.003921
0.260000	0.460000	0.003937
0.260000	0.470000	0.003950
0.260000	0.480000	0.003959
0.260000	0.490000	0.003964
0.270000	0.000000	0.000128
0.270000	0.010000	0.000256
0.270000	0.020000	0.000384
0.270000	0.030000	0.000511
0.270000	0.040000	0.000638
0.270000	0.050000	0.000764
0.270000	0.060000	0.000890
0.270000	0.070000	0.001014
0.270000	0.080000	0.001138
0.270000	0.090000	0.001261
0.270000	0.100000	0.001382
0.270000	0.110000	0.001502
0.270000	0.120000	0.001621
0.270000	0.130000	0.001738
0.270000	0.140000	0.001854
0.270000	0.150000	0.001968
0.270000	0.160000	0.002080
0.270000	0.170000	0.002190
0.270000	0.180000	0.002298
0.270000	0.190000	0.002404
0.270000	0.200000	0.002507
0.270000	0.210000	0.002608
0.270000	0.220000	0.002707
0.270000	0.230000	0.002803
0.270000	0.240000	0.002897
0.270000	0.250000	0.002987
0.270000	0.260000	0.003075
0.270000	0.270000	0.003160
0.270000	0.280000	0.003242
0.270000	0.290000	0.003321
0.270000	0.300000	0.003397
0.270000	0.310000	0.003469
0.270000	0.320000	0.003538
0.270000	0.330000	0.003604
0.270000	0.340000	0.003667
0.270000	0.350000	0.003725
0.270000	0.360000	0.003781
0.270000	0.370000	0.003832
0.270000	0.380000	0.003880
0.270000	0.390000	0.003925
0.270000	0.400000	0.003965
0.270000	0.410000	0.004002
0.270000	0.420000	0.004035
0.270000	0.430000	0.004064
0.270000	0.440000	0.004089
0.270000	0.450000	0.004110
0.270000	0.460000	0.004128
0.270000	0.470000	0.004141
0.270000	0.480000	0.004150
0.270000	0.490000	0.004155
0.280000	0.000000	0.000134
0.280000	0.010000	0.000268
0.280000	0.020000	0.000402
0.280000	0.030000	0.000535
0.280000	0.040000	0.000668
0.280000	0.050000	0.000800
0.280000	0.060000	0.000932
0.280000	0.070000	0.001062
0.280000	0.080000	0.001192
0.280000	0.090000	0.001320
0.280000	0.100000	0.001447
0.280000	0.110000	0.001573
0.280000	0.120000	0.001698
0.280000	0.130000	0.001820
0.280000	0.140000	0.001941
0.280000	0.150000	0.002061
0.280000	0.160000	0.002178
0.280000	0.170000	0.002293
0.280000	0.180000	0.002406
0.280000	0.190000	0.002517
0.280000	0.200000	0.002625
0.280000	0.210000	0.002731
0.280000	0.220000	0.002835
0.280000	0.230000	0.002935
0.280000	0.240000	0.003033
0.280000	0.250000	0.003128
0.280000	0.260000	0.003220
0.280000	0.270000	0.003309
0.280000	0.280000	0.003395
0.280000	0.290000	0.003478
0.280000	0.300000	0.003557
0.280000	0.310000	0.003633
0.280000	0.320000	0.003705
0.280000	0.330000	0.003774
0.280000	0.340000	0.003840
0.280000	0.350000	0.003901
0.280000	0.360000	0.003959
0.280000	0.370000	0.004014
0.280000	0.380000	0.004064
0.280000	0.390000	0.004110
0.280000	0.400000	0.004153
0.280000	0.410000	0.004191
0.280000	0.420000	0.004226
0.280000	0.430000	0.004256
0.280000	0.440000	0.004283
0.280000	0.450000	0.004305
0.280000	0.460000	0.004323
0.280000	0.470000	0.004337
0.280000	0.480000	0.004346
0.280000	0.490000	0.004352
0.290000	0.000000	0.000140
0.290000	0.010000	0.000280
0.290000	0.020000	0.000420
0.290000	0.030000	0.000560
0.290000	0.040000	0.000699
0.290000	0.050000	0.000837
0.290000	0.060000	0.000975
0.290000	0.070000	0.001111
0.290000	0.080000	0.001247
0.290000	0.090000	0.001381
0.290000	0.100000	0.001514
0.290000	0.110000	0.001646
0.290000	0.120000	0.001776
0.290000	0.130000	0.001904
0.290000	0.140000	0.002031
0.290000	0.150000	0.002156
0.290000	0.160000	0.002279
0.290000	0.170000	0.002399
0.290000	0.180000	0.002517
0.290000	0.190000	0.002633
0.290000	0.200000	0.002747
0.290000	0.210000	0.002858
0.290000	0.220000	0.002966
0.290000	0.230000	0.003071
0.290000	0.240000	0.003174
0.290000	0.250000	0.003273
0.290000	0.260000	0.003369
0.290000	0.270000	0.003462
0.290000	0.280000	0.003552
0.290000	0.290000	0.003639
0.290000	0.300000	0.003722
0.290000	0.310000	0.003801
0.290000	0.320000	0.003877
0.290000	0.330000	0.003949
0.290000	0.340000	0.004018
0.290000	0.350000	0.004082
0.290000	0.360000	0.004143
0.290000	0.370000	0.004200
0.290000	0.380000	0.004252
0.290000	0.390000	0.004301
0.290000	0.400000	0.004345
0.290000	0.410000	0.004386
0.290000	0.420000	0.004422
0.290000	0.430000	0.004454
0.290000	0.440000	0.004481
0.290000	0.450000	0.004505
0.290000	0.460000	0.004523
0.290000	0.470000	0.004538
0.290000	0.480000	0.004548
0.290000	0.490000	0.004554
0.300000	0.000000	0.000147
0.300000	0.010000	0.000293
0.300000	0.020000	0.000439
0.300000	0.030000	0.000585
0.300000	0.040000	0.000730
0.300000	0.050000	0.000875
0.300000	0.060000	0.001019
0.300000	0.070000	0.001162
0.300000	0.080000	0.001303
0.300000	0.090000	0.001444
0.300000	0.100000	0.001583
0.300000	0.110000	0.001721
0.300000	0.120000	0.001857
0.300000	0.130000	0.001991
0.300000	0.140000	0.002123
0.300000	0.150000	0.002254
0.300000	0.160000	0.002382
0.300000	0.170000	0.002508
0.300000	0.180000	0.002632
0.300000	0.190000	0.002753
0.300000	0.200000	0.002872
0.300000	0.210000	0.002987
0.300000	0.220000	0.003101
0.300000	0.230000	0.003211
0.300000	0.240000	0.003318
0.300000	0.250000	0.003422
0.300000	0.260000	0.003522
0.300000	0.270000	0.003620
0.300000	0.280000	0.003714
0.300000	0.290000	0.003804
0.300000	0.300000	0.003891
0.300000	0.310000	0.003974
0.300000	0.320000	0.004053
0.300000	0.330000	0.004129
0.300000	0.340000	0.004200
0.300000	0.350000	0.004268
0.300000	0.360000	0.004331
0.300000	0.370000	0.004391
0.300000	0.380000	0.004446
0.300000	0.390000	0.004497
0.300000	0.400000	0.004543
0.300000	0.410000	0.004585
0.300000	0.420000	0.004623
0.300000	0.430000	0.004657
0.300000	0.440000	0.004685
0.300000	0.450000	0.004710
0.300000	0.460000	0.004730
0.300000	0.470000	0.004745
0.300000	0.480000	0.004756
0.300000	0.490000	0.004762
0.310000	0.000000	0.000153
0.310000	0.010000	0.000306
0.310000	0.020000	0.000459
0.310000	0.030000	0.000611
0.310000	0.040000	0.000763
0.310000	0.050000	0.000914
0.310000	0.060000	0.001064
0.310000	0.070000	0.001213
0.310000	0.080000	0.001362
0.310000	0.090000	0.001508
0.310000	0.100000	0.001654
0.310000	0.110000	0.001797
0.310000	0.120000	0.001940
0.310000	0.130000	0.002080
0.310000	0.140000	0.002218
0.310000	0.150000	0.002354
0.310000	0.160000	0.002488
0.310000	0.170000	0.002620
0.310000	0.180000	0.002749
0.310000	0.190000	0.002876
0.310000	0.200000	0.003000
0.310000	0.210000	0.003121
0.310000	0.220000	0.003239
0.310000	0.230000	0.003354
0.310000	0.240000	0.003466
0.310000	0.250000	0.003575
0.310000	0.260000	0.003680
0.310000	0.270000	0.003782
0.310000	0.280000	0.003880
0.310000	0.290000	0.003974
0.310000	0.300000	0.004065
0.310000	0.310000	0.004152
0.310000	0.320000	0.004235
0.310000	0.330000	0.004314
0.310000	0.340000	0.004388
0.310000	0.350000	0.004459
0.310000	0.360000	0.004525
0.310000	0.370000	0.004587
0.310000	0.380000	0.004645
0.310000	0.390000	0.004698
0.310000	0.400000	0.004747
0.310000	0.410000	0.004791
0.310000	0.420000	0.004830
0.310000	0.430000	0.004865
0.310000	0.440000	0.004895
0.310000	0.450000	0.004921
0.310000	0.460000	0.004942
0.310000	0.470000	0.004957
0.310000	0.480000	0.004969
0.310000	0.490000	0.004975
0.320000	0.000000	0.000160
0.320000	0.010000	0.000320
0.320000	0.020000	0.000479
0.320000	0.030000	0.000638
0.320000	0.040000	0.000797
0.320000	0.050000	0.000954
0.320000	0.060000	0.001111
0.320000	0.070000	0.001267
0.320000	0.080000	0.001421
0.320000	0.090000	0.001575
0.320000	0.100000	0.001726
0.320000	0.110000	0.001876
0.320000	0.120000	0.002025
0.320000	0.130000	0.002171
0.320000	0.140000	0.002316
0.320000	0.150000	0.002458
0.320000	0.160000	0.002598
0.320000	0.170000	0.002735
0.320000	0.180000	0.002870
0.320000	0.190000	0.003002
0.320000	0.200000	0.003132
0.320000	0.210000	0.003258
0.320000	0.220000	0.003381
0.320000	0.230000	0.003502
0.320000	0.240000	0.003618
0.320000	0.250000	0.003732
0.320000	0.260000	0.003842
0.320000	0.270000	0.003948
0.320000	0.280000	0.004050
0.320000	0.290000	0.004149
0.320000	0.300000	0.004244
0.320000	0.310000	0.004334
0.320000	0.320000	0.004421
0.320000	0.330000	0.004503
0.320000	0.340000	0.004581
0.320000	0.350000	0.004655
0.320000	0.360000	0.004724
0.320000	0.370000	0.004789
0.320000	0.380000	0.004849
0.320000	0.390000	0.004905
0.320000	0.400000	0.004956
0.320000	0.410000	0.005002
0.320000	0.420000	0.005043
0.320000	0.430000	0.005080
0.320000	0.440000	0.005111
0.320000	0.450000	0.005138
0.320000	0.460000	0.005159
0.320000	0.470000	0.005176
0.320000	0.480000	0.005188
0.320000	0.490000	0.005195
0.330000	0.000000	0.000167
0.330000	0.010000	0.000334
0.330000	0.020000	0.000500
0.330000	0.030000	0.000666
0.330000	0.040000	0.000831
0.330000	0.050000	0.000996
0.330000	0.060000	0.001159
0.330000	0.070000	0.001322
0.330000	0.080000	0.001483
0.330000	0.090000	0.001643
0.330000	0.100000	0.001801
0.330000	0.110000	0.001958
0.330000	0.120000	0.002112
0.330000	0.130000	0.002265
0.330000	0.140000	0.002416
0.330000	0.150000	0.002564
0.330000	0.160000	0.002710
0.330000	0.170000	0.002854
0.330000	0.180000	0.002994
0.330000	0.190000	0.003132
0.330000	0.200000	0.003267
0.330000	0.210000	0.003399
0.330000	0.220000	0.003528
0.330000	0.230000	0.003653
0.330000	0.240000	0.003775
0.330000	0.250000	0.003893
0.330000	0.260000	0.004008
0.330000	0.270000	0.004119
0.330000	0.280000	0.004226
0.330000	0.290000	0.004329
0.330000	0.300000	0.004428
0.330000	0.310000	0.004522
0.330000	0.320000	0.004613
0.330000	0.330000	0.004699
0.330000	0.340000	0.004780
0.330000	0.350000	0.004857
0.330000	0.360000	0.004929
0.330000	0.370000	0.004997
0.330000	0.380000	0.005060
0.330000	0.390000	0.005118
0.330000	0.400000	0.005171
0.330000	0.410000	0.005219
0.330000	0.420000	0.005262
0.330000	0.430000	0.005300
0.330000	0.440000	0.005333
0.330000	0.450000	0.005361
0.330000	0.460000	0.005384
0.330000	0.470000	0.005401
0.330000	0.480000	0.005414
0.330000	0.490000	0.005421
0.340000	0.000000	0.000174
0.340000	0.010000	0.000348
0.340000	0.020000	0.000521
0.340000	0.030000	0.000694
0.340000	0.040000	0.000866
0.340000	0.050000	0.001038
0.340000	0.060000	0.001209
0.340000	0.070000	0.001378
0.340000	0.080000	0.001546
0.340000	0.090000	0.001713
0.340000	0.100000	0.001878
0.340000	0.110000	0.002041
0.340000	0.120000	0.002202
0.340000	0.130000	0.002362
0.340000	0.140000	0.002519
0.340000	0.150000	0.002674
0.340000	0.160000	0.002826
0.340000	0.170000	0.002975
0.340000	0.180000	0.003122
0.340000	0.190000	0.003266
0.340000	0.200000	0.003407
0.340000	0.210000	0.003544
0.340000	0.220000	0.003679
0.340000	0.230000	0.003809
0.340000	0.240000	0.003936
0.340000	0.250000	0.004060
0.340000	0.260000	0.004179
0.340000	0.270000	0.004295
0.340000	0.280000	0.004407
0.340000	0.290000	0.004514
0.340000	0.300000	0.004617
0.340000	0.310000	0.004716
0.340000	0.320000	0.004810
0.340000	0.330000	0.004900
0.340000	0.340000	0.004985
0.340000	0.350000	0.005065
0.340000	0.360000	0.005140
0.340000	0.370000	0.005211
0.340000	0.380000	0.005276
0.340000	0.390000	0.005337
0.340000	0.400000	0.005392
0.340000	0.410000	0.005443
0.340000	0.420000	0.005488
0.340000	0.430000	0.005527
0.340000	0.440000	0.005562
0.340000	0.450000	0.005591
0.340000	0.460000	0.005615
0.340000	0.470000	0.005633
0.340000	0.480000	0.005646
0.340000	0.490000	0.005653
0.350000	0.000000	0.000181
0.350000	0.010000	0.000362
0.350000	0.020000	0.000543
0.350000	0.030000	0.000723
0.350000	0.040000	0.000903
0.350000	0.050000	0.001082
0.350000	0.060000	0.001259
0.350000	0.070000	0.001436
0.350000	0.080000	0.001611
0.350000	0.090000	0.001785
0.350000	0.100000	0.001957
0.350000	0.110000	0.002127
0.350000	0.120000	0.002295
0.350000	0.130000	0.002461
0.350000	0.140000	0.002625
0.350000	0.150000	0.002786
0.350000	0.160000	0.002945
0.350000	0.170000	0.003101
0.350000	0.180000	0.003254
0.350000	0.190000	0.003404
0.350000	0.200000	0.003550
0.350000	0.210000	0.003694
0.350000	0.220000	0.003834
0.350000	0.230000	0.003970
0.350000	0.240000	0.004102
0.350000	0.250000	0.004231
0.350000	0.260000	0.004356
0.350000	0.270000	0.004476
0.350000	0.280000	0.004592
0.350000	0.290000	0.004704
0.350000	0.300000	0.004812
0.350000	0.310000	0.004915
0.350000	0.320000	0.005013
0.350000	0.330000	0.005107
0.350000	0.340000	0.005195
0.350000	0.350000	0.005279
0.350000	0.360000	0.005358
0.350000	0.370000	0.005431
0.350000	0.380000	0.005499
0.350000	0.390000	0.005563
0.350000	0.400000	0.005620
0.350000	0.410000	0.005673
0.350000	0.420000	0.005720
0.350000	0.430000	0.005761
0.350000	0.440000	0.005797
0.350000	0.450000	0.005827
0.350000	0.460000	0.005852
0.350000	0.470000	0.005871
0.350000	0.480000	0.005885
0.350000	0.490000	0.005892
0.360000	0.000000	0.000189
0.360000	0.010000	0.000377
0.360000	0.020000	0.000566
0.360000	0.030000	0.000753
0.360000	0.040000	0.000940
0.360000	0.050000	0.001127
0.360000	0.060000	0.001312
0.360000	0.070000	0.001496
0.360000	0.080000	0.001678
0.360000	0.090000	0.001859
0.360000	0.100000	0.002038
0.360000	0.110000	0.002215
0.360000	0.120000	0.002391
0.360000	0.130000	0.002564
0.360000	0.140000	0.002734
0.360000	0.150000	0.002902
0.360000	0.160000	0.003067
0.360000	0.170000	0.003230
0.360000	0.180000	0.003389
0.360000	0.190000	0.003545
0.360000	0.200000	0.003698
0.360000	0.210000	0.003847
0.360000	0.220000	0.003993
0.360000	0.230000	0.004135
0.360000	0.240000	0.004273
0.360000	0.250000	0.004407
0.360000	0.260000	0.004537
0.360000	0.270000	0.004663
0.360000	0.280000	0.004784
0.360000	0.290000	0.004901
0.360000	0.300000	0.005013
0.360000	0.310000	0.005120
0.360000	0.320000	0.005222
0.360000	0.330000	0.005320
0.360000	0.340000	0.005412
0.360000	0.350000	0.005499
0.360000	0.360000	0.005581
0.360000	0.370000	0.005658
0.360000	0.380000	0.005729
0.360000	0.390000	0.005795
0.360000	0.400000	0.005855
0.360000	0.410000	0.005910
0.360000	0.420000	0.005959
0.360000	0.430000	0.006002
0.360000	0.440000	0.006039
0.360000	0.450000	0.006071
0.360000	0.460000	0.006097
0.360000	0.470000	0.006117
0.360000	0.480000	0.006131
0.360000	0.490000	0.006139
0.370000	0.000000	0.000197
0.370000	0.010000	0.000393
0.370000	0.020000	0.000589
0.370000	0.030000	0.000784
0.370000	0.040000	0.000979
0.370000	0.050000	0.001173
0.370000	0.060000	0.001366
0.370000	0.070000	0.001557
0.370000	0.080000	0.001747
0.370000	0.090000	0.001935
0.370000	0.100000	0.002122
0.370000	0.110000	0.002307
0.370000	0.120000	0.002489
0.370000	0.130000	0.002669
0.370000	0.140000	0.002847
0.370000	0.150000	0.003022
0.370000	0.160000	0.003194
0.370000	0.170000	0.003363
0.370000	0.180000	0.003529
0.370000	0.190000	0.003691
0.370000	0.200000	0.003850
0.370000	0.210000	0.004006
0.370000	0.220000	0.004158
0.370000	0.230000	0.004305
0.370000	0.240000	0.004449
0.370000	0.250000	0.004589
0.370000	0.260000	0.004724
0.370000	0.270000	0.004855
0.370000	0.280000	0.004981
0.370000	0.290000	0.005102
0.370000	0.300000	0.005219
0.370000	0.310000	0.005331
0.370000	0.320000	0.005437
0.370000	0.330000	0.005539
0.370000	0.340000	0.005635
0.370000	0.350000	0.005726
0.370000	0.360000	0.005811
0.370000	0.370000	0.005891
0.370000	0.380000	0.005965
0.370000	0.390000	0.006034
0.370000	0.400000	0.006097
0.370000	0.410000	0.006154
0.370000	0.420000	0.006205
0.370000	0.430000	0.006250
0.370000	0.440000	0.006289
0.370000	0.450000	0.006322
0.370000	0.460000	0.006349
0.370000	0.470000	0.006370
0.370000	0.480000	0.006384
0.370000	0.490000	0.006393
0.380000	0.000000	0.000205
0.380000	0.010000	0.000409
0.380000	0.020000	0.000613
0.380000	0.030000	0.000816
0.380000	0.040000	0.001019
0.380000	0.050000	0.001221
0.380000	0.060000	0.001421
0.380000	0.070000	0.001620
0.380000	0.080000	0.001818
0.380000	0.090000	0.002014
0.380000	0.100000	0.002208
0.380000	0.110000	0.002400
0.380000	0.120000	0.002590
0.380000	0.130000	0.002778
0.380000	0.140000	0.002962
0.380000	0.150000	0.003144
0.380000	0.160000	0.003324
0.380000	0.170000	0.003499
0.380000	0.180000	0.003672
0.380000	0.190000	0.003841
0.380000	0.200000	0.004007
0.380000	0.210000	0.004169
0.380000	0.220000	0.004327
0.380000	0.230000	0.004481
0.380000	0.240000	0.004630
0.380000	0.250000	0.004776
0.380000	0.260000	0.004916
0.380000	0.270000	0.005053
0.380000	0.280000	0.005184
0.380000	0.290000	0.005310
0.380000	0.300000	0.005432
0.380000	0.310000	0.005548
0.380000	0.320000	0.005659
0.380000	0.330000	0.005765
0.380000	0.340000	0.005865
0.380000	0.350000	0.005960
0.380000	0.360000	0.006049
0.380000	0.370000	0.006132
0.380000	0.380000	0.006209
0.380000	0.390000	0.006280
0.380000	0.400000	0.006346
0.380000	0.410000	0.006405
0.380000	0.420000	0.006458
0.380000	0.430000	0.006505
0.380000	0.440000	0.006546
0.380000	0.450000	0.006580
0.380000	0.460000	0.006609
0.380000	0.470000	0.006630
0.380000	0.480000	0.006646
0.380000	0.490000	0.006655
0.390000	0.000000	0.000213
0.390000	0.010000	0.000425
0.390000	0.020000	0.000638
0.390000	0.030000	0.000849
0.390000	0.040000	0.001060
0.390000	0.050000	0.001270
0.390000	0.060000	0.001478
0.390000	0.070000	0.001686
0.390000	0.080000	0.001891
0.390000	0.090000	0.002095
0.390000	0.100000	0.002297
0.390000	0.110000	0.002497
0.390000	0.120000	0.002694
0.390000	0.130000	0.002889
0.390000	0.140000	0.003082
0.390000	0.150000	0.003271
0.390000	0.160000	0.003457
0.390000	0.170000	0.003640
0.390000	0.180000	0.003820
0.390000	0.190000	0.003996
0.390000	0.200000	0.004169
0.390000	0.210000	0.004337
0.390000	0.220000	0.004501
0.390000	0.230000	0.004661
0.390000	0.240000	0.004817
0.390000	0.250000	0.004968
0.390000	0.260000	0.005115
0.390000	0.270000	0.005256
0.390000	0.280000	0.005393
0.390000	0.290000	0.005525
0.390000	0.300000	0.005651
0.390000	0.310000	0.005772
0.390000	0.320000	0.005888
0.390000	0.330000	0.005998
0.390000	0.340000	0.006102
0.390000	0.350000	0.006200
0.390000	0.360000	0.006293
0.390000	0.370000	0.006380
0.390000	0.380000	0.006460
0.390000	0.390000	0.006534
0.390000	0.400000	0.006602
0.390000	0.410000	0.006664
0.390000	0.420000	0.006720
0.390000	0.430000	0.006769
0.390000	0.440000	0.006811
0.390000	0.450000	0.006847
0.390000	0.460000	0.006876
0.390000	0.470000	0.006899
0.390000	0.480000	0.006915
0.390000	0.490000	0.006924
0.400000	0.000000	0.000221
0.400000	0.010000	0.000442
0.400000	0.020000	0.000663
0.400000	0.030000	0.000883
0.400000	0.040000	0.001102
0.400000	0.050000	0.001320
0.400000	0.060000	0.001537
0.400000	0.070000	0.001753
0.400000	0.080000	0.001967
0.400000	0.090000	0.002179
0.400000	0.100000	0.002389
0.400000	0.110000	0.002597
0.400000	0.120000	0.002802
0.400000	0.130000	0.003005
0.400000	0.140000	0.003205
0.400000	0.150000	0.003402
0.400000	0.160000	0.003595
0.400000	0.170000	0.003786
0.400000	0.180000	0.003973
0.400000	0.190000	0.004156
0.400000	0.200000	0.004335
0.400000	0.210000	0.004510
0.400000	0.220000	0.004681
0.400000	0.230000	0.004847
0.400000	0.240000	0.005009
0.400000	0.250000	0.005167
0.400000	0.260000	0.005319
0.400000	0.270000	0.005466
0.400000	0.280000	0.005609
0.400000	0.290000	0.005746
0.400000	0.300000	0.005877
0.400000	0.310000	0.006003
0.400000	0.320000	0.006123
0.400000	0.330000	0.006238
0.400000	0.340000	0.006346
0.400000	0.350000	0.006449
0.400000	0.360000	0.006545
0.400000	0.370000	0.006635
0.400000	0.380000	0.006719
0.400000	0.390000	0.006796
0.400000	0.400000	0.006867
0.400000	0.410000	0.006931
0.400000	0.420000	0.006989
0.400000	0.430000	0.007040
0.400000	0.440000	0.007084
0.400000	0.450000	0.007121
0.400000	0.460000	0.007152
0.400000	0.470000	0.007176
0.400000	0.480000	0.007192
0.400000	0.490000	0.007202
0.410000	0.000000	0.000230
0.410000	0.010000	0.000460
0.410000	0.020000	0.000689
0.410000	0.030000	0.000918
0.410000	0.040000	0.001146
0.410000	0.050000	0.001372
0.410000	0.060000	0.001598
0.410000	0.070000	0.001822
0.410000	0.080000	0.002044
0.410000	0.090000	0.002265
0.410000	0.100000	0.002483
0.410000	0.110000	0.002699
0.410000	0.120000	0.002913
0.410000	0.130000	0.003123
0.410000	0.140000	0.003331
0.410000	0.150000	0.003536
0.410000	0.160000	0.003737
0.410000	0.170000	0.003935
0.410000	0.180000	0.004130
0.410000	0.190000	0.004320
0.410000	0.200000	0.004506
0.410000	0.210000	0.004688
0.410000	0.220000	0.004866
0.410000	0.230000	0.005039
0.410000	0.240000	0.005208
0.410000	0.250000	0.005371
0.410000	0.260000	0.005530
0.410000	0.270000	0.005683
0.410000	0.280000	0.005831
0.410000	0.290000	0.005973
0.410000	0.300000	0.006110
0.410000	0.310000	0.006241
0.410000	0.320000	0.006366
0.410000	0.330000	0.006485
0.410000	0.340000	0.006598
0.410000	0.350000	0.006704
0.410000	0.360000	0.006804
0.410000	0.370000	0.006898
0.410000	0.380000	0.006985
0.410000	0.390000	0.007066
0.410000	0.400000	0.007140
0.410000	0.410000	0.007206
0.410000	0.420000	0.007266
0.410000	0.430000	0.007320
0.410000	0.440000	0.007366
0.410000	0.450000	0.007405
0.410000	0.460000	0.007436
0.410000	0.470000	0.007461
0.410000	0.480000	0.007478
0.410000	0.490000	0.007489
0.420000	0.000000	0.000239
0.420000	0.010000	0.000478
0.420000	0.020000	0.000716
0.420000	0.030000	0.000954
0.420000	0.040000	0.001191
0.420000	0.050000	0.001426
0.420000	0.060000	0.001661
0.420000	0.070000	0.001893
0.420000	0.080000	0.002124
0.420000	0.090000	0.002353
0.420000	0.100000	0.002580
0.420000	0.110000	0.002805
0.420000	0.120000	0.003027
0.420000	0.130000	0.003246
0.420000	0.140000	0.003462
0.420000	0.150000	0.003674
0.420000	0.160000	0.003884
0.420000	0.170000	0.004090
0.420000	0.180000	0.004291
0.420000	0.190000	0.004489
0.420000	0.200000	0.004683
0.420000	0.210000	0.004872
0.420000	0.220000	0.005057
0.420000	0.230000	0.005237
0.420000	0.240000	0.005412
0.420000	0.250000	0.005582
0.420000	0.260000	0.005747
0.420000	0.270000	0.005906
0.420000	0.280000	0.006060
0.420000	0.290000	0.006208
0.420000	0.300000	0.006350
0.420000	0.310000	0.006486
0.420000	0.320000	0.006616
0.420000	0.330000	0.006740
0.420000	0.340000	0.006857
0.420000	0.350000	0.006968
0.420000	0.360000	0.007072
0.420000	0.370000	0.007170
0.420000	0.380000	0.007260
0.420000	0.390000	0.007344
0.420000	0.400000	0.007421
0.420000	0.410000	0.007490
0.420000	0.420000	0.007553
0.420000	0.430000	0.007608
0.420000	0.440000	0.007656
0.420000	0.450000	0.007696
0.420000	0.460000	0.007730
0.420000	0.470000	0.007755
0.420000	0.480000	0.007773
0.420000	0.490000	0.007784
0.430000	0.000000	0.000248
0.430000	0.010000	0.000496
0.430000	0.020000	0.000744
0.430000	0.030000	0.000991
0.430000	0.040000	0.001237
0.430000	0.050000	0.001482
0.430000	0.060000	0.001725
0.430000	0.070000	0.001967
0.430000	0.080000	0.002207
0.430000	0.090000	0.002445
0.430000	0.100000	0.002681
0.430000	0.110000	0.002914
0.430000	0.120000	0.003144
0.430000	0.130000	0.003372
0.430000	0.140000	0.003596
0.430000	0.150000	0.003817
0.430000	0.160000	0.004035
0.430000	0.170000	0.004248
0.430000	0.180000	0.004458
0.430000	0.190000	0.004664
0.430000	0.200000	0.004865
0.430000	0.210000	0.005062
0.430000	0.220000	0.005254
0.430000	0.230000	0.005441
0.430000	0.240000	0.005623
0.430000	0.250000	0.005799
0.430000	0.260000	0.005970
0.430000	0.270000	0.006136
0.430000	0.280000	0.006296
0.430000	0.290000	0.006449
0.430000	0.300000	0.006597
0.430000	0.310000	0.006739
0.430000	0.320000	0.006874
0.430000	0.330000	0.007002
0.430000	0.340000	0.007124
0.430000	0.350000	0.007240
0.430000	0.360000	0.007348
0.430000	0.370000	0.007449
0.430000	0.380000	0.007544
0.430000	0.390000	0.007631
0.430000	0.400000	0.007710
0.430000	0.410000	0.007783
0.430000	0.420000	0.007848
0.430000	0.430000	0.007905
0.430000	0.440000	0.007955
0.430000	0.450000	0.007997
0.430000	0.460000	0.008032
0.430000	0.470000	0.008059
0.430000	0.480000	0.008078
0.430000	0.490000	0.008089
0.440000	0.000000	0.000258
0.440000	0.010000	0.000515
0.440000	0.020000	0.000773
0.440000	0.030000	0.001029
0.440000	0.040000	0.001284
0.440000	0.050000	0.001539
0.440000	0.060000	0.001792
0.440000	0.070000	0.002043
0.440000	0.080000	0.002292
0.440000	0.090000	0.002539
0.440000	0.100000	0.002784
0.440000	0.110000	0.003026
0.440000	0.120000	0.003265
0.440000	0.130000	0.003502
0.440000	0.140000	0.003735
0.440000	0.150000	0.003964
0.440000	0.160000	0.004190
0.440000	0.170000	0.004412
0.440000	0.180000	0.004630
0.440000	0.190000	0.004844
0.440000	0.200000	0.005053
0.440000	0.210000	0.005257
0.440000	0.220000	0.005456
0.440000	0.230000	0.005651
0.440000	0.240000	0.005840
0.440000	0.250000	0.006023
0.440000	0.260000	0.006201
0.440000	0.270000	0.006373
0.440000	0.280000	0.006539
0.440000	0.290000	0.006699
0.440000	0.300000	0.006852
0.440000	0.310000	0.006999
0.440000	0.320000	0.007140
0.440000	0.330000	0.007273
0.440000	0.340000	0.007400
0.440000	0.350000	0.007520
0.440000	0.360000	0.007633
0.440000	0.370000	0.007738
0.440000	0.380000	0.007836
0.440000	0.390000	0.007926
0.440000	0.400000	0.008009
0.440000	0.410000	0.008085
0.440000	0.420000	0.008152
0.440000	0.430000	0.008212
0.440000	0.440000	0.008264
0.440000	0.450000	0.008308
0.440000	0.460000	0.008344
0.440000	0.470000	0.008372
0.440000	0.480000	0.008392
0.440000	0.490000	0.008403
0.450000	0.000000	0.000268
0.450000	0.010000	0.000535
0.450000	0.020000	0.000802
0.450000	0.030000	0.001068
0.450000	0.040000	0.001334
0.450000	0.050000	0.001598
0.450000	0.060000	0.001860
0.450000	0.070000	0.002121
0.450000	0.080000	0.002380
0.450000	0.090000	0.002636
0.450000	0.100000	0.002890
0.450000	0.110000	0.003142
0.450000	0.120000	0.003390
0.450000	0.130000	0.003636
0.450000	0.140000	0.003878
0.450000	0.150000	0.004116
0.450000	0.160000	0.004351
0.450000	0.170000	0.004581
0.450000	0.180000	0.004808
0.450000	0.190000	0.005029
0.450000	0.200000	0.005246
0.450000	0.210000	0.005459
0.450000	0.220000	0.005666
0.450000	0.230000	0.005867
0.450000	0.240000	0.006064
0.450000	0.250000	0.006254
0.450000	0.260000	0.006439
0.450000	0.270000	0.006618
0.450000	0.280000	0.006790
0.450000	0.290000	0.006956
0.450000	0.300000	0.007115
0.450000	0.310000	0.007268
0.450000	0.320000	0.007414
0.450000	0.330000	0.007553
0.450000	0.340000	0.007685
0.450000	0.350000	0.007809
0.450000	0.360000	0.007926
0.450000	0.370000	0.008036
0.450000	0.380000	0.008137
0.450000	0.390000	0.008231
0.450000	0.400000	0.008318
0.450000	0.410000	0.008396
0.450000	0.420000	0.008466
0.450000	0.430000	0.008528
0.450000	0.440000	0.008582
0.450000	0.450000	0.008628
0.450000	0.460000	0.008666
0.450000	0.470000	0.008695
0.450000	0.480000	0.008715
0.450000	0.490000	0.008728
0.460000	0.000000	0.000278
0.460000	0.010000	0.000555
0.460000	0.020000	0.000833
0.460000	0.030000	0.001109
0.460000	0.040000	0.001384
0.460000	0.050000	0.001658
0.460000	0.060000	0.001931
0.460000	0.070000	0.002201
0.460000	0.080000	0.002470
0.460000	0.090000	0.002736
0.460000	0.100000	0.003000
0.460000	0.110000	0.003261
0.460000	0.120000	0.003519
0.460000	0.130000	0.003774
0.460000	0.140000	0.004025
0.460000	0.150000	0.004273
0.460000	0.160000	0.004516
0.460000	0.170000	0.004756
0.460000	0.180000	0.004990
0.460000	0.190000	0.005221
0.460000	0.200000	0.005446
0.460000	0.210000	0.005666
0.460000	0.220000	0.005881
0.460000	0.230000	0.006091
0.460000	0.240000	0.006295
0.460000	0.250000	0.006492
0.460000	0.260000	0.006684
0.460000	0.270000	0.006870
0.460000	0.280000	0.007049
0.460000	0.290000	0.007221
0.460000	0.300000	0.007387
0.460000	0.310000	0.007545
0.460000	0.320000	0.007697
0.460000	0.330000	0.007841
0.460000	0.340000	0.007978
0.460000	0.350000	0.008107
0.460000	0.360000	0.008229
0.460000	0.370000	0.008343
0.460000	0.380000	0.008448
0.460000	0.390000	0.008546
0.460000	0.400000	0.008636
0.460000	0.410000	0.008717
0.460000	0.420000	0.008790
0.460000	0.430000	0.008855
0.460000	0.440000	0.008911
0.460000	0.450000	0.008958
0.460000	0.460000	0.008997
0.460000	0.470000	0.009028
0.460000	0.480000	0.009049
0.460000	0.490000	0.009062
0.470000	0.000000	0.000288
0.470000	0.010000	0.000576
0.470000	0.020000	0.000864
0.470000	0.030000	0.001151
0.470000	0.040000	0.001436
0.470000	0.050000	0.001721
0.470000	0.060000	0.002004
0.470000	0.070000	0.002284
0.470000	0.080000	0.002563
0.470000	0.090000	0.002840
0.470000	0.100000	0.003113
0.470000	0.110000	0.003384
0.470000	0.120000	0.003652
0.470000	0.130000	0.003916
0.470000	0.140000	0.004177
0.470000	0.150000	0.004434
0.470000	0.160000	0.004687
0.470000	0.170000	0.004935
0.470000	0.180000	0.005179
0.470000	0.190000	0.005418
0.470000	0.200000	0.005652
0.470000	0.210000	0.005881
0.470000	0.220000	0.006104
0.470000	0.230000	0.006321
0.470000	0.240000	0.006533
0.470000	0.250000	0.006738
0.470000	0.260000	0.006937
0.470000	0.270000	0.007130
0.470000	0.280000	0.007316
0.470000	0.290000	0.007495
0.470000	0.300000	0.007667
0.470000	0.310000	0.007831
0.470000	0.320000	0.007989
0.470000	0.330000	0.008138
0.470000	0.340000	0.008281
0.470000	0.350000	0.008415
0.470000	0.360000	0.008541
0.470000	0.370000	0.008659
0.470000	0.380000	0.008769
0.470000	0.390000	0.008871
0.470000	0.400000	0.008964
0.470000	0.410000	0.009048
0.470000	0.420000	0.009124
0.470000	0.430000	0.009191
0.470000	0.440000	0.009250
0.470000	0.450000	0.009299
0.470000	0.460000	0.009340
0.470000	0.470000	0.009371
0.470000	0.480000	0.009394
0.470000	0.490000	0.009407
0.480000	0.000000	0.000299
0.480000	0.010000	0.000598
0.480000	0.020000	0.000896
0.480000	0.030000	0.001194
0.480000	0.040000	0.001490
0.480000	0.050000	0.001785
0.480000	0.060000	0.002079
0.480000	0.070000	0.002370
0.480000	0.080000	0.002659
0.480000	0.090000	0.002946
0.480000	0.100000	0.003230
0.480000	0.110000	0.003511
0.480000	0.120000	0.003789
0.480000	0.130000	0.004063
0.480000	0.140000	0.004334
0.480000	0.150000	0.004601
0.480000	0.160000	0.004863
0.480000	0.170000	0.005121
0.480000	0.180000	0.005373
0.480000	0.190000	0.005621
0.480000	0.200000	0.005864
0.480000	0.210000	0.006101
0.480000	0.220000	0.006333
0.480000	0.230000	0.006559
0.480000	0.240000	0.006778
0.480000	0.250000	0.006991
0.480000	0.260000	0.007198
0.480000	0.270000	0.007398
0.480000	0.280000	0.007591
0.480000	0.290000	0.007777
0.480000	0.300000	0.007955
0.480000	0.310000	0.008126
0.480000	0.320000	0.008290
0.480000	0.330000	0.008445
0.480000	0.340000	0.008593
0.480000	0.350000	0.008732
0.480000	0.360000	0.008863
0.480000	0.370000	0.008986
0.480000	0.380000	0.009100
0.480000	0.390000	0.009206
0.480000	0.400000	0.009302
0.480000	0.410000	0.009390
0.480000	0.420000	0.009469
0.480000	0.430000	0.009539
0.480000	0.440000	0.009600
0.480000	0.450000	0.009651
0.480000	0.460000	0.009693
0.480000	0.470000	0.009726
0.480000	0.480000	0.009750
0.480000	0.490000	0.009764
0.490000	0.000000	0.000310
0.490000	0.010000	0.000620
0.490000	0.020000	0.000930
0.490000	0.030000	0.001238
0.490000	0.040000	0.001546
0.490000	0.050000	0.001852
0.490000	0.060000	0.002156
0.490000	0.070000	0.002458
0.490000	0.080000	0.002758
0.490000	0.090000	0.003056
0.490000	0.100000	0.003351
0.490000	0.110000	0.003642
0.490000	0.120000	0.003930
0.490000	0.130000	0.004215
0.490000	0.140000	0.004496
0.490000	0.150000	0.004772
0.490000	0.160000	0.005044
0.490000	0.170000	0.005312
0.490000	0.180000	0.005574
0.490000	0.190000	0.005831
0.490000	0.200000	0.006083
0.490000	0.210000	0.006329
0.490000	0.220000	0.006570
0.490000	0.230000	0.006804
0.490000	0.240000	0.007032
0.490000	0.250000	0.007253
0.490000	0.260000	0.007467
0.490000	0.270000	0.007675
0.490000	0.280000	0.007875
0.490000	0.290000	0.008068
0.490000	0.300000	0.008253
0.490000	0.310000	0.008431
0.490000	0.320000	0.008600
0.490000	0.330000	0.008762
0.490000	0.340000	0.008915
0.490000	0.350000	0.009059
0.490000	0.360000	0.009196
0.490000	0.370000	0.009323
0.490000	0.380000	0.009442
0.490000	0.390000	0.009551
0.490000	0.400000	0.009652
0.490000	0.410000	0.009743
0.490000	0.420000	0.009825
0.490000	0.430000	0.009897
0.490000	0.440000	0.009961
0.490000	0.450000	0.010014
0.490000	0.460000	0.010058
0.490000	0.470000	0.010092
0.490000	0.480000	0.010117
0.490000	0.490000	0.010132
0.500000	0.000000	0.000322
0.500000	0.010000	0.000643
0.500000	0.020000	0.000964
0.500000	0.030000	0.001284
0.500000	0.040000	0.001603
0.500000	0.050000	0.001920
0.500000	0.060000	0.002236
0.500000	0.070000	0.002550
0.500000	0.080000	0.002861
0.500000	0.090000	0.003169
0.500000	0.100000	0.003475
0.500000	0.110000	0.003777
0.500000	0.120000	0.004076
0.500000	0.130000	0.004371
0.500000	0.140000	0.004662
0.500000	0.150000	0.004949
0.500000	0.160000	0.005231
0.500000	0.170000	0.005509
0.500000	0.180000	0.005781
0.500000	0.190000	0.006048
0.500000	0.200000	0.006309
0.500000	0.210000	0.006564
0.500000	0.220000	0.006814
0.500000	0.230000	0.007057
0.500000	0.240000	0.007293
0.500000	0.250000	0.007522
0.500000	0.260000	0.007745
0.500000	0.270000	0.007960
0.500000	0.280000	0.008168
0.500000	0.290000	0.008368
0.500000	0.300000	0.008560
0.500000	0.310000	0.008745
0.500000	0.320000	0.008920
0.500000	0.330000	0.009088
0.500000	0.340000	0.009247
0.500000	0.350000	0.009397
0.500000	0.360000	0.009539
0.500000	0.370000	0.009671
0.500000	0.380000	0.009794
0.500000	0.390000	0.009908
0.500000	0.400000	0.010012
0.500000	0.410000	0.010107
0.500000	0.420000	0.010192
0.500000	0.430000	0.010267
0.500000	0.440000	0.010333
0.500000	0.450000	0.010389
0.500000	0.460000	0.010434
0.500000	0.470000	0.010470
0.500000	0.480000	0.010496
0.500000	0.490000	0.010511
0.510000	0.000000	0.000334
0.510000	0.010000	0.000667
0.510000	0.020000	0.001000
0.510000	0.030000	0.001332
0.510000	0.040000	0.001662
0.510000	0.050000	0.001991
0.510000	0.060000	0.002318
0.510000	0.070000	0.002644
0.510000	0.080000	0.002966
0.510000	0.090000	0.003286
0.510000	0.100000	0.003603
0.510000	0.110000	0.003917
0.510000	0.120000	0.004227
0.510000	0.130000	0.004533
0.510000	0.140000	0.004834
0.510000	0.150000	0.005132
0.510000	0.160000	0.005424
0.510000	0.170000	0.005712
0.510000	0.180000	0.005994
0.510000	0.190000	0.006271
0.510000	0.200000	0.006542
0.510000	0.210000	0.006807
0.510000	0.220000	0.007066
0.510000	0.230000	0.007317
0.510000	0.240000	0.007563
0.510000	0.250000	0.007801
0.510000	0.260000	0.008031
0.510000	0.270000	0.008255
0.510000	0.280000	0.008470
0.510000	0.290000	0.008678
0.510000	0.300000	0.008877
0.510000	0.310000	0.009068
0.510000	0.320000	0.009251
0.510000	0.330000	0.009425
0.510000	0.340000	0.009590
0.510000	0.350000	0.009746
0.510000	0.360000	0.009892
0.510000	0.370000	0.010030
0.510000	0.380000	0.010158
0.510000	0.390000	0.010276
0.510000	0.400000	0.010384
0.510000	0.410000	0.010482
0.510000	0.420000	0.010571
0.510000	0.430000	0.010649
0.510000	0.440000	0.010717
0.510000	0.450000	0.010775
0.510000	0.460000	0.010823
0.510000	0.470000	0.010860
0.510000	0.480000	0.010887
0.510000	0.490000	0.010903
0.520000	0.000000	0.000346
0.520000	0.010000	0.000691
0.520000	0.020000	0.001036
0.520000	0.030000	0.001380
0.520000	0.040000	0.001723
0.520000	0.050000	0.002064
0.520000	0.060000	0.002403
0.520000	0.070000	0.002740
0.520000	0.080000	0.003075
0.520000	0.090000	0.003407
0.520000	0.100000	0.003735
0.520000	0.110000	0.004060
0.520000	0.120000	0.004382
0.520000	0.130000	0.004699
0.520000	0.140000	0.005012
0.520000	0.150000	0.005320
0.520000	0.160000	0.005624
0.520000	0.170000	0.005922
0.520000	0.180000	0.006215
0.520000	0.190000	0.006502
0.520000	0.200000	0.006782
0.520000	0.210000	0.007057
0.520000	0.220000	0.007325
0.520000	0.230000	0.007587
0.520000	0.240000	0.007841
0.520000	0.250000	0.008088
0.520000	0.260000	0.008327
0.520000	0.270000	0.008559
0.520000	0.280000	0.008782
0.520000	0.290000	0.008997
0.520000	0.300000	0.009204
0.520000	0.310000	0.009403
0.520000	0.320000	0.009592
0.520000	0.330000	0.009772
0.520000	0.340000	0.009944
0.520000	0.350000	0.010105
0.520000	0.360000	0.010258
0.520000	0.370000	0.010400
0.520000	0.380000	0.010533
0.520000	0.390000	0.010655
0.520000	0.400000	0.010768
0.520000	0.410000	0.010870
0.520000	0.420000	0.010962
0.520000	0.430000	0.011043
0.520000	0.440000	0.011114
0.520000	0.450000	0.011174
0.520000	0.460000	0.011224
0.520000	0.470000	0.011262
0.520000	0.480000	0.011290
0.520000	0.490000	0.011307
0.530000	0.000000	0.000358
0.530000	0.010000	0.000717
0.530000	0.020000	0.001074
0.530000	0.030000	0.001431
0.530000	0.040000	0.001786
0.530000	0.050000	0.002139
0.530000	0.060000	0.002491
0.530000	0.070000	0.002840
0.530000	0.080000	0.003187
0.530000	0.090000	0.003531
0.530000	0.100000	0.003871
0.530000	0.110000	0.004208
0.530000	0.120000	0.004542
0.530000	0.130000	0.004870
0.530000	0.140000	0.005195
0.530000	0.150000	0.005514
0.530000	0.160000	0.005829
0.530000	0.170000	0.006138
0.530000	0.180000	0.006442
0.530000	0.190000	0.006739
0.530000	0.200000	0.007030
0.530000	0.210000	0.007315
0.530000	0.220000	0.007593
0.530000	0.230000	0.007864
0.530000	0.240000	0.008128
0.530000	0.250000	0.008384
0.530000	0.260000	0.008632
0.530000	0.270000	0.008872
0.530000	0.280000	0.009104
0.530000	0.290000	0.009327
0.530000	0.300000	0.009542
0.530000	0.310000	0.009747
0.530000	0.320000	0.009944
0.530000	0.330000	0.010131
0.530000	0.340000	0.010309
0.530000	0.350000	0.010477
0.530000	0.360000	0.010634
0.530000	0.370000	0.010782
0.530000	0.380000	0.010920
0.530000	0.390000	0.011047
0.530000	0.400000	0.011164
0.530000	0.410000	0.011270
0.530000	0.420000	0.011366
0.530000	0.430000	0.011450
0.530000	0.440000	0.011524
0.530000	0.450000	0.011586
0.530000	0.460000	0.011638
0.530000	0.470000	0.011678
0.530000	0.480000	0.011707
0.530000	0.490000	0.011725
0.540000	0.000000	0.000372
0.540000	0.010000	0.000743
0.540000	0.020000	0.001113
0.540000	0.030000	0.001483
0.540000	0.040000	0.001851
0.540000	0.050000	0.002217
0.540000	0.060000	0.002582
0.540000	0.070000	0.002944
0.540000	0.080000	0.003303
0.540000	0.090000	0.003659
0.540000	0.100000	0.004012
0.540000	0.110000	0.004361
0.540000	0.120000	0.004707
0.540000	0.130000	0.005047
0.540000	0.140000	0.005384
0.540000	0.150000	0.005715
0.540000	0.160000	0.006041
0.540000	0.170000	0.006361
0.540000	0.180000	0.006676
0.540000	0.190000	0.006984
0.540000	0.200000	0.007286
0.540000	0.210000	0.007581
0.540000	0.220000	0.007870
0.540000	0.230000	0.008150
0.540000	0.240000	0.008424
0.540000	0.250000	0.008689
0.540000	0.260000	0.008947
0.540000	0.270000	0.009196
0.540000	0.280000	0.009436
0.540000	0.290000	0.009668
0.540000	0.300000	0.009890
0.540000	0.310000	0.010103
0.540000	0.320000	0.010307
0.540000	0.330000	0.010501
0.540000	0.340000	0.010685
0.540000	0.350000	0.010860
0.540000	0.360000	0.011023
0.540000	0.370000	0.011177
0.540000	0.380000	0.011320
0.540000	0.390000	0.011452
0.540000	0.400000	0.011573
0.540000	0.410000	0.011683
0.540000	0.420000	0.011782
0.540000	0.430000	0.011870
0.540000	0.440000	0.011947
0.540000	0.450000	0.012012
0.540000	0.460000	0.012065
0.540000	0.470000	0.012107
0.540000	0.480000	0.012137
0.540000	0.490000	0.012156
0.550000	0.000000	0.000385
0.550000	0.010000	0.000770
0.550000	0.020000	0.001153
0.550000	0.030000	0.001536
0.550000	0.040000	0.001918
0.550000	0.050000	0.002297
0.550000	0.060000	0.002675
0.550000	0.070000	0.003050
0.550000	0.080000	0.003422
0.550000	0.090000	0.003791
0.550000	0.100000	0.004157
0.550000	0.110000	0.004519
0.550000	0.120000	0.004877
0.550000	0.130000	0.005230
0.550000	0.140000	0.005578
0.550000	0.150000	0.005922
0.550000	0.160000	0.006260
0.550000	0.170000	0.006592
0.550000	0.180000	0.006918
0.550000	0.190000	0.007237
0.550000	0.200000	0.007550
0.550000	0.210000	0.007856
0.550000	0.220000	0.008155
0.550000	0.230000	0.008446
0.550000	0.240000	0.008729
0.550000	0.250000	0.009004
0.550000	0.260000	0.009271
0.550000	0.270000	0.009529
0.550000	0.280000	0.009779
0.550000	0.290000	0.010019
0.550000	0.300000	0.010249
0.550000	0.310000	0.010471
0.550000	0.320000	0.010682
0.550000	0.330000	0.010883
0.550000	0.340000	0.011074
0.550000	0.350000	0.011255
0.550000	0.360000	0.011425
0.550000	0.370000	0.011584
0.550000	0.380000	0.011732
0.550000	0.390000	0.011869
0.550000	0.400000	0.011995
0.550000	0.410000	0.012109
0.550000	0.420000	0.012212
0.550000	0.430000	0.012304
0.550000	0.440000	0.012383
0.550000	0.450000	0.012451
0.550000	0.460000	0.012506
0.550000	0.470000	0.012550
0.550000	0.480000	0.012581
0.550000	0.490000	0.012601
0.560000	0.000000	0.000399
0.560000	0.010000	0.000797
0.560000	0.020000	0.001195
0.560000	0.030000	0.001591
0.560000	0.040000	0.001987
0.560000	0.050000	0.002380
0.560000	0.060000	0.002771
0.560000	0.070000	0.003160
0.560000	0.080000	0.003545
0.560000	0.090000	0.003928
0.560000	0.100000	0.004307
0.560000	0.110000	0.004682
0.560000	0.120000	0.005052
0.560000	0.130000	0.005418
0.560000	0.140000	0.005779
0.560000	0.150000	0.006135
0.560000	0.160000	0.006485
0.560000	0.170000	0.006829
0.560000	0.180000	0.007167
0.560000	0.190000	0.007498
0.560000	0.200000	0.007823
0.560000	0.210000	0.008140
0.560000	0.220000	0.008449
0.560000	0.230000	0.008751
0.560000	0.240000	0.009044
0.560000	0.250000	0.009330
0.560000	0.260000	0.009606
0.560000	0.270000	0.009874
0.560000	0.280000	0.010132
0.560000	0.290000	0.010381
0.560000	0.300000	0.010620
0.560000	0.310000	0.010850
0.560000	0.320000	0.011069
0.560000	0.330000	0.011277
0.560000	0.340000	0.011475
0.560000	0.350000	0.011663
0.560000	0.360000	0.011839
0.560000	0.370000	0.012004
0.560000	0.380000	0.012158
0.560000	0.390000	0.012300
0.560000	0.400000	0.012431
0.560000	0.410000	0.012549
0.560000	0.420000	0.012656
0.560000	0.430000	0.012751
0.560000	0.440000	0.012833
0.560000	0.450000	0.012904
0.560000	0.460000	0.012962
0.560000	0.470000	0.013007
0.560000	0.480000	0.013040
0.560000	0.490000	0.013060
0.570000	0.000000	0.000413
0.570000	0.010000	0.000826
0.570000	0.020000	0.001238
0.570000	0.030000	0.001648
0.570000	0.040000	0.002058
0.570000	0.050000	0.002465
0.570000	0.060000	0.002870
0.570000	0.070000	0.003273
0.570000	0.080000	0.003672
0.570000	0.090000	0.004069
0.570000	0.100000	0.004461
0.570000	0.110000	0.004849
0.570000	0.120000	0.005233
0.570000	0.130000	0.005613
0.570000	0.140000	0.005987
0.570000	0.150000	0.006355
0.570000	0.160000	0.006718
0.570000	0.170000	0.007074
0.570000	0.180000	0.007424
0.570000	0.190000	0.007767
0.570000	0.200000	0.008103
0.570000	0.210000	0.008432
0.570000	0.220000	0.008753
0.570000	0.230000	0.009065
0.570000	0.240000	0.009370
0.570000	0.250000	0.009665
0.570000	0.260000	0.009952
0.570000	0.270000	0.010229
0.570000	0.280000	0.010497
0.570000	0.290000	0.010755
0.570000	0.300000	0.011003
0.570000	0.310000	0.011241
0.570000	0.320000	0.011468
0.570000	0.330000	0.011684
0.570000	0.340000	0.011890
0.570000	0.350000	0.012084
0.570000	0.360000	0.012267
0.570000	0.370000	0.012438
0.570000	0.380000	0.012597
0.570000	0.390000	0.012745
0.570000	0.400000	0.012880
0.570000	0.410000	0.013004
0.570000	0.420000	0.013115
0.570000	0.430000	0.013213
0.570000	0.440000	0.013299
0.570000	0.450000	0.013372
0.570000	0.460000	0.013432
0.570000	0.470000	0.013479
0.570000	0.480000	0.013513
0.570000	0.490000	0.013534
0.580000	0.000000	0.000428
0.580000	0.010000	0.000855
0.580000	0.020000	0.001282
0.580000	0.030000	0.001707
0.580000	0.040000	0.002131
0.580000	0.050000	0.002553
0.580000	0.060000	0.002973
0.580000	0.070000	0.003390
0.580000	0.080000	0.003803
0.580000	0.090000	0.004214
0.580000	0.100000	0.004620
0.580000	0.110000	0.005023
0.580000	0.120000	0.005420
0.580000	0.130000	0.005813
0.580000	0.140000	0.006200
0.580000	0.150000	0.006582
0.580000	0.160000	0.006958
0.580000	0.170000	0.007327
0.580000	0.180000	0.007690
0.580000	0.190000	0.008045
0.580000	0.200000	0.008393
0.580000	0.210000	0.008734
0.580000	0.220000	0.009066
0.580000	0.230000	0.009390
0.580000	0.240000	0.009705
0.580000	0.250000	0.010011
0.580000	0.260000	0.010308
0.580000	0.270000	0.010596
0.580000	0.280000	0.010873
0.580000	0.290000	0.011141
0.580000	0.300000	0.011398
0.580000	0.310000	0.011644
0.580000	0.320000	0.011880
0.580000	0.330000	0.012104
0.580000	0.340000	0.012317
0.580000	0.350000	0.012518
0.580000	0.360000	0.012708
0.580000	0.370000	0.012886
0.580000	0.380000	0.013051
0.580000	0.390000	0.013204
0.580000	0.400000	0.013345
0.580000	0.410000	0.013473
0.580000	0.420000	0.013588
0.580000	0.430000	0.013690
0.580000	0.440000	0.013779
0.580000	0.450000	0.013855
0.580000	0.460000	0.013917
0.580000	0.470000	0.013966
0.580000	0.480000	0.014002
0.580000	0.490000	0.014024
0.590000	0.000000	0.000443
0.590000	0.010000	0.000886
0.590000	0.020000	0.001327
0.590000	0.030000	0.001768
0.590000	0.040000	0.002207
0.590000	0.050000	0.002644
0.590000	0.060000	0.003078
0.590000	0.070000	0.003510
0.590000	0.080000	0.003939
0.590000	0.090000	0.004364
0.590000	0.100000	0.004785
0.590000	0.110000	0.005201
0.590000	0.120000	0.005613
0.590000	0.130000	0.006020
0.590000	0.140000	0.006421
0.590000	0.150000	0.006816
0.590000	0.160000	0.007205
0.590000	0.170000	0.007588
0.590000	0.180000	0.007964
0.590000	0.190000	0.008332
0.590000	0.200000	0.008692
0.590000	0.210000	0.009045
0.590000	0.220000	0.009389
0.590000	0.230000	0.009725
0.590000	0.240000	0.010051
0.590000	0.250000	0.010369
0.590000	0.260000	0.010676
0.590000	0.270000	0.010974
0.590000	0.280000	0.011262
0.590000	0.290000	0.011539
0.590000	0.300000	0.011805
0.590000	0.310000	0.012061
0.590000	0.320000	0.012305
0.590000	0.330000	0.012537
0.590000	0.340000	0.012758
0.590000	0.350000	0.012967
0.590000	0.360000	0.013163
0.590000	0.370000	0.013348
0.590000	0.380000	0.013519
0.590000	0.390000	0.013678
0.590000	0.400000	0.013824
0.590000	0.410000	0.013956
0.590000	0.420000	0.014076
0.590000	0.430000	0.014182
0.590000	0.440000	0.014274
0.590000	0.450000	0.014353
0.590000	0.460000	0.014418
0.590000	0.470000	0.014469
0.590000	0.480000	0.014507
0.590000	0.490000	0.014530
0.600000	0.000000	0.000459
0.600000	0.010000	0.000917
0.600000	0.020000	0.001374
0.600000	0.030000	0.001830
0.600000	0.040000	0.002285
0.600000	0.050000	0.002737
0.600000	0.060000	0.003187
0.600000	0.070000	0.003634
0.600000	0.080000	0.004078
0.600000	0.090000	0.004518
0.600000	0.100000	0.004954
0.600000	0.110000	0.005385
0.600000	0.120000	0.005812
0.600000	0.130000	0.006233
0.600000	0.140000	0.006649
0.600000	0.150000	0.007058
0.600000	0.160000	0.007461
0.600000	0.170000	0.007857
0.600000	0.180000	0.008246
0.600000	0.190000	0.008627
0.600000	0.200000	0.009001
0.600000	0.210000	0.009366
0.600000	0.220000	0.009723
0.600000	0.230000	0.010070
0.600000	0.240000	0.010409
0.600000	0.250000	0.010737
0.600000	0.260000	0.011056
0.600000	0.270000	0.011365
0.600000	0.280000	0.011663
0.600000	0.290000	0.011950
0.600000	0.300000	0.012226
0.600000	0.310000	0.012490
0.600000	0.320000	0.012743
0.600000	0.330000	0.012984
0.600000	0.340000	0.013213
0.600000	0.350000	0.013430
0.600000	0.360000	0.013634
0.600000	0.370000	0.013825
0.600000	0.380000	0.014002
0.600000	0.390000	0.014167
0.600000	0.400000	0.014318
0.600000	0.410000	0.014456
0.600000	0.420000	0.014580
0.600000	0.430000	0.014690
0.600000	0.440000	0.014786
0.600000	0.450000	0.014868
0.600000	0.460000	0.014936
0.600000	0.470000	0.014989
0.600000	0.480000	0.015028
0.600000	0.490000	0.015052
0.610000	0.000000	0.000475
0.610000	0.010000	0.000949
0.610000	0.020000	0.001423
0.610000	0.030000	0.001895
0.610000	0.040000	0.002365
0.610000	0.050000	0.002834
0.610000	0.060000	0.003300
0.610000	0.070000	0.003762
0.610000	0.080000	0.004222
0.610000	0.090000	0.004677
0.610000	0.100000	0.005129
0.610000	0.110000	0.005575
0.610000	0.120000	0.006017
0.610000	0.130000	0.006453
0.610000	0.140000	0.006883
0.610000	0.150000	0.007307
0.610000	0.160000	0.007724
0.610000	0.170000	0.008135
0.610000	0.180000	0.008537
0.610000	0.190000	0.008932
0.610000	0.200000	0.009319
0.610000	0.210000	0.009697
0.610000	0.220000	0.010067
0.610000	0.230000	0.010427
0.610000	0.240000	0.010777
0.610000	0.250000	0.011118
0.610000	0.260000	0.011448
0.610000	0.270000	0.011768
0.610000	0.280000	0.012076
0.610000	0.290000	0.012374
0.610000	0.300000	0.012660
0.610000	0.310000	0.012934
0.610000	0.320000	0.013196
0.610000	0.330000	0.013446
0.610000	0.340000	0.013683
0.610000	0.350000	0.013907
0.610000	0.360000	0.014119
0.610000	0.370000	0.014317
0.610000	0.380000	0.014501
0.610000	0.390000	0.014672
0.610000	0.400000	0.014829
0.610000	0.410000	0.014972
0.610000	0.420000	0.015100
0.610000	0.430000	0.015215
0.610000	0.440000	0.015314
0.610000	0.450000	0.015400
0.610000	0.460000	0.015470
0.610000	0.470000	0.015525
0.610000	0.480000	0.015566
0.610000	0.490000	0.015591
0.620000	0.000000	0.000491
0.620000	0.010000	0.000983
0.620000	0.020000	0.001473
0.620000	0.030000	0.001961
0.620000	0.040000	0.002449
0.620000	0.050000	0.002933
0.620000	0.060000	0.003416
0.620000	0.070000	0.003895
0.620000	0.080000	0.004370
0.620000	0.090000	0.004842
0.620000	0.100000	0.005309
0.620000	0.110000	0.005771
0.620000	0.120000	0.006229
0.620000	0.130000	0.006680
0.620000	0.140000	0.007125
0.620000	0.150000	0.007564
0.620000	0.160000	0.007996
0.620000	0.170000	0.008421
0.620000	0.180000	0.008838
0.620000	0.190000	0.009247
0.620000	0.200000	0.009648
0.620000	0.210000	0.010039
0.620000	0.220000	0.010422
0.620000	0.230000	0.010795
0.620000	0.240000	0.011158
0.620000	0.250000	0.011510
0.620000	0.260000	0.011852
0.620000	0.270000	0.012183
0.620000	0.280000	0.012503
0.620000	0.290000	0.012811
0.620000	0.300000	0.013108
0.620000	0.310000	0.013392
0.620000	0.320000	0.013663
0.620000	0.330000	0.013922
0.620000	0.340000	0.014168
0.620000	0.350000	0.014401
0.620000	0.360000	0.014620
0.620000	0.370000	0.014825
0.620000	0.380000	0.015016
0.620000	0.390000	0.015193
0.620000	0.400000	0.015356
0.620000	0.410000	0.015504
0.620000	0.420000	0.015638
0.620000	0.430000	0.015756
0.620000	0.440000	0.015860
0.620000	0.450000	0.015948
0.620000	0.460000	0.016021
0.620000	0.470000	0.016079
0.620000	0.480000	0.016121
0.620000	0.490000	0.016148
0.630000	0.000000	0.000509
0.630000	0.010000	0.001017
0.630000	0.020000	0.001524
0.630000	0.030000	0.002030
0.630000	0.040000	0.002534
0.630000	0.050000	0.003036
0.630000	0.060000	0.003535
0.630000	0.070000	0.004031
0.630000	0.080000	0.004523
0.630000	0.090000	0.005011
0.630000	0.100000	0.005495
0.630000	0.110000	0.005974
0.630000	0.120000	0.006447
0.630000	0.130000	0.006914
0.630000	0.140000	0.007375
0.630000	0.150000	0.007830
0.630000	0.160000	0.008277
0.630000	0.170000	0.008717
0.630000	0.180000	0.009148
0.630000	0.190000	0.009572
0.630000	0.200000	0.009986
0.630000	0.210000	0.010392
0.630000	0.220000	0.010788
0.630000	0.230000	0.011174
0.630000	0.240000	0.011550
0.630000	0.250000	0.011915
0.630000	0.260000	0.012269
0.630000	0.270000	0.012612
0.630000	0.280000	0.012943
0.630000	0.290000	0.013263
0.630000	0.300000	0.013570
0.630000	0.310000	0.013864
0.630000	0.320000	0.014145
0.630000	0.330000	0.014414
0.630000	0.340000	0.014668
0.630000	0.350000	0.014909
0.630000	0.360000	0.015137
0.630000	0.370000	0.015349
0.630000	0.380000	0.015548
0.630000	0.390000	0.015731
0.630000	0.400000	0.015900
0.630000	0.410000	0.016054
0.630000	0.420000	0.016192
0.630000	0.430000	0.016315
0.630000	0.440000	0.016423
0.630000	0.450000	0.016515
0.630000	0.460000	0.016591
0.630000	0.470000	0.016651
0.630000	0.480000	0.016695
0.630000	0.490000	0.016723
0.640000	0.000000	0.000526
0.640000	0.010000	0.001052
0.640000	0.020000	0.001577
0.640000	0.030000	0.002101
0.640000	0.040000	0.002623
0.640000	0.050000	0.003142
0.640000	0.060000	0.003658
0.640000	0.070000	0.004172
0.640000	0.080000	0.004681
0.640000	0.090000	0.005186
0.640000	0.100000	0.005687
0.640000	0.110000	0.006182
0.640000	0.120000	0.006672
0.640000	0.130000	0.007156
0.640000	0.140000	0.007633
0.640000	0.150000	0.008103
0.640000	0.160000	0.008566
0.640000	0.170000	0.009021
0.640000	0.180000	0.009468
0.640000	0.190000	0.009907
0.640000	0.200000	0.010336
0.640000	0.210000	0.010756
0.640000	0.220000	0.011166
0.640000	0.230000	0.011566
0.640000	0.240000	0.011955
0.640000	0.250000	0.012333
0.640000	0.260000	0.012700
0.640000	0.270000	0.013055
0.640000	0.280000	0.013398
0.640000	0.290000	0.013729
0.640000	0.300000	0.014047
0.640000	0.310000	0.014351
0.640000	0.320000	0.014643
0.640000	0.330000	0.014921
0.640000	0.340000	0.015185
0.640000	0.350000	0.015435
0.640000	0.360000	0.015670
0.640000	0.370000	0.015891
0.640000	0.380000	0.016096
0.640000	0.390000	0.016287
0.640000	0.400000	0.016462
0.640000	0.410000	0.016621
0.640000	0.420000	0.016765
0.640000	0.430000	0.016893
0.640000	0.440000	0.017004
0.640000	0.450000	0.017100
0.640000	0.460000	0.017179
0.640000	0.470000	0.017241
0.640000	0.480000	0.017288
0.640000	0.490000	0.017317
0.650000	0.000000	0.000545
0.650000	0.010000	0.001089
0.650000	0.020000	0.001632
0.650000	0.030000	0.002174
0.650000	0.040000	0.002714
0.650000	0.050000	0.003251
0.650000	0.060000	0.003786
0.650000	0.070000	0.004317
0.650000	0.080000	0.004844
0.650000	0.090000	0.005367
0.650000	0.100000	0.005885
0.650000	0.110000	0.006397
0.650000	0.120000	0.006904
0.650000	0.130000	0.007405
0.650000	0.140000	0.007899
0.650000	0.150000	0.008385
0.650000	0.160000	0.008865
0.650000	0.170000	0.009336
0.650000	0.180000	0.009798
0.650000	0.190000	0.010252
0.650000	0.200000	0.010696
0.650000	0.210000	0.011131
0.650000	0.220000	0.011556
0.650000	0.230000	0.011969
0.650000	0.240000	0.012372
0.650000	0.250000	0.012764
0.650000	0.260000	0.013144
0.650000	0.270000	0.013512
0.650000	0.280000	0.013867
0.650000	0.290000	0.014209
0.650000	0.300000	0.014539
0.650000	0.310000	0.014854
0.650000	0.320000	0.015157
0.650000	0.330000	0.015444
0.650000	0.340000	0.015718
0.650000	0.350000	0.015977
0.650000	0.360000	0.016221
0.650000	0.370000	0.016449
0.650000	0.380000	0.016662
0.650000	0.390000	0.016860
0.650000	0.400000	0.017042
0.650000	0.410000	0.017207
0.650000	0.420000	0.017356
0.650000	0.430000	0.017489
0.650000	0.440000	0.017605
0.650000	0.450000	0.017704
0.650000	0.460000	0.017786
0.650000	0.470000	0.017851
0.650000	0.480000	0.017899
0.650000	0.490000	0.017930
0.660000	0.000000	0.000564
0.660000	0.010000	0.001127
0.660000	0.020000	0.001689
0.660000	0.030000	0.002249
0.660000	0.040000	0.002808
0.660000	0.050000	0.003364
0.660000	0.060000	0.003917
0.660000	0.070000	0.004466
0.660000	0.080000	0.005012
0.660000	0.090000	0.005553
0.660000	0.100000	0.006089
0.660000	0.110000	0.006619
0.660000	0.120000	0.007144
0.660000	0.130000	0.007662
0.660000	0.140000	0.008173
0.660000	0.150000	0.008677
0.660000	0.160000	0.009172
0.660000	0.170000	0.009660
0.660000	0.180000	0.010139
0.660000	0.190000	0.010608
0.660000	0.200000	0.011068
0.660000	0.210000	0.011518
0.660000	0.220000	0.011958
0.660000	0.230000	0.012386
0.660000	0.240000	0.012803
0.660000	0.250000	0.013209
0.660000	0.260000	0.013602
0.660000	0.270000	0.013983
0.660000	0.280000	0.014351
0.660000	0.290000	0.014705
0.660000	0.300000	0.015046
0.660000	0.310000	0.015374
0.660000	0.320000	0.015686
0.660000	0.330000	0.015985
0.660000	0.340000	0.016268
0.660000	0.350000	0.016536
0.660000	0.360000	0.016789
0.660000	0.370000	0.017026
0.660000	0.380000	0.017247
0.660000	0.390000	0.017452
0.660000	0.400000	0.017640
0.660000	0.410000	0.017812
0.660000	0.420000	0.017966
0.660000	0.430000	0.018104
0.660000	0.440000	0.018224
0.660000	0.450000	0.018327
0.660000	0.460000	0.018413
0.660000	0.470000	0.018481
0.660000	0.480000	0.018531
0.660000	0.490000	0.018563
0.670000	0.000000	0.000583
0.670000	0.010000	0.001166
0.670000	0.020000	0.001747
0.670000	0.030000	0.002327
0.670000	0.040000	0.002905
0.670000	0.050000	0.003480
0.670000	0.060000	0.004052
0.670000	0.070000	0.004621
0.670000	0.080000	0.005185
0.670000	0.090000	0.005745
0.670000	0.100000	0.006299
0.670000	0.110000	0.006848
0.670000	0.120000	0.007391
0.670000	0.130000	0.007927
0.670000	0.140000	0.008456
0.670000	0.150000	0.008977
0.670000	0.160000	0.009490
0.670000	0.170000	0.009995
0.670000	0.180000	0.010490
0.670000	0.190000	0.010976
0.670000	0.200000	0.011452
0.670000	0.210000	0.011918
0.670000	0.220000	0.012373
0.670000	0.230000	0.012816
0.670000	0.240000	0.013248
0.670000	0.250000	0.013668
0.670000	0.260000	0.014075
0.670000	0.270000	0.014469
0.670000	0.280000	0.014850
0.670000	0.290000	0.015217
0.670000	0.300000	0.015570
0.670000	0.310000	0.015909
0.670000	0.320000	0.016233
0.670000	0.330000	0.016542
0.670000	0.340000	0.016836
0.670000	0.350000	0.017114
0.670000	0.360000	0.017375
0.670000	0.370000	0.017621
0.670000	0.380000	0.017850
0.670000	0.390000	0.018062
0.670000	0.400000	0.018258
0.670000	0.410000	0.018436
0.670000	0.420000	0.018596
0.670000	0.430000	0.018739
0.670000	0.440000	0.018864
0.670000	0.450000	0.018971
0.670000	0.460000	0.019060
0.670000	0.470000	0.019131
0.670000	0.480000	0.019183
0.670000	0.490000	0.019217
0.680000	0.000000	0.000603
0.680000	0.010000	0.001206
0.680000	0.020000	0.001807
0.680000	0.030000	0.002407
0.680000	0.040000	0.003005
0.680000	0.050000	0.003600
0.680000	0.060000	0.004192
0.680000	0.070000	0.004780
0.680000	0.080000	0.005363
0.680000	0.090000	0.005942
0.680000	0.100000	0.006516
0.680000	0.110000	0.007084
0.680000	0.120000	0.007645
0.680000	0.130000	0.008200
0.680000	0.140000	0.008747
0.680000	0.150000	0.009286
0.680000	0.160000	0.009817
0.680000	0.170000	0.010340
0.680000	0.180000	0.010852
0.680000	0.190000	0.011355
0.680000	0.200000	0.011848
0.680000	0.210000	0.012330
0.680000	0.220000	0.012800
0.680000	0.230000	0.013260
0.680000	0.240000	0.013706
0.680000	0.250000	0.014141
0.680000	0.260000	0.014562
0.680000	0.270000	0.014971
0.680000	0.280000	0.015365
0.680000	0.290000	0.015745
0.680000	0.300000	0.016111
0.680000	0.310000	0.016462
0.680000	0.320000	0.016797
0.680000	0.330000	0.017117
0.680000	0.340000	0.017422
0.680000	0.350000	0.017709
0.680000	0.360000	0.017981
0.680000	0.370000	0.018235
0.680000	0.380000	0.018473
0.680000	0.390000	0.018693
0.680000	0.400000	0.018895
0.680000	0.410000	0.019080
0.680000	0.420000	0.019246
0.680000	0.430000	0.019395
0.680000	0.440000	0.019525
0.680000	0.450000	0.019636
0.680000	0.460000	0.019728
0.680000	0.470000	0.019802
0.680000	0.480000	0.019856
0.680000	0.490000	0.019892
0.690000	0.000000	0.000624
0.690000	0.010000	0.001247
0.690000	0.020000	0.001869
0.690000	0.030000	0.002490
0.690000	0.040000	0.003108
0.690000	0.050000	0.003723
0.690000	0.060000	0.004335
0.690000	0.070000	0.004944
0.690000	0.080000	0.005548
0.690000	0.090000	0.006146
0.690000	0.100000	0.006740
0.690000	0.110000	0.007327
0.690000	0.120000	0.007908
0.690000	0.130000	0.008482
0.690000	0.140000	0.009048
0.690000	0.150000	0.009606
0.690000	0.160000	0.010155
0.690000	0.170000	0.010695
0.690000	0.180000	0.011226
0.690000	0.190000	0.011746
0.690000	0.200000	0.012256
0.690000	0.210000	0.012755
0.690000	0.220000	0.013242
0.690000	0.230000	0.013717
0.690000	0.240000	0.014180
0.690000	0.250000	0.014629
0.690000	0.260000	0.015066
0.690000	0.270000	0.015488
0.690000	0.280000	0.015896
0.690000	0.290000	0.016290
0.690000	0.300000	0.016669
0.690000	0.310000	0.017032
0.690000	0.320000	0.017380
0.690000	0.330000	0.017711
0.690000	0.340000	0.018026
0.690000	0.350000	0.018324
0.690000	0.360000	0.018606
0.690000	0.370000	0.018869
0.690000	0.380000	0.019115
0.690000	0.390000	0.019343
0.690000	0.400000	0.019553
0.690000	0.410000	0.019745
0.690000	0.420000	0.019918
0.690000	0.430000	0.020072
0.690000	0.440000	0.020206
0.690000	0.450000	0.020322
0.690000	0.460000	0.020418
0.690000	0.470000	0.020495
0.690000	0.480000	0.020552
0.690000	0.490000	0.020589
0.700000	0.000000	0.000645
0.700000	0.010000	0.001290
0.700000	0.020000	0.001933
0.700000	0.030000	0.002575
0.700000	0.040000	0.003214
0.700000	0.050000	0.003851
0.700000	0.060000	0.004484
0.700000	0.070000	0.005113
0.700000	0.080000	0.005737
0.700000	0.090000	0.006357
0.700000	0.100000	0.006971
0.700000	0.110000	0.007578
0.700000	0.120000	0.008179
0.700000	0.130000	0.008772
0.700000	0.140000	0.009358
0.700000	0.150000	0.009935
0.700000	0.160000	0.010503
0.700000	0.170000	0.011062
0.700000	0.180000	0.011611
0.700000	0.190000	0.012150
0.700000	0.200000	0.012677
0.700000	0.210000	0.013193
0.700000	0.220000	0.013697
0.700000	0.230000	0.014189
0.700000	0.240000	0.014668
0.700000	0.250000	0.015133
0.700000	0.260000	0.015585
0.700000	0.270000	0.016022
0.700000	0.280000	0.016445
0.700000	0.290000	0.016852
0.700000	0.300000	0.017244
0.700000	0.310000	0.017620
0.700000	0.320000	0.017980
0.700000	0.330000	0.018324
0.700000	0.340000	0.018650
0.700000	0.350000	0.018959
0.700000	0.360000	0.019250
0.700000	0.370000	0.019524
0.700000	0.380000	0.019779
0.700000	0.390000	0.020015
0.700000	0.400000	0.020233
0.700000	0.410000	0.020431
0.700000	0.420000	0.020611
0.700000	0.430000	0.020770
0.700000	0.440000	0.020910
0.700000	0.450000	0.021030
0.700000	0.460000	0.021130
0.700000	0.470000	0.021210
0.700000	0.480000	0.021269
0.700000	0.490000	0.021308
0.710000	0.000000	0.000667
0.710000	0.010000	0.001334
0.710000	0.020000	0.001999
0.710000	0.030000	0.002663
0.710000	0.040000	0.003324
0.710000	0.050000	0.003982
0.710000	0.060000	0.004637
0.710000	0.070000	0.005287
0.710000	0.080000	0.005933
0.710000	0.090000	0.006574
0.710000	0.100000	0.007209
0.710000	0.110000	0.007837
0.710000	0.120000	0.008458
0.710000	0.130000	0.009072
0.710000	0.140000	0.009678
0.710000	0.150000	0.010275
0.710000	0.160000	0.010863
0.710000	0.170000	0.011441
0.710000	0.180000	0.012009
0.710000	0.190000	0.012566
0.710000	0.200000	0.013111
0.710000	0.210000	0.013645
0.710000	0.220000	0.014167
0.710000	0.230000	0.014676
0.710000	0.240000	0.015171
0.710000	0.250000	0.015653
0.710000	0.260000	0.016120
0.710000	0.270000	0.016573
0.710000	0.280000	0.017010
0.710000	0.290000	0.017432
0.710000	0.300000	0.017838
0.710000	0.310000	0.018227
0.710000	0.320000	0.018600
0.710000	0.330000	0.018956
0.710000	0.340000	0.019294
0.710000	0.350000	0.019614
0.710000	0.360000	0.019915
0.710000	0.370000	0.020199
0.710000	0.380000	0.020463
0.710000	0.390000	0.020708
0.710000	0.400000	0.020934
0.710000	0.410000	0.021140
0.710000	0.420000	0.021326
0.710000	0.430000	0.021492
0.710000	0.440000	0.021637
0.710000	0.450000	0.021762
0.710000	0.460000	0.021866
0.710000	0.470000	0.021949
0.710000	0.480000	0.022011
0.710000	0.490000	0.022051
0.720000	0.000000	0.000690
0.720000	0.010000	0.001379
0.720000	0.020000	0.002067
0.720000	0.030000	0.002753
0.720000	0.040000	0.003437
0.720000	0.050000	0.004117
0.720000	0.060000	0.004794
0.720000	0.070000	0.005467
0.720000	0.080000	0.006135
0.720000	0.090000	0.006798
0.720000	0.100000	0.007454
0.720000	0.110000	0.008104
0.720000	0.120000	0.008746
0.720000	0.130000	0.009381
0.720000	0.140000	0.010008
0.720000	0.150000	0.010625
0.720000	0.160000	0.011233
0.720000	0.170000	0.011831
0.720000	0.180000	0.012418
0.720000	0.190000	0.012995
0.720000	0.200000	0.013559
0.720000	0.210000	0.014112
0.720000	0.220000	0.014651
0.720000	0.230000	0.015178
0.720000	0.240000	0.015690
0.720000	0.250000	0.016189
0.720000	0.260000	0.016672
0.720000	0.270000	0.017141
0.720000	0.280000	0.017594
0.720000	0.290000	0.018030
0.720000	0.300000	0.018450
0.720000	0.310000	0.018854
0.720000	0.320000	0.019240
0.720000	0.330000	0.019608
0.720000	0.340000	0.019958
0.720000	0.350000	0.020289
0.720000	0.360000	0.020602
0.720000	0.370000	0.020895
0.720000	0.380000	0.021169
0.720000	0.390000	0.021423
0.720000	0.400000	0.021657
0.720000	0.410000	0.021871
0.720000	0.420000	0.022064
0.720000	0.430000	0.022236
0.720000	0.440000	0.022387
0.720000	0.450000	0.022517
0.720000	0.460000	0.022625
0.720000	0.470000	0.022711
0.720000	0.480000	0.022776
0.720000	0.490000	0.022819
0.730000	0.000000	0.000713
0.730000	0.010000	0.001426
0.730000	0.020000	0.002137
0.730000	0.030000	0.002846
0.730000	0.040000	0.003553
0.730000	0.050000	0.004257
0.730000	0.060000	0.004957
0.730000	0.070000	0.005653
0.730000	0.080000	0.006343
0.730000	0.090000	0.007028
0.730000	0.100000	0.007707
0.730000	0.110000	0.008379
0.730000	0.120000	0.009043
0.730000	0.130000	0.009700
0.730000	0.140000	0.010348
0.730000	0.150000	0.010986
0.730000	0.160000	0.011615
0.730000	0.170000	0.012234
0.730000	0.180000	0.012841
0.730000	0.190000	0.013437
0.730000	0.200000	0.014021
0.730000	0.210000	0.014592
0.730000	0.220000	0.015151
0.730000	0.230000	0.015695
0.730000	0.240000	0.016226
0.730000	0.250000	0.016741
0.730000	0.260000	0.017242
0.730000	0.270000	0.017727
0.730000	0.280000	0.018195
0.730000	0.290000	0.018647
0.730000	0.300000	0.019082
0.730000	0.310000	0.019500
0.730000	0.320000	0.019899
0.730000	0.330000	0.020281
0.730000	0.340000	0.020643
0.730000	0.350000	0.020987
0.730000	0.360000	0.021310
0.730000	0.370000	0.021614
0.730000	0.380000	0.021898
0.730000	0.390000	0.022162
0.730000	0.400000	0.022404
0.730000	0.410000	0.022626
0.730000	0.420000	0.022826
0.730000	0.430000	0.023005
0.730000	0.440000	0.023161
0.730000	0.450000	0.023296
0.730000	0.460000	0.023409
0.730000	0.470000	0.023499
0.730000	0.480000	0.023566
0.730000	0.490000	0.023611
0.740000	0.000000	0.000737
0.740000	0.010000	0.001474
0.740000	0.020000	0.002209
0.740000	0.030000	0.002943
0.740000	0.040000	0.003673
0.740000	0.050000	0.004401
0.740000	0.060000	0.005125
0.740000	0.070000	0.005844
0.740000	0.080000	0.006558
0.740000	0.090000	0.007266
0.740000	0.100000	0.007968
0.740000	0.110000	0.008662
0.740000	0.120000	0.009350
0.740000	0.130000	0.010028
0.740000	0.140000	0.010698
0.740000	0.150000	0.011359
0.740000	0.160000	0.012009
0.740000	0.170000	0.012649
0.740000	0.180000	0.013277
0.740000	0.190000	0.013893
0.740000	0.200000	0.014497
0.740000	0.210000	0.015088
0.740000	0.220000	0.015666
0.740000	0.230000	0.016229
0.740000	0.240000	0.016778
0.740000	0.250000	0.017311
0.740000	0.260000	0.017829
0.740000	0.270000	0.018331
0.740000	0.280000	0.018816
0.740000	0.290000	0.019284
0.740000	0.300000	0.019734
0.740000	0.310000	0.020166
0.740000	0.320000	0.020580
0.740000	0.330000	0.020975
0.740000	0.340000	0.021350
0.740000	0.350000	0.021706
0.740000	0.360000	0.022041
0.740000	0.370000	0.022356
0.740000	0.380000	0.022651
0.740000	0.390000	0.022924
0.740000	0.400000	0.023175
0.740000	0.410000	0.023405
0.740000	0.420000	0.023612
0.740000	0.430000	0.023798
0.740000	0.440000	0.023961
0.740000	0.450000	0.024101
0.740000	0.460000	0.024218
0.740000	0.470000	0.024311
0.740000	0.480000	0.024382
0.740000	0.490000	0.024429
0.750000	0.000000	0.000762
0.750000	0.010000	0.001524
0.750000	0.020000	0.002284
0.750000	0.030000	0.003042
0.750000	0.040000	0.003797
0.750000	0.050000	0.004549
0.750000	0.060000	0.005297
0.750000	0.070000	0.006041
0.750000	0.080000	0.006779
0.750000	0.090000	0.007511
0.750000	0.100000	0.008237
0.750000	0.110000	0.008955
0.750000	0.120000	0.009665
0.750000	0.130000	0.010367
0.750000	0.140000	0.011060
0.750000	0.150000	0.011743
0.750000	0.160000	0.012415
0.750000	0.170000	0.013076
0.750000	0.180000	0.013726
0.750000	0.190000	0.014364
0.750000	0.200000	0.014988
0.750000	0.210000	0.015600
0.750000	0.220000	0.016197
0.750000	0.230000	0.016780
0.750000	0.240000	0.017347
0.750000	0.250000	0.017899
0.750000	0.260000	0.018435
0.750000	0.270000	0.018954
0.750000	0.280000	0.019456
0.750000	0.290000	0.019941
0.750000	0.300000	0.020407
0.750000	0.310000	0.020854
0.750000	0.320000	0.021282
0.750000	0.330000	0.021691
0.750000	0.340000	0.022080
0.750000	0.350000	0.022448
0.750000	0.360000	0.022796
0.750000	0.370000	0.023122
0.750000	0.380000	0.023427
0.750000	0.390000	0.023710
0.750000	0.400000	0.023971
0.750000	0.410000	0.024209
0.750000	0.420000	0.024424
0.750000	0.430000	0.024617
0.750000	0.440000	0.024786
0.750000	0.450000	0.024931
0.750000	0.460000	0.025053
0.750000	0.470000	0.025151
0.750000	0.480000	0.025224
0.750000	0.490000	0.025274
0.760000	0.000000	0.000788
0.760000	0.010000	0.001575
0.760000	0.020000	0.002360
0.760000	0.030000	0.003144
0.760000	0.040000	0.003925
0.760000	0.050000	0.004702
0.760000	0.060000	0.005475
0.760000	0.070000	0.006244
0.760000	0.080000	0.007007
0.760000	0.090000	0.007764
0.760000	0.100000	0.008514
0.760000	0.110000	0.009256
0.760000	0.120000	0.009991
0.760000	0.130000	0.010716
0.760000	0.140000	0.011432
0.760000	0.150000	0.012138
0.760000	0.160000	0.012834
0.760000	0.170000	0.013518
0.760000	0.180000	0.014190
0.760000	0.190000	0.014849
0.760000	0.200000	0.015495
0.760000	0.210000	0.016127
0.760000	0.220000	0.016745
0.760000	0.230000	0.017348
0.760000	0.240000	0.017935
0.760000	0.250000	0.018506
0.760000	0.260000	0.019060
0.760000	0.270000	0.019597
0.760000	0.280000	0.020117
0.760000	0.290000	0.020618
0.760000	0.300000	0.021100
0.760000	0.310000	0.021563
0.760000	0.320000	0.022007
0.760000	0.330000	0.022430
0.760000	0.340000	0.022832
0.760000	0.350000	0.023214
0.760000	0.360000	0.023574
0.760000	0.370000	0.023912
0.760000	0.380000	0.024228
0.760000	0.390000	0.024521
0.760000	0.400000	0.024792
0.760000	0.410000	0.025039
0.760000	0.420000	0.025262
0.760000	0.430000	0.025462
0.760000	0.440000	0.025637
0.760000	0.450000	0.025788
0.760000	0.460000	0.025915
0.760000	0.470000	0.026017
0.760000	0.480000	0.026094
0.760000	0.490000	0.026146
0.770000	0.000000	0.000814
0.770000	0.010000	0.001627
0.770000	0.020000	0.002439
0.770000	0.030000	0.003249
0.770000	0.040000	0.004056
0.770000	0.050000	0.004860
0.770000	0.060000	0.005659
0.770000	0.070000	0.006453
0.770000	0.080000	0.007242
0.770000	0.090000	0.008024
0.770000	0.100000	0.008799
0.770000	0.110000	0.009567
0.770000	0.120000	0.010326
0.770000	0.130000	0.011076
0.770000	0.140000	0.011817
0.770000	0.150000	0.012546
0.770000	0.160000	0.013265
0.770000	0.170000	0.013972
0.770000	0.180000	0.014667
0.770000	0.190000	0.015349
0.770000	0.200000	0.016017
0.770000	0.210000	0.016671
0.770000	0.220000	0.017310
0.770000	0.230000	0.017933
0.770000	0.240000	0.018541
0.770000	0.250000	0.019131
0.770000	0.260000	0.019705
0.770000	0.270000	0.020261
0.770000	0.280000	0.020798
0.770000	0.290000	0.021317
0.770000	0.300000	0.021816
0.770000	0.310000	0.022295
0.770000	0.320000	0.022754
0.770000	0.330000	0.023192
0.770000	0.340000	0.023609
0.770000	0.350000	0.024004
0.770000	0.360000	0.024377
0.770000	0.370000	0.024727
0.770000	0.380000	0.025054
0.770000	0.390000	0.025358
0.770000	0.400000	0.025639
0.770000	0.410000	0.025895
0.770000	0.420000	0.026127
0.770000	0.430000	0.026334
0.770000	0.440000	0.026516
0.770000	0.450000	0.026673
0.770000	0.460000	0.026805
0.770000	0.470000	0.026911
0.770000	0.480000	0.026992
0.770000	0.490000	0.027046
0.780000	0.000000	0.000841
0.780000	0.010000	0.001682
0.780000	0.020000	0.002521
0.780000	0.030000	0.003358
0.780000	0.040000	0.004192
0.780000	0.050000	0.005022
0.780000	0.060000	0.005848
0.780000	0.070000	0.006669
0.780000	0.080000	0.007484
0.780000	0.090000	0.008293
0.780000	0.100000	0.009094
0.780000	0.110000	0.009887
0.780000	0.120000	0.010672
0.780000	0.130000	0.011447
0.780000	0.140000	0.012213
0.780000	0.150000	0.012967
0.780000	0.160000	0.013710
0.780000	0.170000	0.014441
0.780000	0.180000	0.015160
0.780000	0.190000	0.015864
0.780000	0.200000	0.016555
0.780000	0.210000	0.017231
0.780000	0.220000	0.017892
0.780000	0.230000	0.018537
0.780000	0.240000	0.019165
0.780000	0.250000	0.019776
0.780000	0.260000	0.020369
0.780000	0.270000	0.020944
0.780000	0.280000	0.021500
0.780000	0.290000	0.022037
0.780000	0.300000	0.022554
0.780000	0.310000	0.023050
0.780000	0.320000	0.023525
0.780000	0.330000	0.023978
0.780000	0.340000	0.024410
0.780000	0.350000	0.024819
0.780000	0.360000	0.025205
0.780000	0.370000	0.025568
0.780000	0.380000	0.025907
0.780000	0.390000	0.026222
0.780000	0.400000	0.026513
0.780000	0.410000	0.026779
0.780000	0.420000	0.027019
0.780000	0.430000	0.027234
0.780000	0.440000	0.027424
0.780000	0.450000	0.027587
0.780000	0.460000	0.027724
0.780000	0.470000	0.027835
0.780000	0.480000	0.027919
0.780000	0.490000	0.027976
0.790000	0.000000	0.000869
0.790000	0.010000	0.001738
0.790000	0.020000	0.002605
0.790000	0.030000	0.003470
0.790000	0.040000	0.004332
0.790000	0.050000	0.005190
0.790000	0.060000	0.006043
0.790000	0.070000	0.006891
0.790000	0.080000	0.007734
0.790000	0.090000	0.008569
0.790000	0.100000	0.009397
0.790000	0.110000	0.010217
0.790000	0.120000	0.011028
0.790000	0.130000	0.011830
0.790000	0.140000	0.012621
0.790000	0.150000	0.013401
0.790000	0.160000	0.014169
0.790000	0.170000	0.014925
0.790000	0.180000	0.015667
0.790000	0.190000	0.016396
0.790000	0.200000	0.017110
0.790000	0.210000	0.017809
0.790000	0.220000	0.018492
0.790000	0.230000	0.019159
0.790000	0.240000	0.019809
0.790000	0.250000	0.020441
0.790000	0.260000	0.021055
0.790000	0.270000	0.021649
0.790000	0.280000	0.022225
0.790000	0.290000	0.022780
0.790000	0.300000	0.023315
0.790000	0.310000	0.023828
0.790000	0.320000	0.024320
0.790000	0.330000	0.024789
0.790000	0.340000	0.025236
0.790000	0.350000	0.025660
0.790000	0.360000	0.026060
0.790000	0.370000	0.026436
0.790000	0.380000	0.026787
0.790000	0.390000	0.027114
0.790000	0.400000	0.027415
0.790000	0.410000	0.027690
0.790000	0.420000	0.027940
0.790000	0.430000	0.028163
0.790000	0.440000	0.028360
0.790000	0.450000	0.028530
0.790000	0.460000	0.028672
0.790000	0.470000	0.028788
0.790000	0.480000	0.028875
0.790000	0.490000	0.028935
0.800000	0.000000	0.000898
0.800000	0.010000	0.001796
0.800000	0.020000	0.002692
0.800000	0.030000	0.003585
0.800000	0.040000	0.004476
0.800000	0.050000	0.005362
0.800000	0.060000	0.006244
0.800000	0.070000	0.007121
0.800000	0.080000	0.007991
0.800000	0.090000	0.008854
0.800000	0.100000	0.009710
0.800000	0.110000	0.010557
0.800000	0.120000	0.011396
0.800000	0.130000	0.012224
0.800000	0.140000	0.013041
0.800000	0.150000	0.013847
0.800000	0.160000	0.014641
0.800000	0.170000	0.015423
0.800000	0.180000	0.016190
0.800000	0.190000	0.016944
0.800000	0.200000	0.017682
0.800000	0.210000	0.018405
0.800000	0.220000	0.019111
0.800000	0.230000	0.019801
0.800000	0.240000	0.020473
0.800000	0.250000	0.021126
0.800000	0.260000	0.021761
0.800000	0.270000	0.022377
0.800000	0.280000	0.022972
0.800000	0.290000	0.023546
0.800000	0.300000	0.024099
0.800000	0.310000	0.024631
0.800000	0.320000	0.025140
0.800000	0.330000	0.025626
0.800000	0.340000	0.026088
0.800000	0.350000	0.026527
0.800000	0.360000	0.026941
0.800000	0.370000	0.027331
0.800000	0.380000	0.027695
0.800000	0.390000	0.028033
0.800000	0.400000	0.028346
0.800000	0.410000	0.028631
0.800000	0.420000	0.028890
0.800000	0.430000	0.029122
0.800000	0.440000	0.029326
0.800000	0.450000	0.029503
0.800000	0.460000	0.029651
0.800000	0.470000	0.029772
0.800000	0.480000	0.029863
0.800000	0.490000	0.029926
0.810000	0.000000	0.000928
0.810000	0.010000	0.001855
0.810000	0.020000	0.002781
0.810000	0.030000	0.003704
0.810000	0.040000	0.004624
0.810000	0.050000	0.005540
0.810000	0.060000	0.006451
0.810000	0.070000	0.007357
0.810000	0.080000	0.008256
0.810000	0.090000	0.009148
0.810000	0.100000	0.010032
0.810000	0.110000	0.010908
0.810000	0.120000	0.011774
0.810000	0.130000	0.012630
0.810000	0.140000	0.013475
0.810000	0.150000	0.014308
0.810000	0.160000	0.015129
0.810000	0.170000	0.015936
0.810000	0.180000	0.016729
0.810000	0.190000	0.017508
0.810000	0.200000	0.018272
0.810000	0.210000	0.019019
0.810000	0.220000	0.019749
0.810000	0.230000	0.020462
0.810000	0.240000	0.021157
0.810000	0.250000	0.021833
0.810000	0.260000	0.022490
0.810000	0.270000	0.023126
0.810000	0.280000	0.023742
0.810000	0.290000	0.024336
0.810000	0.300000	0.024909
0.810000	0.310000	0.025458
0.810000	0.320000	0.025985
0.810000	0.330000	0.026488
0.810000	0.340000	0.026967
0.810000	0.350000	0.027422
0.810000	0.360000	0.027851
0.810000	0.370000	0.028254
0.810000	0.380000	0.028631
0.810000	0.390000	0.028982
0.810000	0.400000	0.029306
0.810000	0.410000	0.029602
0.810000	0.420000	0.029871
0.810000	0.430000	0.030112
0.810000	0.440000	0.030324
0.810000	0.450000	0.030507
0.810000	0.460000	0.030662
0.810000	0.470000	0.030787
0.810000	0.480000	0.030883
0.810000	0.490000	0.030949
0.820000	0.000000	0.000959
0.820000	0.010000	0.001916
0.820000	0.020000	0.002873
0.820000	0.030000	0.003826
0.820000	0.040000	0.004777
0.820000	0.050000	0.005723
0.820000	0.060000	0.006664
0.820000	0.070000	0.007600
0.820000	0.080000	0.008529
0.820000	0.090000	0.009451
0.820000	0.100000	0.010364
0.820000	0.110000	0.011269
0.820000	0.120000	0.012164
0.820000	0.130000	0.013048
0.820000	0.140000	0.013922
0.820000	0.150000	0.014782
0.820000	0.160000	0.015631
0.820000	0.170000	0.016465
0.820000	0.180000	0.017285
0.820000	0.190000	0.018090
0.820000	0.200000	0.018879
0.820000	0.210000	0.019652
0.820000	0.220000	0.020407
0.820000	0.230000	0.021144
0.820000	0.240000	0.021863
0.820000	0.250000	0.022562
0.820000	0.260000	0.023241
0.820000	0.270000	0.023899
0.820000	0.280000	0.024536
0.820000	0.290000	0.025151
0.820000	0.300000	0.025743
0.820000	0.310000	0.026312
0.820000	0.320000	0.026857
0.820000	0.330000	0.027378
0.820000	0.340000	0.027874
0.820000	0.350000	0.028344
0.820000	0.360000	0.028789
0.820000	0.370000	0.029207
0.820000	0.380000	0.029598
0.820000	0.390000	0.029961
0.820000	0.400000	0.030297
0.820000	0.410000	0.030604
0.820000	0.420000	0.030883
0.820000	0.430000	0.031133
0.820000	0.440000	0.031353
0.820000	0.450000	0.031544
0.820000	0.460000	0.031705
0.820000	0.470000	0.031835
0.820000	0.480000	0.031936
0.820000	0.490000	0.032005
0.830000	0.000000	0.000990
0.830000	0.010000	0.001980
0.830000	0.020000	0.002967
0.830000	0.030000	0.003952
0.830000	0.040000	0.004934
0.830000	0.050000	0.005912
0.830000	0.060000	0.006884
0.830000	0.070000	0.007851
0.830000	0.080000	0.008810
0.830000	0.090000	0.009763
0.830000	0.100000	0.010707
0.830000	0.110000	0.011641
0.830000	0.120000	0.012566
0.830000	0.130000	0.013480
0.830000	0.140000	0.014382
0.830000	0.150000	0.015271
0.830000	0.160000	0.016148
0.830000	0.170000	0.017010
0.830000	0.180000	0.017858
0.830000	0.190000	0.018690
0.830000	0.200000	0.019506
0.830000	0.210000	0.020304
0.830000	0.220000	0.021085
0.830000	0.230000	0.021847
0.830000	0.240000	0.022590
0.830000	0.250000	0.023313
0.830000	0.260000	0.024015
0.830000	0.270000	0.024696
0.830000	0.280000	0.025355
0.830000	0.290000	0.025991
0.830000	0.300000	0.026604
0.830000	0.310000	0.027192
0.830000	0.320000	0.027757
0.830000	0.330000	0.028296
0.830000	0.340000	0.028809
0.830000	0.350000	0.029296
0.830000	0.360000	0.029756
0.830000	0.370000	0.030189
0.830000	0.380000	0.030594
0.830000	0.390000	0.030971
0.830000	0.400000	0.031319
0.830000	0.410000	0.031638
0.830000	0.420000	0.031927
0.830000	0.430000	0.032186
0.830000	0.440000	0.032415
0.830000	0.450000	0.032614
0.830000	0.460000	0.032781
0.830000	0.470000	0.032917
0.830000	0.480000	0.033022
0.830000	0.490000	0.033095
0.840000	0.000000	0.001023
0.840000	0.010000	0.002045
0.840000	0.020000	0.003065
0.840000	0.030000	0.004082
0.840000	0.040000	0.005096
0.840000	0.050000	0.006106
0.840000	0.060000	0.007110
0.840000	0.070000	0.008109
0.840000	0.080000	0.009100
0.840000	0.090000	0.010084
0.840000	0.100000	0.011059
0.840000	0.110000	0.012025
0.840000	0.120000	0.012980
0.840000	0.130000	0.013924
0.840000	0.140000	0.014856
0.840000	0.150000	0.015775
0.840000	0.160000	0.016681
0.840000	0.170000	0.017572
0.840000	0.180000	0.018448
0.840000	0.190000	0.019308
0.840000	0.200000	0.020151
0.840000	0.210000	0.020976
0.840000	0.220000	0.021784
0.840000	0.230000	0.022571
0.840000	0.240000	0.023340
0.840000	0.250000	0.024087
0.840000	0.260000	0.024813
0.840000	0.270000	0.025517
0.840000	0.280000	0.026199
0.840000	0.290000	0.026857
0.840000	0.300000	0.027491
0.840000	0.310000	0.028100
0.840000	0.320000	0.028684
0.840000	0.330000	0.029242
0.840000	0.340000	0.029773
0.840000	0.350000	0.030278
0.840000	0.360000	0.030754
0.840000	0.370000	0.031203
0.840000	0.380000	0.031622
0.840000	0.390000	0.032013
0.840000	0.400000	0.032374
0.840000	0.410000	0.032704
0.840000	0.420000	0.033005
0.840000	0.430000	0.033274
0.840000	0.440000	0.033512
0.840000	0.450000	0.033718
0.840000	0.460000	0.033892
0.840000	0.470000	0.034034
0.840000	0.480000	0.034144
0.840000	0.490000	0.034221
0.850000	0.000000	0.001056
0.850000	0.010000	0.002112
0.850000	0.020000	0.003165
0.850000	0.030000	0.004216
0.850000	0.040000	0.005263
0.850000	0.050000	0.006306
0.850000	0.060000	0.007344
0.850000	0.070000	0.008375
0.850000	0.080000	0.009399
0.850000	0.090000	0.010415
0.850000	0.100000	0.011422
0.850000	0.110000	0.012420
0.850000	0.120000	0.013406
0.850000	0.130000	0.014382
0.850000	0.140000	0.015345
0.850000	0.150000	0.016294
0.850000	0.160000	0.017230
0.850000	0.170000	0.018151
0.850000	0.180000	0.019056
0.850000	0.190000	0.019945
0.850000	0.200000	0.020816
0.850000	0.210000	0.021669
0.850000	0.220000	0.022503
0.850000	0.230000	0.023318
0.850000	0.240000	0.024112
0.850000	0.250000	0.024885
0.850000	0.260000	0.025636
0.850000	0.270000	0.026364
0.850000	0.280000	0.027069
0.850000	0.290000	0.027749
0.850000	0.300000	0.028405
0.850000	0.310000	0.029036
0.850000	0.320000	0.029640
0.850000	0.330000	0.030217
0.850000	0.340000	0.030768
0.850000	0.350000	0.031290
0.850000	0.360000	0.031783
0.850000	0.370000	0.032248
0.850000	0.380000	0.032683
0.850000	0.390000	0.033088
0.850000	0.400000	0.033462
0.850000	0.410000	0.033805
0.850000	0.420000	0.034116
0.850000	0.430000	0.034396
0.850000	0.440000	0.034643
0.850000	0.450000	0.034857
0.850000	0.460000	0.035039
0.850000	0.470000	0.035187
0.850000	0.480000	0.035301
0.850000	0.490000	0.035382
0.860000	0.000000	0.001091
0.860000	0.010000	0.002181
0.860000	0.020000	0.003269
0.860000	0.030000	0.004354
0.860000	0.040000	0.005435
0.860000	0.050000	0.006512
0.860000	0.060000	0.007584
0.860000	0.070000	0.008649
0.860000	0.080000	0.009706
0.860000	0.090000	0.010756
0.860000	0.100000	0.011796
0.860000	0.110000	0.012826
0.860000	0.120000	0.013846
0.860000	0.130000	0.014853
0.860000	0.140000	0.015848
0.860000	0.150000	0.016829
0.860000	0.160000	0.017796
0.860000	0.170000	0.018747
0.860000	0.180000	0.019683
0.860000	0.190000	0.020601
0.860000	0.200000	0.021501
0.860000	0.210000	0.022383
0.860000	0.220000	0.023245
0.860000	0.230000	0.024087
0.860000	0.240000	0.024908
0.860000	0.250000	0.025707
0.860000	0.260000	0.026484
0.860000	0.270000	0.027237
0.860000	0.280000	0.027966
0.860000	0.290000	0.028670
0.860000	0.300000	0.029348
0.860000	0.310000	0.030000
0.860000	0.320000	0.030626
0.860000	0.330000	0.031223
0.860000	0.340000	0.031793
0.860000	0.350000	0.032334
0.860000	0.360000	0.032845
0.860000	0.370000	0.033326
0.860000	0.380000	0.033777
0.860000	0.390000	0.034196
0.860000	0.400000	0.034584
0.860000	0.410000	0.034940
0.860000	0.420000	0.035263
0.860000	0.430000	0.035553
0.860000	0.440000	0.035810
0.860000	0.450000	0.036033
0.860000	0.460000	0.036222
0.860000	0.470000	0.036377
0.860000	0.480000	0.036496
0.860000	0.490000	0.036581
0.870000	0.000000	0.001126
0.870000	0.010000	0.002252
0.870000	0.020000	0.003375
0.870000	0.030000	0.004496
0.870000	0.040000	0.005612
0.870000	0.050000	0.006725
0.870000	0.060000	0.007831
0.870000	0.070000	0.008931
0.870000	0.080000	0.010023
0.870000	0.090000	0.011107
0.870000	0.100000	0.012181
0.870000	0.110000	0.013245
0.870000	0.120000	0.014298
0.870000	0.130000	0.015339
0.870000	0.140000	0.016366
0.870000	0.150000	0.017380
0.870000	0.160000	0.018379
0.870000	0.170000	0.019362
0.870000	0.180000	0.020328
0.870000	0.190000	0.021277
0.870000	0.200000	0.022207
0.870000	0.210000	0.023119
0.870000	0.220000	0.024010
0.870000	0.230000	0.024880
0.870000	0.240000	0.025729
0.870000	0.250000	0.026555
0.870000	0.260000	0.027358
0.870000	0.270000	0.028136
0.870000	0.280000	0.028890
0.870000	0.290000	0.029618
0.870000	0.300000	0.030320
0.870000	0.310000	0.030995
0.870000	0.320000	0.031642
0.870000	0.330000	0.032261
0.870000	0.340000	0.032850
0.870000	0.350000	0.033410
0.870000	0.360000	0.033939
0.870000	0.370000	0.034438
0.870000	0.380000	0.034905
0.870000	0.390000	0.035339
0.870000	0.400000	0.035742
0.870000	0.410000	0.036111
0.870000	0.420000	0.036446
0.870000	0.430000	0.036748
0.870000	0.440000	0.037014
0.870000	0.450000	0.037246
0.870000	0.460000	0.037443
0.870000	0.470000	0.037604
0.870000	0.480000	0.037730
0.870000	0.490000	0.037819
0.880000	0.000000	0.001163
0.880000	0.010000	0.002325
0.880000	0.020000	0.003485
0.880000	0.030000	0.004642
0.880000	0.040000	0.005795
0.880000	0.050000	0.006943
0.880000	0.060000	0.008086
0.880000	0.070000	0.009221
0.880000	0.080000	0.010349
0.880000	0.090000	0.011468
0.880000	0.100000	0.012578
0.880000	0.110000	0.013677
0.880000	0.120000	0.014764
0.880000	0.130000	0.015839
0.880000	0.140000	0.016900
0.880000	0.150000	0.017947
0.880000	0.160000	0.018979
0.880000	0.170000	0.019994
0.880000	0.180000	0.020993
0.880000	0.190000	0.021973
0.880000	0.200000	0.022935
0.880000	0.210000	0.023876
0.880000	0.220000	0.024797
0.880000	0.230000	0.025697
0.880000	0.240000	0.026574
0.880000	0.250000	0.027428
0.880000	0.260000	0.028258
0.880000	0.270000	0.029063
0.880000	0.280000	0.029843
0.880000	0.290000	0.030596
0.880000	0.300000	0.031322
0.880000	0.310000	0.032020
0.880000	0.320000	0.032690
0.880000	0.330000	0.033330
0.880000	0.340000	0.033940
0.880000	0.350000	0.034520
0.880000	0.360000	0.035068
0.880000	0.370000	0.035584
0.880000	0.380000	0.036068
0.880000	0.390000	0.036519
0.880000	0.400000	0.036936
0.880000	0.410000	0.037319
0.880000	0.420000	0.037667
0.880000	0.430000	0.037980
0.880000	0.440000	0.038257
0.880000	0.450000	0.038498
0.880000	0.460000	0.038703
0.880000	0.470000	0.038872
0.880000	0.480000	0.039003
0.880000	0.490000	0.039097
0.890000	0.000000	0.001201
0.890000	0.010000	0.002400
0.890000	0.020000	0.003598
0.890000	0.030000	0.004792
0.890000	0.040000	0.005983
0.890000	0.050000	0.007168
0.890000	0.060000	0.008348
0.890000	0.070000	0.009520
0.890000	0.080000	0.010685
0.890000	0.090000	0.011841
0.890000	0.100000	0.012986
0.890000	0.110000	0.014121
0.890000	0.120000	0.015244
0.890000	0.130000	0.016354
0.890000	0.140000	0.017450
0.890000	0.150000	0.018532
0.890000	0.160000	0.019597
0.890000	0.170000	0.020646
0.890000	0.180000	0.021678
0.890000	0.190000	0.022690
0.890000	0.200000	0.023684
0.890000	0.210000	0.024657
0.890000	0.220000	0.025609
0.890000	0.230000	0.026538
0.890000	0.240000	0.027445
0.890000	0.250000	0.028328
0.890000	0.260000	0.029186
0.890000	0.270000	0.030018
0.890000	0.280000	0.030825
0.890000	0.290000	0.031604
0.890000	0.300000	0.032355
0.890000	0.310000	0.033077
0.890000	0.320000	0.033770
0.890000	0.330000	0.034432
0.890000	0.340000	0.035064
0.890000	0.350000	0.035664
0.890000	0.360000	0.036232
0.890000	0.370000	0.036767
0.890000	0.380000	0.037268
0.890000	0.390000	0.037735
0.890000	0.400000	0.038167
0.890000	0.410000	0.038565
0.890000	0.420000	0.038926
0.890000	0.430000	0.039251
0.890000	0.440000	0.039539
0.890000	0.450000	0.039790
0.890000	0.460000	0.040004
0.890000	0.470000	0.040179
0.890000	0.480000	0.040317
0.890000	0.490000	0.040415
0.900000	0.000000	0.001239
0.900000	0.010000	0.002478
0.900000	0.020000	0.003714
0.900000	0.030000	0.004947
0.900000	0.040000	0.006176
0.900000	0.050000	0.007400
0.900000	0.060000	0.008618
0.900000	0.070000	0.009828
0.900000	0.080000	0.011031
0.900000	0.090000	0.012224
0.900000	0.100000	0.013407
0.900000	0.110000	0.014579
0.900000	0.120000	0.015738
0.900000	0.130000	0.016884
0.900000	0.140000	0.018016
0.900000	0.150000	0.019133
0.900000	0.160000	0.020234
0.900000	0.170000	0.021317
0.900000	0.180000	0.022383
0.900000	0.190000	0.023429
0.900000	0.200000	0.024456
0.900000	0.210000	0.025461
0.900000	0.220000	0.026445
0.900000	0.230000	0.027405
0.900000	0.240000	0.028342
0.900000	0.250000	0.029255
0.900000	0.260000	0.030142
0.900000	0.270000	0.031003
0.900000	0.280000	0.031836
0.900000	0.290000	0.032642
0.900000	0.300000	0.033419
0.900000	0.310000	0.034166
0.900000	0.320000	0.034883
0.900000	0.330000	0.035569
0.900000	0.340000	0.036223
0.900000	0.350000	0.036844
0.900000	0.360000	0.037432
0.900000	0.370000	0.037986
0.900000	0.380000	0.038505
0.900000	0.390000	0.038989
0.900000	0.400000	0.039438
0.900000	0.410000	0.039850
0.900000	0.420000	0.040225
0.900000	0.430000	0.040562
0.900000	0.440000	0.040862
0.900000	0.450000	0.041123
0.900000	0.460000	0.041346
0.900000	0.470000	0.041529
0.900000	0.480000	0.041672
0.900000	0.490000	0.041776
0.910000	0.000000	0.001279
0.910000	0.010000	0.002557
0.910000	0.020000	0.003834
0.910000	0.030000	0.005106
0.910000	0.040000	0.006375
0.910000	0.050000	0.007639
0.910000	0.060000	0.008896
0.910000	0.070000	0.010145
0.910000	0.080000	0.011387
0.910000	0.090000	0.012619
0.910000	0.100000	0.013840
0.910000	0.110000	0.015050
0.910000	0.120000	0.016247
0.910000	0.130000	0.017430
0.910000	0.140000	0.018599
0.910000	0.150000	0.019753
0.910000	0.160000	0.020890
0.910000	0.170000	0.022009
0.910000	0.180000	0.023109
0.910000	0.190000	0.024190
0.910000	0.200000	0.025250
0.910000	0.210000	0.026289
0.910000	0.220000	0.027305
0.910000	0.230000	0.028298
0.910000	0.240000	0.029267
0.910000	0.250000	0.030210
0.910000	0.260000	0.031127
0.910000	0.270000	0.032017
0.910000	0.280000	0.032879
0.910000	0.290000	0.033712
0.910000	0.300000	0.034516
0.910000	0.310000	0.035289
0.910000	0.320000	0.036030
0.910000	0.330000	0.036740
0.910000	0.340000	0.037417
0.910000	0.350000	0.038060
0.910000	0.360000	0.038669
0.910000	0.370000	0.039243
0.910000	0.380000	0.039781
0.910000	0.390000	0.040283
0.910000	0.400000	0.040748
0.910000	0.410000	0.041175
0.910000	0.420000	0.041565
0.910000	0.430000	0.041915
0.910000	0.440000	0.042227
0.910000	0.450000	0.042498
0.910000	0.460000	0.042730
0.910000	0.470000	0.042921
0.910000	0.480000	0.043072
0.910000	0.490000	0.043181
0.920000	0.000000	0.001320
0.920000	0.010000	0.002640
0.920000	0.020000	0.003957
0.920000	0.030000	0.005271
0.920000	0.040000	0.006580
0.920000	0.050000	0.007884
0.920000	0.060000	0.009182
0.920000	0.070000	0.010472
0.920000	0.080000	0.011753
0.920000	0.090000	0.013025
0.920000	0.100000	0.014286
0.920000	0.110000	0.015535
0.920000	0.120000	0.016771
0.920000	0.130000	0.017993
0.920000	0.140000	0.019200
0.920000	0.150000	0.020391
0.920000	0.160000	0.021565
0.920000	0.170000	0.022721
0.920000	0.180000	0.023857
0.920000	0.190000	0.024974
0.920000	0.200000	0.026069
0.920000	0.210000	0.027142
0.920000	0.220000	0.028192
0.920000	0.230000	0.029218
0.920000	0.240000	0.030219
0.920000	0.250000	0.031194
0.920000	0.260000	0.032142
0.920000	0.270000	0.033062
0.920000	0.280000	0.033953
0.920000	0.290000	0.034815
0.920000	0.300000	0.035646
0.920000	0.310000	0.036445
0.920000	0.320000	0.037213
0.920000	0.330000	0.037947
0.920000	0.340000	0.038648
0.920000	0.350000	0.039314
0.920000	0.360000	0.039944
0.920000	0.370000	0.040539
0.920000	0.380000	0.041097
0.920000	0.390000	0.041617
0.920000	0.400000	0.042099
0.920000	0.410000	0.042542
0.920000	0.420000	0.042946
0.920000	0.430000	0.043311
0.920000	0.440000	0.043634
0.920000	0.450000	0.043917
0.920000	0.460000	0.044159
0.920000	0.470000	0.044358
0.920000	0.480000	0.044516
0.920000	0.490000	0.044631
0.930000	0.000000	0.001363
0.930000	0.010000	0.002724
0.930000	0.020000	0.004083
0.930000	0.030000	0.005439
0.930000	0.040000	0.006791
0.930000	0.050000	0.008137
0.930000	0.060000	0.009476
0.930000	0.070000	0.010808
0.930000	0.080000	0.012130
0.930000	0.090000	0.013443
0.930000	0.100000	0.014744
0.930000	0.110000	0.016034
0.930000	0.120000	0.017310
0.930000	0.130000	0.018571
0.930000	0.140000	0.019818
0.930000	0.150000	0.021048
0.930000	0.160000	0.022260
0.930000	0.170000	0.023453
0.930000	0.180000	0.024627
0.930000	0.190000	0.025780
0.930000	0.200000	0.026912
0.930000	0.210000	0.028021
0.930000	0.220000	0.029105
0.930000	0.230000	0.030165
0.930000	0.240000	0.031200
0.930000	0.250000	0.032207
0.930000	0.260000	0.033187
0.930000	0.270000	0.034138
0.930000	0.280000	0.035060
0.930000	0.290000	0.035951
0.930000	0.300000	0.036810
0.930000	0.310000	0.037637
0.930000	0.320000	0.038432
0.930000	0.330000	0.039192
0.930000	0.340000	0.039917
0.930000	0.350000	0.040606
0.930000	0.360000	0.041259
0.930000	0.370000	0.041875
0.930000	0.380000	0.042453
0.930000	0.390000	0.042992
0.930000	0.400000	0.043492
0.930000	0.410000	0.043952
0.930000	0.420000	0.044372
0.930000	0.430000	0.044750
0.930000	0.440000	0.045087
0.930000	0.450000	0.045381
0.930000	0.460000	0.045633
0.930000	0.470000	0.045841
0.930000	0.480000	0.046006
0.930000	0.490000	0.046127
0.940000	0.000000	0.001406
0.940000	0.010000	0.002811
0.940000	0.020000	0.004214
0.940000	0.030000	0.005613
0.940000	0.040000	0.007008
0.940000	0.050000	0.008397
0.940000	0.060000	0.009779
0.940000	0.070000	0.011153
0.940000	0.080000	0.012518
0.940000	0.090000	0.013873
0.940000	0.100000	0.015216
0.940000	0.110000	0.016547
0.940000	0.120000	0.017865
0.940000	0.130000	0.019167
0.940000	0.140000	0.020454
0.940000	0.150000	0.021724
0.940000	0.160000	0.022975
0.940000	0.170000	0.024208
0.940000	0.180000	0.025420
0.940000	0.190000	0.026611
0.940000	0.200000	0.027780
0.940000	0.210000	0.028925
0.940000	0.220000	0.030046
0.940000	0.230000	0.031141
0.940000	0.240000	0.032210
0.940000	0.250000	0.033251
0.940000	0.260000	0.034264
0.940000	0.270000	0.035247
0.940000	0.280000	0.036200
0.940000	0.290000	0.037121
0.940000	0.300000	0.038010
0.940000	0.310000	0.038866
0.940000	0.320000	0.039687
0.940000	0.330000	0.040474
0.940000	0.340000	0.041224
0.940000	0.350000	0.041938
0.940000	0.360000	0.042615
0.940000	0.370000	0.043253
0.940000	0.380000	0.043851
0.940000	0.390000	0.044410
0.940000	0.400000	0.044929
0.940000	0.410000	0.045406
0.940000	0.420000	0.045842
0.940000	0.430000	0.046235
0.940000	0.440000	0.046585
0.940000	0.450000	0.046891
0.940000	0.460000	0.047154
0.940000	0.470000	0.047371
0.940000	0.480000	0.047544
0.940000	0.490000	0.047671
0.950000	0.000000	0.001451
0.950000	0.010000	0.002901
0.950000	0.020000	0.004348
0.950000	0.030000	0.005792
0.950000	0.040000	0.007231
0.950000	0.050000	0.008665
0.950000	0.060000	0.010091
0.950000	0.070000	0.011509
0.950000	0.080000	0.012918
0.950000	0.090000	0.014316
0.950000	0.100000	0.015702
0.950000	0.110000	0.017076
0.950000	0.120000	0.018436
0.950000	0.130000	0.019780
0.950000	0.140000	0.021109
0.950000	0.150000	0.022419
0.950000	0.160000	0.023712
0.950000	0.170000	0.024984
0.950000	0.180000	0.026236
0.950000	0.190000	0.027466
0.950000	0.200000	0.028673
0.950000	0.210000	0.029856
0.950000	0.220000	0.031014
0.950000	0.230000	0.032146
0.950000	0.240000	0.033250
0.950000	0.250000	0.034326
0.950000	0.260000	0.035373
0.950000	0.270000	0.036389
0.950000	0.280000	0.037374
0.950000	0.290000	0.038327
0.950000	0.300000	0.039246
0.950000	0.310000	0.040131
0.950000	0.320000	0.040981
0.950000	0.330000	0.041795
0.950000	0.340000	0.042572
0.950000	0.350000	0.043311
0.950000	0.360000	0.044012
0.950000	0.370000	0.044672
0.950000	0.380000	0.045293
0.950000	0.390000	0.045873
0.950000	0.400000	0.046410
0.950000	0.410000	0.046906
0.950000	0.420000	0.047358
0.950000	0.430000	0.047766
0.950000	0.440000	0.048130
0.950000	0.450000	0.048449
0.950000	0.460000	0.048723
0.950000	0.470000	0.048950
0.950000	0.480000	0.049131
0.950000	0.490000	0.049265
0.960000	0.000000	0.001497
0.960000	0.010000	0.002993
0.960000	0.020000	0.004486
0.960000	0.030000	0.005976
0.960000	0.040000	0.007461
0.960000	0.050000	0.008940
0.960000	0.060000	0.010412
0.960000	0.070000	0.011875
0.960000	0.080000	0.013329
0.960000	0.090000	0.014771
0.960000	0.100000	0.016202
0.960000	0.110000	0.017620
0.960000	0.120000	0.019023
0.960000	0.130000	0.020411
0.960000	0.140000	0.021782
0.960000	0.150000	0.023136
0.960000	0.160000	0.024470
0.960000	0.170000	0.025784
0.960000	0.180000	0.027076
0.960000	0.190000	0.028347
0.960000	0.200000	0.029593
0.960000	0.210000	0.030815
0.960000	0.220000	0.032011
0.960000	0.230000	0.033180
0.960000	0.240000	0.034321
0.960000	0.250000	0.035433
0.960000	0.260000	0.036515
0.960000	0.270000	0.037565
0.960000	0.280000	0.038584
0.960000	0.290000	0.039569
0.960000	0.300000	0.040520
0.960000	0.310000	0.041435
0.960000	0.320000	0.042314
0.960000	0.330000	0.043157
0.960000	0.340000	0.043961
0.960000	0.350000	0.044726
0.960000	0.360000	0.045451
0.960000	0.370000	0.046136
0.960000	0.380000	0.046779
0.960000	0.390000	0.047380
0.960000	0.400000	0.047938
0.960000	0.410000	0.048452
0.960000	0.420000	0.048921
0.960000	0.430000	0.049346
0.960000	0.440000	0.049724
0.960000	0.450000	0.050056
0.960000	0.460000	0.050341
0.960000	0.470000	0.050579
0.960000	0.480000	0.050768
0.960000	0.490000	0.050910
0.970000	0.000000	0.001544
0.970000	0.010000	0.003088
0.970000	0.020000	0.004628
0.970000	0.030000	0.006165
0.970000	0.040000	0.007697
0.970000	0.050000	0.009223
0.970000	0.060000	0.010742
0.970000	0.070000	0.012251
0.970000	0.080000	0.013751
0.970000	0.090000	0.015240
0.970000	0.100000	0.016717
0.970000	0.110000	0.018180
0.970000	0.120000	0.019628
0.970000	0.130000	0.021060
0.970000	0.140000	0.022476
0.970000	0.150000	0.023873
0.970000	0.160000	0.025250
0.970000	0.170000	0.026606
0.970000	0.180000	0.027941
0.970000	0.190000	0.029253
0.970000	0.200000	0.030540
0.970000	0.210000	0.031802
0.970000	0.220000	0.033037
0.970000	0.230000	0.034245
0.970000	0.240000	0.035424
0.970000	0.250000	0.036573
0.970000	0.260000	0.037691
0.970000	0.270000	0.038777
0.970000	0.280000	0.039829
0.970000	0.290000	0.040848
0.970000	0.300000	0.041831
0.970000	0.310000	0.042778
0.970000	0.320000	0.043688
0.970000	0.330000	0.044560
0.970000	0.340000	0.045392
0.970000	0.350000	0.046184
0.970000	0.360000	0.046935
0.970000	0.370000	0.047645
0.970000	0.380000	0.048311
0.970000	0.390000	0.048934
0.970000	0.400000	0.049513
0.970000	0.410000	0.050046
0.970000	0.420000	0.050534
0.970000	0.430000	0.050974
0.970000	0.440000	0.051368
0.970000	0.450000	0.051714
0.970000	0.460000	0.052011
0.970000	0.470000	0.052259
0.970000	0.480000	0.052458
0.970000	0.490000	0.052607
0.980000	0.000000	0.001593
0.980000	0.010000	0.003185
0.980000	0.020000	0.004774
0.980000	0.030000	0.006360
0.980000	0.040000	0.007940
0.980000	0.050000	0.009514
0.980000	0.060000	0.011081
0.980000	0.070000	0.012639
0.980000	0.080000	0.014186
0.980000	0.090000	0.015722
0.980000	0.100000	0.017246
0.980000	0.110000	0.018756
0.980000	0.120000	0.020250
0.980000	0.130000	0.021728
0.980000	0.140000	0.023189
0.980000	0.150000	0.024631
0.980000	0.160000	0.026052
0.980000	0.170000	0.027453
0.980000	0.180000	0.028831
0.980000	0.190000	0.030185
0.980000	0.200000	0.031514
0.980000	0.210000	0.032818
0.980000	0.220000	0.034094
0.980000	0.230000	0.035341
0.980000	0.240000	0.036559
0.980000	0.250000	0.037746
0.980000	0.260000	0.038902
0.980000	0.270000	0.040024
0.980000	0.280000	0.041112
0.980000	0.290000	0.042165
0.980000	0.300000	0.043182
0.980000	0.310000	0.044162
0.980000	0.320000	0.045103
0.980000	0.330000	0.046005
0.980000	0.340000	0.046866
0.980000	0.350000	0.047687
0.980000	0.360000	0.048465
0.980000	0.370000	0.049199
0.980000	0.380000	0.049890
0.980000	0.390000	0.050536
0.980000	0.400000	0.051136
0.980000	0.410000	0.051690
0.980000	0.420000	0.052196
0.980000	0.430000	0.052654
0.980000	0.440000	0.053064
0.980000	0.450000	0.053424
0.980000	0.460000	0.053734
0.980000	0.470000	0.053993
0.980000	0.480000	0.054201
0.980000	0.490000	0.054358
0.990000	0.000000	0.001643
0.990000	0.010000	0.003285
0.990000	0.020000	0.004925
0.990000	0.030000	0.006560
0.990000	0.040000	0.008190
0.990000	0.050000	0.009814
0.990000	0.060000	0.011430
0.990000	0.070000	0.013037
0.990000	0.080000	0.014634
0.990000	0.090000	0.016218
0.990000	0.100000	0.017790
0.990000	0.110000	0.019348
0.990000	0.120000	0.020890
0.990000	0.130000	0.022416
0.990000	0.140000	0.023923
0.990000	0.150000	0.025411
0.990000	0.160000	0.026878
0.990000	0.170000	0.028324
0.990000	0.180000	0.029746
0.990000	0.190000	0.031145
0.990000	0.200000	0.032517
0.990000	0.210000	0.033863
0.990000	0.220000	0.035181
0.990000	0.230000	0.036469
0.990000	0.240000	0.037728
0.990000	0.250000	0.038954
0.990000	0.260000	0.040148
0.990000	0.270000	0.041308
0.990000	0.280000	0.042433
0.990000	0.290000	0.043522
0.990000	0.300000	0.044574
0.990000	0.310000	0.045587
0.990000	0.320000	0.046560
0.990000	0.330000	0.047494
0.990000	0.340000	0.048385
0.990000	0.350000	0.049235
0.990000	0.360000	0.050040
0.990000	0.370000	0.050802
0.990000	0.380000	0.051518
0.990000	0.390000	0.052187
0.990000	0.400000	0.052810
0.990000	0.410000	0.053384
0.990000	0.420000	0.053910
0.990000	0.430000	0.054386
0.990000	0.440000	0.054812
0.990000	0.450000	0.055187
0.990000	0.460000	0.055511
0.990000	0.470000	0.055782
0.990000	0.480000	0.056000
0.990000	0.490000	0.056165
0.000000	0.500000	0.000126
0.000000	0.510000	0.000126
0.000000	0.520000	0.000126
0.000000	0.530000	0.000126
0.000000	0.540000	0.000125
0.000000	0.550000	0.000125
0.000000	0.560000	0.000124
0.000000	0.570000	0.000123
0.000000	0.580000	0.000122
0.000000	0.590000	0.000121
0.000000	0.600000	0.000120
0.000000	0.610000	0.000119
0.000000	0.620000	0.000117
0.000000	0.630000	0.000116
0.000000	0.640000	0.000114
0.000000	0.650000	0.000112
0.000000	0.660000	0.000111
0.000000	0.670000	0.000109
0.000000	0.680000	0.000107
0.000000	0.690000	0.000104
0.000000	0.700000	0.000102
0.000000	0.710000	0.000100
0.000000	0.720000	0.000097
0.000000	0.730000	0.000095
0.000000	0.740000	0.000092
0.000000	0.750000	0.000089
0.000000	0.760000	0.000086
0.000000	0.770000	0.000083
0.000000	0.780000	0.000080
0.000000	0.790000	0.000077
0.000000	0.800000	0.000074
0.000000	0.810000	0.000071
0.000000	0.820000	0.000068
0.000000	0.830000	0.000064
0.000000	0.840000	0.000061
0.000000	0.850000	0.000057
0.000000	0.860000	0.000054
0.000000	0.870000	0.000050
0.000000	0.880000	0.000046
0.000000	0.890000	0.000043
0.000000	0.900000	0.000039
0.000000	0.910000	0.000035
0.000000	0.920000	0.000031
0.000000	0.930000	0.000028
0.000000	0.940000	0.000024
0.000000	0.950000	0.000020
0.000000	0.960000	0.000016
0.000000	0.970000	0.000012
0.000000	0.980000	0.000008
0.000000	0.990000	0.000004
0.010000	0.500000	0.000253
0.010000	0.510000	0.000253
0.010000	0.520000	0.000253
0.010000	0.530000	0.000252
0.010000	0.540000	0.000251
0.010000	0.550000	0.000250
0.010000	0.560000	0.000248
0.010000	0.570000	0.000247
0.010000	0.580000	0.000245
0.010000	0.590000	0.000243
0.010000	0.600000	0.000240
0.010000	0.610000	0.000238
0.010000	0.620000	0.000235
0.010000	0.630000	0.000232
0.010000	0.640000	0.000229
0.010000	0.650000	0.000225
0.010000	0.660000	0.000221
0.010000	0.670000	0.000217
0.010000	0.680000	0.000213
0.010000	0.690000	0.000209
0.010000	0.700000	0.000204
0.010000	0.710000	0.000199
0.010000	0.720000	0.000195
0.010000	0.730000	0.000189
0.010000	0.740000	0.000184
0.010000	0.750000	0.000178
0.010000	0.760000	0.000173
0.010000	0.770000	0.000167
0.010000	0.780000	0.000161
0.010000	0.790000	0.000155
0.010000	0.800000	0.000148
0.010000	0.810000	0.000142
0.010000	0.820000	0.000135
0.010000	0.830000	0.000128
0.010000	0.840000	0.000122
0.010000	0.850000	0.000115
0.010000	0.860000	0.000107
0.010000	0.870000	0.000100
0.010000	0.880000	0.000093
0.010000	0.890000	0.000085
0.010000	0.900000	0.000078
0.010000	0.910000	0.000070
0.010000	0.920000	0.000063
0.010000	0.930000	0.000055
0.010000	0.940000	0.000047
0.010000	0.950000	0.000039
0.010000	0.960000	0.000032
0.010000	0.970000	0.000024
0.010000	0.980000	0.000016
0.010000	0.990000	0.000008
0.020000	0.500000	0.000380
0.020000	0.510000	0.000380
0.020000	0.520000	0.000379
0.020000	0.530000	0.000378
0.020000	0.540000	0.000377
0.020000	0.550000	0.000375
0.020000	0.560000	0.000373
0.020000	0.570000	0.000370
0.020000	0.580000	0.000368
0.020000	0.590000	0.000364
0.020000	0.600000	0.000361
0.020000	0.610000	0.000357
0.020000	0.620000	0.000353
0.020000	0.630000	0.000348
0.020000	0.640000	0.000343
0.020000	0.650000	0.000338
0.020000	0.660000	0.000332
0.020000	0.670000	0.000326
0.020000	0.680000	0.000320
0.020000	0.690000	0.000314
0.020000	0.700000	0.000307
0.020000	0.710000	0.000300
0.020000	0.720000	0.000292
0.020000	0.730000	0.000284
0.020000	0.740000	0.000276
0.020000	0.750000	0.000268
0.020000	0.760000	0.000259
0.020000	0.770000	0.000251
0.020000	0.780000	0.000242
0.020000	0.790000	0.000232
0.020000	0.800000	0.000223
0.020000	0.810000	0.000213
0.020000	0.820000	0.000203
0.020000	0.830000	0.000193
0.020000	0.840000	0.000183
0.020000	0.850000	0.000172
0.020000	0.860000	0.000161
0.020000	0.870000	0.000151
0.020000	0.880000	0.000140
0.020000	0.890000	0.000128
0.020000	0.900000	0.000117
0.020000	0.910000	0.000106
0.020000	0.920000	0.000094
0.020000	0.930000	0.000083
0.020000	0.940000	0.000071
0.020000	0.950000	0.000059
0.020000	0.960000	0.000048
0.020000	0.970000	0.000036
0.020000	0.980000	0.000024
0.020000	0.990000	0.000012
0.030000	0.500000	0.000508
0.030000	0.510000	0.000507
0.030000	0.520000	0.000506
0.030000	0.530000	0.000505
0.030000	0.540000	0.000503
0.030000	0.550000	0.000501
0.030000	0.560000	0.000498
0.030000	0.570000	0.000495
0.030000	0.580000	0.000491
0.030000	0.590000	0.000487
0.030000	0.600000	0.000482
0.030000	0.610000	0.000477
0.030000	0.620000	0.000471
0.030000	0.630000	0.000465
0.030000	0.640000	0.000458
0.030000	0.650000	0.000451
0.030000	0.660000	0.000444
0.030000	0.670000	0.000436
0.030000	0.680000	0.000427
0.030000	0.690000	0.000419
0.030000	0.700000	0.000410
0.030000	0.710000	0.000400
0.030000	0.720000	0.000390
0.030000	0.730000	0.000380
0.030000	0.740000	0.000369
0.030000	0.750000	0.000358
0.030000	0.760000	0.000346
0.030000	0.770000	0.000335
0.030000	0.780000	0.000323
0.030000	0.790000	0.000310
0.030000	0.800000	0.000297
0.030000	0.810000	0.000284
0.030000	0.820000	0.000271
0.030000	0.830000	0.000258
0.030000	0.840000	0.000244
0.030000	0.850000	0.000230
0.030000	0.860000	0.000215
0.030000	0.870000	0.000201
0.030000	0.880000	0.000186
0.030000	0.890000	0.000171
0.030000	0.900000	0.000156
0.030000	0.910000	0.000141
0.030000	0.920000	0.000126
0.030000	0.930000	0.000110
0.030000	0.940000	0.000095
0.030000	0.950000	0.000079
0.030000	0.960000	0.000063
0.030000	0.970000	0.000048
0.030000	0.980000	0.000032
0.030000	0.990000	0.000016
0.040000	0.500000	0.000636
0.040000	0.510000	0.000635
0.040000	0.520000	0.000634
0.040000	0.530000	0.000632
0.040000	0.540000	0.000630
0.040000	0.550000	0.000627
0.040000	0.560000	0.000624
0.040000	0.570000	0.000620
0.040000	0.580000	0.000615
0.040000	0.590000	0.000609
0.040000	0.600000	0.000603
0.040000	0.610000	0.000597
0.040000	0.620000	0.000590
0.040000	0.630000	0.000582
0.040000	0.640000	0.000574
0.040000	0.650000	0.000565
0.040000	0.660000	0.000556
0.040000	0.670000	0.000546
0.040000	0.680000	0.000535
0.040000	0.690000	0.000524
0.040000	0.700000	0.000513
0.040000	0.710000	0.000501
0.040000	0.720000	0.000488
0.040000	0.730000	0.000476
0.040000	0.740000	0.000462
0.040000	0.750000	0.000448
0.040000	0.760000	0.000434
0.040000	0.770000	0.000419
0.040000	0.780000	0.000404
0.040000	0.790000	0.000389
0.040000	0.800000	0.000373
0.040000	0.810000	0.000356
0.040000	0.820000	0.000340
0.040000	0.830000	0.000323
0.040000	0.840000	0.000305
0.040000	0.850000	0.000288
0.040000	0.860000	0.000270
0.040000	0.870000	0.000252
0.040000	0.880000	0.000233
0.040000	0.890000	0.000215
0.040000	0.900000	0.000196
0.040000	0.910000	0.000177
0.040000	0.920000	0.000158
0.040000	0.930000	0.000138
0.040000	0.940000	0.000119
0.040000	0.950000	0.000099
0.040000	0.960000	0.000079
0.040000	0.970000	0.000060
0.040000	0.980000	0.000040
0.040000	0.990000	0.000020
0.050000	0.500000	0.000765
0.050000	0.510000	0.000764
0.050000	0.520000	0.000763
0.050000	0.530000	0.000761
0.050000	0.540000	0.000758
0.050000	0.550000	0.000754
0.050000	0.560000	0.000750
0.050000	0.570000	0.000745
0.050000	0.580000	0.000739
0.050000	0.590000	0.000733
0.050000	0.600000	0.000726
0.050000	0.610000	0.000718
0.050000	0.620000	0.000709
0.050000	0.630000	0.000700
0.050000	0.640000	0.000690
0.050000	0.650000	0.000680
0.050000	0.660000	0.000668
0.050000	0.670000	0.000657
0.050000	0.680000	0.000644
0.050000	0.690000	0.000631
0.050000	0.700000	0.000617
0.050000	0.710000	0.000603
0.050000	0.720000	0.000588
0.050000	0.730000	0.000572
0.050000	0.740000	0.000556
0.050000	0.750000	0.000539
0.050000	0.760000	0.000522
0.050000	0.770000	0.000504
0.050000	0.780000	0.000486
0.050000	0.790000	0.000467
0.050000	0.800000	0.000448
0.050000	0.810000	0.000429
0.050000	0.820000	0.000409
0.050000	0.830000	0.000388
0.050000	0.840000	0.000367
0.050000	0.850000	0.000346
0.050000	0.860000	0.000325
0.050000	0.870000	0.000303
0.050000	0.880000	0.000281
0.050000	0.890000	0.000258
0.050000	0.900000	0.000236
0.050000	0.910000	0.000213
0.050000	0.920000	0.000190
0.050000	0.930000	0.000166
0.050000	0.940000	0.000143
0.050000	0.950000	0.000119
0.050000	0.960000	0.000096
0.050000	0.970000	0.000072
0.050000	0.980000	0.000048
0.050000	0.990000	0.000024
0.060000	0.500000	0.000895
0.060000	0.510000	0.000894
0.060000	0.520000	0.000892
0.060000	0.530000	0.000890
0.060000	0.540000	0.000887
0.060000	0.550000	0.000883
0.060000	0.560000	0.000878
0.060000	0.570000	0.000872
0.060000	0.580000	0.000865
0.060000	0.590000	0.000858
0.060000	0.600000	0.000849
0.060000	0.610000	0.000840
0.060000	0.620000	0.000830
0.060000	0.630000	0.000819
0.060000	0.640000	0.000808
0.060000	0.650000	0.000795
0.060000	0.660000	0.000782
0.060000	0.670000	0.000768
0.060000	0.680000	0.000753
0.060000	0.690000	0.000738
0.060000	0.700000	0.000722
0.060000	0.710000	0.000705
0.060000	0.720000	0.000687
0.060000	0.730000	0.000669
0.060000	0.740000	0.000650
0.060000	0.750000	0.000631
0.060000	0.760000	0.000611
0.060000	0.770000	0.000590
0.060000	0.780000	0.000569
0.060000	0.790000	0.000547
0.060000	0.800000	0.000524
0.060000	0.810000	0.000501
0.060000	0.820000	0.000478
0.060000	0.830000	0.000454
0.060000	0.840000	0.000430
0.060000	0.850000	0.000405
0.060000	0.860000	0.000380
0.060000	0.870000	0.000354
0.060000	0.880000	0.000328
0.060000	0.890000	0.000302
0.060000	0.900000	0.000276
0.060000	0.910000	0.000249
0.060000	0.920000	0.000222
0.060000	0.930000	0.000195
0.060000	0.940000	0.000167
0.060000	0.950000	0.000140
0.060000	0.960000	0.000112
0.060000	0.970000	0.000084
0.060000	0.980000	0.000056
0.060000	0.990000	0.000028
0.070000	0.500000	0.001026
0.070000	0.510000	0.001025
0.070000	0.520000	0.001023
0.070000	0.530000	0.001020
0.070000	0.540000	0.001017
0.070000	0.550000	0.001012
0.070000	0.560000	0.001006
0.070000	0.570000	0.000999
0.070000	0.580000	0.000992
0.070000	0.590000	0.000983
0.070000	0.600000	0.000974
0.070000	0.610000	0.000963
0.070000	0.620000	0.000952
0.070000	0.630000	0.000939
0.070000	0.640000	0.000926
0.070000	0.650000	0.000912
0.070000	0.660000	0.000897
0.070000	0.670000	0.000881
0.070000	0.680000	0.000864
0.070000	0.690000	0.000846
0.070000	0.700000	0.000828
0.070000	0.710000	0.000808
0.070000	0.720000	0.000788
0.070000	0.730000	0.000767
0.070000	0.740000	0.000746
0.070000	0.750000	0.000723
0.070000	0.760000	0.000700
0.070000	0.770000	0.000676
0.070000	0.780000	0.000652
0.070000	0.790000	0.000627
0.070000	0.800000	0.000601
0.070000	0.810000	0.000575
0.070000	0.820000	0.000548
0.070000	0.830000	0.000521
0.070000	0.840000	0.000493
0.070000	0.850000	0.000464
0.070000	0.860000	0.000435
0.070000	0.870000	0.000406
0.070000	0.880000	0.000376
0.070000	0.890000	0.000346
0.070000	0.900000	0.000316
0.070000	0.910000	0.000285
0.070000	0.920000	0.000254
0.070000	0.930000	0.000223
0.070000	0.940000	0.000192
0.070000	0.950000	0.000160
0.070000	0.960000	0.000128
0.070000	0.970000	0.000096
0.070000	0.980000	0.000064
0.070000	0.990000	0.000032
0.080000	0.500000	0.001158
0.080000	0.510000	0.001157
0.080000	0.520000	0.001155
0.080000	0.530000	0.001152
0.080000	0.540000	0.001148
0.080000	0.550000	0.001142
0.080000	0.560000	0.001136
0.080000	0.570000	0.001128
0.080000	0.580000	0.001120
0.080000	0.590000	0.001110
0.080000	0.600000	0.001099
0.080000	0.610000	0.001087
0.080000	0.620000	0.001074
0.080000	0.630000	0.001060
0.080000	0.640000	0.001045
0.080000	0.650000	0.001029
0.080000	0.660000	0.001012
0.080000	0.670000	0.000994
0.080000	0.680000	0.000975
0.080000	0.690000	0.000955
0.080000	0.700000	0.000934
0.080000	0.710000	0.000913
0.080000	0.720000	0.000890
0.080000	0.730000	0.000866
0.080000	0.740000	0.000842
0.080000	0.750000	0.000817
0.080000	0.760000	0.000791
0.080000	0.770000	0.000764
0.080000	0.780000	0.000736
0.080000	0.790000	0.000708
0.080000	0.800000	0.000679
0.080000	0.810000	0.000649
0.080000	0.820000	0.000619
0.080000	0.830000	0.000588
0.080000	0.840000	0.000556
0.080000	0.850000	0.000524
0.080000	0.860000	0.000492
0.080000	0.870000	0.000459
0.080000	0.880000	0.000425
0.080000	0.890000	0.000391
0.080000	0.900000	0.000357
0.080000	0.910000	0.000322
0.080000	0.920000	0.000287
0.080000	0.930000	0.000252
0.080000	0.940000	0.000216
0.080000	0.950000	0.000181
0.080000	0.960000	0.000145
0.080000	0.970000	0.000109
0.080000	0.980000	0.000073
0.080000	0.990000	0.000036
0.090000	0.500000	0.001292
0.090000	0.510000	0.001291
0.090000	0.520000	0.001289
0.090000	0.530000	0.001285
0.090000	0.540000	0.001280
0.090000	0.550000	0.001274
0.090000	0.560000	0.001267
0.090000	0.570000	0.001259
0.090000	0.580000	0.001249
0.090000	0.590000	0.001238
0.090000	0.600000	0.001226
0.090000	0.610000	0.001213
0.090000	0.620000	0.001199
0.090000	0.630000	0.001183
0.090000	0.640000	0.001166
0.090000	0.650000	0.001148
0.090000	0.660000	0.001129
0.090000	0.670000	0.001109
0.090000	0.680000	0.001088
0.090000	0.690000	0.001066
0.090000	0.700000	0.001042
0.090000	0.710000	0.001018
0.090000	0.720000	0.000993
0.090000	0.730000	0.000966
0.090000	0.740000	0.000939
0.090000	0.750000	0.000911
0.090000	0.760000	0.000882
0.090000	0.770000	0.000852
0.090000	0.780000	0.000821
0.090000	0.790000	0.000790
0.090000	0.800000	0.000757
0.090000	0.810000	0.000724
0.090000	0.820000	0.000690
0.090000	0.830000	0.000656
0.090000	0.840000	0.000621
0.090000	0.850000	0.000585
0.090000	0.860000	0.000549
0.090000	0.870000	0.000512
0.090000	0.880000	0.000474
0.090000	0.890000	0.000436
0.090000	0.900000	0.000398
0.090000	0.910000	0.000359
0.090000	0.920000	0.000320
0.090000	0.930000	0.000281
0.090000	0.940000	0.000241
0.090000	0.950000	0.000202
0.090000	0.960000	0.000161
0.090000	0.970000	0.000121
0.090000	0.980000	0.000081
0.090000	0.990000	0.000040
0.100000	0.500000	0.001427
0.100000	0.510000	0.001426
0.100000	0.520000	0.001424
0.100000	0.530000	0.001420
0.100000	0.540000	0.001415
0.100000	0.550000	0.001408
0.100000	0.560000	0.001400
0.100000	0.570000	0.001391
0.100000	0.580000	0.001380
0.100000	0.590000	0.001368
0.100000	0.600000	0.001355
0.100000	0.610000	0.001340
0.100000	0.620000	0.001324
0.100000	0.630000	0.001307
0.100000	0.640000	0.001289
0.100000	0.650000	0.001269
0.100000	0.660000	0.001248
0.100000	0.670000	0.001226
0.100000	0.680000	0.001202
0.100000	0.690000	0.001178
0.100000	0.700000	0.001152
0.100000	0.710000	0.001125
0.100000	0.720000	0.001097
0.100000	0.730000	0.001068
0.100000	0.740000	0.001038
0.100000	0.750000	0.001007
0.100000	0.760000	0.000974
0.100000	0.770000	0.000941
0.100000	0.780000	0.000907
0.100000	0.790000	0.000872
0.100000	0.800000	0.000837
0.100000	0.810000	0.000800
0.100000	0.820000	0.000763
0.100000	0.830000	0.000725
0.100000	0.840000	0.000686
0.100000	0.850000	0.000646
0.100000	0.860000	0.000606
0.100000	0.870000	0.000565
0.100000	0.880000	0.000524
0.100000	0.890000	0.000482
0.100000	0.900000	0.000440
0.100000	0.910000	0.000397
0.100000	0.920000	0.000354
0.100000	0.930000	0.000311
0.100000	0.940000	0.000267
0.100000	0.950000	0.000223
0.100000	0.960000	0.000178
0.100000	0.970000	0.000134
0.100000	0.980000	0.000089
0.100000	0.990000	0.000045
0.110000	0.500000	0.001565
0.110000	0.510000	0.001563
0.110000	0.520000	0.001561
0.110000	0.530000	0.001557
0.110000	0.540000	0.001551
0.110000	0.550000	0.001544
0.110000	0.560000	0.001535
0.110000	0.570000	0.001525
0.110000	0.580000	0.001513
0.110000	0.590000	0.001500
0.110000	0.600000	0.001485
0.110000	0.610000	0.001469
0.110000	0.620000	0.001452
0.110000	0.630000	0.001433
0.110000	0.640000	0.001413
0.110000	0.650000	0.001391
0.110000	0.660000	0.001368
0.110000	0.670000	0.001344
0.110000	0.680000	0.001318
0.110000	0.690000	0.001291
0.110000	0.700000	0.001263
0.110000	0.710000	0.001233
0.110000	0.720000	0.001203
0.110000	0.730000	0.001171
0.110000	0.740000	0.001138
0.110000	0.750000	0.001104
0.110000	0.760000	0.001068
0.110000	0.770000	0.001032
0.110000	0.780000	0.000995
0.110000	0.790000	0.000956
0.110000	0.800000	0.000917
0.110000	0.810000	0.000877
0.110000	0.820000	0.000836
0.110000	0.830000	0.000794
0.110000	0.840000	0.000752
0.110000	0.850000	0.000708
0.110000	0.860000	0.000664
0.110000	0.870000	0.000620
0.110000	0.880000	0.000574
0.110000	0.890000	0.000529
0.110000	0.900000	0.000482
0.110000	0.910000	0.000435
0.110000	0.920000	0.000388
0.110000	0.930000	0.000340
0.110000	0.940000	0.000292
0.110000	0.950000	0.000244
0.110000	0.960000	0.000196
0.110000	0.970000	0.000147
0.110000	0.980000	0.000098
0.110000	0.990000	0.000049
0.120000	0.500000	0.001704
0.120000	0.510000	0.001703
0.120000	0.520000	0.001700
0.120000	0.530000	0.001695
0.120000	0.540000	0.001689
0.120000	0.550000	0.001681
0.120000	0.560000	0.001672
0.120000	0.570000	0.001661
0.120000	0.580000	0.001648
0.120000	0.590000	0.001634
0.120000	0.600000	0.001618
0.120000	0.610000	0.001600
0.120000	0.620000	0.001581
0.120000	0.630000	0.001561
0.120000	0.640000	0.001538
0.120000	0.650000	0.001515
0.120000	0.660000	0.001490
0.120000	0.670000	0.001463
0.120000	0.680000	0.001435
0.120000	0.690000	0.001406
0.120000	0.700000	0.001375
0.120000	0.710000	0.001343
0.120000	0.720000	0.001310
0.120000	0.730000	0.001275
0.120000	0.740000	0.001239
0.120000	0.750000	0.001202
0.120000	0.760000	0.001163
0.120000	0.770000	0.001124
0.120000	0.780000	0.001083
0.120000	0.790000	0.001042
0.120000	0.800000	0.000999
0.120000	0.810000	0.000955
0.120000	0.820000	0.000911
0.120000	0.830000	0.000865
0.120000	0.840000	0.000819
0.120000	0.850000	0.000772
0.120000	0.860000	0.000724
0.120000	0.870000	0.000675
0.120000	0.880000	0.000626
0.120000	0.890000	0.000576
0.120000	0.900000	0.000525
0.120000	0.910000	0.000474
0.120000	0.920000	0.000423
0.120000	0.930000	0.000371
0.120000	0.940000	0.000318
0.120000	0.950000	0.000266
0.120000	0.960000	0.000213
0.120000	0.970000	0.000160
0.120000	0.980000	0.000107
0.120000	0.990000	0.000053
0.130000	0.500000	0.001845
0.130000	0.510000	0.001844
0.130000	0.520000	0.001841
0.130000	0.530000	0.001836
0.130000	0.540000	0.001829
0.130000	0.550000	0.001821
0.130000	0.560000	0.001810
0.130000	0.570000	0.001798
0.130000	0.580000	0.001785
0.130000	0.590000	0.001769
0.130000	0.600000	0.001752
0.130000	0.610000	0.001733
0.130000	0.620000	0.001712
0.130000	0.630000	0.001690
0.130000	0.640000	0.001666
0.130000	0.650000	0.001641
0.130000	0.660000	0.001614
0.130000	0.670000	0.001585
0.130000	0.680000	0.001555
0.130000	0.690000	0.001523
0.130000	0.700000	0.001489
0.130000	0.710000	0.001455
0.130000	0.720000	0.001418
0.130000	0.730000	0.001381
0.130000	0.740000	0.001342
0.130000	0.750000	0.001302
0.130000	0.760000	0.001260
0.130000	0.770000	0.001217
0.130000	0.780000	0.001173
0.130000	0.790000	0.001128
0.130000	0.800000	0.001082
0.130000	0.810000	0.001035
0.130000	0.820000	0.000986
0.130000	0.830000	0.000937
0.130000	0.840000	0.000887
0.130000	0.850000	0.000836
0.130000	0.860000	0.000784
0.130000	0.870000	0.000731
0.130000	0.880000	0.000678
0.130000	0.890000	0.000624
0.130000	0.900000	0.000569
0.130000	0.910000	0.000514
0.130000	0.920000	0.000458
0.130000	0.930000	0.000402
0.130000	0.940000	0.000345
0.130000	0.950000	0.000288
0.130000	0.960000	0.000231
0.130000	0.970000	0.000173
0.130000	0.980000	0.000116
0.130000	0.990000	0.000058
0.140000	0.500000	0.001989
0.140000	0.510000	0.001988
0.140000	0.520000	0.001984
0.140000	0.530000	0.001979
0.140000	0.540000	0.001972
0.140000	0.550000	0.001963
0.140000	0.560000	0.001952
0.140000	0.570000	0.001939
0.140000	0.580000	0.001924
0.140000	0.590000	0.001907
0.140000	0.600000	0.001889
0.140000	0.610000	0.001868
0.140000	0.620000	0.001846
0.140000	0.630000	0.001822
0.140000	0.640000	0.001796
0.140000	0.650000	0.001769
0.140000	0.660000	0.001739
0.140000	0.670000	0.001708
0.140000	0.680000	0.001676
0.140000	0.690000	0.001641
0.140000	0.700000	0.001606
0.140000	0.710000	0.001568
0.140000	0.720000	0.001529
0.140000	0.730000	0.001489
0.140000	0.740000	0.001447
0.140000	0.750000	0.001403
0.140000	0.760000	0.001358
0.140000	0.770000	0.001312
0.140000	0.780000	0.001265
0.140000	0.790000	0.001216
0.140000	0.800000	0.001166
0.140000	0.810000	0.001115
0.140000	0.820000	0.001063
0.140000	0.830000	0.001010
0.140000	0.840000	0.000956
0.140000	0.850000	0.000901
0.140000	0.860000	0.000845
0.140000	0.870000	0.000788
0.140000	0.880000	0.000731
0.140000	0.890000	0.000672
0.140000	0.900000	0.000613
0.140000	0.910000	0.000554
0.140000	0.920000	0.000494
0.140000	0.930000	0.000433
0.140000	0.940000	0.000372
0.140000	0.950000	0.000310
0.140000	0.960000	0.000249
0.140000	0.970000	0.000187
0.140000	0.980000	0.000125
0.140000	0.990000	0.000062
0.150000	0.500000	0.002135
0.150000	0.510000	0.002134
0.150000	0.520000	0.002130
0.150000	0.530000	0.002124
0.150000	0.540000	0.002117
0.150000	0.550000	0.002107
0.150000	0.560000	0.002095
0.150000	0.570000	0.002081
0.150000	0.580000	0.002065
0.150000	0.590000	0.002047
0.150000	0.600000	0.002028
0.150000	0.610000	0.002006
0.150000	0.620000	0.001982
0.150000	0.630000	0.001956
0.150000	0.640000	0.001928
0.150000	0.650000	0.001899
0.150000	0.660000	0.001867
0.150000	0.670000	0.001834
0.150000	0.680000	0.001799
0.150000	0.690000	0.001762
0.150000	0.700000	0.001724
0.150000	0.710000	0.001683
0.150000	0.720000	0.001642
0.150000	0.730000	0.001598
0.150000	0.740000	0.001553
0.150000	0.750000	0.001506
0.150000	0.760000	0.001458
0.150000	0.770000	0.001409
0.150000	0.780000	0.001358
0.150000	0.790000	0.001306
0.150000	0.800000	0.001252
0.150000	0.810000	0.001198
0.150000	0.820000	0.001142
0.150000	0.830000	0.001085
0.150000	0.840000	0.001026
0.150000	0.850000	0.000967
0.150000	0.860000	0.000907
0.150000	0.870000	0.000846
0.150000	0.880000	0.000784
0.150000	0.890000	0.000722
0.150000	0.900000	0.000658
0.150000	0.910000	0.000594
0.150000	0.920000	0.000530
0.150000	0.930000	0.000465
0.150000	0.940000	0.000399
0.150000	0.950000	0.000333
0.150000	0.960000	0.000267
0.150000	0.970000	0.000201
0.150000	0.980000	0.000134
0.150000	0.990000	0.000067
0.160000	0.500000	0.002284
0.160000	0.510000	0.002283
0.160000	0.520000	0.002279
0.160000	0.530000	0.002273
0.160000	0.540000	0.002264
0.160000	0.550000	0.002254
0.160000	0.560000	0.002241
0.160000	0.570000	0.002227
0.160000	0.580000	0.002210
0.160000	0.590000	0.002190
0.160000	0.600000	0.002169
0.160000	0.610000	0.002146
0.160000	0.620000	0.002120
0.160000	0.630000	0.002093
0.160000	0.640000	0.002063
0.160000	0.650000	0.002031
0.160000	0.660000	0.001998
0.160000	0.670000	0.001962
0.160000	0.680000	0.001925
0.160000	0.690000	0.001885
0.160000	0.700000	0.001844
0.160000	0.710000	0.001801
0.160000	0.720000	0.001756
0.160000	0.730000	0.001710
0.160000	0.740000	0.001662
0.160000	0.750000	0.001612
0.160000	0.760000	0.001560
0.160000	0.770000	0.001507
0.160000	0.780000	0.001453
0.160000	0.790000	0.001397
0.160000	0.800000	0.001340
0.160000	0.810000	0.001281
0.160000	0.820000	0.001221
0.160000	0.830000	0.001160
0.160000	0.840000	0.001098
0.160000	0.850000	0.001035
0.160000	0.860000	0.000971
0.160000	0.870000	0.000905
0.160000	0.880000	0.000839
0.160000	0.890000	0.000772
0.160000	0.900000	0.000704
0.160000	0.910000	0.000636
0.160000	0.920000	0.000567
0.160000	0.930000	0.000497
0.160000	0.940000	0.000427
0.160000	0.950000	0.000357
0.160000	0.960000	0.000286
0.160000	0.970000	0.000215
0.160000	0.980000	0.000143
0.160000	0.990000	0.000072
0.170000	0.500000	0.002436
0.170000	0.510000	0.002434
0.170000	0.520000	0.002430
0.170000	0.530000	0.002424
0.170000	0.540000	0.002415
0.170000	0.550000	0.002404
0.170000	0.560000	0.002390
0.170000	0.570000	0.002375
0.170000	0.580000	0.002356
0.170000	0.590000	0.002336
0.170000	0.600000	0.002313
0.170000	0.610000	0.002288
0.170000	0.620000	0.002261
0.170000	0.630000	0.002232
0.170000	0.640000	0.002200
0.170000	0.650000	0.002167
0.170000	0.660000	0.002131
0.170000	0.670000	0.002093
0.170000	0.680000	0.002053
0.170000	0.690000	0.002011
0.170000	0.700000	0.001967
0.170000	0.710000	0.001921
0.170000	0.720000	0.001873
0.170000	0.730000	0.001824
0.170000	0.740000	0.001772
0.170000	0.750000	0.001719
0.170000	0.760000	0.001664
0.170000	0.770000	0.001608
0.170000	0.780000	0.001550
0.170000	0.790000	0.001490
0.170000	0.800000	0.001429
0.170000	0.810000	0.001366
0.170000	0.820000	0.001303
0.170000	0.830000	0.001238
0.170000	0.840000	0.001171
0.170000	0.850000	0.001104
0.170000	0.860000	0.001035
0.170000	0.870000	0.000966
0.170000	0.880000	0.000895
0.170000	0.890000	0.000824
0.170000	0.900000	0.000751
0.170000	0.910000	0.000678
0.170000	0.920000	0.000605
0.170000	0.930000	0.000530
0.170000	0.940000	0.000456
0.170000	0.950000	0.000380
0.170000	0.960000	0.000305
0.170000	0.970000	0.000229
0.170000	0.980000	0.000153
0.170000	0.990000	0.000076
0.180000	0.500000	0.002591
0.180000	0.510000	0.002589
0.180000	0.520000	0.002585
0.180000	0.530000	0.002578
0.180000	0.540000	0.002569
0.180000	0.550000	0.002557
0.180000	0.560000	0.002543
0.180000	0.570000	0.002526
0.180000	0.580000	0.002506
0.180000	0.590000	0.002485
0.180000	0.600000	0.002461
0.180000	0.610000	0.002434
0.180000	0.620000	0.002405
0.180000	0.630000	0.002374
0.180000	0.640000	0.002340
0.180000	0.650000	0.002304
0.180000	0.660000	0.002266
0.180000	0.670000	0.002226
0.180000	0.680000	0.002184
0.180000	0.690000	0.002139
0.180000	0.700000	0.002092
0.180000	0.710000	0.002043
0.180000	0.720000	0.001992
0.180000	0.730000	0.001940
0.180000	0.740000	0.001885
0.180000	0.750000	0.001828
0.180000	0.760000	0.001770
0.180000	0.770000	0.001710
0.180000	0.780000	0.001648
0.180000	0.790000	0.001585
0.180000	0.800000	0.001520
0.180000	0.810000	0.001454
0.180000	0.820000	0.001386
0.180000	0.830000	0.001316
0.180000	0.840000	0.001246
0.180000	0.850000	0.001174
0.180000	0.860000	0.001101
0.180000	0.870000	0.001027
0.180000	0.880000	0.000952
0.180000	0.890000	0.000876
0.180000	0.900000	0.000799
0.180000	0.910000	0.000722
0.180000	0.920000	0.000643
0.180000	0.930000	0.000564
0.180000	0.940000	0.000485
0.180000	0.950000	0.000405
0.180000	0.960000	0.000324
0.180000	0.970000	0.000243
0.180000	0.980000	0.000162
0.180000	0.990000	0.000081
0.190000	0.500000	0.002749
0.190000	0.510000	0.002747
0.190000	0.520000	0.002743
0.190000	0.530000	0.002736
0.190000	0.540000	0.002726
0.190000	0.550000	0.002713
0.190000	0.560000	0.002698
0.190000	0.570000	0.002680
0.190000	0.580000	0.002660
0.190000	0.590000	0.002637
0.190000	0.600000	0.002611
0.190000	0.610000	0.002583
0.190000	0.620000	0.002552
0.190000	0.630000	0.002519
0.190000	0.640000	0.002483
0.190000	0.650000	0.002445
0.190000	0.660000	0.002405
0.190000	0.670000	0.002362
0.190000	0.680000	0.002317
0.190000	0.690000	0.002270
0.190000	0.700000	0.002220
0.190000	0.710000	0.002168
0.190000	0.720000	0.002114
0.190000	0.730000	0.002058
0.190000	0.740000	0.002000
0.190000	0.750000	0.001940
0.190000	0.760000	0.001878
0.190000	0.770000	0.001815
0.190000	0.780000	0.001749
0.190000	0.790000	0.001682
0.190000	0.800000	0.001613
0.190000	0.810000	0.001542
0.190000	0.820000	0.001470
0.190000	0.830000	0.001397
0.190000	0.840000	0.001322
0.190000	0.850000	0.001246
0.190000	0.860000	0.001169
0.190000	0.870000	0.001090
0.190000	0.880000	0.001010
0.190000	0.890000	0.000930
0.190000	0.900000	0.000848
0.190000	0.910000	0.000766
0.190000	0.920000	0.000683
0.190000	0.930000	0.000599
0.190000	0.940000	0.000514
0.190000	0.950000	0.000429
0.190000	0.960000	0.000344
0.190000	0.970000	0.000258
0.190000	0.980000	0.000172
0.190000	0.990000	0.000086
0.200000	0.500000	0.002911
0.200000	0.510000	0.002909
0.200000	0.520000	0.002904
0.200000	0.530000	0.002896
0.200000	0.540000	0.002886
0.200000	0.550000	0.002873
0.200000	0.560000	0.002857
0.200000	0.570000	0.002838
0.200000	0.580000	0.002816
0.200000	0.590000	0.002792
0.200000	0.600000	0.002765
0.200000	0.610000	0.002735
0.200000	0.620000	0.002702
0.200000	0.630000	0.002667
0.200000	0.640000	0.002630
0.200000	0.650000	0.002589
0.200000	0.660000	0.002546
0.200000	0.670000	0.002501
0.200000	0.680000	0.002453
0.200000	0.690000	0.002403
0.200000	0.700000	0.002351
0.200000	0.710000	0.002296
0.200000	0.720000	0.002239
0.200000	0.730000	0.002180
0.200000	0.740000	0.002118
0.200000	0.750000	0.002055
0.200000	0.760000	0.001989
0.200000	0.770000	0.001922
0.200000	0.780000	0.001852
0.200000	0.790000	0.001781
0.200000	0.800000	0.001708
0.200000	0.810000	0.001633
0.200000	0.820000	0.001557
0.200000	0.830000	0.001479
0.200000	0.840000	0.001400
0.200000	0.850000	0.001319
0.200000	0.860000	0.001237
0.200000	0.870000	0.001154
0.200000	0.880000	0.001070
0.200000	0.890000	0.000984
0.200000	0.900000	0.000898
0.200000	0.910000	0.000811
0.200000	0.920000	0.000723
0.200000	0.930000	0.000634
0.200000	0.940000	0.000545
0.200000	0.950000	0.000455
0.200000	0.960000	0.000364
0.200000	0.970000	0.000274
0.200000	0.980000	0.000183
0.200000	0.990000	0.000091
0.210000	0.500000	0.003076
0.210000	0.510000	0.003074
0.210000	0.520000	0.003069
0.210000	0.530000	0.003061
0.210000	0.540000	0.003050
0.210000	0.550000	0.003036
0.210000	0.560000	0.003019
0.210000	0.570000	0.002999
0.210000	0.580000	0.002976
0.210000	0.590000	0.002950
0.210000	0.600000	0.002922
0.210000	0.610000	0.002890
0.210000	0.620000	0.002856
0.210000	0.630000	0.002819
0.210000	0.640000	0.002779
0.210000	0.650000	0.002737
0.210000	0.660000	0.002691
0.210000	0.670000	0.002643
0.210000	0.680000	0.002593
0.210000	0.690000	0.002540
0.210000	0.700000	0.002484
0.210000	0.710000	0.002427
0.210000	0.720000	0.002366
0.210000	0.730000	0.002304
0.210000	0.740000	0.002239
0.210000	0.750000	0.002171
0.210000	0.760000	0.002102
0.210000	0.770000	0.002031
0.210000	0.780000	0.001958
0.210000	0.790000	0.001882
0.210000	0.800000	0.001805
0.210000	0.810000	0.001726
0.210000	0.820000	0.001646
0.210000	0.830000	0.001563
0.210000	0.840000	0.001480
0.210000	0.850000	0.001394
0.210000	0.860000	0.001308
0.210000	0.870000	0.001220
0.210000	0.880000	0.001131
0.210000	0.890000	0.001041
0.210000	0.900000	0.000949
0.210000	0.910000	0.000857
0.210000	0.920000	0.000764
0.210000	0.930000	0.000670
0.210000	0.940000	0.000576
0.210000	0.950000	0.000481
0.210000	0.960000	0.000385
0.210000	0.970000	0.000289
0.210000	0.980000	0.000193
0.210000	0.990000	0.000096
0.220000	0.500000	0.003246
0.220000	0.510000	0.003243
0.220000	0.520000	0.003238
0.220000	0.530000	0.003229
0.220000	0.540000	0.003218
0.220000	0.550000	0.003203
0.220000	0.560000	0.003185
0.220000	0.570000	0.003164
0.220000	0.580000	0.003140
0.220000	0.590000	0.003113
0.220000	0.600000	0.003083
0.220000	0.610000	0.003049
0.220000	0.620000	0.003013
0.220000	0.630000	0.002974
0.220000	0.640000	0.002932
0.220000	0.650000	0.002887
0.220000	0.660000	0.002839
0.220000	0.670000	0.002789
0.220000	0.680000	0.002736
0.220000	0.690000	0.002680
0.220000	0.700000	0.002621
0.220000	0.710000	0.002560
0.220000	0.720000	0.002497
0.220000	0.730000	0.002430
0.220000	0.740000	0.002362
0.220000	0.750000	0.002291
0.220000	0.760000	0.002218
0.220000	0.770000	0.002143
0.220000	0.780000	0.002065
0.220000	0.790000	0.001986
0.220000	0.800000	0.001905
0.220000	0.810000	0.001821
0.220000	0.820000	0.001736
0.220000	0.830000	0.001650
0.220000	0.840000	0.001561
0.220000	0.850000	0.001471
0.220000	0.860000	0.001380
0.220000	0.870000	0.001287
0.220000	0.880000	0.001193
0.220000	0.890000	0.001098
0.220000	0.900000	0.001002
0.220000	0.910000	0.000904
0.220000	0.920000	0.000806
0.220000	0.930000	0.000707
0.220000	0.940000	0.000607
0.220000	0.950000	0.000507
0.220000	0.960000	0.000406
0.220000	0.970000	0.000305
0.220000	0.980000	0.000204
0.220000	0.990000	0.000102
0.230000	0.500000	0.003419
0.230000	0.510000	0.003416
0.230000	0.520000	0.003411
0.230000	0.530000	0.003402
0.230000	0.540000	0.003390
0.230000	0.550000	0.003374
0.230000	0.560000	0.003355
0.230000	0.570000	0.003333
0.230000	0.580000	0.003308
0.230000	0.590000	0.003279
0.230000	0.600000	0.003247
0.230000	0.610000	0.003212
0.230000	0.620000	0.003174
0.230000	0.630000	0.003133
0.230000	0.640000	0.003089
0.230000	0.650000	0.003041
0.230000	0.660000	0.002991
0.230000	0.670000	0.002938
0.230000	0.680000	0.002882
0.230000	0.690000	0.002823
0.230000	0.700000	0.002761
0.230000	0.710000	0.002697
0.230000	0.720000	0.002630
0.230000	0.730000	0.002560
0.230000	0.740000	0.002488
0.230000	0.750000	0.002414
0.230000	0.760000	0.002337
0.230000	0.770000	0.002257
0.230000	0.780000	0.002176
0.230000	0.790000	0.002092
0.230000	0.800000	0.002007
0.230000	0.810000	0.001919
0.230000	0.820000	0.001829
0.230000	0.830000	0.001738
0.230000	0.840000	0.001645
0.230000	0.850000	0.001550
0.230000	0.860000	0.001454
0.230000	0.870000	0.001356
0.230000	0.880000	0.001257
0.230000	0.890000	0.001157
0.230000	0.900000	0.001055
0.230000	0.910000	0.000953
0.230000	0.920000	0.000849
0.230000	0.930000	0.000745
0.230000	0.940000	0.000640
0.230000	0.950000	0.000534
0.230000	0.960000	0.000428
0.230000	0.970000	0.000321
0.230000	0.980000	0.000214
0.230000	0.990000	0.000107
0.240000	0.500000	0.003596
0.240000	0.510000	0.003594
0.240000	0.520000	0.003588
0.240000	0.530000	0.003578
0.240000	0.540000	0.003566
0.240000	0.550000	0.003549
0.240000	0.560000	0.003529
0.240000	0.570000	0.003506
0.240000	0.580000	0.003479
0.240000	0.590000	0.003449
0.240000	0.600000	0.003416
0.240000	0.610000	0.003379
0.240000	0.620000	0.003339
0.240000	0.630000	0.003296
0.240000	0.640000	0.003249
0.240000	0.650000	0.003200
0.240000	0.660000	0.003147
0.240000	0.670000	0.003091
0.240000	0.680000	0.003032
0.240000	0.690000	0.002970
0.240000	0.700000	0.002905
0.240000	0.710000	0.002837
0.240000	0.720000	0.002767
0.240000	0.730000	0.002694
0.240000	0.740000	0.002618
0.240000	0.750000	0.002539
0.240000	0.760000	0.002458
0.240000	0.770000	0.002375
0.240000	0.780000	0.002289
0.240000	0.790000	0.002201
0.240000	0.800000	0.002111
0.240000	0.810000	0.002019
0.240000	0.820000	0.001925
0.240000	0.830000	0.001828
0.240000	0.840000	0.001730
0.240000	0.850000	0.001631
0.240000	0.860000	0.001529
0.240000	0.870000	0.001427
0.240000	0.880000	0.001322
0.240000	0.890000	0.001217
0.240000	0.900000	0.001110
0.240000	0.910000	0.001002
0.240000	0.920000	0.000893
0.240000	0.930000	0.000784
0.240000	0.940000	0.000673
0.240000	0.950000	0.000562
0.240000	0.960000	0.000450
0.240000	0.970000	0.000338
0.240000	0.980000	0.000226
0.240000	0.990000	0.000113
0.250000	0.500000	0.003778
0.250000	0.510000	0.003776
0.250000	0.520000	0.003770
0.250000	0.530000	0.003760
0.250000	0.540000	0.003746
0.250000	0.550000	0.003729
0.250000	0.560000	0.003708
0.250000	0.570000	0.003684
0.250000	0.580000	0.003656
0.250000	0.590000	0.003624
0.250000	0.600000	0.003589
0.250000	0.610000	0.003550
0.250000	0.620000	0.003508
0.250000	0.630000	0.003463
0.250000	0.640000	0.003414
0.250000	0.650000	0.003362
0.250000	0.660000	0.003306
0.250000	0.670000	0.003248
0.250000	0.680000	0.003186
0.250000	0.690000	0.003121
0.250000	0.700000	0.003052
0.250000	0.710000	0.002981
0.250000	0.720000	0.002907
0.250000	0.730000	0.002830
0.250000	0.740000	0.002751
0.250000	0.750000	0.002668
0.250000	0.760000	0.002583
0.250000	0.770000	0.002495
0.250000	0.780000	0.002405
0.250000	0.790000	0.002313
0.250000	0.800000	0.002218
0.250000	0.810000	0.002121
0.250000	0.820000	0.002022
0.250000	0.830000	0.001921
0.250000	0.840000	0.001818
0.250000	0.850000	0.001714
0.250000	0.860000	0.001607
0.250000	0.870000	0.001499
0.250000	0.880000	0.001390
0.250000	0.890000	0.001279
0.250000	0.900000	0.001166
0.250000	0.910000	0.001053
0.250000	0.920000	0.000939
0.250000	0.930000	0.000823
0.250000	0.940000	0.000707
0.250000	0.950000	0.000591
0.250000	0.960000	0.000473
0.250000	0.970000	0.000355
0.250000	0.980000	0.000237
0.250000	0.990000	0.000119
0.260000	0.500000	0.003965
0.260000	0.510000	0.003962
0.260000	0.520000	0.003956
0.260000	0.530000	0.003945
0.260000	0.540000	0.003931
0.260000	0.550000	0.003913
0.260000	0.560000	0.003891
0.260000	0.570000	0.003866
0.260000	0.580000	0.003836
0.260000	0.590000	0.003803
0.260000	0.600000	0.003767
0.260000	0.610000	0.003726
0.260000	0.620000	0.003682
0.260000	0.630000	0.003634
0.260000	0.640000	0.003583
0.260000	0.650000	0.003528
0.260000	0.660000	0.003470
0.260000	0.670000	0.003408
0.260000	0.680000	0.003343
0.260000	0.690000	0.003275
0.260000	0.700000	0.003204
0.260000	0.710000	0.003129
0.260000	0.720000	0.003051
0.260000	0.730000	0.002970
0.260000	0.740000	0.002887
0.260000	0.750000	0.002800
0.260000	0.760000	0.002711
0.260000	0.770000	0.002619
0.260000	0.780000	0.002525
0.260000	0.790000	0.002428
0.260000	0.800000	0.002328
0.260000	0.810000	0.002226
0.260000	0.820000	0.002122
0.260000	0.830000	0.002016
0.260000	0.840000	0.001908
0.260000	0.850000	0.001798
0.260000	0.860000	0.001687
0.260000	0.870000	0.001573
0.260000	0.880000	0.001458
0.260000	0.890000	0.001342
0.260000	0.900000	0.001224
0.260000	0.910000	0.001105
0.260000	0.920000	0.000985
0.260000	0.930000	0.000864
0.260000	0.940000	0.000742
0.260000	0.950000	0.000620
0.260000	0.960000	0.000497
0.260000	0.970000	0.000373
0.260000	0.980000	0.000249
0.260000	0.990000	0.000124
0.270000	0.500000	0.004157
0.270000	0.510000	0.004154
0.270000	0.520000	0.004147
0.270000	0.530000	0.004136
0.270000	0.540000	0.004121
0.270000	0.550000	0.004102
0.270000	0.560000	0.004080
0.270000	0.570000	0.004053
0.270000	0.580000	0.004022
0.270000	0.590000	0.003987
0.270000	0.600000	0.003949
0.270000	0.610000	0.003906
0.270000	0.620000	0.003860
0.270000	0.630000	0.003810
0.270000	0.640000	0.003756
0.270000	0.650000	0.003699
0.270000	0.660000	0.003638
0.270000	0.670000	0.003573
0.270000	0.680000	0.003505
0.270000	0.690000	0.003434
0.270000	0.700000	0.003359
0.270000	0.710000	0.003280
0.270000	0.720000	0.003199
0.270000	0.730000	0.003114
0.270000	0.740000	0.003027
0.270000	0.750000	0.002936
0.270000	0.760000	0.002842
0.270000	0.770000	0.002746
0.270000	0.780000	0.002647
0.270000	0.790000	0.002545
0.270000	0.800000	0.002441
0.270000	0.810000	0.002334
0.270000	0.820000	0.002225
0.270000	0.830000	0.002114
0.270000	0.840000	0.002001
0.270000	0.850000	0.001886
0.270000	0.860000	0.001769
0.270000	0.870000	0.001650
0.270000	0.880000	0.001529
0.270000	0.890000	0.001407
0.270000	0.900000	0.001284
0.270000	0.910000	0.001159
0.270000	0.920000	0.001033
0.270000	0.930000	0.000906
0.270000	0.940000	0.000778
0.270000	0.950000	0.000650
0.270000	0.960000	0.000521
0.270000	0.970000	0.000391
0.270000	0.980000	0.000261
0.270000	0.990000	0.000130
0.280000	0.500000	0.004353
0.280000	0.510000	0.004350
0.280000	0.520000	0.004343
0.280000	0.530000	0.004332
0.280000	0.540000	0.004316
0.280000	0.550000	0.004297
0.280000	0.560000	0.004273
0.280000	0.570000	0.004245
0.280000	0.580000	0.004213
0.280000	0.590000	0.004176
0.280000	0.600000	0.004136
0.280000	0.610000	0.004091
0.280000	0.620000	0.004043
0.280000	0.630000	0.003991
0.280000	0.640000	0.003934
0.280000	0.650000	0.003874
0.280000	0.660000	0.003810
0.280000	0.670000	0.003743
0.280000	0.680000	0.003671
0.280000	0.690000	0.003596
0.280000	0.700000	0.003518
0.280000	0.710000	0.003436
0.280000	0.720000	0.003351
0.280000	0.730000	0.003262
0.280000	0.740000	0.003170
0.280000	0.750000	0.003075
0.280000	0.760000	0.002977
0.280000	0.770000	0.002876
0.280000	0.780000	0.002773
0.280000	0.790000	0.002666
0.280000	0.800000	0.002557
0.280000	0.810000	0.002445
0.280000	0.820000	0.002331
0.280000	0.830000	0.002215
0.280000	0.840000	0.002096
0.280000	0.850000	0.001975
0.280000	0.860000	0.001853
0.280000	0.870000	0.001728
0.280000	0.880000	0.001602
0.280000	0.890000	0.001474
0.280000	0.900000	0.001345
0.280000	0.910000	0.001214
0.280000	0.920000	0.001082
0.280000	0.930000	0.000949
0.280000	0.940000	0.000815
0.280000	0.950000	0.000681
0.280000	0.960000	0.000545
0.280000	0.970000	0.000410
0.280000	0.980000	0.000273
0.280000	0.990000	0.000137
0.290000	0.500000	0.004555
0.290000	0.510000	0.004552
0.290000	0.520000	0.004545
0.290000	0.530000	0.004533
0.290000	0.540000	0.004517
0.290000	0.550000	0.004496
0.290000	0.560000	0.004471
0.290000	0.570000	0.004442
0.290000	0.580000	0.004408
0.290000	0.590000	0.004370
0.290000	0.600000	0.004328
0.290000	0.610000	0.004282
0.290000	0.620000	0.004231
0.290000	0.630000	0.004176
0.290000	0.640000	0.004117
0.290000	0.650000	0.004055
0.290000	0.660000	0.003988
0.290000	0.670000	0.003917
0.290000	0.680000	0.003842
0.290000	0.690000	0.003764
0.290000	0.700000	0.003682
0.290000	0.710000	0.003596
0.290000	0.720000	0.003507
0.290000	0.730000	0.003414
0.290000	0.740000	0.003318
0.290000	0.750000	0.003219
0.290000	0.760000	0.003116
0.290000	0.770000	0.003010
0.290000	0.780000	0.002902
0.290000	0.790000	0.002790
0.290000	0.800000	0.002676
0.290000	0.810000	0.002559
0.290000	0.820000	0.002440
0.290000	0.830000	0.002318
0.290000	0.840000	0.002194
0.290000	0.850000	0.002067
0.290000	0.860000	0.001939
0.290000	0.870000	0.001809
0.290000	0.880000	0.001676
0.290000	0.890000	0.001543
0.290000	0.900000	0.001407
0.290000	0.910000	0.001271
0.290000	0.920000	0.001133
0.290000	0.930000	0.000994
0.290000	0.940000	0.000853
0.290000	0.950000	0.000713
0.290000	0.960000	0.000571
0.290000	0.970000	0.000429
0.290000	0.980000	0.000286
0.290000	0.990000	0.000143
0.300000	0.500000	0.004763
0.300000	0.510000	0.004760
0.300000	0.520000	0.004752
0.300000	0.530000	0.004740
0.300000	0.540000	0.004723
0.300000	0.550000	0.004701
0.300000	0.560000	0.004675
0.300000	0.570000	0.004645
0.300000	0.580000	0.004610
0.300000	0.590000	0.004570
0.300000	0.600000	0.004526
0.300000	0.610000	0.004477
0.300000	0.620000	0.004424
0.300000	0.630000	0.004367
0.300000	0.640000	0.004306
0.300000	0.650000	0.004240
0.300000	0.660000	0.004170
0.300000	0.670000	0.004096
0.300000	0.680000	0.004018
0.300000	0.690000	0.003936
0.300000	0.700000	0.003850
0.300000	0.710000	0.003760
0.300000	0.720000	0.003667
0.300000	0.730000	0.003570
0.300000	0.740000	0.003470
0.300000	0.750000	0.003366
0.300000	0.760000	0.003259
0.300000	0.770000	0.003148
0.300000	0.780000	0.003034
0.300000	0.790000	0.002918
0.300000	0.800000	0.002798
0.300000	0.810000	0.002676
0.300000	0.820000	0.002551
0.300000	0.830000	0.002424
0.300000	0.840000	0.002294
0.300000	0.850000	0.002162
0.300000	0.860000	0.002028
0.300000	0.870000	0.001891
0.300000	0.880000	0.001753
0.300000	0.890000	0.001613
0.300000	0.900000	0.001472
0.300000	0.910000	0.001329
0.300000	0.920000	0.001185
0.300000	0.930000	0.001039
0.300000	0.940000	0.000893
0.300000	0.950000	0.000745
0.300000	0.960000	0.000597
0.300000	0.970000	0.000448
0.300000	0.980000	0.000299
0.300000	0.990000	0.000150
0.310000	0.500000	0.004977
0.310000	0.510000	0.004973
0.310000	0.520000	0.004965
0.310000	0.530000	0.004953
0.310000	0.540000	0.004935
0.310000	0.550000	0.004912
0.310000	0.560000	0.004885
0.310000	0.570000	0.004853
0.310000	0.580000	0.004817
0.310000	0.590000	0.004775
0.310000	0.600000	0.004729
0.310000	0.610000	0.004678
0.310000	0.620000	0.004623
0.310000	0.630000	0.004563
0.310000	0.640000	0.004499
0.310000	0.650000	0.004430
0.310000	0.660000	0.004357
0.310000	0.670000	0.004280
0.310000	0.680000	0.004199
0.310000	0.690000	0.004113
0.310000	0.700000	0.004023
0.310000	0.710000	0.003930
0.310000	0.720000	0.003832
0.310000	0.730000	0.003731
0.310000	0.740000	0.003626
0.310000	0.750000	0.003517
0.310000	0.760000	0.003405
0.310000	0.770000	0.003290
0.310000	0.780000	0.003171
0.310000	0.790000	0.003049
0.310000	0.800000	0.002924
0.310000	0.810000	0.002797
0.310000	0.820000	0.002666
0.310000	0.830000	0.002533
0.310000	0.840000	0.002397
0.310000	0.850000	0.002259
0.310000	0.860000	0.002119
0.310000	0.870000	0.001977
0.310000	0.880000	0.001832
0.310000	0.890000	0.001686
0.310000	0.900000	0.001538
0.310000	0.910000	0.001389
0.310000	0.920000	0.001238
0.310000	0.930000	0.001086
0.310000	0.940000	0.000933
0.310000	0.950000	0.000779
0.310000	0.960000	0.000624
0.310000	0.970000	0.000468
0.310000	0.980000	0.000313
0.310000	0.990000	0.000156
0.320000	0.500000	0.005196
0.320000	0.510000	0.005193
0.320000	0.520000	0.005185
0.320000	0.530000	0.005171
0.320000	0.540000	0.005153
0.320000	0.550000	0.005129
0.320000	0.560000	0.005101
0.320000	0.570000	0.005068
0.320000	0.580000	0.005029
0.320000	0.590000	0.004986
0.320000	0.600000	0.004938
0.320000	0.610000	0.004885
0.320000	0.620000	0.004828
0.320000	0.630000	0.004765
0.320000	0.640000	0.004698
0.320000	0.650000	0.004626
0.320000	0.660000	0.004550
0.320000	0.670000	0.004469
0.320000	0.680000	0.004384
0.320000	0.690000	0.004295
0.320000	0.700000	0.004201
0.320000	0.710000	0.004104
0.320000	0.720000	0.004002
0.320000	0.730000	0.003896
0.320000	0.740000	0.003786
0.320000	0.750000	0.003673
0.320000	0.760000	0.003556
0.320000	0.770000	0.003435
0.320000	0.780000	0.003312
0.320000	0.790000	0.003184
0.320000	0.800000	0.003054
0.320000	0.810000	0.002921
0.320000	0.820000	0.002784
0.320000	0.830000	0.002645
0.320000	0.840000	0.002504
0.320000	0.850000	0.002359
0.320000	0.860000	0.002213
0.320000	0.870000	0.002064
0.320000	0.880000	0.001913
0.320000	0.890000	0.001761
0.320000	0.900000	0.001606
0.320000	0.910000	0.001450
0.320000	0.920000	0.001293
0.320000	0.930000	0.001134
0.320000	0.940000	0.000974
0.320000	0.950000	0.000813
0.320000	0.960000	0.000652
0.320000	0.970000	0.000489
0.320000	0.980000	0.000326
0.320000	0.990000	0.000163
0.330000	0.500000	0.005422
0.330000	0.510000	0.005419
0.330000	0.520000	0.005410
0.330000	0.530000	0.005396
0.330000	0.540000	0.005377
0.330000	0.550000	0.005353
0.330000	0.560000	0.005323
0.330000	0.570000	0.005288
0.330000	0.580000	0.005248
0.330000	0.590000	0.005203
0.330000	0.600000	0.005153
0.330000	0.610000	0.005098
0.330000	0.620000	0.005038
0.330000	0.630000	0.004973
0.330000	0.640000	0.004903
0.330000	0.650000	0.004828
0.330000	0.660000	0.004749
0.330000	0.670000	0.004664
0.330000	0.680000	0.004576
0.330000	0.690000	0.004482
0.330000	0.700000	0.004385
0.330000	0.710000	0.004283
0.330000	0.720000	0.004176
0.330000	0.730000	0.004066
0.330000	0.740000	0.003952
0.330000	0.750000	0.003833
0.330000	0.760000	0.003711
0.330000	0.770000	0.003586
0.330000	0.780000	0.003456
0.330000	0.790000	0.003323
0.330000	0.800000	0.003187
0.330000	0.810000	0.003048
0.330000	0.820000	0.002906
0.330000	0.830000	0.002761
0.330000	0.840000	0.002613
0.330000	0.850000	0.002463
0.330000	0.860000	0.002310
0.330000	0.870000	0.002154
0.330000	0.880000	0.001997
0.330000	0.890000	0.001838
0.330000	0.900000	0.001677
0.330000	0.910000	0.001514
0.330000	0.920000	0.001349
0.330000	0.930000	0.001184
0.330000	0.940000	0.001017
0.330000	0.950000	0.000849
0.330000	0.960000	0.000680
0.330000	0.970000	0.000511
0.330000	0.980000	0.000341
0.330000	0.990000	0.000170
0.340000	0.500000	0.005655
0.340000	0.510000	0.005651
0.340000	0.520000	0.005642
0.340000	0.530000	0.005628
0.340000	0.540000	0.005608
0.340000	0.550000	0.005583
0.340000	0.560000	0.005552
0.340000	0.570000	0.005516
0.340000	0.580000	0.005474
0.340000	0.590000	0.005427
0.340000	0.600000	0.005375
0.340000	0.610000	0.005317
0.340000	0.620000	0.005254
0.340000	0.630000	0.005187
0.340000	0.640000	0.005114
0.340000	0.650000	0.005036
0.340000	0.660000	0.004953
0.340000	0.670000	0.004865
0.340000	0.680000	0.004772
0.340000	0.690000	0.004675
0.340000	0.700000	0.004573
0.340000	0.710000	0.004467
0.340000	0.720000	0.004356
0.340000	0.730000	0.004241
0.340000	0.740000	0.004122
0.340000	0.750000	0.003998
0.340000	0.760000	0.003871
0.340000	0.770000	0.003740
0.340000	0.780000	0.003605
0.340000	0.790000	0.003467
0.340000	0.800000	0.003325
0.340000	0.810000	0.003180
0.340000	0.820000	0.003031
0.340000	0.830000	0.002880
0.340000	0.840000	0.002726
0.340000	0.850000	0.002569
0.340000	0.860000	0.002409
0.340000	0.870000	0.002247
0.340000	0.880000	0.002083
0.340000	0.890000	0.001917
0.340000	0.900000	0.001749
0.340000	0.910000	0.001579
0.340000	0.920000	0.001408
0.340000	0.930000	0.001235
0.340000	0.940000	0.001061
0.340000	0.950000	0.000885
0.340000	0.960000	0.000709
0.340000	0.970000	0.000533
0.340000	0.980000	0.000355
0.340000	0.990000	0.000178
0.350000	0.500000	0.005894
0.350000	0.510000	0.005891
0.350000	0.520000	0.005881
0.350000	0.530000	0.005866
0.350000	0.540000	0.005846
0.350000	0.550000	0.005819
0.350000	0.560000	0.005787
0.350000	0.570000	0.005749
0.350000	0.580000	0.005706
0.350000	0.590000	0.005657
0.350000	0.600000	0.005603
0.350000	0.610000	0.005543
0.350000	0.620000	0.005478
0.350000	0.630000	0.005407
0.350000	0.640000	0.005331
0.350000	0.650000	0.005250
0.350000	0.660000	0.005163
0.350000	0.670000	0.005072
0.350000	0.680000	0.004975
0.350000	0.690000	0.004874
0.350000	0.700000	0.004768
0.350000	0.710000	0.004657
0.350000	0.720000	0.004541
0.350000	0.730000	0.004421
0.350000	0.740000	0.004297
0.350000	0.750000	0.004169
0.350000	0.760000	0.004036
0.350000	0.770000	0.003899
0.350000	0.780000	0.003759
0.350000	0.790000	0.003614
0.350000	0.800000	0.003466
0.350000	0.810000	0.003315
0.350000	0.820000	0.003160
0.350000	0.830000	0.003003
0.350000	0.840000	0.002842
0.350000	0.850000	0.002678
0.350000	0.860000	0.002512
0.350000	0.870000	0.002343
0.350000	0.880000	0.002172
0.350000	0.890000	0.001999
0.350000	0.900000	0.001823
0.350000	0.910000	0.001646
0.350000	0.920000	0.001468
0.350000	0.930000	0.001287
0.350000	0.940000	0.001106
0.350000	0.950000	0.000923
0.350000	0.960000	0.000740
0.350000	0.970000	0.000555
0.350000	0.980000	0.000371
0.350000	0.990000	0.000185
0.360000	0.500000	0.006141
0.360000	0.510000	0.006137
0.360000	0.520000	0.006128
0.360000	0.530000	0.006112
0.360000	0.540000	0.006090
0.360000	0.550000	0.006063
0.360000	0.560000	0.006030
0.360000	0.570000	0.005990
0.360000	0.580000	0.005945
0.360000	0.590000	0.005894
0.360000	0.600000	0.005838
0.360000	0.610000	0.005775
0.360000	0.620000	0.005707
0.360000	0.630000	0.005634
0.360000	0.640000	0.005554
0.360000	0.650000	0.005470
0.360000	0.660000	0.005380
0.360000	0.670000	0.005285
0.360000	0.680000	0.005184
0.360000	0.690000	0.005079
0.360000	0.700000	0.004968
0.360000	0.710000	0.004852
0.360000	0.720000	0.004732
0.360000	0.730000	0.004607
0.360000	0.740000	0.004478
0.360000	0.750000	0.004344
0.360000	0.760000	0.004205
0.360000	0.770000	0.004063
0.360000	0.780000	0.003917
0.360000	0.790000	0.003766
0.360000	0.800000	0.003612
0.360000	0.810000	0.003454
0.360000	0.820000	0.003293
0.360000	0.830000	0.003129
0.360000	0.840000	0.002961
0.360000	0.850000	0.002791
0.360000	0.860000	0.002618
0.360000	0.870000	0.002442
0.360000	0.880000	0.002263
0.360000	0.890000	0.002083
0.360000	0.900000	0.001900
0.360000	0.910000	0.001716
0.360000	0.920000	0.001529
0.360000	0.930000	0.001342
0.360000	0.940000	0.001152
0.360000	0.950000	0.000962
0.360000	0.960000	0.000771
0.360000	0.970000	0.000579
0.360000	0.980000	0.000386
0.360000	0.990000	0.000193
0.370000	0.500000	0.006395
0.370000	0.510000	0.006391
0.370000	0.520000	0.006381
0.370000	0.530000	0.006365
0.370000	0.540000	0.006343
0.370000	0.550000	0.006314
0.370000	0.560000	0.006279
0.370000	0.570000	0.006239
0.370000	0.580000	0.006192
0.370000	0.590000	0.006139
0.370000	0.600000	0.006080
0.370000	0.610000	0.006015
0.370000	0.620000	0.005944
0.370000	0.630000	0.005867
0.370000	0.640000	0.005785
0.370000	0.650000	0.005697
0.370000	0.660000	0.005603
0.370000	0.670000	0.005504
0.370000	0.680000	0.005399
0.370000	0.690000	0.005289
0.370000	0.700000	0.005174
0.370000	0.710000	0.005054
0.370000	0.720000	0.004929
0.370000	0.730000	0.004799
0.370000	0.740000	0.004664
0.370000	0.750000	0.004524
0.370000	0.760000	0.004380
0.370000	0.770000	0.004232
0.370000	0.780000	0.004079
0.370000	0.790000	0.003923
0.370000	0.800000	0.003762
0.370000	0.810000	0.003598
0.370000	0.820000	0.003430
0.370000	0.830000	0.003259
0.370000	0.840000	0.003085
0.370000	0.850000	0.002907
0.370000	0.860000	0.002727
0.370000	0.870000	0.002543
0.370000	0.880000	0.002358
0.370000	0.890000	0.002169
0.370000	0.900000	0.001979
0.370000	0.910000	0.001787
0.370000	0.920000	0.001593
0.370000	0.930000	0.001397
0.370000	0.940000	0.001200
0.370000	0.950000	0.001002
0.370000	0.960000	0.000803
0.370000	0.970000	0.000603
0.370000	0.980000	0.000402
0.370000	0.990000	0.000201
0.380000	0.500000	0.006657
0.380000	0.510000	0.006653
0.380000	0.520000	0.006643
0.380000	0.530000	0.006626
0.380000	0.540000	0.006603
0.380000	0.550000	0.006573
0.380000	0.560000	0.006537
0.380000	0.570000	0.006494
0.380000	0.580000	0.006446
0.380000	0.590000	0.006390
0.380000	0.600000	0.006329
0.380000	0.610000	0.006262
0.380000	0.620000	0.006188
0.380000	0.630000	0.006108
0.380000	0.640000	0.006022
0.380000	0.650000	0.005931
0.380000	0.660000	0.005833
0.380000	0.670000	0.005730
0.380000	0.680000	0.005621
0.380000	0.690000	0.005507
0.380000	0.700000	0.005387
0.380000	0.710000	0.005262
0.380000	0.720000	0.005131
0.380000	0.730000	0.004996
0.380000	0.740000	0.004856
0.380000	0.750000	0.004710
0.380000	0.760000	0.004561
0.380000	0.770000	0.004406
0.380000	0.780000	0.004247
0.380000	0.790000	0.004084
0.380000	0.800000	0.003917
0.380000	0.810000	0.003746
0.380000	0.820000	0.003572
0.380000	0.830000	0.003393
0.380000	0.840000	0.003212
0.380000	0.850000	0.003027
0.380000	0.860000	0.002839
0.380000	0.870000	0.002648
0.380000	0.880000	0.002455
0.380000	0.890000	0.002259
0.380000	0.900000	0.002061
0.380000	0.910000	0.001861
0.380000	0.920000	0.001659
0.380000	0.930000	0.001455
0.380000	0.940000	0.001250
0.380000	0.950000	0.001043
0.380000	0.960000	0.000836
0.380000	0.970000	0.000628
0.380000	0.980000	0.000419
0.380000	0.990000	0.000210
0.390000	0.500000	0.006927
0.390000	0.510000	0.006923
0.390000	0.520000	0.006912
0.390000	0.530000	0.006895
0.390000	0.540000	0.006870
0.390000	0.550000	0.006840
0.390000	0.560000	0.006802
0.390000	0.570000	0.006758
0.390000	0.580000	0.006707
0.390000	0.590000	0.006650
0.390000	0.600000	0.006586
0.390000	0.610000	0.006516
0.390000	0.620000	0.006439
0.390000	0.630000	0.006356
0.390000	0.640000	0.006267
0.390000	0.650000	0.006172
0.390000	0.660000	0.006071
0.390000	0.670000	0.005963
0.390000	0.680000	0.005850
0.390000	0.690000	0.005731
0.390000	0.700000	0.005606
0.390000	0.710000	0.005476
0.390000	0.720000	0.005340
0.390000	0.730000	0.005199
0.390000	0.740000	0.005053
0.390000	0.750000	0.004902
0.390000	0.760000	0.004746
0.390000	0.770000	0.004586
0.390000	0.780000	0.004420
0.390000	0.790000	0.004251
0.390000	0.800000	0.004077
0.390000	0.810000	0.003899
0.390000	0.820000	0.003717
0.390000	0.830000	0.003532
0.390000	0.840000	0.003343
0.390000	0.850000	0.003150
0.390000	0.860000	0.002955
0.390000	0.870000	0.002756
0.390000	0.880000	0.002555
0.390000	0.890000	0.002351
0.390000	0.900000	0.002145
0.390000	0.910000	0.001937
0.390000	0.920000	0.001726
0.390000	0.930000	0.001514
0.390000	0.940000	0.001301
0.390000	0.950000	0.001086
0.390000	0.960000	0.000870
0.390000	0.970000	0.000653
0.390000	0.980000	0.000436
0.390000	0.990000	0.000218
0.400000	0.500000	0.007205
0.400000	0.510000	0.007201
0.400000	0.520000	0.007190
0.400000	0.530000	0.007172
0.400000	0.540000	0.007147
0.400000	0.550000	0.007115
0.400000	0.560000	0.007076
0.400000	0.570000	0.007030
0.400000	0.580000	0.006977
0.400000	0.590000	0.006918
0.400000	0.600000	0.006851
0.400000	0.610000	0.006778
0.400000	0.620000	0.006699
0.400000	0.630000	0.006612
0.400000	0.640000	0.006520
0.400000	0.650000	0.006421
0.400000	0.660000	0.006315
0.400000	0.670000	0.006204
0.400000	0.680000	0.006086
0.400000	0.690000	0.005962
0.400000	0.700000	0.005832
0.400000	0.710000	0.005697
0.400000	0.720000	0.005556
0.400000	0.730000	0.005409
0.400000	0.740000	0.005257
0.400000	0.750000	0.005100
0.400000	0.760000	0.004938
0.400000	0.770000	0.004771
0.400000	0.780000	0.004599
0.400000	0.790000	0.004422
0.400000	0.800000	0.004242
0.400000	0.810000	0.004057
0.400000	0.820000	0.003867
0.400000	0.830000	0.003674
0.400000	0.840000	0.003478
0.400000	0.850000	0.003278
0.400000	0.860000	0.003074
0.400000	0.870000	0.002868
0.400000	0.880000	0.002658
0.400000	0.890000	0.002446
0.400000	0.900000	0.002232
0.400000	0.910000	0.002015
0.400000	0.920000	0.001796
0.400000	0.930000	0.001576
0.400000	0.940000	0.001353
0.400000	0.950000	0.001130
0.400000	0.960000	0.000905
0.400000	0.970000	0.000680
0.400000	0.980000	0.000454
0.400000	0.990000	0.000227
0.410000	0.500000	0.007492
0.410000	0.510000	0.007487
0.410000	0.520000	0.007476
0.410000	0.530000	0.007457
0.410000	0.540000	0.007431
0.410000	0.550000	0.007398
0.410000	0.560000	0.007358
0.410000	0.570000	0.007310
0.410000	0.580000	0.007255
0.410000	0.590000	0.007193
0.410000	0.600000	0.007125
0.410000	0.610000	0.007049
0.410000	0.620000	0.006966
0.410000	0.630000	0.006876
0.410000	0.640000	0.006780
0.410000	0.650000	0.006677
0.410000	0.660000	0.006568
0.410000	0.670000	0.006451
0.410000	0.680000	0.006329
0.410000	0.690000	0.006200
0.410000	0.700000	0.006066
0.410000	0.710000	0.005925
0.410000	0.720000	0.005778
0.410000	0.730000	0.005626
0.410000	0.740000	0.005468
0.410000	0.750000	0.005304
0.410000	0.760000	0.005136
0.410000	0.770000	0.004962
0.410000	0.780000	0.004783
0.410000	0.790000	0.004600
0.410000	0.800000	0.004412
0.410000	0.810000	0.004219
0.410000	0.820000	0.004022
0.410000	0.830000	0.003822
0.410000	0.840000	0.003617
0.410000	0.850000	0.003409
0.410000	0.860000	0.003197
0.410000	0.870000	0.002983
0.410000	0.880000	0.002765
0.410000	0.890000	0.002544
0.410000	0.900000	0.002321
0.410000	0.910000	0.002096
0.410000	0.920000	0.001868
0.410000	0.930000	0.001639
0.410000	0.940000	0.001408
0.410000	0.950000	0.001175
0.410000	0.960000	0.000942
0.410000	0.970000	0.000707
0.410000	0.980000	0.000472
0.410000	0.990000	0.000236
0.420000	0.500000	0.007787
0.420000	0.510000	0.007783
0.420000	0.520000	0.007771
0.420000	0.530000	0.007752
0.420000	0.540000	0.007725
0.420000	0.550000	0.007690
0.420000	0.560000	0.007648
0.420000	0.570000	0.007599
0.420000	0.580000	0.007542
0.420000	0.590000	0.007478
0.420000	0.600000	0.007407
0.420000	0.610000	0.007328
0.420000	0.620000	0.007242
0.420000	0.630000	0.007149
0.420000	0.640000	0.007049
0.420000	0.650000	0.006942
0.420000	0.660000	0.006828
0.420000	0.670000	0.006707
0.420000	0.680000	0.006580
0.420000	0.690000	0.006446
0.420000	0.700000	0.006306
0.420000	0.710000	0.006160
0.420000	0.720000	0.006007
0.420000	0.730000	0.005849
0.420000	0.740000	0.005685
0.420000	0.750000	0.005515
0.420000	0.760000	0.005340
0.420000	0.770000	0.005159
0.420000	0.780000	0.004973
0.420000	0.790000	0.004782
0.420000	0.800000	0.004587
0.420000	0.810000	0.004387
0.420000	0.820000	0.004182
0.420000	0.830000	0.003974
0.420000	0.840000	0.003761
0.420000	0.850000	0.003544
0.420000	0.860000	0.003324
0.420000	0.870000	0.003101
0.420000	0.880000	0.002875
0.420000	0.890000	0.002645
0.420000	0.900000	0.002413
0.420000	0.910000	0.002179
0.420000	0.920000	0.001943
0.420000	0.930000	0.001704
0.420000	0.940000	0.001464
0.420000	0.950000	0.001222
0.420000	0.960000	0.000979
0.420000	0.970000	0.000735
0.420000	0.980000	0.000491
0.420000	0.990000	0.000245
0.430000	0.500000	0.008092
0.430000	0.510000	0.008088
0.430000	0.520000	0.008076
0.430000	0.530000	0.008056
0.430000	0.540000	0.008028
0.430000	0.550000	0.007992
0.430000	0.560000	0.007948
0.430000	0.570000	0.007897
0.430000	0.580000	0.007838
0.430000	0.590000	0.007772
0.430000	0.600000	0.007697
0.430000	0.610000	0.007616
0.430000	0.620000	0.007526
0.430000	0.630000	0.007430
0.430000	0.640000	0.007326
0.430000	0.650000	0.007215
0.430000	0.660000	0.007096
0.430000	0.670000	0.006971
0.430000	0.680000	0.006839
0.430000	0.690000	0.006700
0.430000	0.700000	0.006554
0.430000	0.710000	0.006402
0.430000	0.720000	0.006244
0.430000	0.730000	0.006079
0.430000	0.740000	0.005909
0.430000	0.750000	0.005732
0.430000	0.760000	0.005550
0.430000	0.770000	0.005362
0.430000	0.780000	0.005169
0.430000	0.790000	0.004971
0.430000	0.800000	0.004768
0.430000	0.810000	0.004560
0.430000	0.820000	0.004347
0.430000	0.830000	0.004130
0.430000	0.840000	0.003909
0.430000	0.850000	0.003684
0.430000	0.860000	0.003456
0.430000	0.870000	0.003224
0.430000	0.880000	0.002988
0.430000	0.890000	0.002750
0.430000	0.900000	0.002509
0.430000	0.910000	0.002265
0.430000	0.920000	0.002019
0.430000	0.930000	0.001771
0.430000	0.940000	0.001522
0.430000	0.950000	0.001270
0.430000	0.960000	0.001018
0.430000	0.970000	0.000764
0.430000	0.980000	0.000510
0.430000	0.990000	0.000255
0.440000	0.500000	0.008407
0.440000	0.510000	0.008402
0.440000	0.520000	0.008390
0.440000	0.530000	0.008369
0.440000	0.540000	0.008340
0.440000	0.550000	0.008303
0.440000	0.560000	0.008258
0.440000	0.570000	0.008205
0.440000	0.580000	0.008144
0.440000	0.590000	0.008074
0.440000	0.600000	0.007997
0.440000	0.610000	0.007912
0.440000	0.620000	0.007820
0.440000	0.630000	0.007719
0.440000	0.640000	0.007612
0.440000	0.650000	0.007496
0.440000	0.660000	0.007373
0.440000	0.670000	0.007243
0.440000	0.680000	0.007106
0.440000	0.690000	0.006962
0.440000	0.700000	0.006811
0.440000	0.710000	0.006653
0.440000	0.720000	0.006488
0.440000	0.730000	0.006317
0.440000	0.740000	0.006140
0.440000	0.750000	0.005956
0.440000	0.760000	0.005767
0.440000	0.770000	0.005572
0.440000	0.780000	0.005371
0.440000	0.790000	0.005165
0.440000	0.800000	0.004954
0.440000	0.810000	0.004738
0.440000	0.820000	0.004517
0.440000	0.830000	0.004292
0.440000	0.840000	0.004062
0.440000	0.850000	0.003829
0.440000	0.860000	0.003591
0.440000	0.870000	0.003350
0.440000	0.880000	0.003105
0.440000	0.890000	0.002858
0.440000	0.900000	0.002607
0.440000	0.910000	0.002354
0.440000	0.920000	0.002098
0.440000	0.930000	0.001841
0.440000	0.940000	0.001581
0.440000	0.950000	0.001320
0.440000	0.960000	0.001058
0.440000	0.970000	0.000794
0.440000	0.980000	0.000530
0.440000	0.990000	0.000265
0.450000	0.500000	0.008732
0.450000	0.510000	0.008727
0.450000	0.520000	0.008714
0.450000	0.530000	0.008692
0.450000	0.540000	0.008662
0.450000	0.550000	0.008624
0.450000	0.560000	0.008577
0.450000	0.570000	0.008522
0.450000	0.580000	0.008459
0.450000	0.590000	0.008387
0.450000	0.600000	0.008307
0.450000	0.610000	0.008219
0.450000	0.620000	0.008123
0.450000	0.630000	0.008019
0.450000	0.640000	0.007907
0.450000	0.650000	0.007787
0.450000	0.660000	0.007659
0.450000	0.670000	0.007524
0.450000	0.680000	0.007382
0.450000	0.690000	0.007232
0.450000	0.700000	0.007075
0.450000	0.710000	0.006911
0.450000	0.720000	0.006740
0.450000	0.730000	0.006562
0.450000	0.740000	0.006378
0.450000	0.750000	0.006188
0.450000	0.760000	0.005991
0.450000	0.770000	0.005789
0.450000	0.780000	0.005580
0.450000	0.790000	0.005366
0.450000	0.800000	0.005147
0.450000	0.810000	0.004923
0.450000	0.820000	0.004693
0.450000	0.830000	0.004459
0.450000	0.840000	0.004220
0.450000	0.850000	0.003978
0.450000	0.860000	0.003731
0.450000	0.870000	0.003480
0.450000	0.880000	0.003226
0.450000	0.890000	0.002969
0.450000	0.900000	0.002709
0.450000	0.910000	0.002446
0.450000	0.920000	0.002180
0.450000	0.930000	0.001912
0.450000	0.940000	0.001643
0.450000	0.950000	0.001372
0.450000	0.960000	0.001099
0.450000	0.970000	0.000825
0.450000	0.980000	0.000551
0.450000	0.990000	0.000275
0.460000	0.500000	0.009066
0.460000	0.510000	0.009062
0.460000	0.520000	0.009048
0.460000	0.530000	0.009026
0.460000	0.540000	0.008995
0.460000	0.550000	0.008955
0.460000	0.560000	0.008907
0.460000	0.570000	0.008850
0.460000	0.580000	0.008784
0.460000	0.590000	0.008709
0.460000	0.600000	0.008627
0.460000	0.610000	0.008535
0.460000	0.620000	0.008435
0.460000	0.630000	0.008327
0.460000	0.640000	0.008211
0.460000	0.650000	0.008087
0.460000	0.660000	0.007954
0.460000	0.670000	0.007814
0.460000	0.680000	0.007666
0.460000	0.690000	0.007511
0.460000	0.700000	0.007348
0.460000	0.710000	0.007177
0.460000	0.720000	0.007000
0.460000	0.730000	0.006816
0.460000	0.740000	0.006625
0.460000	0.750000	0.006427
0.460000	0.760000	0.006223
0.460000	0.770000	0.006012
0.460000	0.780000	0.005796
0.460000	0.790000	0.005574
0.460000	0.800000	0.005346
0.460000	0.810000	0.005113
0.460000	0.820000	0.004875
0.460000	0.830000	0.004631
0.460000	0.840000	0.004384
0.460000	0.850000	0.004132
0.460000	0.860000	0.003875
0.460000	0.870000	0.003615
0.460000	0.880000	0.003351
0.460000	0.890000	0.003084
0.460000	0.900000	0.002813
0.460000	0.910000	0.002540
0.460000	0.920000	0.002265
0.460000	0.930000	0.001986
0.460000	0.940000	0.001706
0.460000	0.950000	0.001425
0.460000	0.960000	0.001141
0.460000	0.970000	0.000857
0.460000	0.980000	0.000572
0.460000	0.990000	0.000286
0.470000	0.500000	0.009412
0.470000	0.510000	0.009407
0.470000	0.520000	0.009393
0.470000	0.530000	0.009370
0.470000	0.540000	0.009338
0.470000	0.550000	0.009297
0.470000	0.560000	0.009247
0.470000	0.570000	0.009188
0.470000	0.580000	0.009119
0.470000	0.590000	0.009042
0.470000	0.600000	0.008956
0.470000	0.610000	0.008862
0.470000	0.620000	0.008758
0.470000	0.630000	0.008646
0.470000	0.640000	0.008525
0.470000	0.650000	0.008396
0.470000	0.660000	0.008259
0.470000	0.670000	0.008113
0.470000	0.680000	0.007960
0.470000	0.690000	0.007799
0.470000	0.700000	0.007629
0.470000	0.710000	0.007453
0.470000	0.720000	0.007269
0.470000	0.730000	0.007077
0.470000	0.740000	0.006879
0.470000	0.750000	0.006673
0.470000	0.760000	0.006462
0.470000	0.770000	0.006243
0.470000	0.780000	0.006019
0.470000	0.790000	0.005788
0.470000	0.800000	0.005551
0.470000	0.810000	0.005309
0.470000	0.820000	0.005062
0.470000	0.830000	0.004810
0.470000	0.840000	0.004552
0.470000	0.850000	0.004290
0.470000	0.860000	0.004024
0.470000	0.870000	0.003754
0.470000	0.880000	0.003480
0.470000	0.890000	0.003202
0.470000	0.900000	0.002922
0.470000	0.910000	0.002638
0.470000	0.920000	0.002352
0.470000	0.930000	0.002063
0.470000	0.940000	0.001772
0.470000	0.950000	0.001480
0.470000	0.960000	0.001185
0.470000	0.970000	0.000890
0.470000	0.980000	0.000594
0.470000	0.990000	0.000297
0.480000	0.500000	0.009768
0.480000	0.510000	0.009764
0.480000	0.520000	0.009749
0.480000	0.530000	0.009726
0.480000	0.540000	0.009693
0.480000	0.550000	0.009650
0.480000	0.560000	0.009598
0.480000	0.570000	0.009537
0.480000	0.580000	0.009466
0.480000	0.590000	0.009386
0.480000	0.600000	0.009297
0.480000	0.610000	0.009198
0.480000	0.620000	0.009091
0.480000	0.630000	0.008975
0.480000	0.640000	0.008850
0.480000	0.650000	0.008716
0.480000	0.660000	0.008573
0.480000	0.670000	0.008422
0.480000	0.680000	0.008263
0.480000	0.690000	0.008096
0.480000	0.700000	0.007920
0.480000	0.710000	0.007737
0.480000	0.720000	0.007546
0.480000	0.730000	0.007347
0.480000	0.740000	0.007141
0.480000	0.750000	0.006928
0.480000	0.760000	0.006708
0.480000	0.770000	0.006482
0.480000	0.780000	0.006248
0.480000	0.790000	0.006009
0.480000	0.800000	0.005763
0.480000	0.810000	0.005512
0.480000	0.820000	0.005255
0.480000	0.830000	0.004993
0.480000	0.840000	0.004726
0.480000	0.850000	0.004454
0.480000	0.860000	0.004178
0.480000	0.870000	0.003898
0.480000	0.880000	0.003613
0.480000	0.890000	0.003325
0.480000	0.900000	0.003034
0.480000	0.910000	0.002739
0.480000	0.920000	0.002442
0.480000	0.930000	0.002142
0.480000	0.940000	0.001840
0.480000	0.950000	0.001536
0.480000	0.960000	0.001231
0.480000	0.970000	0.000924
0.480000	0.980000	0.000617
0.480000	0.990000	0.000308
0.490000	0.500000	0.010136
0.490000	0.510000	0.010132
0.490000	0.520000	0.010117
0.490000	0.530000	0.010092
0.490000	0.540000	0.010058
0.490000	0.550000	0.010014
0.490000	0.560000	0.009960
0.490000	0.570000	0.009897
0.490000	0.580000	0.009823
0.490000	0.590000	0.009741
0.490000	0.600000	0.009648
0.490000	0.610000	0.009546
0.490000	0.620000	0.009435
0.490000	0.630000	0.009314
0.490000	0.640000	0.009185
0.490000	0.650000	0.009046
0.490000	0.660000	0.008898
0.490000	0.670000	0.008742
0.490000	0.680000	0.008576
0.490000	0.690000	0.008403
0.490000	0.700000	0.008220
0.490000	0.710000	0.008030
0.490000	0.720000	0.007832
0.490000	0.730000	0.007626
0.490000	0.740000	0.007412
0.490000	0.750000	0.007191
0.490000	0.760000	0.006963
0.490000	0.770000	0.006728
0.490000	0.780000	0.006486
0.490000	0.790000	0.006237
0.490000	0.800000	0.005983
0.490000	0.810000	0.005722
0.490000	0.820000	0.005455
0.490000	0.830000	0.005183
0.490000	0.840000	0.004906
0.490000	0.850000	0.004624
0.490000	0.860000	0.004337
0.490000	0.870000	0.004046
0.490000	0.880000	0.003751
0.490000	0.890000	0.003452
0.490000	0.900000	0.003149
0.490000	0.910000	0.002843
0.490000	0.920000	0.002535
0.490000	0.930000	0.002223
0.490000	0.940000	0.001910
0.490000	0.950000	0.001595
0.490000	0.960000	0.001278
0.490000	0.970000	0.000959
0.490000	0.980000	0.000640
0.490000	0.990000	0.000320
0.500000	0.500000	0.010516
0.500000	0.510000	0.010511
0.500000	0.520000	0.010496
0.500000	0.530000	0.010471
0.500000	0.540000	0.010436
0.500000	0.550000	0.010390
0.500000	0.560000	0.010334
0.500000	0.570000	0.010268
0.500000	0.580000	0.010193
0.500000	0.590000	0.010107
0.500000	0.600000	0.010011
0.500000	0.610000	0.009905
0.500000	0.620000	0.009790
0.500000	0.630000	0.009665
0.500000	0.640000	0.009530
0.500000	0.650000	0.009387
0.500000	0.660000	0.009233
0.500000	0.670000	0.009071
0.500000	0.680000	0.008900
0.500000	0.690000	0.008719
0.500000	0.700000	0.008531
0.500000	0.710000	0.008333
0.500000	0.720000	0.008128
0.500000	0.730000	0.007914
0.500000	0.740000	0.007692
0.500000	0.750000	0.007463
0.500000	0.760000	0.007226
0.500000	0.770000	0.006982
0.500000	0.780000	0.006731
0.500000	0.790000	0.006473
0.500000	0.800000	0.006209
0.500000	0.810000	0.005938
0.500000	0.820000	0.005662
0.500000	0.830000	0.005379
0.500000	0.840000	0.005092
0.500000	0.850000	0.004799
0.500000	0.860000	0.004501
0.500000	0.870000	0.004199
0.500000	0.880000	0.003893
0.500000	0.890000	0.003582
0.500000	0.900000	0.003268
0.500000	0.910000	0.002951
0.500000	0.920000	0.002631
0.500000	0.930000	0.002308
0.500000	0.940000	0.001982
0.500000	0.950000	0.001655
0.500000	0.960000	0.001326
0.500000	0.970000	0.000996
0.500000	0.980000	0.000664
0.500000	0.990000	0.000332
0.510000	0.500000	0.010908
0.510000	0.510000	0.010903
0.510000	0.520000	0.010888
0.510000	0.530000	0.010862
0.510000	0.540000	0.010825
0.510000	0.550000	0.010778
0.510000	0.560000	0.010720
0.510000	0.570000	0.010652
0.510000	0.580000	0.010574
0.510000	0.590000	0.010485
0.510000	0.600000	0.010386
0.510000	0.610000	0.010276
0.510000	0.620000	0.010157
0.510000	0.630000	0.010027
0.510000	0.640000	0.009888
0.510000	0.650000	0.009738
0.510000	0.660000	0.009580
0.510000	0.670000	0.009411
0.510000	0.680000	0.009234
0.510000	0.690000	0.009047
0.510000	0.700000	0.008851
0.510000	0.710000	0.008646
0.510000	0.720000	0.008433
0.510000	0.730000	0.008211
0.510000	0.740000	0.007981
0.510000	0.750000	0.007743
0.510000	0.760000	0.007498
0.510000	0.770000	0.007245
0.510000	0.780000	0.006984
0.510000	0.790000	0.006717
0.510000	0.800000	0.006442
0.510000	0.810000	0.006162
0.510000	0.820000	0.005875
0.510000	0.830000	0.005582
0.510000	0.840000	0.005284
0.510000	0.850000	0.004980
0.510000	0.860000	0.004671
0.510000	0.870000	0.004357
0.510000	0.880000	0.004039
0.510000	0.890000	0.003717
0.510000	0.900000	0.003391
0.510000	0.910000	0.003062
0.510000	0.920000	0.002730
0.510000	0.930000	0.002395
0.510000	0.940000	0.002057
0.510000	0.950000	0.001717
0.510000	0.960000	0.001376
0.510000	0.970000	0.001033
0.510000	0.980000	0.000689
0.510000	0.990000	0.000345
0.520000	0.500000	0.011313
0.520000	0.510000	0.011308
0.520000	0.520000	0.011292
0.520000	0.530000	0.011265
0.520000	0.540000	0.011228
0.520000	0.550000	0.011179
0.520000	0.560000	0.011119
0.520000	0.570000	0.011049
0.520000	0.580000	0.010967
0.520000	0.590000	0.010875
0.520000	0.600000	0.010772
0.520000	0.610000	0.010659
0.520000	0.620000	0.010535
0.520000	0.630000	0.010401
0.520000	0.640000	0.010256
0.520000	0.650000	0.010102
0.520000	0.660000	0.009937
0.520000	0.670000	0.009763
0.520000	0.680000	0.009578
0.520000	0.690000	0.009385
0.520000	0.700000	0.009182
0.520000	0.710000	0.008969
0.520000	0.720000	0.008748
0.520000	0.730000	0.008518
0.520000	0.740000	0.008280
0.520000	0.750000	0.008033
0.520000	0.760000	0.007778
0.520000	0.770000	0.007516
0.520000	0.780000	0.007246
0.520000	0.790000	0.006968
0.520000	0.800000	0.006684
0.520000	0.810000	0.006393
0.520000	0.820000	0.006095
0.520000	0.830000	0.005791
0.520000	0.840000	0.005482
0.520000	0.850000	0.005166
0.520000	0.860000	0.004846
0.520000	0.870000	0.004521
0.520000	0.880000	0.004191
0.520000	0.890000	0.003857
0.520000	0.900000	0.003519
0.520000	0.910000	0.003177
0.520000	0.920000	0.002832
0.520000	0.930000	0.002485
0.520000	0.940000	0.002134
0.520000	0.950000	0.001782
0.520000	0.960000	0.001428
0.520000	0.970000	0.001072
0.520000	0.980000	0.000715
0.520000	0.990000	0.000358
0.530000	0.500000	0.011731
0.530000	0.510000	0.011726
0.530000	0.520000	0.011710
0.530000	0.530000	0.011682
0.530000	0.540000	0.011643
0.530000	0.550000	0.011592
0.530000	0.560000	0.011531
0.530000	0.570000	0.011458
0.530000	0.580000	0.011374
0.530000	0.590000	0.011278
0.530000	0.600000	0.011172
0.530000	0.610000	0.011054
0.530000	0.620000	0.010926
0.530000	0.630000	0.010787
0.530000	0.640000	0.010637
0.530000	0.650000	0.010477
0.530000	0.660000	0.010306
0.530000	0.670000	0.010125
0.530000	0.680000	0.009935
0.530000	0.690000	0.009734
0.530000	0.700000	0.009523
0.530000	0.710000	0.009303
0.530000	0.720000	0.009074
0.530000	0.730000	0.008836
0.530000	0.740000	0.008588
0.530000	0.750000	0.008332
0.530000	0.760000	0.008068
0.530000	0.770000	0.007796
0.530000	0.780000	0.007516
0.530000	0.790000	0.007228
0.530000	0.800000	0.006933
0.530000	0.810000	0.006631
0.530000	0.820000	0.006323
0.530000	0.830000	0.006007
0.530000	0.840000	0.005686
0.530000	0.850000	0.005359
0.530000	0.860000	0.005027
0.530000	0.870000	0.004690
0.530000	0.880000	0.004348
0.530000	0.890000	0.004001
0.530000	0.900000	0.003650
0.530000	0.910000	0.003296
0.530000	0.920000	0.002938
0.530000	0.930000	0.002578
0.530000	0.940000	0.002214
0.530000	0.950000	0.001849
0.530000	0.960000	0.001481
0.530000	0.970000	0.001112
0.530000	0.980000	0.000742
0.530000	0.990000	0.000371
0.540000	0.500000	0.012162
0.540000	0.510000	0.012157
0.540000	0.520000	0.012141
0.540000	0.530000	0.012112
0.540000	0.540000	0.012072
0.540000	0.550000	0.012020
0.540000	0.560000	0.011956
0.540000	0.570000	0.011880
0.540000	0.580000	0.011793
0.540000	0.590000	0.011694
0.540000	0.600000	0.011584
0.540000	0.610000	0.011463
0.540000	0.620000	0.011330
0.540000	0.630000	0.011186
0.540000	0.640000	0.011031
0.540000	0.650000	0.010865
0.540000	0.660000	0.010688
0.540000	0.670000	0.010500
0.540000	0.680000	0.010302
0.540000	0.690000	0.010094
0.540000	0.700000	0.009876
0.540000	0.710000	0.009648
0.540000	0.720000	0.009410
0.540000	0.730000	0.009163
0.540000	0.740000	0.008907
0.540000	0.750000	0.008642
0.540000	0.760000	0.008368
0.540000	0.770000	0.008086
0.540000	0.780000	0.007795
0.540000	0.790000	0.007497
0.540000	0.800000	0.007191
0.540000	0.810000	0.006878
0.540000	0.820000	0.006558
0.540000	0.830000	0.006231
0.540000	0.840000	0.005898
0.540000	0.850000	0.005559
0.540000	0.860000	0.005214
0.540000	0.870000	0.004864
0.540000	0.880000	0.004509
0.540000	0.890000	0.004150
0.540000	0.900000	0.003786
0.540000	0.910000	0.003419
0.540000	0.920000	0.003048
0.540000	0.930000	0.002673
0.540000	0.940000	0.002297
0.540000	0.950000	0.001917
0.540000	0.960000	0.001536
0.540000	0.970000	0.001154
0.540000	0.980000	0.000770
0.540000	0.990000	0.000385
0.550000	0.500000	0.012608
0.550000	0.510000	0.012603
0.550000	0.520000	0.012586
0.550000	0.530000	0.012556
0.550000	0.540000	0.012515
0.550000	0.550000	0.012461
0.550000	0.560000	0.012395
0.550000	0.570000	0.012317
0.550000	0.580000	0.012227
0.550000	0.590000	0.012124
0.550000	0.600000	0.012010
0.550000	0.610000	0.011884
0.550000	0.620000	0.011747
0.550000	0.630000	0.011598
0.550000	0.640000	0.011437
0.550000	0.650000	0.011265
0.550000	0.660000	0.011082
0.550000	0.670000	0.010887
0.550000	0.680000	0.010682
0.550000	0.690000	0.010467
0.550000	0.700000	0.010241
0.550000	0.710000	0.010004
0.550000	0.720000	0.009758
0.550000	0.730000	0.009502
0.550000	0.740000	0.009236
0.550000	0.750000	0.008961
0.550000	0.760000	0.008677
0.550000	0.770000	0.008385
0.550000	0.780000	0.008083
0.550000	0.790000	0.007774
0.550000	0.800000	0.007457
0.550000	0.810000	0.007132
0.550000	0.820000	0.006800
0.550000	0.830000	0.006462
0.550000	0.840000	0.006116
0.550000	0.850000	0.005765
0.550000	0.860000	0.005407
0.550000	0.870000	0.005045
0.550000	0.880000	0.004677
0.550000	0.890000	0.004304
0.550000	0.900000	0.003927
0.550000	0.910000	0.003545
0.550000	0.920000	0.003161
0.550000	0.930000	0.002773
0.550000	0.940000	0.002382
0.550000	0.950000	0.001989
0.550000	0.960000	0.001593
0.550000	0.970000	0.001196
0.550000	0.980000	0.000798
0.550000	0.990000	0.000399
0.560000	0.500000	0.013068
0.560000	0.510000	0.013063
0.560000	0.520000	0.013045
0.560000	0.530000	0.013015
0.560000	0.540000	0.012972
0.560000	0.550000	0.012916
0.560000	0.560000	0.012848
0.560000	0.570000	0.012767
0.560000	0.580000	0.012674
0.560000	0.590000	0.012568
0.560000	0.600000	0.012450
0.560000	0.610000	0.012320
0.560000	0.620000	0.012177
0.560000	0.630000	0.012023
0.560000	0.640000	0.011856
0.560000	0.650000	0.011678
0.560000	0.660000	0.011489
0.560000	0.670000	0.011287
0.560000	0.680000	0.011075
0.560000	0.690000	0.010852
0.560000	0.700000	0.010617
0.560000	0.710000	0.010372
0.560000	0.720000	0.010117
0.560000	0.730000	0.009852
0.560000	0.740000	0.009576
0.560000	0.750000	0.009291
0.560000	0.760000	0.008997
0.560000	0.770000	0.008694
0.560000	0.780000	0.008382
0.560000	0.790000	0.008061
0.560000	0.800000	0.007732
0.560000	0.810000	0.007396
0.560000	0.820000	0.007051
0.560000	0.830000	0.006700
0.560000	0.840000	0.006342
0.560000	0.850000	0.005978
0.560000	0.860000	0.005607
0.560000	0.870000	0.005231
0.560000	0.880000	0.004849
0.560000	0.890000	0.004463
0.560000	0.900000	0.004072
0.560000	0.910000	0.003677
0.560000	0.920000	0.003278
0.560000	0.930000	0.002875
0.560000	0.940000	0.002470
0.560000	0.950000	0.002062
0.560000	0.960000	0.001652
0.560000	0.970000	0.001241
0.560000	0.980000	0.000828
0.560000	0.990000	0.000414
0.570000	0.500000	0.013543
0.570000	0.510000	0.013538
0.570000	0.520000	0.013520
0.570000	0.530000	0.013488
0.570000	0.540000	0.013444
0.570000	0.550000	0.013387
0.570000	0.560000	0.013316
0.570000	0.570000	0.013233
0.570000	0.580000	0.013136
0.570000	0.590000	0.013027
0.570000	0.600000	0.012905
0.570000	0.610000	0.012770
0.570000	0.620000	0.012622
0.570000	0.630000	0.012462
0.570000	0.640000	0.012290
0.570000	0.650000	0.012105
0.570000	0.660000	0.011909
0.570000	0.670000	0.011701
0.570000	0.680000	0.011481
0.570000	0.690000	0.011249
0.570000	0.700000	0.011006
0.570000	0.710000	0.010753
0.570000	0.720000	0.010488
0.570000	0.730000	0.010213
0.570000	0.740000	0.009928
0.570000	0.750000	0.009632
0.570000	0.760000	0.009327
0.570000	0.770000	0.009013
0.570000	0.780000	0.008689
0.570000	0.790000	0.008357
0.570000	0.800000	0.008016
0.570000	0.810000	0.007668
0.570000	0.820000	0.007311
0.570000	0.830000	0.006947
0.570000	0.840000	0.006576
0.570000	0.850000	0.006198
0.570000	0.860000	0.005814
0.570000	0.870000	0.005424
0.570000	0.880000	0.005028
0.570000	0.890000	0.004627
0.570000	0.900000	0.004222
0.570000	0.910000	0.003812
0.570000	0.920000	0.003398
0.570000	0.930000	0.002981
0.570000	0.940000	0.002561
0.570000	0.950000	0.002138
0.570000	0.960000	0.001713
0.570000	0.970000	0.001286
0.570000	0.980000	0.000858
0.570000	0.990000	0.000429
0.580000	0.500000	0.014033
0.580000	0.510000	0.014028
0.580000	0.520000	0.014010
0.580000	0.530000	0.013977
0.580000	0.540000	0.013932
0.580000	0.550000	0.013873
0.580000	0.560000	0.013800
0.580000	0.570000	0.013713
0.580000	0.580000	0.013614
0.580000	0.590000	0.013500
0.580000	0.600000	0.013374
0.580000	0.610000	0.013234
0.580000	0.620000	0.013082
0.580000	0.630000	0.012916
0.580000	0.640000	0.012738
0.580000	0.650000	0.012547
0.580000	0.660000	0.012343
0.580000	0.670000	0.012127
0.580000	0.680000	0.011900
0.580000	0.690000	0.011660
0.580000	0.700000	0.011408
0.580000	0.710000	0.011145
0.580000	0.720000	0.010871
0.580000	0.730000	0.010586
0.580000	0.740000	0.010291
0.580000	0.750000	0.009985
0.580000	0.760000	0.009669
0.580000	0.770000	0.009343
0.580000	0.780000	0.009008
0.580000	0.790000	0.008663
0.580000	0.800000	0.008310
0.580000	0.810000	0.007949
0.580000	0.820000	0.007579
0.580000	0.830000	0.007202
0.580000	0.840000	0.006817
0.580000	0.850000	0.006425
0.580000	0.860000	0.006027
0.580000	0.870000	0.005623
0.580000	0.880000	0.005213
0.580000	0.890000	0.004797
0.580000	0.900000	0.004377
0.580000	0.910000	0.003952
0.580000	0.920000	0.003523
0.580000	0.930000	0.003091
0.580000	0.940000	0.002655
0.580000	0.950000	0.002217
0.580000	0.960000	0.001776
0.580000	0.970000	0.001334
0.580000	0.980000	0.000890
0.580000	0.990000	0.000445
0.590000	0.500000	0.014539
0.590000	0.510000	0.014534
0.590000	0.520000	0.014516
0.590000	0.530000	0.014483
0.590000	0.540000	0.014435
0.590000	0.550000	0.014374
0.590000	0.560000	0.014299
0.590000	0.570000	0.014210
0.590000	0.580000	0.014107
0.590000	0.590000	0.013990
0.590000	0.600000	0.013859
0.590000	0.610000	0.013714
0.590000	0.620000	0.013556
0.590000	0.630000	0.013385
0.590000	0.640000	0.013200
0.590000	0.650000	0.013003
0.590000	0.660000	0.012792
0.590000	0.670000	0.012568
0.590000	0.680000	0.012332
0.590000	0.690000	0.012084
0.590000	0.700000	0.011824
0.590000	0.710000	0.011551
0.590000	0.720000	0.011268
0.590000	0.730000	0.010972
0.590000	0.740000	0.010666
0.590000	0.750000	0.010349
0.590000	0.760000	0.010022
0.590000	0.770000	0.009684
0.590000	0.780000	0.009337
0.590000	0.790000	0.008980
0.590000	0.800000	0.008614
0.590000	0.810000	0.008239
0.590000	0.820000	0.007856
0.590000	0.830000	0.007465
0.590000	0.840000	0.007066
0.590000	0.850000	0.006660
0.590000	0.860000	0.006247
0.590000	0.870000	0.005828
0.590000	0.880000	0.005403
0.590000	0.890000	0.004973
0.590000	0.900000	0.004537
0.590000	0.910000	0.004097
0.590000	0.920000	0.003652
0.590000	0.930000	0.003204
0.590000	0.940000	0.002752
0.590000	0.950000	0.002298
0.590000	0.960000	0.001841
0.590000	0.970000	0.001383
0.590000	0.980000	0.000922
0.590000	0.990000	0.000461
0.600000	0.500000	0.015062
0.600000	0.510000	0.015057
0.600000	0.520000	0.015038
0.600000	0.530000	0.015004
0.600000	0.540000	0.014956
0.600000	0.550000	0.014892
0.600000	0.560000	0.014815
0.600000	0.570000	0.014723
0.600000	0.580000	0.014616
0.600000	0.590000	0.014495
0.600000	0.600000	0.014360
0.600000	0.610000	0.014210
0.600000	0.620000	0.014047
0.600000	0.630000	0.013869
0.600000	0.640000	0.013678
0.600000	0.650000	0.013474
0.600000	0.660000	0.013255
0.600000	0.670000	0.013024
0.600000	0.680000	0.012780
0.600000	0.690000	0.012523
0.600000	0.700000	0.012253
0.600000	0.710000	0.011971
0.600000	0.720000	0.011677
0.600000	0.730000	0.011371
0.600000	0.740000	0.011054
0.600000	0.750000	0.010725
0.600000	0.760000	0.010386
0.600000	0.770000	0.010036
0.600000	0.780000	0.009676
0.600000	0.790000	0.009307
0.600000	0.800000	0.008928
0.600000	0.810000	0.008539
0.600000	0.820000	0.008142
0.600000	0.830000	0.007737
0.600000	0.840000	0.007324
0.600000	0.850000	0.006903
0.600000	0.860000	0.006475
0.600000	0.870000	0.006041
0.600000	0.880000	0.005601
0.600000	0.890000	0.005154
0.600000	0.900000	0.004703
0.600000	0.910000	0.004246
0.600000	0.920000	0.003786
0.600000	0.930000	0.003321
0.600000	0.940000	0.002853
0.600000	0.950000	0.002382
0.600000	0.960000	0.001908
0.600000	0.970000	0.001433
0.600000	0.980000	0.000956
0.600000	0.990000	0.000478
0.610000	0.500000	0.015602
0.610000	0.510000	0.015597
0.610000	0.520000	0.015578
0.610000	0.530000	0.015543
0.610000	0.540000	0.015493
0.610000	0.550000	0.015428
0.610000	0.560000	0.015347
0.610000	0.570000	0.015252
0.610000	0.580000	0.015142
0.610000	0.590000	0.015017
0.610000	0.600000	0.014877
0.610000	0.610000	0.014722
0.610000	0.620000	0.014553
0.610000	0.630000	0.014370
0.610000	0.640000	0.014172
0.610000	0.650000	0.013960
0.610000	0.660000	0.013734
0.610000	0.670000	0.013495
0.610000	0.680000	0.013242
0.610000	0.690000	0.012976
0.610000	0.700000	0.012696
0.610000	0.710000	0.012404
0.610000	0.720000	0.012100
0.610000	0.730000	0.011783
0.610000	0.740000	0.011454
0.610000	0.750000	0.011114
0.610000	0.760000	0.010763
0.610000	0.770000	0.010401
0.610000	0.780000	0.010028
0.610000	0.790000	0.009645
0.610000	0.800000	0.009252
0.610000	0.810000	0.008849
0.610000	0.820000	0.008438
0.610000	0.830000	0.008018
0.610000	0.840000	0.007590
0.610000	0.850000	0.007154
0.610000	0.860000	0.006711
0.610000	0.870000	0.006261
0.610000	0.880000	0.005804
0.610000	0.890000	0.005342
0.610000	0.900000	0.004874
0.610000	0.910000	0.004401
0.610000	0.920000	0.003923
0.610000	0.930000	0.003442
0.610000	0.940000	0.002957
0.610000	0.950000	0.002469
0.610000	0.960000	0.001978
0.610000	0.970000	0.001485
0.610000	0.980000	0.000991
0.610000	0.990000	0.000496
0.620000	0.500000	0.016159
0.620000	0.510000	0.016155
0.620000	0.520000	0.016135
0.620000	0.530000	0.016099
0.620000	0.540000	0.016047
0.620000	0.550000	0.015980
0.620000	0.560000	0.015897
0.620000	0.570000	0.015799
0.620000	0.580000	0.015685
0.620000	0.590000	0.015556
0.620000	0.600000	0.015411
0.620000	0.610000	0.015251
0.620000	0.620000	0.015077
0.620000	0.630000	0.014887
0.620000	0.640000	0.014682
0.620000	0.650000	0.014463
0.620000	0.660000	0.014229
0.620000	0.670000	0.013981
0.620000	0.680000	0.013719
0.620000	0.690000	0.013444
0.620000	0.700000	0.013155
0.620000	0.710000	0.012852
0.620000	0.720000	0.012537
0.620000	0.730000	0.012209
0.620000	0.740000	0.011869
0.620000	0.750000	0.011516
0.620000	0.760000	0.011152
0.620000	0.770000	0.010777
0.620000	0.780000	0.010391
0.620000	0.790000	0.009994
0.620000	0.800000	0.009587
0.620000	0.810000	0.009170
0.620000	0.820000	0.008744
0.620000	0.830000	0.008309
0.620000	0.840000	0.007865
0.620000	0.850000	0.007414
0.620000	0.860000	0.006954
0.620000	0.870000	0.006488
0.620000	0.880000	0.006015
0.620000	0.890000	0.005536
0.620000	0.900000	0.005051
0.620000	0.910000	0.004561
0.620000	0.920000	0.004066
0.620000	0.930000	0.003567
0.620000	0.940000	0.003064
0.620000	0.950000	0.002558
0.620000	0.960000	0.002050
0.620000	0.970000	0.001539
0.620000	0.980000	0.001027
0.620000	0.990000	0.000514
0.630000	0.500000	0.016735
0.630000	0.510000	0.016731
0.630000	0.520000	0.016710
0.630000	0.530000	0.016673
0.630000	0.540000	0.016620
0.630000	0.550000	0.016551
0.630000	0.560000	0.016466
0.630000	0.570000	0.016364
0.630000	0.580000	0.016246
0.630000	0.590000	0.016113
0.630000	0.600000	0.015963
0.630000	0.610000	0.015798
0.630000	0.620000	0.015617
0.630000	0.630000	0.015421
0.630000	0.640000	0.015209
0.630000	0.650000	0.014982
0.630000	0.660000	0.014740
0.630000	0.670000	0.014484
0.630000	0.680000	0.014213
0.630000	0.690000	0.013927
0.630000	0.700000	0.013628
0.630000	0.710000	0.013315
0.630000	0.720000	0.012989
0.630000	0.730000	0.012649
0.630000	0.740000	0.012297
0.630000	0.750000	0.011932
0.630000	0.760000	0.011555
0.630000	0.770000	0.011166
0.630000	0.780000	0.010766
0.630000	0.790000	0.010355
0.630000	0.800000	0.009933
0.630000	0.810000	0.009502
0.630000	0.820000	0.009060
0.630000	0.830000	0.008610
0.630000	0.840000	0.008150
0.630000	0.850000	0.007682
0.630000	0.860000	0.007206
0.630000	0.870000	0.006723
0.630000	0.880000	0.006233
0.630000	0.890000	0.005736
0.630000	0.900000	0.005234
0.630000	0.910000	0.004726
0.630000	0.920000	0.004213
0.630000	0.930000	0.003696
0.630000	0.940000	0.003175
0.630000	0.950000	0.002651
0.630000	0.960000	0.002124
0.630000	0.970000	0.001595
0.630000	0.980000	0.001064
0.630000	0.990000	0.000532
0.640000	0.500000	0.017329
0.640000	0.510000	0.017325
0.640000	0.520000	0.017304
0.640000	0.530000	0.017267
0.640000	0.540000	0.017212
0.640000	0.550000	0.017141
0.640000	0.560000	0.017053
0.640000	0.570000	0.016948
0.640000	0.580000	0.016826
0.640000	0.590000	0.016688
0.640000	0.600000	0.016534
0.640000	0.610000	0.016363
0.640000	0.620000	0.016176
0.640000	0.630000	0.015973
0.640000	0.640000	0.015753
0.640000	0.650000	0.015519
0.640000	0.660000	0.015269
0.640000	0.670000	0.015003
0.640000	0.680000	0.014722
0.640000	0.690000	0.014427
0.640000	0.700000	0.014117
0.640000	0.710000	0.013793
0.640000	0.720000	0.013455
0.640000	0.730000	0.013104
0.640000	0.740000	0.012739
0.640000	0.750000	0.012361
0.640000	0.760000	0.011971
0.640000	0.770000	0.011568
0.640000	0.780000	0.011154
0.640000	0.790000	0.010728
0.640000	0.800000	0.010292
0.640000	0.810000	0.009844
0.640000	0.820000	0.009387
0.640000	0.830000	0.008920
0.640000	0.840000	0.008444
0.640000	0.850000	0.007959
0.640000	0.860000	0.007466
0.640000	0.870000	0.006966
0.640000	0.880000	0.006458
0.640000	0.890000	0.005944
0.640000	0.900000	0.005423
0.640000	0.910000	0.004897
0.640000	0.920000	0.004366
0.640000	0.930000	0.003830
0.640000	0.940000	0.003290
0.640000	0.950000	0.002747
0.640000	0.960000	0.002201
0.640000	0.970000	0.001653
0.640000	0.980000	0.001103
0.640000	0.990000	0.000552
0.650000	0.500000	0.017943
0.650000	0.510000	0.017939
0.650000	0.520000	0.017918
0.650000	0.530000	0.017879
0.650000	0.540000	0.017823
0.650000	0.550000	0.017750
0.650000	0.560000	0.017659
0.650000	0.570000	0.017551
0.650000	0.580000	0.017425
0.650000	0.590000	0.017282
0.650000	0.600000	0.017123
0.650000	0.610000	0.016946
0.650000	0.620000	0.016753
0.650000	0.630000	0.016543
0.650000	0.640000	0.016316
0.650000	0.650000	0.016073
0.650000	0.660000	0.015814
0.650000	0.670000	0.015540
0.650000	0.680000	0.015249
0.650000	0.690000	0.014944
0.650000	0.700000	0.014623
0.650000	0.710000	0.014288
0.650000	0.720000	0.013938
0.650000	0.730000	0.013574
0.650000	0.740000	0.013196
0.650000	0.750000	0.012805
0.650000	0.760000	0.012401
0.650000	0.770000	0.011984
0.650000	0.780000	0.011555
0.650000	0.790000	0.011114
0.650000	0.800000	0.010662
0.650000	0.810000	0.010199
0.650000	0.820000	0.009725
0.650000	0.830000	0.009241
0.650000	0.840000	0.008748
0.650000	0.850000	0.008246
0.650000	0.860000	0.007736
0.650000	0.870000	0.007217
0.650000	0.880000	0.006691
0.650000	0.890000	0.006158
0.650000	0.900000	0.005619
0.650000	0.910000	0.005074
0.650000	0.920000	0.004523
0.650000	0.930000	0.003968
0.650000	0.940000	0.003409
0.650000	0.950000	0.002846
0.650000	0.960000	0.002280
0.650000	0.970000	0.001712
0.650000	0.980000	0.001143
0.650000	0.990000	0.000572
0.660000	0.500000	0.018577
0.660000	0.510000	0.018574
0.660000	0.520000	0.018552
0.660000	0.530000	0.018512
0.660000	0.540000	0.018454
0.660000	0.550000	0.018379
0.660000	0.560000	0.018285
0.660000	0.570000	0.018173
0.660000	0.580000	0.018044
0.660000	0.590000	0.017896
0.660000	0.600000	0.017731
0.660000	0.610000	0.017549
0.660000	0.620000	0.017349
0.660000	0.630000	0.017132
0.660000	0.640000	0.016897
0.660000	0.650000	0.016646
0.660000	0.660000	0.016378
0.660000	0.670000	0.016094
0.660000	0.680000	0.015794
0.660000	0.690000	0.015477
0.660000	0.700000	0.015146
0.660000	0.710000	0.014798
0.660000	0.720000	0.014436
0.660000	0.730000	0.014059
0.660000	0.740000	0.013668
0.660000	0.750000	0.013263
0.660000	0.760000	0.012845
0.660000	0.770000	0.012413
0.660000	0.780000	0.011969
0.660000	0.790000	0.011513
0.660000	0.800000	0.011044
0.660000	0.810000	0.010565
0.660000	0.820000	0.010074
0.660000	0.830000	0.009573
0.660000	0.840000	0.009063
0.660000	0.850000	0.008543
0.660000	0.860000	0.008014
0.660000	0.870000	0.007477
0.660000	0.880000	0.006932
0.660000	0.890000	0.006380
0.660000	0.900000	0.005821
0.660000	0.910000	0.005256
0.660000	0.920000	0.004686
0.660000	0.930000	0.004111
0.660000	0.940000	0.003532
0.660000	0.950000	0.002949
0.660000	0.960000	0.002363
0.660000	0.970000	0.001774
0.660000	0.980000	0.001184
0.660000	0.990000	0.000592
0.670000	0.500000	0.019232
0.670000	0.510000	0.019229
0.670000	0.520000	0.019206
0.670000	0.530000	0.019166
0.670000	0.540000	0.019106
0.670000	0.550000	0.019028
0.670000	0.560000	0.018932
0.670000	0.570000	0.018816
0.670000	0.580000	0.018683
0.670000	0.590000	0.018531
0.670000	0.600000	0.018360
0.670000	0.610000	0.018171
0.670000	0.620000	0.017965
0.670000	0.630000	0.017740
0.670000	0.640000	0.017498
0.670000	0.650000	0.017238
0.670000	0.660000	0.016961
0.670000	0.670000	0.016667
0.670000	0.680000	0.016356
0.670000	0.690000	0.016029
0.670000	0.700000	0.015686
0.670000	0.710000	0.015326
0.670000	0.720000	0.014952
0.670000	0.730000	0.014562
0.670000	0.740000	0.014157
0.670000	0.750000	0.013738
0.670000	0.760000	0.013304
0.670000	0.770000	0.012858
0.670000	0.780000	0.012398
0.670000	0.790000	0.011925
0.670000	0.800000	0.011440
0.670000	0.810000	0.010943
0.670000	0.820000	0.010435
0.670000	0.830000	0.009917
0.670000	0.840000	0.009388
0.670000	0.850000	0.008849
0.670000	0.860000	0.008301
0.670000	0.870000	0.007745
0.670000	0.880000	0.007181
0.670000	0.890000	0.006609
0.670000	0.900000	0.006030
0.670000	0.910000	0.005445
0.670000	0.920000	0.004854
0.670000	0.930000	0.004259
0.670000	0.940000	0.003659
0.670000	0.950000	0.003055
0.670000	0.960000	0.002448
0.670000	0.970000	0.001838
0.670000	0.980000	0.001226
0.670000	0.990000	0.000613
0.680000	0.500000	0.019908
0.680000	0.510000	0.019905
0.680000	0.520000	0.019882
0.680000	0.530000	0.019841
0.680000	0.540000	0.019780
0.680000	0.550000	0.019699
0.680000	0.560000	0.019600
0.680000	0.570000	0.019481
0.680000	0.580000	0.019343
0.680000	0.590000	0.019186
0.680000	0.600000	0.019010
0.680000	0.610000	0.018815
0.680000	0.620000	0.018601
0.680000	0.630000	0.018369
0.680000	0.640000	0.018118
0.680000	0.650000	0.017850
0.680000	0.660000	0.017563
0.680000	0.670000	0.017259
0.680000	0.680000	0.016938
0.680000	0.690000	0.016599
0.680000	0.700000	0.016244
0.680000	0.710000	0.015872
0.680000	0.720000	0.015484
0.680000	0.730000	0.015080
0.680000	0.740000	0.014662
0.680000	0.750000	0.014228
0.680000	0.760000	0.013779
0.680000	0.770000	0.013317
0.680000	0.780000	0.012840
0.680000	0.790000	0.012351
0.680000	0.800000	0.011849
0.680000	0.810000	0.011335
0.680000	0.820000	0.010809
0.680000	0.830000	0.010272
0.680000	0.840000	0.009724
0.680000	0.850000	0.009166
0.680000	0.860000	0.008599
0.680000	0.870000	0.008022
0.680000	0.880000	0.007438
0.680000	0.890000	0.006846
0.680000	0.900000	0.006246
0.680000	0.910000	0.005640
0.680000	0.920000	0.005028
0.680000	0.930000	0.004411
0.680000	0.940000	0.003790
0.680000	0.950000	0.003164
0.680000	0.960000	0.002535
0.680000	0.970000	0.001904
0.680000	0.980000	0.001270
0.680000	0.990000	0.000636
0.690000	0.500000	0.020606
0.690000	0.510000	0.020603
0.690000	0.520000	0.020581
0.690000	0.530000	0.020538
0.690000	0.540000	0.020475
0.690000	0.550000	0.020392
0.690000	0.560000	0.020290
0.690000	0.570000	0.020167
0.690000	0.580000	0.020025
0.690000	0.590000	0.019862
0.690000	0.600000	0.019680
0.690000	0.610000	0.019479
0.690000	0.620000	0.019258
0.690000	0.630000	0.019018
0.690000	0.640000	0.018759
0.690000	0.650000	0.018482
0.690000	0.660000	0.018186
0.690000	0.670000	0.017871
0.690000	0.680000	0.017538
0.690000	0.690000	0.017188
0.690000	0.700000	0.016821
0.690000	0.710000	0.016436
0.690000	0.720000	0.016035
0.690000	0.730000	0.015617
0.690000	0.740000	0.015183
0.690000	0.750000	0.014734
0.690000	0.760000	0.014270
0.690000	0.770000	0.013791
0.690000	0.780000	0.013298
0.690000	0.790000	0.012792
0.690000	0.800000	0.012272
0.690000	0.810000	0.011739
0.690000	0.820000	0.011195
0.690000	0.830000	0.010638
0.690000	0.840000	0.010071
0.690000	0.850000	0.009494
0.690000	0.860000	0.008906
0.690000	0.870000	0.008309
0.690000	0.880000	0.007704
0.690000	0.890000	0.007091
0.690000	0.900000	0.006470
0.690000	0.910000	0.005842
0.690000	0.920000	0.005209
0.690000	0.930000	0.004569
0.690000	0.940000	0.003926
0.690000	0.950000	0.003278
0.690000	0.960000	0.002626
0.690000	0.970000	0.001972
0.690000	0.980000	0.001316
0.690000	0.990000	0.000658
0.700000	0.500000	0.021327
0.700000	0.510000	0.021324
0.700000	0.520000	0.021301
0.700000	0.530000	0.021258
0.700000	0.540000	0.021193
0.700000	0.550000	0.021108
0.700000	0.560000	0.021002
0.700000	0.570000	0.020876
0.700000	0.580000	0.020729
0.700000	0.590000	0.020562
0.700000	0.600000	0.020374
0.700000	0.610000	0.020166
0.700000	0.620000	0.019938
0.700000	0.630000	0.019690
0.700000	0.640000	0.019422
0.700000	0.650000	0.019135
0.700000	0.660000	0.018829
0.700000	0.670000	0.018503
0.700000	0.680000	0.018159
0.700000	0.690000	0.017797
0.700000	0.700000	0.017417
0.700000	0.710000	0.017019
0.700000	0.720000	0.016603
0.700000	0.730000	0.016171
0.700000	0.740000	0.015723
0.700000	0.750000	0.015258
0.700000	0.760000	0.014777
0.700000	0.770000	0.014282
0.700000	0.780000	0.013771
0.700000	0.790000	0.013247
0.700000	0.800000	0.012709
0.700000	0.810000	0.012158
0.700000	0.820000	0.011594
0.700000	0.830000	0.011018
0.700000	0.840000	0.010430
0.700000	0.850000	0.009832
0.700000	0.860000	0.009224
0.700000	0.870000	0.008606
0.700000	0.880000	0.007979
0.700000	0.890000	0.007344
0.700000	0.900000	0.006701
0.700000	0.910000	0.006051
0.700000	0.920000	0.005395
0.700000	0.930000	0.004733
0.700000	0.940000	0.004066
0.700000	0.950000	0.003395
0.700000	0.960000	0.002720
0.700000	0.970000	0.002043
0.700000	0.980000	0.001363
0.700000	0.990000	0.000682
0.710000	0.500000	0.022071
0.710000	0.510000	0.022069
0.710000	0.520000	0.022046
0.710000	0.530000	0.022001
0.710000	0.540000	0.021935
0.710000	0.550000	0.021848
0.710000	0.560000	0.021739
0.710000	0.570000	0.021608
0.710000	0.580000	0.021457
0.710000	0.590000	0.021284
0.710000	0.600000	0.021090
0.710000	0.610000	0.020875
0.710000	0.620000	0.020639
0.710000	0.630000	0.020383
0.710000	0.640000	0.020106
0.710000	0.650000	0.019810
0.710000	0.660000	0.019493
0.710000	0.670000	0.019157
0.710000	0.680000	0.018801
0.710000	0.690000	0.018426
0.710000	0.700000	0.018033
0.710000	0.710000	0.017621
0.710000	0.720000	0.017192
0.710000	0.730000	0.016744
0.710000	0.740000	0.016280
0.710000	0.750000	0.015799
0.710000	0.760000	0.015302
0.710000	0.770000	0.014789
0.710000	0.780000	0.014261
0.710000	0.790000	0.013718
0.710000	0.800000	0.013161
0.710000	0.810000	0.012590
0.710000	0.820000	0.012006
0.710000	0.830000	0.011410
0.710000	0.840000	0.010802
0.710000	0.850000	0.010183
0.710000	0.860000	0.009553
0.710000	0.870000	0.008913
0.710000	0.880000	0.008264
0.710000	0.890000	0.007606
0.710000	0.900000	0.006940
0.710000	0.910000	0.006267
0.710000	0.920000	0.005587
0.710000	0.930000	0.004902
0.710000	0.940000	0.004211
0.710000	0.950000	0.003516
0.710000	0.960000	0.002817
0.710000	0.970000	0.002116
0.710000	0.980000	0.001412
0.710000	0.990000	0.000706
0.720000	0.500000	0.022840
0.720000	0.510000	0.022838
0.720000	0.520000	0.022815
0.720000	0.530000	0.022769
0.720000	0.540000	0.022701
0.720000	0.550000	0.022611
0.720000	0.560000	0.022499
0.720000	0.570000	0.022365
0.720000	0.580000	0.022208
0.720000	0.590000	0.022030
0.720000	0.600000	0.021830
0.720000	0.610000	0.021608
0.720000	0.620000	0.021364
0.720000	0.630000	0.021100
0.720000	0.640000	0.020814
0.720000	0.650000	0.020507
0.720000	0.660000	0.020180
0.720000	0.670000	0.019832
0.720000	0.680000	0.019464
0.720000	0.690000	0.019077
0.720000	0.700000	0.018670
0.720000	0.710000	0.018244
0.720000	0.720000	0.017799
0.720000	0.730000	0.017337
0.720000	0.740000	0.016856
0.720000	0.750000	0.016359
0.720000	0.760000	0.015844
0.720000	0.770000	0.015313
0.720000	0.780000	0.014766
0.720000	0.790000	0.014205
0.720000	0.800000	0.013628
0.720000	0.810000	0.013037
0.720000	0.820000	0.012433
0.720000	0.830000	0.011816
0.720000	0.840000	0.011186
0.720000	0.850000	0.010545
0.720000	0.860000	0.009893
0.720000	0.870000	0.009230
0.720000	0.880000	0.008558
0.720000	0.890000	0.007877
0.720000	0.900000	0.007187
0.720000	0.910000	0.006490
0.720000	0.920000	0.005786
0.720000	0.930000	0.005076
0.720000	0.940000	0.004361
0.720000	0.950000	0.003641
0.720000	0.960000	0.002918
0.720000	0.970000	0.002191
0.720000	0.980000	0.001462
0.720000	0.990000	0.000731
0.730000	0.500000	0.023633
0.730000	0.510000	0.023632
0.730000	0.520000	0.023609
0.730000	0.530000	0.023562
0.730000	0.540000	0.023493
0.730000	0.550000	0.023400
0.730000	0.560000	0.023284
0.730000	0.570000	0.023146
0.730000	0.580000	0.022985
0.730000	0.590000	0.022801
0.730000	0.600000	0.022594
0.730000	0.610000	0.022365
0.730000	0.620000	0.022113
0.730000	0.630000	0.021840
0.730000	0.640000	0.021545
0.730000	0.650000	0.021228
0.730000	0.660000	0.020889
0.730000	0.670000	0.020530
0.730000	0.680000	0.020149
0.730000	0.690000	0.019749
0.730000	0.700000	0.019328
0.730000	0.710000	0.018887
0.730000	0.720000	0.018428
0.730000	0.730000	0.017949
0.730000	0.740000	0.017452
0.730000	0.750000	0.016937
0.730000	0.760000	0.016404
0.730000	0.770000	0.015855
0.730000	0.780000	0.015289
0.730000	0.790000	0.014708
0.730000	0.800000	0.014111
0.730000	0.810000	0.013499
0.730000	0.820000	0.012874
0.730000	0.830000	0.012235
0.730000	0.840000	0.011583
0.730000	0.850000	0.010919
0.730000	0.860000	0.010244
0.730000	0.870000	0.009558
0.730000	0.880000	0.008862
0.730000	0.890000	0.008157
0.730000	0.900000	0.007443
0.730000	0.910000	0.006721
0.730000	0.920000	0.005992
0.730000	0.930000	0.005257
0.730000	0.940000	0.004516
0.730000	0.950000	0.003771
0.730000	0.960000	0.003022
0.730000	0.970000	0.002269
0.730000	0.980000	0.001514
0.730000	0.990000	0.000757
0.740000	0.500000	0.024453
0.740000	0.510000	0.024453
0.740000	0.520000	0.024429
0.740000	0.530000	0.024381
0.740000	0.540000	0.024310
0.740000	0.550000	0.024215
0.740000	0.560000	0.024096
0.740000	0.570000	0.023953
0.740000	0.580000	0.023787
0.740000	0.590000	0.023597
0.740000	0.600000	0.023384
0.740000	0.610000	0.023147
0.740000	0.620000	0.022887
0.740000	0.630000	0.022605
0.740000	0.640000	0.022300
0.740000	0.650000	0.021972
0.740000	0.660000	0.021622
0.740000	0.670000	0.021251
0.740000	0.680000	0.020858
0.740000	0.690000	0.020443
0.740000	0.700000	0.020008
0.740000	0.710000	0.019553
0.740000	0.720000	0.019077
0.740000	0.730000	0.018582
0.740000	0.740000	0.018068
0.740000	0.750000	0.017535
0.740000	0.760000	0.016984
0.740000	0.770000	0.016415
0.740000	0.780000	0.015830
0.740000	0.790000	0.015228
0.740000	0.800000	0.014610
0.740000	0.810000	0.013978
0.740000	0.820000	0.013330
0.740000	0.830000	0.012669
0.740000	0.840000	0.011994
0.740000	0.850000	0.011307
0.740000	0.860000	0.010608
0.740000	0.870000	0.009897
0.740000	0.880000	0.009177
0.740000	0.890000	0.008446
0.740000	0.900000	0.007707
0.740000	0.910000	0.006960
0.740000	0.920000	0.006205
0.740000	0.930000	0.005444
0.740000	0.940000	0.004677
0.740000	0.950000	0.003905
0.740000	0.960000	0.003129
0.740000	0.970000	0.002350
0.740000	0.980000	0.001568
0.740000	0.990000	0.000784
0.750000	0.500000	0.025299
0.750000	0.510000	0.025299
0.750000	0.520000	0.025275
0.750000	0.530000	0.025227
0.750000	0.540000	0.025154
0.750000	0.550000	0.025056
0.750000	0.560000	0.024933
0.750000	0.570000	0.024787
0.750000	0.580000	0.024615
0.750000	0.590000	0.024419
0.750000	0.600000	0.024199
0.750000	0.610000	0.023955
0.750000	0.620000	0.023687
0.750000	0.630000	0.023395
0.750000	0.640000	0.023080
0.750000	0.650000	0.022742
0.750000	0.660000	0.022380
0.750000	0.670000	0.021996
0.750000	0.680000	0.021590
0.750000	0.690000	0.021161
0.750000	0.700000	0.020711
0.750000	0.710000	0.020240
0.750000	0.720000	0.019748
0.750000	0.730000	0.019236
0.750000	0.740000	0.018704
0.750000	0.750000	0.018153
0.750000	0.760000	0.017583
0.750000	0.770000	0.016995
0.750000	0.780000	0.016389
0.750000	0.790000	0.015766
0.750000	0.800000	0.015127
0.750000	0.810000	0.014472
0.750000	0.820000	0.013802
0.750000	0.830000	0.013117
0.750000	0.840000	0.012419
0.750000	0.850000	0.011707
0.750000	0.860000	0.010984
0.750000	0.870000	0.010248
0.750000	0.880000	0.009502
0.750000	0.890000	0.008746
0.750000	0.900000	0.007981
0.750000	0.910000	0.007207
0.750000	0.920000	0.006426
0.750000	0.930000	0.005637
0.750000	0.940000	0.004843
0.750000	0.950000	0.004044
0.750000	0.960000	0.003240
0.750000	0.970000	0.002433
0.750000	0.980000	0.001624
0.750000	0.990000	0.000812
0.760000	0.500000	0.026172
0.760000	0.510000	0.026174
0.760000	0.520000	0.026150
0.760000	0.530000	0.026100
0.760000	0.540000	0.026025
0.760000	0.550000	0.025925
0.760000	0.560000	0.025799
0.760000	0.570000	0.025648
0.760000	0.580000	0.025471
0.760000	0.590000	0.025269
0.760000	0.600000	0.025042
0.760000	0.610000	0.024790
0.760000	0.620000	0.024513
0.760000	0.630000	0.024212
0.760000	0.640000	0.023886
0.760000	0.650000	0.023537
0.760000	0.660000	0.023163
0.760000	0.670000	0.022766
0.760000	0.680000	0.022346
0.760000	0.690000	0.021903
0.760000	0.700000	0.021438
0.760000	0.710000	0.020951
0.760000	0.720000	0.020442
0.760000	0.730000	0.019912
0.760000	0.740000	0.019362
0.760000	0.750000	0.018792
0.760000	0.760000	0.018202
0.760000	0.770000	0.017594
0.760000	0.780000	0.016967
0.760000	0.790000	0.016322
0.760000	0.800000	0.015661
0.760000	0.810000	0.014983
0.760000	0.820000	0.014289
0.760000	0.830000	0.013581
0.760000	0.840000	0.012858
0.760000	0.850000	0.012121
0.760000	0.860000	0.011372
0.760000	0.870000	0.010611
0.760000	0.880000	0.009839
0.760000	0.890000	0.009056
0.760000	0.900000	0.008264
0.760000	0.910000	0.007462
0.760000	0.920000	0.006653
0.760000	0.930000	0.005837
0.760000	0.940000	0.005015
0.760000	0.950000	0.004187
0.760000	0.960000	0.003355
0.760000	0.970000	0.002520
0.760000	0.980000	0.001681
0.760000	0.990000	0.000841
0.770000	0.500000	0.027075
0.770000	0.510000	0.027077
0.770000	0.520000	0.027053
0.770000	0.530000	0.027002
0.770000	0.540000	0.026925
0.770000	0.550000	0.026822
0.770000	0.560000	0.026693
0.770000	0.570000	0.026537
0.770000	0.580000	0.026355
0.770000	0.590000	0.026147
0.770000	0.600000	0.025913
0.770000	0.610000	0.025653
0.770000	0.620000	0.025367
0.770000	0.630000	0.025056
0.770000	0.640000	0.024720
0.770000	0.650000	0.024358
0.770000	0.660000	0.023972
0.770000	0.670000	0.023562
0.770000	0.680000	0.023128
0.770000	0.690000	0.022670
0.770000	0.700000	0.022189
0.770000	0.710000	0.021685
0.770000	0.720000	0.021159
0.770000	0.730000	0.020612
0.770000	0.740000	0.020043
0.770000	0.750000	0.019453
0.770000	0.760000	0.018843
0.770000	0.770000	0.018213
0.770000	0.780000	0.017565
0.770000	0.790000	0.016898
0.770000	0.800000	0.016213
0.770000	0.810000	0.015512
0.770000	0.820000	0.014794
0.770000	0.830000	0.014060
0.770000	0.840000	0.013312
0.770000	0.850000	0.012550
0.770000	0.860000	0.011774
0.770000	0.870000	0.010986
0.770000	0.880000	0.010187
0.770000	0.890000	0.009376
0.770000	0.900000	0.008556
0.770000	0.910000	0.007727
0.770000	0.920000	0.006889
0.770000	0.930000	0.006044
0.770000	0.940000	0.005193
0.770000	0.950000	0.004336
0.770000	0.960000	0.003474
0.770000	0.970000	0.002609
0.770000	0.980000	0.001741
0.770000	0.990000	0.000871
0.780000	0.500000	0.028006
0.780000	0.510000	0.028009
0.780000	0.520000	0.027985
0.780000	0.530000	0.027934
0.780000	0.540000	0.027855
0.780000	0.550000	0.027749
0.780000	0.560000	0.027616
0.780000	0.570000	0.027456
0.780000	0.580000	0.027268
0.780000	0.590000	0.027054
0.780000	0.600000	0.026812
0.780000	0.610000	0.026544
0.780000	0.620000	0.026249
0.780000	0.630000	0.025928
0.780000	0.640000	0.025580
0.780000	0.650000	0.025207
0.780000	0.660000	0.024809
0.780000	0.670000	0.024385
0.780000	0.680000	0.023936
0.780000	0.690000	0.023463
0.780000	0.700000	0.022966
0.780000	0.710000	0.022445
0.780000	0.720000	0.021901
0.780000	0.730000	0.021334
0.780000	0.740000	0.020746
0.780000	0.750000	0.020136
0.780000	0.760000	0.019505
0.780000	0.770000	0.018853
0.780000	0.780000	0.018182
0.780000	0.790000	0.017492
0.780000	0.800000	0.016784
0.780000	0.810000	0.016058
0.780000	0.820000	0.015315
0.780000	0.830000	0.014556
0.780000	0.840000	0.013782
0.780000	0.850000	0.012993
0.780000	0.860000	0.012190
0.780000	0.870000	0.011375
0.780000	0.880000	0.010547
0.780000	0.890000	0.009708
0.780000	0.900000	0.008859
0.780000	0.910000	0.008000
0.780000	0.920000	0.007133
0.780000	0.930000	0.006258
0.780000	0.940000	0.005376
0.780000	0.950000	0.004489
0.780000	0.960000	0.003597
0.780000	0.970000	0.002701
0.780000	0.980000	0.001802
0.780000	0.990000	0.000902
0.790000	0.500000	0.028968
0.790000	0.510000	0.028972
0.790000	0.520000	0.028948
0.790000	0.530000	0.028896
0.790000	0.540000	0.028815
0.790000	0.550000	0.028706
0.790000	0.560000	0.028570
0.790000	0.570000	0.028405
0.790000	0.580000	0.028211
0.790000	0.590000	0.027990
0.790000	0.600000	0.027741
0.790000	0.610000	0.027465
0.790000	0.620000	0.027160
0.790000	0.630000	0.026829
0.790000	0.640000	0.026470
0.790000	0.650000	0.026085
0.790000	0.660000	0.025673
0.790000	0.670000	0.025235
0.790000	0.680000	0.024771
0.790000	0.690000	0.024282
0.790000	0.700000	0.023768
0.790000	0.710000	0.023230
0.790000	0.720000	0.022667
0.790000	0.730000	0.022082
0.790000	0.740000	0.021473
0.790000	0.750000	0.020842
0.790000	0.760000	0.020189
0.790000	0.770000	0.019516
0.790000	0.780000	0.018821
0.790000	0.790000	0.018107
0.790000	0.800000	0.017375
0.790000	0.810000	0.016623
0.790000	0.820000	0.015855
0.790000	0.830000	0.015069
0.790000	0.840000	0.014268
0.790000	0.850000	0.013451
0.790000	0.860000	0.012620
0.790000	0.870000	0.011776
0.790000	0.880000	0.010919
0.790000	0.890000	0.010051
0.790000	0.900000	0.009172
0.790000	0.910000	0.008283
0.790000	0.920000	0.007385
0.790000	0.930000	0.006479
0.790000	0.940000	0.005567
0.790000	0.950000	0.004648
0.790000	0.960000	0.003724
0.790000	0.970000	0.002797
0.790000	0.980000	0.001866
0.790000	0.990000	0.000934
0.800000	0.500000	0.029960
0.800000	0.510000	0.029966
0.800000	0.520000	0.029942
0.800000	0.530000	0.029889
0.800000	0.540000	0.029807
0.800000	0.550000	0.029695
0.800000	0.560000	0.029554
0.800000	0.570000	0.029385
0.800000	0.580000	0.029186
0.800000	0.590000	0.028958
0.800000	0.600000	0.028701
0.800000	0.610000	0.028416
0.800000	0.620000	0.028102
0.800000	0.630000	0.027760
0.800000	0.640000	0.027389
0.800000	0.650000	0.026991
0.800000	0.660000	0.026566
0.800000	0.670000	0.026114
0.800000	0.680000	0.025634
0.800000	0.690000	0.025129
0.800000	0.700000	0.024598
0.800000	0.710000	0.024041
0.800000	0.720000	0.023460
0.800000	0.730000	0.022854
0.800000	0.740000	0.022225
0.800000	0.750000	0.021572
0.800000	0.760000	0.020897
0.800000	0.770000	0.020200
0.800000	0.780000	0.019482
0.800000	0.790000	0.018743
0.800000	0.800000	0.017985
0.800000	0.810000	0.017208
0.800000	0.820000	0.016412
0.800000	0.830000	0.015600
0.800000	0.840000	0.014770
0.800000	0.850000	0.013925
0.800000	0.860000	0.013065
0.800000	0.870000	0.012191
0.800000	0.880000	0.011304
0.800000	0.890000	0.010405
0.800000	0.900000	0.009495
0.800000	0.910000	0.008575
0.800000	0.920000	0.007646
0.800000	0.930000	0.006708
0.800000	0.940000	0.005763
0.800000	0.950000	0.004812
0.800000	0.960000	0.003856
0.800000	0.970000	0.002896
0.800000	0.980000	0.001932
0.800000	0.990000	0.000967
0.810000	0.500000	0.030986
0.810000	0.510000	0.030992
0.810000	0.520000	0.030968
0.810000	0.530000	0.030914
0.810000	0.540000	0.030830
0.810000	0.550000	0.030716
0.810000	0.560000	0.030572
0.810000	0.570000	0.030397
0.810000	0.580000	0.030192
0.810000	0.590000	0.029958
0.810000	0.600000	0.029693
0.810000	0.610000	0.029399
0.810000	0.620000	0.029075
0.810000	0.630000	0.028721
0.810000	0.640000	0.028339
0.810000	0.650000	0.027928
0.810000	0.660000	0.027489
0.810000	0.670000	0.027022
0.810000	0.680000	0.026527
0.810000	0.690000	0.026004
0.810000	0.700000	0.025455
0.810000	0.710000	0.024880
0.810000	0.720000	0.024279
0.810000	0.730000	0.023653
0.810000	0.740000	0.023002
0.810000	0.750000	0.022327
0.810000	0.760000	0.021629
0.810000	0.770000	0.020908
0.810000	0.780000	0.020165
0.810000	0.790000	0.019401
0.810000	0.800000	0.018617
0.810000	0.810000	0.017812
0.810000	0.820000	0.016989
0.810000	0.830000	0.016148
0.810000	0.840000	0.015290
0.810000	0.850000	0.014415
0.810000	0.860000	0.013525
0.810000	0.870000	0.012621
0.810000	0.880000	0.011703
0.810000	0.890000	0.010772
0.810000	0.900000	0.009830
0.810000	0.910000	0.008878
0.810000	0.920000	0.007916
0.810000	0.930000	0.006945
0.810000	0.940000	0.005967
0.810000	0.950000	0.004982
0.810000	0.960000	0.003992
0.810000	0.970000	0.002998
0.810000	0.980000	0.002000
0.810000	0.990000	0.001001
0.820000	0.500000	0.032044
0.820000	0.510000	0.032052
0.820000	0.520000	0.032028
0.820000	0.530000	0.031974
0.820000	0.540000	0.031888
0.820000	0.550000	0.031771
0.820000	0.560000	0.031622
0.820000	0.570000	0.031443
0.820000	0.580000	0.031232
0.820000	0.590000	0.030990
0.820000	0.600000	0.030717
0.820000	0.610000	0.030414
0.820000	0.620000	0.030080
0.820000	0.630000	0.029715
0.820000	0.640000	0.029321
0.820000	0.650000	0.028897
0.820000	0.660000	0.028443
0.820000	0.670000	0.027960
0.820000	0.680000	0.027449
0.820000	0.690000	0.026909
0.820000	0.700000	0.026342
0.820000	0.710000	0.025747
0.820000	0.720000	0.025126
0.820000	0.730000	0.024478
0.820000	0.740000	0.023806
0.820000	0.750000	0.023108
0.820000	0.760000	0.022386
0.820000	0.770000	0.021640
0.820000	0.780000	0.020872
0.820000	0.790000	0.020081
0.820000	0.800000	0.019270
0.820000	0.810000	0.018438
0.820000	0.820000	0.017586
0.820000	0.830000	0.016716
0.820000	0.840000	0.015827
0.820000	0.850000	0.014922
0.820000	0.860000	0.014001
0.820000	0.870000	0.013065
0.820000	0.880000	0.012115
0.820000	0.890000	0.011152
0.820000	0.900000	0.010177
0.820000	0.910000	0.009191
0.820000	0.920000	0.008195
0.820000	0.930000	0.007190
0.820000	0.940000	0.006177
0.820000	0.950000	0.005158
0.820000	0.960000	0.004133
0.820000	0.970000	0.003104
0.820000	0.980000	0.002071
0.820000	0.990000	0.001036
0.830000	0.500000	0.033136
0.830000	0.510000	0.033146
0.830000	0.520000	0.033123
0.830000	0.530000	0.033067
0.830000	0.540000	0.032980
0.830000	0.550000	0.032860
0.830000	0.560000	0.032707
0.830000	0.570000	0.032523
0.830000	0.580000	0.032306
0.830000	0.590000	0.032057
0.830000	0.600000	0.031776
0.830000	0.610000	0.031463
0.830000	0.620000	0.031118
0.830000	0.630000	0.030742
0.830000	0.640000	0.030335
0.830000	0.650000	0.029897
0.830000	0.660000	0.029429
0.830000	0.670000	0.028930
0.830000	0.680000	0.028402
0.830000	0.690000	0.027844
0.830000	0.700000	0.027258
0.830000	0.710000	0.026644
0.830000	0.720000	0.026001
0.830000	0.730000	0.025332
0.830000	0.740000	0.024636
0.830000	0.750000	0.023915
0.830000	0.760000	0.023168
0.830000	0.770000	0.022397
0.830000	0.780000	0.021602
0.830000	0.790000	0.020785
0.830000	0.800000	0.019945
0.830000	0.810000	0.019084
0.830000	0.820000	0.018203
0.830000	0.830000	0.017303
0.830000	0.840000	0.016384
0.830000	0.850000	0.015447
0.830000	0.860000	0.014494
0.830000	0.870000	0.013525
0.830000	0.880000	0.012542
0.830000	0.890000	0.011545
0.830000	0.900000	0.010535
0.830000	0.910000	0.009515
0.830000	0.920000	0.008484
0.830000	0.930000	0.007443
0.830000	0.940000	0.006395
0.830000	0.950000	0.005340
0.830000	0.960000	0.004279
0.830000	0.970000	0.003213
0.830000	0.980000	0.002144
0.830000	0.990000	0.001073
0.840000	0.500000	0.034264
0.840000	0.510000	0.034275
0.840000	0.520000	0.034252
0.840000	0.530000	0.034197
0.840000	0.540000	0.034107
0.840000	0.550000	0.033984
0.840000	0.560000	0.033828
0.840000	0.570000	0.033638
0.840000	0.580000	0.033415
0.840000	0.590000	0.033159
0.840000	0.600000	0.032869
0.840000	0.610000	0.032547
0.840000	0.620000	0.032191
0.840000	0.630000	0.031803
0.840000	0.640000	0.031383
0.840000	0.650000	0.030931
0.840000	0.660000	0.030448
0.840000	0.670000	0.029933
0.840000	0.680000	0.029387
0.840000	0.690000	0.028811
0.840000	0.700000	0.028205
0.840000	0.710000	0.027570
0.840000	0.720000	0.026907
0.840000	0.730000	0.026215
0.840000	0.740000	0.025496
0.840000	0.750000	0.024749
0.840000	0.760000	0.023977
0.840000	0.770000	0.023180
0.840000	0.780000	0.022358
0.840000	0.790000	0.021512
0.840000	0.800000	0.020644
0.840000	0.810000	0.019753
0.840000	0.820000	0.018842
0.840000	0.830000	0.017910
0.840000	0.840000	0.016959
0.840000	0.850000	0.015990
0.840000	0.860000	0.015003
0.840000	0.870000	0.014000
0.840000	0.880000	0.012983
0.840000	0.890000	0.011951
0.840000	0.900000	0.010906
0.840000	0.910000	0.009850
0.840000	0.920000	0.008782
0.840000	0.930000	0.007706
0.840000	0.940000	0.006620
0.840000	0.950000	0.005528
0.840000	0.960000	0.004430
0.840000	0.970000	0.003327
0.840000	0.980000	0.002220
0.840000	0.990000	0.001110
0.850000	0.500000	0.035429
0.850000	0.510000	0.035441
0.850000	0.520000	0.035419
0.850000	0.530000	0.035363
0.850000	0.540000	0.035272
0.850000	0.550000	0.035146
0.850000	0.560000	0.034986
0.850000	0.570000	0.034791
0.850000	0.580000	0.034561
0.850000	0.590000	0.034297
0.850000	0.600000	0.033999
0.850000	0.610000	0.033666
0.850000	0.620000	0.033300
0.850000	0.630000	0.032900
0.850000	0.640000	0.032466
0.850000	0.650000	0.032000
0.850000	0.660000	0.031501
0.850000	0.670000	0.030969
0.850000	0.680000	0.030405
0.850000	0.690000	0.029810
0.850000	0.700000	0.029185
0.850000	0.710000	0.028528
0.850000	0.720000	0.027842
0.850000	0.730000	0.027127
0.850000	0.740000	0.026384
0.850000	0.750000	0.025612
0.850000	0.760000	0.024814
0.850000	0.770000	0.023990
0.850000	0.780000	0.023139
0.850000	0.790000	0.022265
0.850000	0.800000	0.021366
0.850000	0.810000	0.020445
0.850000	0.820000	0.019502
0.850000	0.830000	0.018538
0.850000	0.840000	0.017554
0.850000	0.850000	0.016551
0.850000	0.860000	0.015530
0.850000	0.870000	0.014492
0.850000	0.880000	0.013439
0.850000	0.890000	0.012371
0.850000	0.900000	0.011290
0.850000	0.910000	0.010196
0.850000	0.920000	0.009092
0.850000	0.930000	0.007977
0.850000	0.940000	0.006854
0.850000	0.950000	0.005723
0.850000	0.960000	0.004586
0.850000	0.970000	0.003444
0.850000	0.980000	0.002298
0.850000	0.990000	0.001150
0.860000	0.500000	0.036631
0.860000	0.510000	0.036645
0.860000	0.520000	0.036624
0.860000	0.530000	0.036567
0.860000	0.540000	0.036474
0.860000	0.550000	0.036345
0.860000	0.560000	0.036181
0.860000	0.570000	0.035981
0.860000	0.580000	0.035745
0.860000	0.590000	0.035473
0.860000	0.600000	0.035166
0.860000	0.610000	0.034823
0.860000	0.620000	0.034446
0.860000	0.630000	0.034033
0.860000	0.640000	0.033586
0.860000	0.650000	0.033104
0.860000	0.660000	0.032589
0.860000	0.670000	0.032040
0.860000	0.680000	0.031458
0.860000	0.690000	0.030843
0.860000	0.700000	0.030197
0.860000	0.710000	0.029519
0.860000	0.720000	0.028810
0.860000	0.730000	0.028071
0.860000	0.740000	0.027302
0.860000	0.750000	0.026505
0.860000	0.760000	0.025679
0.860000	0.770000	0.024827
0.860000	0.780000	0.023948
0.860000	0.790000	0.023043
0.860000	0.800000	0.022114
0.860000	0.810000	0.021161
0.860000	0.820000	0.020185
0.860000	0.830000	0.019188
0.860000	0.840000	0.018169
0.860000	0.850000	0.017132
0.860000	0.860000	0.016075
0.860000	0.870000	0.015001
0.860000	0.880000	0.013911
0.860000	0.890000	0.012806
0.860000	0.900000	0.011687
0.860000	0.910000	0.010555
0.860000	0.920000	0.009412
0.860000	0.930000	0.008258
0.860000	0.940000	0.007095
0.860000	0.950000	0.005924
0.860000	0.960000	0.004747
0.860000	0.970000	0.003565
0.860000	0.980000	0.002379
0.860000	0.990000	0.001190
0.870000	0.500000	0.037872
0.870000	0.510000	0.037888
0.870000	0.520000	0.037867
0.870000	0.530000	0.037810
0.870000	0.540000	0.037716
0.870000	0.550000	0.037584
0.870000	0.560000	0.037416
0.870000	0.570000	0.037210
0.870000	0.580000	0.036967
0.870000	0.590000	0.036688
0.870000	0.600000	0.036371
0.870000	0.610000	0.036019
0.870000	0.620000	0.035629
0.870000	0.630000	0.035204
0.870000	0.640000	0.034742
0.870000	0.650000	0.034246
0.870000	0.660000	0.033714
0.870000	0.670000	0.033147
0.870000	0.680000	0.032546
0.870000	0.690000	0.031911
0.870000	0.700000	0.031243
0.870000	0.710000	0.030543
0.870000	0.720000	0.029810
0.870000	0.730000	0.029047
0.870000	0.740000	0.028252
0.870000	0.750000	0.027428
0.870000	0.760000	0.026574
0.870000	0.770000	0.025693
0.870000	0.780000	0.024784
0.870000	0.790000	0.023848
0.870000	0.800000	0.022887
0.870000	0.810000	0.021901
0.870000	0.820000	0.020892
0.870000	0.830000	0.019860
0.870000	0.840000	0.018806
0.870000	0.850000	0.017732
0.870000	0.860000	0.016639
0.870000	0.870000	0.015528
0.870000	0.880000	0.014400
0.870000	0.890000	0.013256
0.870000	0.900000	0.012098
0.870000	0.910000	0.010926
0.870000	0.920000	0.009743
0.870000	0.930000	0.008548
0.870000	0.940000	0.007345
0.870000	0.950000	0.006133
0.870000	0.960000	0.004915
0.870000	0.970000	0.003691
0.870000	0.980000	0.002463
0.870000	0.990000	0.001232
0.880000	0.500000	0.039153
0.880000	0.510000	0.039171
0.880000	0.520000	0.039151
0.880000	0.530000	0.039094
0.880000	0.540000	0.038998
0.880000	0.550000	0.038863
0.880000	0.560000	0.038691
0.880000	0.570000	0.038479
0.880000	0.580000	0.038230
0.880000	0.590000	0.037943
0.880000	0.600000	0.037617
0.880000	0.610000	0.037253
0.880000	0.620000	0.036852
0.880000	0.630000	0.036414
0.880000	0.640000	0.035938
0.880000	0.650000	0.035425
0.880000	0.660000	0.034876
0.880000	0.670000	0.034291
0.880000	0.680000	0.033671
0.880000	0.690000	0.033015
0.880000	0.700000	0.032325
0.880000	0.710000	0.031602
0.880000	0.720000	0.030845
0.880000	0.730000	0.030055
0.880000	0.740000	0.029234
0.880000	0.750000	0.028382
0.880000	0.760000	0.027500
0.880000	0.770000	0.026588
0.880000	0.780000	0.025648
0.880000	0.790000	0.024681
0.880000	0.800000	0.023686
0.880000	0.810000	0.022667
0.880000	0.820000	0.021623
0.880000	0.830000	0.020555
0.880000	0.840000	0.019465
0.880000	0.850000	0.018354
0.880000	0.860000	0.017223
0.880000	0.870000	0.016073
0.880000	0.880000	0.014906
0.880000	0.890000	0.013722
0.880000	0.900000	0.012523
0.880000	0.910000	0.011310
0.880000	0.920000	0.010085
0.880000	0.930000	0.008849
0.880000	0.940000	0.007603
0.880000	0.950000	0.006349
0.880000	0.960000	0.005088
0.880000	0.970000	0.003821
0.880000	0.980000	0.002549
0.880000	0.990000	0.001275
0.890000	0.500000	0.040475
0.890000	0.510000	0.040496
0.890000	0.520000	0.040477
0.890000	0.530000	0.040419
0.890000	0.540000	0.040321
0.890000	0.550000	0.040184
0.890000	0.560000	0.040007
0.890000	0.570000	0.039791
0.890000	0.580000	0.039535
0.890000	0.590000	0.039239
0.890000	0.600000	0.038904
0.890000	0.610000	0.038529
0.890000	0.620000	0.038116
0.890000	0.630000	0.037664
0.890000	0.640000	0.037173
0.890000	0.650000	0.036644
0.890000	0.660000	0.036078
0.890000	0.670000	0.035474
0.890000	0.680000	0.034833
0.890000	0.690000	0.034157
0.890000	0.700000	0.033444
0.890000	0.710000	0.032696
0.890000	0.720000	0.031914
0.890000	0.730000	0.031099
0.890000	0.740000	0.030250
0.890000	0.750000	0.029369
0.890000	0.760000	0.028457
0.890000	0.770000	0.027515
0.890000	0.780000	0.026543
0.890000	0.790000	0.025542
0.890000	0.800000	0.024514
0.890000	0.810000	0.023459
0.890000	0.820000	0.022379
0.890000	0.830000	0.021275
0.890000	0.840000	0.020147
0.890000	0.850000	0.018997
0.890000	0.860000	0.017827
0.890000	0.870000	0.016637
0.890000	0.880000	0.015429
0.890000	0.890000	0.014204
0.890000	0.900000	0.012963
0.890000	0.910000	0.011708
0.890000	0.920000	0.010440
0.890000	0.930000	0.009160
0.890000	0.940000	0.007871
0.890000	0.950000	0.006572
0.890000	0.960000	0.005267
0.890000	0.970000	0.003955
0.890000	0.980000	0.002639
0.890000	0.990000	0.001320
0.900000	0.500000	0.041840
0.900000	0.510000	0.041863
0.900000	0.520000	0.041846
0.900000	0.530000	0.041788
0.900000	0.540000	0.041688
0.900000	0.550000	0.041548
0.900000	0.560000	0.041367
0.900000	0.570000	0.041145
0.900000	0.580000	0.040882
0.900000	0.590000	0.040578
0.900000	0.600000	0.040233
0.900000	0.610000	0.039847
0.900000	0.620000	0.039421
0.900000	0.630000	0.038955
0.900000	0.640000	0.038449
0.900000	0.650000	0.037904
0.900000	0.660000	0.037320
0.900000	0.670000	0.036696
0.900000	0.680000	0.036035
0.900000	0.690000	0.035336
0.900000	0.700000	0.034600
0.900000	0.710000	0.033828
0.900000	0.720000	0.033020
0.900000	0.730000	0.032177
0.900000	0.740000	0.031300
0.900000	0.750000	0.030390
0.900000	0.760000	0.029447
0.900000	0.770000	0.028473
0.900000	0.780000	0.027468
0.900000	0.790000	0.026433
0.900000	0.800000	0.025370
0.900000	0.810000	0.024279
0.900000	0.820000	0.023161
0.900000	0.830000	0.022019
0.900000	0.840000	0.020852
0.900000	0.850000	0.019663
0.900000	0.860000	0.018452
0.900000	0.870000	0.017221
0.900000	0.880000	0.015970
0.900000	0.890000	0.014703
0.900000	0.900000	0.013418
0.900000	0.910000	0.012119
0.900000	0.920000	0.010807
0.900000	0.930000	0.009483
0.900000	0.940000	0.008148
0.900000	0.950000	0.006804
0.900000	0.960000	0.005452
0.900000	0.970000	0.004094
0.900000	0.980000	0.002732
0.900000	0.990000	0.001367
0.910000	0.500000	0.043249
0.910000	0.510000	0.043275
0.910000	0.520000	0.043259
0.910000	0.530000	0.043200
0.910000	0.540000	0.043100
0.910000	0.550000	0.042957
0.910000	0.560000	0.042772
0.910000	0.570000	0.042544
0.910000	0.580000	0.042274
0.910000	0.590000	0.041961
0.910000	0.600000	0.041606
0.910000	0.610000	0.041209
0.910000	0.620000	0.040771
0.910000	0.630000	0.040290
0.910000	0.640000	0.039769
0.910000	0.650000	0.039206
0.910000	0.660000	0.038603
0.910000	0.670000	0.037960
0.910000	0.680000	0.037278
0.910000	0.690000	0.036556
0.910000	0.700000	0.035796
0.910000	0.710000	0.034999
0.910000	0.720000	0.034164
0.910000	0.730000	0.033293
0.910000	0.740000	0.032387
0.910000	0.750000	0.031446
0.910000	0.760000	0.030471
0.910000	0.770000	0.029464
0.910000	0.780000	0.028425
0.910000	0.790000	0.027355
0.910000	0.800000	0.026255
0.910000	0.810000	0.025127
0.910000	0.820000	0.023971
0.910000	0.830000	0.022789
0.910000	0.840000	0.021582
0.910000	0.850000	0.020352
0.910000	0.860000	0.019099
0.910000	0.870000	0.017825
0.910000	0.880000	0.016531
0.910000	0.890000	0.015219
0.910000	0.900000	0.013890
0.910000	0.910000	0.012545
0.910000	0.920000	0.011187
0.910000	0.930000	0.009816
0.910000	0.940000	0.008434
0.910000	0.950000	0.007043
0.910000	0.960000	0.005644
0.910000	0.970000	0.004238
0.910000	0.980000	0.002828
0.910000	0.990000	0.001415
0.920000	0.500000	0.044703
0.920000	0.510000	0.044732
0.920000	0.520000	0.044717
0.920000	0.530000	0.044659
0.920000	0.540000	0.044557
0.920000	0.550000	0.044412
0.920000	0.560000	0.044222
0.920000	0.570000	0.043989
0.920000	0.580000	0.043711
0.920000	0.590000	0.043390
0.920000	0.600000	0.043025
0.920000	0.610000	0.042616
0.920000	0.620000	0.042165
0.920000	0.630000	0.041670
0.920000	0.640000	0.041132
0.920000	0.650000	0.040552
0.920000	0.660000	0.039930
0.920000	0.670000	0.039266
0.920000	0.680000	0.038562
0.920000	0.690000	0.037817
0.920000	0.700000	0.037032
0.920000	0.710000	0.036209
0.920000	0.720000	0.035347
0.920000	0.730000	0.034447
0.920000	0.740000	0.033510
0.920000	0.750000	0.032538
0.920000	0.760000	0.031530
0.920000	0.770000	0.030489
0.920000	0.780000	0.029415
0.920000	0.790000	0.028308
0.920000	0.800000	0.027171
0.920000	0.810000	0.026004
0.920000	0.820000	0.024809
0.920000	0.830000	0.023586
0.920000	0.840000	0.022338
0.920000	0.850000	0.021065
0.920000	0.860000	0.019768
0.920000	0.870000	0.018450
0.920000	0.880000	0.017111
0.920000	0.890000	0.015753
0.920000	0.900000	0.014378
0.920000	0.910000	0.012986
0.920000	0.920000	0.011580
0.920000	0.930000	0.010161
0.920000	0.940000	0.008731
0.920000	0.950000	0.007291
0.920000	0.960000	0.005842
0.920000	0.970000	0.004388
0.920000	0.980000	0.002928
0.920000	0.990000	0.001465
0.930000	0.500000	0.046204
0.930000	0.510000	0.046236
0.930000	0.520000	0.046223
0.930000	0.530000	0.046165
0.930000	0.540000	0.046062
0.930000	0.550000	0.045914
0.930000	0.560000	0.045720
0.930000	0.570000	0.045481
0.930000	0.580000	0.045196
0.930000	0.590000	0.044866
0.930000	0.600000	0.044491
0.930000	0.610000	0.044070
0.930000	0.620000	0.043605
0.930000	0.630000	0.043095
0.930000	0.640000	0.042541
0.930000	0.650000	0.041943
0.930000	0.660000	0.041301
0.930000	0.670000	0.040617
0.930000	0.680000	0.039890
0.930000	0.690000	0.039121
0.930000	0.700000	0.038311
0.930000	0.710000	0.037460
0.930000	0.720000	0.036570
0.930000	0.730000	0.035640
0.930000	0.740000	0.034672
0.930000	0.750000	0.033667
0.930000	0.760000	0.032626
0.930000	0.770000	0.031550
0.930000	0.780000	0.030439
0.930000	0.790000	0.029295
0.930000	0.800000	0.028119
0.930000	0.810000	0.026912
0.930000	0.820000	0.025676
0.930000	0.830000	0.024411
0.930000	0.840000	0.023119
0.930000	0.850000	0.021802
0.930000	0.860000	0.020461
0.930000	0.870000	0.019097
0.930000	0.880000	0.017711
0.930000	0.890000	0.016306
0.930000	0.900000	0.014883
0.930000	0.910000	0.013442
0.930000	0.920000	0.011987
0.930000	0.930000	0.010518
0.930000	0.940000	0.009038
0.930000	0.950000	0.007547
0.930000	0.960000	0.006048
0.930000	0.970000	0.004542
0.930000	0.980000	0.003031
0.930000	0.990000	0.001516
0.940000	0.500000	0.047753
0.940000	0.510000	0.047788
0.940000	0.520000	0.047778
0.940000	0.530000	0.047720
0.940000	0.540000	0.047616
0.940000	0.550000	0.047465
0.940000	0.560000	0.047267
0.940000	0.570000	0.047022
0.940000	0.580000	0.046730
0.940000	0.590000	0.046391
0.940000	0.600000	0.046005
0.940000	0.610000	0.045572
0.940000	0.620000	0.045093
0.940000	0.630000	0.044568
0.940000	0.640000	0.043997
0.940000	0.650000	0.043380
0.940000	0.660000	0.042719
0.940000	0.670000	0.042013
0.940000	0.680000	0.041263
0.940000	0.690000	0.040469
0.940000	0.700000	0.039633
0.940000	0.710000	0.038754
0.940000	0.720000	0.037834
0.940000	0.730000	0.036874
0.940000	0.740000	0.035874
0.940000	0.750000	0.034836
0.940000	0.760000	0.033760
0.940000	0.770000	0.032647
0.940000	0.780000	0.031499
0.940000	0.790000	0.030316
0.940000	0.800000	0.029100
0.940000	0.810000	0.027852
0.940000	0.820000	0.026573
0.940000	0.830000	0.025265
0.940000	0.840000	0.023929
0.940000	0.850000	0.022566
0.940000	0.860000	0.021178
0.940000	0.870000	0.019766
0.940000	0.880000	0.018333
0.940000	0.890000	0.016878
0.940000	0.900000	0.015405
0.940000	0.910000	0.013915
0.940000	0.920000	0.012409
0.940000	0.930000	0.010888
0.940000	0.940000	0.009356
0.940000	0.950000	0.007813
0.940000	0.960000	0.006261
0.940000	0.970000	0.004702
0.940000	0.980000	0.003138
0.940000	0.990000	0.001570
0.950000	0.500000	0.049352
0.950000	0.510000	0.049391
0.950000	0.520000	0.049382
0.950000	0.530000	0.049325
0.950000	0.540000	0.049220
0.950000	0.550000	0.049067
0.950000	0.560000	0.048864
0.950000	0.570000	0.048613
0.950000	0.580000	0.048314
0.950000	0.590000	0.047966
0.950000	0.600000	0.047569
0.950000	0.610000	0.047124
0.950000	0.620000	0.046631
0.950000	0.630000	0.046090
0.950000	0.640000	0.045502
0.950000	0.650000	0.044866
0.950000	0.660000	0.044184
0.950000	0.670000	0.043456
0.950000	0.680000	0.042682
0.950000	0.690000	0.041863
0.950000	0.700000	0.040999
0.950000	0.710000	0.040092
0.950000	0.720000	0.039142
0.950000	0.730000	0.038151
0.950000	0.740000	0.037118
0.950000	0.750000	0.036045
0.950000	0.760000	0.034932
0.950000	0.770000	0.033782
0.950000	0.780000	0.032595
0.950000	0.790000	0.031372
0.950000	0.800000	0.030115
0.950000	0.810000	0.028824
0.950000	0.820000	0.027501
0.950000	0.830000	0.026148
0.950000	0.840000	0.024766
0.950000	0.850000	0.023356
0.950000	0.860000	0.021920
0.950000	0.870000	0.020460
0.950000	0.880000	0.018976
0.950000	0.890000	0.017471
0.950000	0.900000	0.015947
0.950000	0.910000	0.014404
0.950000	0.920000	0.012845
0.950000	0.930000	0.011271
0.950000	0.940000	0.009685
0.950000	0.950000	0.008088
0.950000	0.960000	0.006481
0.950000	0.970000	0.004867
0.950000	0.980000	0.003248
0.950000	0.990000	0.001625
0.960000	0.500000	0.051002
0.960000	0.510000	0.051045
0.960000	0.520000	0.051039
0.960000	0.530000	0.050983
0.960000	0.540000	0.050877
0.960000	0.550000	0.050721
0.960000	0.560000	0.050514
0.960000	0.570000	0.050257
0.960000	0.580000	0.049950
0.960000	0.590000	0.049593
0.960000	0.600000	0.049185
0.960000	0.610000	0.048728
0.960000	0.620000	0.048220
0.960000	0.630000	0.047663
0.960000	0.640000	0.047057
0.960000	0.650000	0.046402
0.960000	0.660000	0.045699
0.960000	0.670000	0.044948
0.960000	0.680000	0.044149
0.960000	0.690000	0.043304
0.960000	0.700000	0.042413
0.960000	0.710000	0.041476
0.960000	0.720000	0.040495
0.960000	0.730000	0.039471
0.960000	0.740000	0.038404
0.960000	0.750000	0.037295
0.960000	0.760000	0.036146
0.960000	0.770000	0.034957
0.960000	0.780000	0.033729
0.960000	0.790000	0.032465
0.960000	0.800000	0.031165
0.960000	0.810000	0.029830
0.960000	0.820000	0.028462
0.960000	0.830000	0.027063
0.960000	0.840000	0.025633
0.960000	0.850000	0.024174
0.960000	0.860000	0.022689
0.960000	0.870000	0.021177
0.960000	0.880000	0.019642
0.960000	0.890000	0.018085
0.960000	0.900000	0.016507
0.960000	0.910000	0.014910
0.960000	0.920000	0.013297
0.960000	0.930000	0.011668
0.960000	0.940000	0.010026
0.960000	0.950000	0.008373
0.960000	0.960000	0.006710
0.960000	0.970000	0.005039
0.960000	0.980000	0.003362
0.960000	0.990000	0.001682
0.970000	0.500000	0.052705
0.970000	0.510000	0.052753
0.970000	0.520000	0.052749
0.970000	0.530000	0.052694
0.970000	0.540000	0.052587
0.970000	0.550000	0.052428
0.970000	0.560000	0.052218
0.970000	0.570000	0.051955
0.970000	0.580000	0.051640
0.970000	0.590000	0.051274
0.970000	0.600000	0.050855
0.970000	0.610000	0.050385
0.970000	0.620000	0.049863
0.970000	0.630000	0.049289
0.970000	0.640000	0.048665
0.970000	0.650000	0.047990
0.970000	0.660000	0.047265
0.970000	0.670000	0.046490
0.970000	0.680000	0.045666
0.970000	0.690000	0.044794
0.970000	0.700000	0.043874
0.970000	0.710000	0.042907
0.970000	0.720000	0.041895
0.970000	0.730000	0.040836
0.970000	0.740000	0.039734
0.970000	0.750000	0.038588
0.970000	0.760000	0.037401
0.970000	0.770000	0.036172
0.970000	0.780000	0.034903
0.970000	0.790000	0.033596
0.970000	0.800000	0.032252
0.970000	0.810000	0.030872
0.970000	0.820000	0.029457
0.970000	0.830000	0.028009
0.970000	0.840000	0.026530
0.970000	0.850000	0.025021
0.970000	0.860000	0.023484
0.970000	0.870000	0.021920
0.970000	0.880000	0.020332
0.970000	0.890000	0.018720
0.970000	0.900000	0.017087
0.970000	0.910000	0.015435
0.970000	0.920000	0.013765
0.970000	0.930000	0.012079
0.970000	0.940000	0.010379
0.970000	0.950000	0.008667
0.970000	0.960000	0.006946
0.970000	0.970000	0.005216
0.970000	0.980000	0.003481
0.970000	0.990000	0.001741
0.980000	0.500000	0.054463
0.980000	0.510000	0.054515
0.980000	0.520000	0.054514
0.980000	0.530000	0.054460
0.980000	0.540000	0.054353
0.980000	0.550000	0.054192
0.980000	0.560000	0.053977
0.980000	0.570000	0.053709
0.980000	0.580000	0.053386
0.980000	0.590000	0.053010
0.980000	0.600000	0.052580
0.980000	0.610000	0.052096
0.980000	0.620000	0.051559
0.980000	0.630000	0.050969
0.980000	0.640000	0.050326
0.980000	0.650000	0.049631
0.980000	0.660000	0.048883
0.980000	0.670000	0.048085
0.980000	0.680000	0.047235
0.980000	0.690000	0.046335
0.980000	0.700000	0.045386
0.980000	0.710000	0.044388
0.980000	0.720000	0.043342
0.980000	0.730000	0.042249
0.980000	0.740000	0.041110
0.980000	0.750000	0.039927
0.980000	0.760000	0.038699
0.980000	0.770000	0.037430
0.980000	0.780000	0.036118
0.980000	0.790000	0.034767
0.980000	0.800000	0.033377
0.980000	0.810000	0.031950
0.980000	0.820000	0.030487
0.980000	0.830000	0.028989
0.980000	0.840000	0.027459
0.980000	0.850000	0.025898
0.980000	0.860000	0.024308
0.980000	0.870000	0.022690
0.980000	0.880000	0.021046
0.980000	0.890000	0.019378
0.980000	0.900000	0.017688
0.980000	0.910000	0.015978
0.980000	0.920000	0.014249
0.980000	0.930000	0.012504
0.980000	0.940000	0.010745
0.980000	0.950000	0.008973
0.980000	0.960000	0.007191
0.980000	0.970000	0.005400
0.980000	0.980000	0.003604
0.980000	0.990000	0.001803
0.990000	0.500000	0.056277
0.990000	0.510000	0.056334
0.990000	0.520000	0.056336
0.990000	0.530000	0.056284
0.990000	0.540000	0.056176
0.990000	0.550000	0.056013
0.990000	0.560000	0.055794
0.990000	0.570000	0.055520
0.990000	0.580000	0.055190
0.990000	0.590000	0.054804
0.990000	0.600000	0.054362
0.990000	0.610000	0.053865
0.990000	0.620000	0.053313
0.990000	0.630000	0.052706
0.990000	0.640000	0.052044
0.990000	0.650000	0.051327
0.990000	0.660000	0.050557
0.990000	0.670000	0.049733
0.990000	0.680000	0.048857
0.990000	0.690000	0.047929
0.990000	0.700000	0.046949
0.990000	0.710000	0.045919
0.990000	0.720000	0.044839
0.990000	0.730000	0.043711
0.990000	0.740000	0.042534
0.990000	0.750000	0.041312
0.990000	0.760000	0.040043
0.990000	0.770000	0.038731
0.990000	0.780000	0.037376
0.990000	0.790000	0.035979
0.990000	0.800000	0.034541
0.990000	0.810000	0.033065
0.990000	0.820000	0.031552
0.990000	0.830000	0.030004
0.990000	0.840000	0.028421
0.990000	0.850000	0.026806
0.990000	0.860000	0.025161
0.990000	0.870000	0.023486
0.990000	0.880000	0.021785
0.990000	0.890000	0.020059
0.990000	0.900000	0.018310
0.990000	0.910000	0.016540
0.990000	0.920000	0.014751
0.990000	0.930000	0.012945
0.990000	0.940000	0.011123
0.990000	0.950000	0.009289
0.990000	0.960000	0.007444
0.990000	0.970000	0.005591
0.990000	0.980000	0.003731
0.990000	0.990000	0.001867
1.000000	0.000000	0.001695
1.000000	0.010000	0.003388
1.000000	0.020000	0.005079
1.000000	0.030000	0.006766
1.000000	0.040000	0.008447
1.000000	0.050000	0.010122
1.000000	0.060000	0.011789
1.000000	0.070000	0.013447
1.000000	0.080000	0.015094
1.000000	0.090000	0.016728
1.000000	0.100000	0.018350
1.000000	0.110000	0.019957
1.000000	0.120000	0.021548
1.000000	0.130000	0.023122
1.000000	0.140000	0.024678
1.000000	0.150000	0.026213
1.000000	0.160000	0.027728
1.000000	0.170000	0.029220
1.000000	0.180000	0.030688
1.000000	0.190000	0.032132
1.000000	0.200000	0.033549
1.000000	0.210000	0.034939
1.000000	0.220000	0.036300
1.000000	0.230000	0.037631
1.000000	0.240000	0.038931
1.000000	0.250000	0.040198
1.000000	0.260000	0.041432
1.000000	0.270000	0.042631
1.000000	0.280000	0.043793
1.000000	0.290000	0.044919
1.000000	0.300000	0.046006
1.000000	0.310000	0.047054
1.000000	0.320000	0.048062
1.000000	0.330000	0.049027
1.000000	0.340000	0.049950
1.000000	0.350000	0.050830
1.000000	0.360000	0.051664
1.000000	0.370000	0.052453
1.000000	0.380000	0.053195
1.000000	0.390000	0.053889
1.000000	0.400000	0.054535
1.000000	0.410000	0.055131
1.000000	0.420000	0.055677
1.000000	0.430000	0.056172
1.000000	0.440000	0.056616
1.000000	0.450000	0.057006
1.000000	0.460000	0.057344
1.000000	0.470000	0.057627
1.000000	0.480000	0.057856
1.000000	0.490000	0.058030
1.010000	0.000000	0.001748
1.010000	0.010000	0.003494
1.010000	0.020000	0.005238
1.010000	0.030000	0.006978
1.010000	0.040000	0.008712
1.010000	0.050000	0.010439
1.010000	0.060000	0.012158
1.010000	0.070000	0.013868
1.010000	0.080000	0.015566
1.010000	0.090000	0.017253
1.010000	0.100000	0.018926
1.010000	0.110000	0.020584
1.010000	0.120000	0.022225
1.010000	0.130000	0.023849
1.010000	0.140000	0.025454
1.010000	0.150000	0.027039
1.010000	0.160000	0.028602
1.010000	0.170000	0.030142
1.010000	0.180000	0.031658
1.010000	0.190000	0.033148
1.010000	0.200000	0.034611
1.010000	0.210000	0.036046
1.010000	0.220000	0.037451
1.010000	0.230000	0.038826
1.010000	0.240000	0.040169
1.010000	0.250000	0.041478
1.010000	0.260000	0.042753
1.010000	0.270000	0.043992
1.010000	0.280000	0.045194
1.010000	0.290000	0.046357
1.010000	0.300000	0.047482
1.010000	0.310000	0.048566
1.010000	0.320000	0.049608
1.010000	0.330000	0.050607
1.010000	0.340000	0.051562
1.010000	0.350000	0.052473
1.010000	0.360000	0.053337
1.010000	0.370000	0.054154
1.010000	0.380000	0.054923
1.010000	0.390000	0.055643
1.010000	0.400000	0.056313
1.010000	0.410000	0.056932
1.010000	0.420000	0.057500
1.010000	0.430000	0.058014
1.010000	0.440000	0.058475
1.010000	0.450000	0.058882
1.010000	0.460000	0.059234
1.010000	0.470000	0.059531
1.010000	0.480000	0.059771
1.010000	0.490000	0.059954
1.020000	0.000000	0.001802
1.020000	0.010000	0.003603
1.020000	0.020000	0.005401
1.020000	0.030000	0.007195
1.020000	0.040000	0.008983
1.020000	0.050000	0.010765
1.020000	0.060000	0.012538
1.020000	0.070000	0.014301
1.020000	0.080000	0.016053
1.020000	0.090000	0.017792
1.020000	0.100000	0.019518
1.020000	0.110000	0.021228
1.020000	0.120000	0.022921
1.020000	0.130000	0.024597
1.020000	0.140000	0.026253
1.020000	0.150000	0.027888
1.020000	0.160000	0.029501
1.020000	0.170000	0.031090
1.020000	0.180000	0.032654
1.020000	0.190000	0.034193
1.020000	0.200000	0.035703
1.020000	0.210000	0.037185
1.020000	0.220000	0.038636
1.020000	0.230000	0.040056
1.020000	0.240000	0.041443
1.020000	0.250000	0.042795
1.020000	0.260000	0.044112
1.020000	0.270000	0.045393
1.020000	0.280000	0.046635
1.020000	0.290000	0.047838
1.020000	0.300000	0.049001
1.020000	0.310000	0.050122
1.020000	0.320000	0.051200
1.020000	0.330000	0.052234
1.020000	0.340000	0.053223
1.020000	0.350000	0.054165
1.020000	0.360000	0.055061
1.020000	0.370000	0.055907
1.020000	0.380000	0.056704
1.020000	0.390000	0.057451
1.020000	0.400000	0.058146
1.020000	0.410000	0.058789
1.020000	0.420000	0.059378
1.020000	0.430000	0.059913
1.020000	0.440000	0.060393
1.020000	0.450000	0.060817
1.020000	0.460000	0.061184
1.020000	0.470000	0.061494
1.020000	0.480000	0.061746
1.020000	0.490000	0.061939
1.030000	0.000000	0.001858
1.030000	0.010000	0.003715
1.030000	0.020000	0.005569
1.030000	0.030000	0.007419
1.030000	0.040000	0.009263
1.030000	0.050000	0.011099
1.030000	0.060000	0.012928
1.030000	0.070000	0.014746
1.030000	0.080000	0.016553
1.030000	0.090000	0.018347
1.030000	0.100000	0.020126
1.030000	0.110000	0.021890
1.030000	0.120000	0.023637
1.030000	0.130000	0.025365
1.030000	0.140000	0.027074
1.030000	0.150000	0.028761
1.030000	0.160000	0.030425
1.030000	0.170000	0.032065
1.030000	0.180000	0.033680
1.030000	0.190000	0.035267
1.030000	0.200000	0.036827
1.030000	0.210000	0.038356
1.030000	0.220000	0.039855
1.030000	0.230000	0.041321
1.030000	0.240000	0.042753
1.030000	0.250000	0.044151
1.030000	0.260000	0.045512
1.030000	0.270000	0.046835
1.030000	0.280000	0.048119
1.030000	0.290000	0.049363
1.030000	0.300000	0.050565
1.030000	0.310000	0.051724
1.030000	0.320000	0.052839
1.030000	0.330000	0.053910
1.030000	0.340000	0.054933
1.030000	0.350000	0.055909
1.030000	0.360000	0.056836
1.030000	0.370000	0.057713
1.030000	0.380000	0.058540
1.030000	0.390000	0.059314
1.030000	0.400000	0.060035
1.030000	0.410000	0.060702
1.030000	0.420000	0.061315
1.030000	0.430000	0.061871
1.030000	0.440000	0.062370
1.030000	0.450000	0.062812
1.030000	0.460000	0.063195
1.030000	0.470000	0.063520
1.030000	0.480000	0.063784
1.030000	0.490000	0.063988
1.040000	0.000000	0.001916
1.040000	0.010000	0.003830
1.040000	0.020000	0.005742
1.040000	0.030000	0.007649
1.040000	0.040000	0.009550
1.040000	0.050000	0.011444
1.040000	0.060000	0.013329
1.040000	0.070000	0.015203
1.040000	0.080000	0.017067
1.040000	0.090000	0.018916
1.040000	0.100000	0.020752
1.040000	0.110000	0.022571
1.040000	0.120000	0.024373
1.040000	0.130000	0.026156
1.040000	0.140000	0.027918
1.040000	0.150000	0.029658
1.040000	0.160000	0.031375
1.040000	0.170000	0.033068
1.040000	0.180000	0.034734
1.040000	0.190000	0.036373
1.040000	0.200000	0.037982
1.040000	0.210000	0.039561
1.040000	0.220000	0.041109
1.040000	0.230000	0.042623
1.040000	0.240000	0.044102
1.040000	0.250000	0.045545
1.040000	0.260000	0.046951
1.040000	0.270000	0.048319
1.040000	0.280000	0.049646
1.040000	0.290000	0.050932
1.040000	0.300000	0.052175
1.040000	0.310000	0.053374
1.040000	0.320000	0.054528
1.040000	0.330000	0.055635
1.040000	0.340000	0.056694
1.040000	0.350000	0.057705
1.040000	0.360000	0.058665
1.040000	0.370000	0.059574
1.040000	0.380000	0.060431
1.040000	0.390000	0.061234
1.040000	0.400000	0.061982
1.040000	0.410000	0.062675
1.040000	0.420000	0.063311
1.040000	0.430000	0.063889
1.040000	0.440000	0.064409
1.040000	0.450000	0.064869
1.040000	0.460000	0.065270
1.040000	0.470000	0.065609
1.040000	0.480000	0.065886
1.040000	0.490000	0.066101
1.050000	0.000000	0.001975
1.050000	0.010000	0.003948
1.050000	0.020000	0.005919
1.050000	0.030000	0.007885
1.050000	0.040000	0.009845
1.050000	0.050000	0.011797
1.050000	0.060000	0.013741
1.050000	0.070000	0.015674
1.050000	0.080000	0.017595
1.050000	0.090000	0.019502
1.050000	0.100000	0.021395
1.050000	0.110000	0.023271
1.050000	0.120000	0.025129
1.050000	0.130000	0.026968
1.050000	0.140000	0.028786
1.050000	0.150000	0.030581
1.050000	0.160000	0.032353
1.050000	0.170000	0.034099
1.050000	0.180000	0.035818
1.050000	0.190000	0.037509
1.050000	0.200000	0.039171
1.050000	0.210000	0.040801
1.050000	0.220000	0.042398
1.050000	0.230000	0.043962
1.050000	0.240000	0.045489
1.050000	0.250000	0.046980
1.050000	0.260000	0.048433
1.050000	0.270000	0.049846
1.050000	0.280000	0.051217
1.050000	0.290000	0.052547
1.050000	0.300000	0.053832
1.050000	0.310000	0.055072
1.050000	0.320000	0.056266
1.050000	0.330000	0.057411
1.050000	0.340000	0.058508
1.050000	0.350000	0.059554
1.050000	0.360000	0.060549
1.050000	0.370000	0.061491
1.050000	0.380000	0.062379
1.050000	0.390000	0.063212
1.050000	0.400000	0.063988
1.050000	0.410000	0.064707
1.050000	0.420000	0.065368
1.050000	0.430000	0.065970
1.050000	0.440000	0.066511
1.050000	0.450000	0.066991
1.050000	0.460000	0.067409
1.050000	0.470000	0.067763
1.050000	0.480000	0.068055
1.050000	0.490000	0.068281
1.060000	0.000000	0.002036
1.060000	0.010000	0.004070
1.060000	0.020000	0.006101
1.060000	0.030000	0.008127
1.060000	0.040000	0.010148
1.060000	0.050000	0.012160
1.060000	0.060000	0.014164
1.060000	0.070000	0.016157
1.060000	0.080000	0.018137
1.060000	0.090000	0.020104
1.060000	0.100000	0.022055
1.060000	0.110000	0.023990
1.060000	0.120000	0.025906
1.060000	0.130000	0.027803
1.060000	0.140000	0.029677
1.060000	0.150000	0.031529
1.060000	0.160000	0.033357
1.060000	0.170000	0.035159
1.060000	0.180000	0.036933
1.060000	0.190000	0.038678
1.060000	0.200000	0.040392
1.060000	0.210000	0.042075
1.060000	0.220000	0.043724
1.060000	0.230000	0.045339
1.060000	0.240000	0.046916
1.060000	0.250000	0.048456
1.060000	0.260000	0.049957
1.060000	0.270000	0.051417
1.060000	0.280000	0.052834
1.060000	0.290000	0.054208
1.060000	0.300000	0.055537
1.060000	0.310000	0.056820
1.060000	0.320000	0.058055
1.060000	0.330000	0.059240
1.060000	0.340000	0.060375
1.060000	0.350000	0.061459
1.060000	0.360000	0.062489
1.060000	0.370000	0.063465
1.060000	0.380000	0.064386
1.060000	0.390000	0.065249
1.060000	0.400000	0.066055
1.060000	0.410000	0.066802
1.060000	0.420000	0.067489
1.060000	0.430000	0.068115
1.060000	0.440000	0.068678
1.060000	0.450000	0.069178
1.060000	0.460000	0.069615
1.060000	0.470000	0.069986
1.060000	0.480000	0.070291
1.060000	0.490000	0.070530
1.070000	0.000000	0.002098
1.070000	0.010000	0.004195
1.070000	0.020000	0.006288
1.070000	0.030000	0.008377
1.070000	0.040000	0.010459
1.070000	0.050000	0.012534
1.070000	0.060000	0.014599
1.070000	0.070000	0.016653
1.070000	0.080000	0.018695
1.070000	0.090000	0.020722
1.070000	0.100000	0.022734
1.070000	0.110000	0.024729
1.070000	0.120000	0.026705
1.070000	0.130000	0.028660
1.070000	0.140000	0.030594
1.070000	0.150000	0.032504
1.070000	0.160000	0.034389
1.070000	0.170000	0.036248
1.070000	0.180000	0.038078
1.070000	0.190000	0.039879
1.070000	0.200000	0.041649
1.070000	0.210000	0.043386
1.070000	0.220000	0.045088
1.070000	0.230000	0.046755
1.070000	0.240000	0.048384
1.070000	0.250000	0.049975
1.070000	0.260000	0.051525
1.070000	0.270000	0.053033
1.070000	0.280000	0.054498
1.070000	0.290000	0.055918
1.070000	0.300000	0.057292
1.070000	0.310000	0.058619
1.070000	0.320000	0.059896
1.070000	0.330000	0.061123
1.070000	0.340000	0.062298
1.070000	0.350000	0.063420
1.070000	0.360000	0.064487
1.070000	0.370000	0.065498
1.070000	0.380000	0.066453
1.070000	0.390000	0.067349
1.070000	0.400000	0.068185
1.070000	0.410000	0.068961
1.070000	0.420000	0.069675
1.070000	0.430000	0.070325
1.070000	0.440000	0.070912
1.070000	0.450000	0.071434
1.070000	0.460000	0.071889
1.070000	0.470000	0.072278
1.070000	0.480000	0.072599
1.070000	0.490000	0.072851
1.080000	0.000000	0.002162
1.080000	0.010000	0.004323
1.080000	0.020000	0.006480
1.080000	0.030000	0.008633
1.080000	0.040000	0.010779
1.080000	0.050000	0.012917
1.080000	0.060000	0.015045
1.080000	0.070000	0.017163
1.080000	0.080000	0.019267
1.080000	0.090000	0.021357
1.080000	0.100000	0.023432
1.080000	0.110000	0.025488
1.080000	0.120000	0.027525
1.080000	0.130000	0.029542
1.080000	0.140000	0.031536
1.080000	0.150000	0.033506
1.080000	0.160000	0.035450
1.080000	0.170000	0.037368
1.080000	0.180000	0.039256
1.080000	0.190000	0.041114
1.080000	0.200000	0.042940
1.080000	0.210000	0.044733
1.080000	0.220000	0.046490
1.080000	0.230000	0.048211
1.080000	0.240000	0.049893
1.080000	0.250000	0.051536
1.080000	0.260000	0.053137
1.080000	0.270000	0.054696
1.080000	0.280000	0.056210
1.080000	0.290000	0.057678
1.080000	0.300000	0.059098
1.080000	0.310000	0.060470
1.080000	0.320000	0.061792
1.080000	0.330000	0.063061
1.080000	0.340000	0.064277
1.080000	0.350000	0.065439
1.080000	0.360000	0.066544
1.080000	0.370000	0.067593
1.080000	0.380000	0.068582
1.080000	0.390000	0.069511
1.080000	0.400000	0.070380
1.080000	0.410000	0.071185
1.080000	0.420000	0.071927
1.080000	0.430000	0.072604
1.080000	0.440000	0.073215
1.080000	0.450000	0.073759
1.080000	0.460000	0.074235
1.080000	0.470000	0.074642
1.080000	0.480000	0.074979
1.080000	0.490000	0.075245
1.090000	0.000000	0.002228
1.090000	0.010000	0.004454
1.090000	0.020000	0.006677
1.090000	0.030000	0.008896
1.090000	0.040000	0.011107
1.090000	0.050000	0.013311
1.090000	0.060000	0.015504
1.090000	0.070000	0.017686
1.090000	0.080000	0.019855
1.090000	0.090000	0.022010
1.090000	0.100000	0.024148
1.090000	0.110000	0.026268
1.090000	0.120000	0.028368
1.090000	0.130000	0.030447
1.090000	0.140000	0.032503
1.090000	0.150000	0.034535
1.090000	0.160000	0.036540
1.090000	0.170000	0.038518
1.090000	0.180000	0.040466
1.090000	0.190000	0.042383
1.090000	0.200000	0.044267
1.090000	0.210000	0.046117
1.090000	0.220000	0.047931
1.090000	0.230000	0.049708
1.090000	0.240000	0.051445
1.090000	0.250000	0.053142
1.090000	0.260000	0.054796
1.090000	0.270000	0.056406
1.090000	0.280000	0.057970
1.090000	0.290000	0.059488
1.090000	0.300000	0.060957
1.090000	0.310000	0.062375
1.090000	0.320000	0.063742
1.090000	0.330000	0.065056
1.090000	0.340000	0.066315
1.090000	0.350000	0.067518
1.090000	0.360000	0.068663
1.090000	0.370000	0.069749
1.090000	0.380000	0.070775
1.090000	0.390000	0.071739
1.090000	0.400000	0.072640
1.090000	0.410000	0.073477
1.090000	0.420000	0.074248
1.090000	0.430000	0.074953
1.090000	0.440000	0.075589
1.090000	0.450000	0.076156
1.090000	0.460000	0.076653
1.090000	0.470000	0.077079
1.090000	0.480000	0.077433
1.090000	0.490000	0.077714
1.100000	0.000000	0.002296
1.100000	0.010000	0.004589
1.100000	0.020000	0.006880
1.100000	0.030000	0.009165
1.100000	0.040000	0.011444
1.100000	0.050000	0.013715
1.100000	0.060000	0.015975
1.100000	0.070000	0.018224
1.100000	0.080000	0.020459
1.100000	0.090000	0.022680
1.100000	0.100000	0.024883
1.100000	0.110000	0.027069
1.100000	0.120000	0.029234
1.100000	0.130000	0.031377
1.100000	0.140000	0.033497
1.100000	0.150000	0.035592
1.100000	0.160000	0.037660
1.100000	0.170000	0.039700
1.100000	0.180000	0.041710
1.100000	0.190000	0.043687
1.100000	0.200000	0.045632
1.100000	0.210000	0.047541
1.100000	0.220000	0.049413
1.100000	0.230000	0.051247
1.100000	0.240000	0.053041
1.100000	0.250000	0.054792
1.100000	0.260000	0.056501
1.100000	0.270000	0.058164
1.100000	0.280000	0.059781
1.100000	0.290000	0.061350
1.100000	0.300000	0.062868
1.100000	0.310000	0.064335
1.100000	0.320000	0.065749
1.100000	0.330000	0.067109
1.100000	0.340000	0.068412
1.100000	0.350000	0.069657
1.100000	0.360000	0.070844
1.100000	0.370000	0.071970
1.100000	0.380000	0.073033
1.100000	0.390000	0.074034
1.100000	0.400000	0.074969
1.100000	0.410000	0.075838
1.100000	0.420000	0.076640
1.100000	0.430000	0.077373
1.100000	0.440000	0.078036
1.100000	0.450000	0.078628
1.100000	0.460000	0.079147
1.100000	0.470000	0.079593
1.100000	0.480000	0.079965
1.100000	0.490000	0.080261
1.110000	0.000000	0.002365
1.110000	0.010000	0.004728
1.110000	0.020000	0.007088
1.110000	0.030000	0.009443
1.110000	0.040000	0.011790
1.110000	0.050000	0.014130
1.110000	0.060000	0.016459
1.110000	0.070000	0.018776
1.110000	0.080000	0.021079
1.110000	0.090000	0.023368
1.110000	0.100000	0.025639
1.110000	0.110000	0.027891
1.110000	0.120000	0.030123
1.110000	0.130000	0.032332
1.110000	0.140000	0.034518
1.110000	0.150000	0.036678
1.110000	0.160000	0.038811
1.110000	0.170000	0.040914
1.110000	0.180000	0.042987
1.110000	0.190000	0.045027
1.110000	0.200000	0.047033
1.110000	0.210000	0.049003
1.110000	0.220000	0.050936
1.110000	0.230000	0.052829
1.110000	0.240000	0.054680
1.110000	0.250000	0.056490
1.110000	0.260000	0.058254
1.110000	0.270000	0.059973
1.110000	0.280000	0.061643
1.110000	0.290000	0.063265
1.110000	0.300000	0.064834
1.110000	0.310000	0.066352
1.110000	0.320000	0.067814
1.110000	0.330000	0.069221
1.110000	0.340000	0.070570
1.110000	0.350000	0.071860
1.110000	0.360000	0.073089
1.110000	0.370000	0.074256
1.110000	0.380000	0.075359
1.110000	0.390000	0.076397
1.110000	0.400000	0.077368
1.110000	0.410000	0.078271
1.110000	0.420000	0.079104
1.110000	0.430000	0.079867
1.110000	0.440000	0.080558
1.110000	0.450000	0.081175
1.110000	0.460000	0.081718
1.110000	0.470000	0.082185
1.110000	0.480000	0.082576
1.110000	0.490000	0.082889
1.120000	0.000000	0.002436
1.120000	0.010000	0.004870
1.120000	0.020000	0.007301
1.120000	0.030000	0.009727
1.120000	0.040000	0.012146
1.120000	0.050000	0.014556
1.120000	0.060000	0.016955
1.120000	0.070000	0.019343
1.120000	0.080000	0.021716
1.120000	0.090000	0.024074
1.120000	0.100000	0.026414
1.120000	0.110000	0.028735
1.120000	0.120000	0.031036
1.120000	0.130000	0.033313
1.120000	0.140000	0.035566
1.120000	0.150000	0.037793
1.120000	0.160000	0.039992
1.120000	0.170000	0.042161
1.120000	0.180000	0.044299
1.120000	0.190000	0.046404
1.120000	0.200000	0.048473
1.120000	0.210000	0.050506
1.120000	0.220000	0.052500
1.120000	0.230000	0.054454
1.120000	0.240000	0.056366
1.120000	0.250000	0.058234
1.120000	0.260000	0.060057
1.120000	0.270000	0.061832
1.120000	0.280000	0.063558
1.120000	0.290000	0.065234
1.120000	0.300000	0.066857
1.120000	0.310000	0.068426
1.120000	0.320000	0.069939
1.120000	0.330000	0.071395
1.120000	0.340000	0.072791
1.120000	0.350000	0.074127
1.120000	0.360000	0.075400
1.120000	0.370000	0.076610
1.120000	0.380000	0.077753
1.120000	0.390000	0.078830
1.120000	0.400000	0.079838
1.120000	0.410000	0.080777
1.120000	0.420000	0.081643
1.120000	0.430000	0.082437
1.120000	0.440000	0.083157
1.120000	0.450000	0.083801
1.120000	0.460000	0.084368
1.120000	0.470000	0.084858
1.120000	0.480000	0.085268
1.120000	0.490000	0.085599
1.130000	0.000000	0.002509
1.130000	0.010000	0.005016
1.130000	0.020000	0.007520
1.130000	0.030000	0.010019
1.130000	0.040000	0.012510
1.130000	0.050000	0.014993
1.130000	0.060000	0.017465
1.130000	0.070000	0.019924
1.130000	0.080000	0.022369
1.130000	0.090000	0.024799
1.130000	0.100000	0.027210
1.130000	0.110000	0.029602
1.130000	0.120000	0.031973
1.130000	0.130000	0.034320
1.130000	0.140000	0.036642
1.130000	0.150000	0.038938
1.130000	0.160000	0.041205
1.130000	0.170000	0.043442
1.130000	0.180000	0.045647
1.130000	0.190000	0.047817
1.130000	0.200000	0.049952
1.130000	0.210000	0.052050
1.130000	0.220000	0.054108
1.130000	0.230000	0.056124
1.130000	0.240000	0.058098
1.130000	0.250000	0.060027
1.130000	0.260000	0.061909
1.130000	0.270000	0.063743
1.130000	0.280000	0.065527
1.130000	0.290000	0.067259
1.130000	0.300000	0.068937
1.130000	0.310000	0.070559
1.130000	0.320000	0.072124
1.130000	0.330000	0.073631
1.130000	0.340000	0.075076
1.130000	0.350000	0.076460
1.130000	0.360000	0.077779
1.130000	0.370000	0.079033
1.130000	0.380000	0.080219
1.130000	0.390000	0.081336
1.130000	0.400000	0.082383
1.130000	0.410000	0.083358
1.130000	0.420000	0.084259
1.130000	0.430000	0.085085
1.130000	0.440000	0.085835
1.130000	0.450000	0.086508
1.130000	0.460000	0.087101
1.130000	0.470000	0.087614
1.130000	0.480000	0.088045
1.130000	0.490000	0.088394
1.140000	0.000000	0.002584
1.140000	0.010000	0.005166
1.140000	0.020000	0.007745
1.140000	0.030000	0.010318
1.140000	0.040000	0.012884
1.140000	0.050000	0.015441
1.140000	0.060000	0.017987
1.140000	0.070000	0.020521
1.140000	0.080000	0.023040
1.140000	0.090000	0.025542
1.140000	0.100000	0.028027
1.140000	0.110000	0.030491
1.140000	0.120000	0.032934
1.140000	0.130000	0.035353
1.140000	0.140000	0.037747
1.140000	0.150000	0.040114
1.140000	0.160000	0.042451
1.140000	0.170000	0.044757
1.140000	0.180000	0.047031
1.140000	0.190000	0.049269
1.140000	0.200000	0.051472
1.140000	0.210000	0.053635
1.140000	0.220000	0.055759
1.140000	0.230000	0.057840
1.140000	0.240000	0.059878
1.140000	0.250000	0.061869
1.140000	0.260000	0.063813
1.140000	0.270000	0.065708
1.140000	0.280000	0.067551
1.140000	0.290000	0.069340
1.140000	0.300000	0.071075
1.140000	0.310000	0.072753
1.140000	0.320000	0.074372
1.140000	0.330000	0.075931
1.140000	0.340000	0.077428
1.140000	0.350000	0.078860
1.140000	0.360000	0.080227
1.140000	0.370000	0.081526
1.140000	0.380000	0.082757
1.140000	0.390000	0.083916
1.140000	0.400000	0.085003
1.140000	0.410000	0.086016
1.140000	0.420000	0.086954
1.140000	0.430000	0.087814
1.140000	0.440000	0.088596
1.140000	0.450000	0.089297
1.140000	0.460000	0.089917
1.140000	0.470000	0.090455
1.140000	0.480000	0.090909
1.140000	0.490000	0.091277
1.150000	0.000000	0.002661
1.150000	0.010000	0.005320
1.150000	0.020000	0.007975
1.150000	0.030000	0.010625
1.150000	0.040000	0.013268
1.150000	0.050000	0.015901
1.150000	0.060000	0.018524
1.150000	0.070000	0.021133
1.150000	0.080000	0.023728
1.150000	0.090000	0.026306
1.150000	0.100000	0.028865
1.150000	0.110000	0.031404
1.150000	0.120000	0.033921
1.150000	0.130000	0.036414
1.150000	0.140000	0.038881
1.150000	0.150000	0.041320
1.150000	0.160000	0.043729
1.150000	0.170000	0.046107
1.150000	0.180000	0.048451
1.150000	0.190000	0.050760
1.150000	0.200000	0.053032
1.150000	0.210000	0.055264
1.150000	0.220000	0.057455
1.150000	0.230000	0.059603
1.150000	0.240000	0.061706
1.150000	0.250000	0.063762
1.150000	0.260000	0.065770
1.150000	0.270000	0.067726
1.150000	0.280000	0.069631
1.150000	0.290000	0.071480
1.150000	0.300000	0.073274
1.150000	0.310000	0.075009
1.150000	0.320000	0.076684
1.150000	0.330000	0.078297
1.150000	0.340000	0.079846
1.150000	0.350000	0.081330
1.150000	0.360000	0.082746
1.150000	0.370000	0.084093
1.150000	0.380000	0.085369
1.150000	0.390000	0.086572
1.150000	0.400000	0.087701
1.150000	0.410000	0.088754
1.150000	0.420000	0.089729
1.150000	0.430000	0.090625
1.150000	0.440000	0.091440
1.150000	0.450000	0.092172
1.150000	0.460000	0.092821
1.150000	0.470000	0.093384
1.150000	0.480000	0.093861
1.150000	0.490000	0.094250
1.160000	0.000000	0.002740
1.160000	0.010000	0.005478
1.160000	0.020000	0.008212
1.160000	0.030000	0.010940
1.160000	0.040000	0.013661
1.160000	0.050000	0.016373
1.160000	0.060000	0.019074
1.160000	0.070000	0.021761
1.160000	0.080000	0.024433
1.160000	0.090000	0.027088
1.160000	0.100000	0.029725
1.160000	0.110000	0.032341
1.160000	0.120000	0.034934
1.160000	0.130000	0.037502
1.160000	0.140000	0.040044
1.160000	0.150000	0.042558
1.160000	0.160000	0.045042
1.160000	0.170000	0.047493
1.160000	0.180000	0.049910
1.160000	0.190000	0.052290
1.160000	0.200000	0.054633
1.160000	0.210000	0.056936
1.160000	0.220000	0.059196
1.160000	0.230000	0.061413
1.160000	0.240000	0.063584
1.160000	0.250000	0.065707
1.160000	0.260000	0.067780
1.160000	0.270000	0.069801
1.160000	0.280000	0.071768
1.160000	0.290000	0.073680
1.160000	0.300000	0.075534
1.160000	0.310000	0.077328
1.160000	0.320000	0.079061
1.160000	0.330000	0.080730
1.160000	0.340000	0.082334
1.160000	0.350000	0.083871
1.160000	0.360000	0.085338
1.160000	0.370000	0.086735
1.160000	0.380000	0.088058
1.160000	0.390000	0.089307
1.160000	0.400000	0.090479
1.160000	0.410000	0.091573
1.160000	0.420000	0.092588
1.160000	0.430000	0.093521
1.160000	0.440000	0.094370
1.160000	0.450000	0.095135
1.160000	0.460000	0.095813
1.160000	0.470000	0.096404
1.160000	0.480000	0.096905
1.160000	0.490000	0.097316
1.170000	0.000000	0.002821
1.170000	0.010000	0.005639
1.170000	0.020000	0.008454
1.170000	0.030000	0.011263
1.170000	0.040000	0.014065
1.170000	0.050000	0.016857
1.170000	0.060000	0.019638
1.170000	0.070000	0.022405
1.170000	0.080000	0.025157
1.170000	0.090000	0.027891
1.170000	0.100000	0.030607
1.170000	0.110000	0.033301
1.170000	0.120000	0.035972
1.170000	0.130000	0.038619
1.170000	0.140000	0.041238
1.170000	0.150000	0.043828
1.170000	0.160000	0.046388
1.170000	0.170000	0.048915
1.170000	0.180000	0.051406
1.170000	0.190000	0.053861
1.170000	0.200000	0.056277
1.170000	0.210000	0.058652
1.170000	0.220000	0.060985
1.170000	0.230000	0.063272
1.170000	0.240000	0.065513
1.170000	0.250000	0.067704
1.170000	0.260000	0.069845
1.170000	0.270000	0.071932
1.170000	0.280000	0.073965
1.170000	0.290000	0.075941
1.170000	0.300000	0.077857
1.170000	0.310000	0.079713
1.170000	0.320000	0.081505
1.170000	0.330000	0.083233
1.170000	0.340000	0.084893
1.170000	0.350000	0.086484
1.170000	0.360000	0.088005
1.170000	0.370000	0.089453
1.170000	0.380000	0.090825
1.170000	0.390000	0.092122
1.170000	0.400000	0.093339
1.170000	0.410000	0.094477
1.170000	0.420000	0.095532
1.170000	0.430000	0.096503
1.170000	0.440000	0.097389
1.170000	0.450000	0.098188
1.170000	0.460000	0.098898
1.170000	0.470000	0.099517
1.170000	0.480000	0.100044
1.170000	0.490000	0.100479
1.180000	0.000000	0.002903
1.180000	0.010000	0.005805
1.180000	0.020000	0.008703
1.180000	0.030000	0.011595
1.180000	0.040000	0.014479
1.180000	0.050000	0.017353
1.180000	0.060000	0.020216
1.180000	0.070000	0.023065
1.180000	0.080000	0.025899
1.180000	0.090000	0.028715
1.180000	0.100000	0.031511
1.180000	0.110000	0.034286
1.180000	0.120000	0.037038
1.180000	0.130000	0.039764
1.180000	0.140000	0.042462
1.180000	0.150000	0.045132
1.180000	0.160000	0.047769
1.180000	0.170000	0.050374
1.180000	0.180000	0.052942
1.180000	0.190000	0.055473
1.180000	0.200000	0.057965
1.180000	0.210000	0.060414
1.180000	0.220000	0.062820
1.180000	0.230000	0.065181
1.180000	0.240000	0.067493
1.180000	0.250000	0.069755
1.180000	0.260000	0.071966
1.180000	0.270000	0.074122
1.180000	0.280000	0.076222
1.180000	0.290000	0.078263
1.180000	0.300000	0.080244
1.180000	0.310000	0.082163
1.180000	0.320000	0.084018
1.180000	0.330000	0.085805
1.180000	0.340000	0.087524
1.180000	0.350000	0.089172
1.180000	0.360000	0.090748
1.180000	0.370000	0.092249
1.180000	0.380000	0.093673
1.180000	0.390000	0.095019
1.180000	0.400000	0.096284
1.180000	0.410000	0.097466
1.180000	0.420000	0.098564
1.180000	0.430000	0.099576
1.180000	0.440000	0.100499
1.180000	0.450000	0.101333
1.180000	0.460000	0.102076
1.180000	0.470000	0.102726
1.180000	0.480000	0.103281
1.180000	0.490000	0.103739
1.190000	0.000000	0.002988
1.190000	0.010000	0.005975
1.190000	0.020000	0.008957
1.190000	0.030000	0.011934
1.190000	0.040000	0.014903
1.190000	0.050000	0.017862
1.190000	0.060000	0.020809
1.190000	0.070000	0.023742
1.190000	0.080000	0.026659
1.190000	0.090000	0.029559
1.190000	0.100000	0.032438
1.190000	0.110000	0.035296
1.190000	0.120000	0.038130
1.190000	0.130000	0.040938
1.190000	0.140000	0.043718
1.190000	0.150000	0.046468
1.190000	0.160000	0.049186
1.190000	0.170000	0.051870
1.190000	0.180000	0.054518
1.190000	0.190000	0.057127
1.190000	0.200000	0.059696
1.190000	0.210000	0.062223
1.190000	0.220000	0.064705
1.190000	0.230000	0.067140
1.190000	0.240000	0.069526
1.190000	0.250000	0.071861
1.190000	0.260000	0.074144
1.190000	0.270000	0.076370
1.190000	0.280000	0.078540
1.190000	0.290000	0.080650
1.190000	0.300000	0.082698
1.190000	0.310000	0.084682
1.190000	0.320000	0.086600
1.190000	0.330000	0.088450
1.190000	0.340000	0.090230
1.190000	0.350000	0.091937
1.190000	0.360000	0.093570
1.190000	0.370000	0.095126
1.190000	0.380000	0.096603
1.190000	0.390000	0.098000
1.190000	0.400000	0.099314
1.190000	0.410000	0.100543
1.190000	0.420000	0.101686
1.190000	0.430000	0.102740
1.190000	0.440000	0.103703
1.190000	0.450000	0.104575
1.190000	0.460000	0.105352
1.190000	0.470000	0.106033
1.190000	0.480000	0.106617
1.190000	0.490000	0.107102
1.200000	0.000000	0.003075
1.200000	0.010000	0.006149
1.200000	0.020000	0.009218
1.200000	0.030000	0.012282
1.200000	0.040000	0.015337
1.200000	0.050000	0.018383
1.200000	0.060000	0.021416
1.200000	0.070000	0.024435
1.200000	0.080000	0.027439
1.200000	0.090000	0.030424
1.200000	0.100000	0.033389
1.200000	0.110000	0.036331
1.200000	0.120000	0.039250
1.200000	0.130000	0.042142
1.200000	0.140000	0.045006
1.200000	0.150000	0.047839
1.200000	0.160000	0.050639
1.200000	0.170000	0.053405
1.200000	0.180000	0.056134
1.200000	0.190000	0.058824
1.200000	0.200000	0.061473
1.200000	0.210000	0.064078
1.200000	0.220000	0.066638
1.200000	0.230000	0.069151
1.200000	0.240000	0.071613
1.200000	0.250000	0.074024
1.200000	0.260000	0.076380
1.200000	0.270000	0.078680
1.200000	0.280000	0.080921
1.200000	0.290000	0.083101
1.200000	0.300000	0.085218
1.200000	0.310000	0.087270
1.200000	0.320000	0.089254
1.200000	0.330000	0.091169
1.200000	0.340000	0.093011
1.200000	0.350000	0.094779
1.200000	0.360000	0.096471
1.200000	0.370000	0.098085
1.200000	0.380000	0.099618
1.200000	0.390000	0.101068
1.200000	0.400000	0.102433
1.200000	0.410000	0.103711
1.200000	0.420000	0.104900
1.200000	0.430000	0.105999
1.200000	0.440000	0.107004
1.200000	0.450000	0.107914
1.200000	0.460000	0.108727
1.200000	0.470000	0.109442
1.200000	0.480000	0.110056
1.200000	0.490000	0.110569
1.210000	0.000000	0.003165
1.210000	0.010000	0.006327
1.210000	0.020000	0.009486
1.210000	0.030000	0.012638
1.210000	0.040000	0.015782
1.210000	0.050000	0.018916
1.210000	0.060000	0.022038
1.210000	0.070000	0.025146
1.210000	0.080000	0.028237
1.210000	0.090000	0.031310
1.210000	0.100000	0.034362
1.210000	0.110000	0.037392
1.210000	0.120000	0.040397
1.210000	0.130000	0.043376
1.210000	0.140000	0.046325
1.210000	0.150000	0.049244
1.210000	0.160000	0.052129
1.210000	0.170000	0.054979
1.210000	0.180000	0.057791
1.210000	0.190000	0.060564
1.210000	0.200000	0.063295
1.210000	0.210000	0.065982
1.210000	0.220000	0.068622
1.210000	0.230000	0.071214
1.210000	0.240000	0.073755
1.210000	0.250000	0.076243
1.210000	0.260000	0.078675
1.210000	0.270000	0.081050
1.210000	0.280000	0.083366
1.210000	0.290000	0.085618
1.210000	0.300000	0.087807
1.210000	0.310000	0.089929
1.210000	0.320000	0.091981
1.210000	0.330000	0.093963
1.210000	0.340000	0.095870
1.210000	0.350000	0.097702
1.210000	0.360000	0.099455
1.210000	0.370000	0.101129
1.210000	0.380000	0.102719
1.210000	0.390000	0.104225
1.210000	0.400000	0.105643
1.210000	0.410000	0.106972
1.210000	0.420000	0.108210
1.210000	0.430000	0.109354
1.210000	0.440000	0.110403
1.210000	0.450000	0.111354
1.210000	0.460000	0.112205
1.210000	0.470000	0.112955
1.210000	0.480000	0.113602
1.210000	0.490000	0.114143
1.220000	0.000000	0.003256
1.220000	0.010000	0.006510
1.220000	0.020000	0.009759
1.220000	0.030000	0.013003
1.220000	0.040000	0.016238
1.220000	0.050000	0.019463
1.220000	0.060000	0.022676
1.220000	0.070000	0.025874
1.220000	0.080000	0.029055
1.220000	0.090000	0.032218
1.220000	0.100000	0.035360
1.220000	0.110000	0.038479
1.220000	0.120000	0.041573
1.220000	0.130000	0.044640
1.220000	0.140000	0.047678
1.220000	0.150000	0.050684
1.220000	0.160000	0.053656
1.220000	0.170000	0.056592
1.220000	0.180000	0.059491
1.220000	0.190000	0.062348
1.220000	0.200000	0.065164
1.220000	0.210000	0.067934
1.220000	0.220000	0.070657
1.220000	0.230000	0.073331
1.220000	0.240000	0.075953
1.220000	0.250000	0.078520
1.220000	0.260000	0.081032
1.220000	0.270000	0.083484
1.220000	0.280000	0.085876
1.220000	0.290000	0.088204
1.220000	0.300000	0.090466
1.220000	0.310000	0.092660
1.220000	0.320000	0.094783
1.220000	0.330000	0.096834
1.220000	0.340000	0.098809
1.220000	0.350000	0.100706
1.220000	0.360000	0.102524
1.220000	0.370000	0.104259
1.220000	0.380000	0.105909
1.220000	0.390000	0.107472
1.220000	0.400000	0.108946
1.220000	0.410000	0.110328
1.220000	0.420000	0.111617
1.220000	0.430000	0.112809
1.220000	0.440000	0.113903
1.220000	0.450000	0.114897
1.220000	0.460000	0.115789
1.220000	0.470000	0.116576
1.220000	0.480000	0.117256
1.220000	0.490000	0.117829
1.230000	0.000000	0.003349
1.230000	0.010000	0.006697
1.230000	0.020000	0.010040
1.230000	0.030000	0.013377
1.230000	0.040000	0.016705
1.230000	0.050000	0.020023
1.230000	0.060000	0.023329
1.230000	0.070000	0.026619
1.230000	0.080000	0.029893
1.230000	0.090000	0.033148
1.230000	0.100000	0.036382
1.230000	0.110000	0.039593
1.230000	0.120000	0.042778
1.230000	0.130000	0.045936
1.230000	0.140000	0.049064
1.230000	0.150000	0.052160
1.230000	0.160000	0.055221
1.230000	0.170000	0.058246
1.230000	0.180000	0.061233
1.230000	0.190000	0.064178
1.230000	0.200000	0.067080
1.230000	0.210000	0.069936
1.230000	0.220000	0.072744
1.230000	0.230000	0.075502
1.230000	0.240000	0.078207
1.230000	0.250000	0.080857
1.230000	0.260000	0.083450
1.230000	0.270000	0.085982
1.230000	0.280000	0.088453
1.230000	0.290000	0.090858
1.230000	0.300000	0.093196
1.230000	0.310000	0.095465
1.230000	0.320000	0.097662
1.230000	0.330000	0.099784
1.230000	0.340000	0.101829
1.230000	0.350000	0.103794
1.230000	0.360000	0.105678
1.230000	0.370000	0.107477
1.230000	0.380000	0.109189
1.230000	0.390000	0.110813
1.230000	0.400000	0.112344
1.230000	0.410000	0.113782
1.230000	0.420000	0.115123
1.230000	0.430000	0.116366
1.230000	0.440000	0.117508
1.230000	0.450000	0.118547
1.230000	0.460000	0.119481
1.230000	0.470000	0.120307
1.230000	0.480000	0.121023
1.230000	0.490000	0.121628
1.240000	0.000000	0.003445
1.240000	0.010000	0.006888
1.240000	0.020000	0.010327
1.240000	0.030000	0.013759
1.240000	0.040000	0.017183
1.240000	0.050000	0.020596
1.240000	0.060000	0.023997
1.240000	0.070000	0.027383
1.240000	0.080000	0.030751
1.240000	0.090000	0.034101
1.240000	0.100000	0.037429
1.240000	0.110000	0.040733
1.240000	0.120000	0.044012
1.240000	0.130000	0.047263
1.240000	0.140000	0.050483
1.240000	0.150000	0.053671
1.240000	0.160000	0.056825
1.240000	0.170000	0.059941
1.240000	0.180000	0.063018
1.240000	0.190000	0.066053
1.240000	0.200000	0.069044
1.240000	0.210000	0.071988
1.240000	0.220000	0.074884
1.240000	0.230000	0.077729
1.240000	0.240000	0.080520
1.240000	0.250000	0.083254
1.240000	0.260000	0.085930
1.240000	0.270000	0.088546
1.240000	0.280000	0.091097
1.240000	0.290000	0.093583
1.240000	0.300000	0.096000
1.240000	0.310000	0.098346
1.240000	0.320000	0.100618
1.240000	0.330000	0.102814
1.240000	0.340000	0.104931
1.240000	0.350000	0.106968
1.240000	0.360000	0.108920
1.240000	0.370000	0.110786
1.240000	0.380000	0.112563
1.240000	0.390000	0.114249
1.240000	0.400000	0.115840
1.240000	0.410000	0.117336
1.240000	0.420000	0.118733
1.240000	0.430000	0.120028
1.240000	0.440000	0.121220
1.240000	0.450000	0.122306
1.240000	0.460000	0.123284
1.240000	0.470000	0.124151
1.240000	0.480000	0.124906
1.240000	0.490000	0.125546
1.250000	0.000000	0.003543
1.250000	0.010000	0.007084
1.250000	0.020000	0.010620
1.250000	0.030000	0.014151
1.250000	0.040000	0.017672
1.250000	0.050000	0.021183
1.250000	0.060000	0.024681
1.250000	0.070000	0.028164
1.250000	0.080000	0.031630
1.250000	0.090000	0.035076
1.250000	0.100000	0.038500
1.250000	0.110000	0.041901
1.250000	0.120000	0.045276
1.250000	0.130000	0.048622
1.250000	0.140000	0.051937
1.250000	0.150000	0.055220
1.250000	0.160000	0.058467
1.250000	0.170000	0.061677
1.250000	0.180000	0.064847
1.250000	0.190000	0.067974
1.250000	0.200000	0.071057
1.250000	0.210000	0.074092
1.250000	0.220000	0.077078
1.250000	0.230000	0.080012
1.250000	0.240000	0.082891
1.250000	0.250000	0.085713
1.250000	0.260000	0.088475
1.250000	0.270000	0.091176
1.250000	0.280000	0.093811
1.250000	0.290000	0.096379
1.250000	0.300000	0.098878
1.250000	0.310000	0.101303
1.250000	0.320000	0.103654
1.250000	0.330000	0.105927
1.250000	0.340000	0.108119
1.250000	0.350000	0.110228
1.250000	0.360000	0.112252
1.250000	0.370000	0.114187
1.250000	0.380000	0.116032
1.250000	0.390000	0.117782
1.250000	0.400000	0.119437
1.250000	0.410000	0.120993
1.250000	0.420000	0.122447
1.250000	0.430000	0.123798
1.250000	0.440000	0.125042
1.250000	0.450000	0.126177
1.250000	0.460000	0.127201
1.250000	0.470000	0.128112
1.250000	0.480000	0.128907
1.250000	0.490000	0.129583
1.260000	0.000000	0.003643
1.260000	0.010000	0.007284
1.260000	0.020000	0.010921
1.260000	0.030000	0.014551
1.260000	0.040000	0.018173
1.260000	0.050000	0.021783
1.260000	0.060000	0.025381
1.260000	0.070000	0.028964
1.260000	0.080000	0.032529
1.260000	0.090000	0.036074
1.260000	0.100000	0.039597
1.260000	0.110000	0.043096
1.260000	0.120000	0.046569
1.260000	0.130000	0.050013
1.260000	0.140000	0.053426
1.260000	0.150000	0.056806
1.260000	0.160000	0.060150
1.260000	0.170000	0.063455
1.260000	0.180000	0.066720
1.260000	0.190000	0.069943
1.260000	0.200000	0.073119
1.260000	0.210000	0.076248
1.260000	0.220000	0.079327
1.260000	0.230000	0.082352
1.260000	0.240000	0.085322
1.260000	0.250000	0.088234
1.260000	0.260000	0.091085
1.260000	0.270000	0.093873
1.260000	0.280000	0.096595
1.260000	0.290000	0.099249
1.260000	0.300000	0.101831
1.260000	0.310000	0.104339
1.260000	0.320000	0.106771
1.260000	0.330000	0.109123
1.260000	0.340000	0.111393
1.260000	0.350000	0.113578
1.260000	0.360000	0.115676
1.260000	0.370000	0.117683
1.260000	0.380000	0.119597
1.260000	0.390000	0.121416
1.260000	0.400000	0.123136
1.260000	0.410000	0.124754
1.260000	0.420000	0.126269
1.260000	0.430000	0.127677
1.260000	0.440000	0.128976
1.260000	0.450000	0.130164
1.260000	0.460000	0.131237
1.260000	0.470000	0.132193
1.260000	0.480000	0.133030
1.260000	0.490000	0.133745
1.270000	0.000000	0.003746
1.270000	0.010000	0.007489
1.270000	0.020000	0.011228
1.270000	0.030000	0.014961
1.270000	0.040000	0.018685
1.270000	0.050000	0.022398
1.270000	0.060000	0.026097
1.270000	0.070000	0.029782
1.270000	0.080000	0.033448
1.270000	0.090000	0.037095
1.270000	0.100000	0.040720
1.270000	0.110000	0.044320
1.270000	0.120000	0.047893
1.270000	0.130000	0.051437
1.270000	0.140000	0.054950
1.270000	0.150000	0.058429
1.270000	0.160000	0.061872
1.270000	0.170000	0.065276
1.270000	0.180000	0.068639
1.270000	0.190000	0.071959
1.270000	0.200000	0.075232
1.270000	0.210000	0.078457
1.270000	0.220000	0.081631
1.270000	0.230000	0.084751
1.270000	0.240000	0.087814
1.270000	0.250000	0.090819
1.270000	0.260000	0.093762
1.270000	0.270000	0.096640
1.270000	0.280000	0.099451
1.270000	0.290000	0.102193
1.270000	0.300000	0.104862
1.270000	0.310000	0.107455
1.270000	0.320000	0.109971
1.270000	0.330000	0.112405
1.270000	0.340000	0.114756
1.270000	0.350000	0.117020
1.270000	0.360000	0.119194
1.270000	0.370000	0.121276
1.270000	0.380000	0.123263
1.270000	0.390000	0.125152
1.270000	0.400000	0.126940
1.270000	0.410000	0.128624
1.270000	0.420000	0.130202
1.270000	0.430000	0.131670
1.270000	0.440000	0.133027
1.270000	0.450000	0.134268
1.270000	0.460000	0.135393
1.270000	0.470000	0.136397
1.270000	0.480000	0.137279
1.270000	0.490000	0.138035
1.280000	0.000000	0.003850
1.280000	0.010000	0.007699
1.280000	0.020000	0.011543
1.280000	0.030000	0.015380
1.280000	0.040000	0.019208
1.280000	0.050000	0.023026
1.280000	0.060000	0.026830
1.280000	0.070000	0.030618
1.280000	0.080000	0.034389
1.280000	0.090000	0.038139
1.280000	0.100000	0.041868
1.280000	0.110000	0.045571
1.280000	0.120000	0.049247
1.280000	0.130000	0.052894
1.280000	0.140000	0.056510
1.280000	0.150000	0.060091
1.280000	0.160000	0.063635
1.280000	0.170000	0.067140
1.280000	0.180000	0.070604
1.280000	0.190000	0.074023
1.280000	0.200000	0.077396
1.280000	0.210000	0.080720
1.280000	0.220000	0.083991
1.280000	0.230000	0.087208
1.280000	0.240000	0.090368
1.280000	0.250000	0.093468
1.280000	0.260000	0.096505
1.280000	0.270000	0.099477
1.280000	0.280000	0.102380
1.280000	0.290000	0.105213
1.280000	0.300000	0.107971
1.280000	0.310000	0.110653
1.280000	0.320000	0.113255
1.280000	0.330000	0.115775
1.280000	0.340000	0.118208
1.280000	0.350000	0.120554
1.280000	0.360000	0.122808
1.280000	0.370000	0.124968
1.280000	0.380000	0.127030
1.280000	0.390000	0.128992
1.280000	0.400000	0.130851
1.280000	0.410000	0.132604
1.280000	0.420000	0.134247
1.280000	0.430000	0.135779
1.280000	0.440000	0.137195
1.280000	0.450000	0.138494
1.280000	0.460000	0.139672
1.280000	0.470000	0.140727
1.280000	0.480000	0.141656
1.280000	0.490000	0.142457
1.290000	0.000000	0.003958
1.290000	0.010000	0.007913
1.290000	0.020000	0.011864
1.290000	0.030000	0.015808
1.290000	0.040000	0.019743
1.290000	0.050000	0.023668
1.290000	0.060000	0.027578
1.290000	0.070000	0.031474
1.290000	0.080000	0.035351
1.290000	0.090000	0.039207
1.290000	0.100000	0.043042
1.290000	0.110000	0.046851
1.290000	0.120000	0.050633
1.290000	0.130000	0.054385
1.290000	0.140000	0.058105
1.290000	0.150000	0.061791
1.290000	0.160000	0.065439
1.290000	0.170000	0.069048
1.290000	0.180000	0.072615
1.290000	0.190000	0.076137
1.290000	0.200000	0.079612
1.290000	0.210000	0.083037
1.290000	0.220000	0.086409
1.290000	0.230000	0.089726
1.290000	0.240000	0.092985
1.290000	0.250000	0.096183
1.290000	0.260000	0.099317
1.290000	0.270000	0.102385
1.290000	0.280000	0.105383
1.290000	0.290000	0.108310
1.290000	0.300000	0.111161
1.290000	0.310000	0.113934
1.290000	0.320000	0.116625
1.290000	0.330000	0.119233
1.290000	0.340000	0.121753
1.290000	0.350000	0.124183
1.290000	0.360000	0.126520
1.290000	0.370000	0.128760
1.290000	0.380000	0.130901
1.290000	0.390000	0.132940
1.290000	0.400000	0.134872
1.290000	0.410000	0.136696
1.290000	0.420000	0.138409
1.290000	0.430000	0.140006
1.290000	0.440000	0.141486
1.290000	0.450000	0.142845
1.290000	0.460000	0.144080
1.290000	0.470000	0.145188
1.290000	0.480000	0.146167
1.290000	0.490000	0.147013
1.300000	0.000000	0.004067
1.300000	0.010000	0.008132
1.300000	0.020000	0.012192
1.300000	0.030000	0.016246
1.300000	0.040000	0.020290
1.300000	0.050000	0.024324
1.300000	0.060000	0.028344
1.300000	0.070000	0.032348
1.300000	0.080000	0.036334
1.300000	0.090000	0.040299
1.300000	0.100000	0.044242
1.300000	0.110000	0.048160
1.300000	0.120000	0.052050
1.300000	0.130000	0.055910
1.300000	0.140000	0.059737
1.300000	0.150000	0.063530
1.300000	0.160000	0.067285
1.300000	0.170000	0.071000
1.300000	0.180000	0.074673
1.300000	0.190000	0.078300
1.300000	0.200000	0.081880
1.300000	0.210000	0.085409
1.300000	0.220000	0.088884
1.300000	0.230000	0.092304
1.300000	0.240000	0.095665
1.300000	0.250000	0.098964
1.300000	0.260000	0.102198
1.300000	0.270000	0.105365
1.300000	0.280000	0.108462
1.300000	0.290000	0.111485
1.300000	0.300000	0.114432
1.300000	0.310000	0.117299
1.300000	0.320000	0.120083
1.300000	0.330000	0.122782
1.300000	0.340000	0.125392
1.300000	0.350000	0.127909
1.300000	0.360000	0.130332
1.300000	0.370000	0.132656
1.300000	0.380000	0.134879
1.300000	0.390000	0.136996
1.300000	0.400000	0.139006
1.300000	0.410000	0.140905
1.300000	0.420000	0.142689
1.300000	0.430000	0.144355
1.300000	0.440000	0.145901
1.300000	0.450000	0.147323
1.300000	0.460000	0.148617
1.300000	0.470000	0.149782
1.300000	0.480000	0.150813
1.300000	0.490000	0.151709
1.310000	0.000000	0.004179
1.310000	0.010000	0.008356
1.310000	0.020000	0.012528
1.310000	0.030000	0.016693
1.310000	0.040000	0.020849
1.310000	0.050000	0.024994
1.310000	0.060000	0.029126
1.310000	0.070000	0.033241
1.310000	0.080000	0.037338
1.310000	0.090000	0.041415
1.310000	0.100000	0.045469
1.310000	0.110000	0.049497
1.310000	0.120000	0.053498
1.310000	0.130000	0.057468
1.310000	0.140000	0.061406
1.310000	0.150000	0.065308
1.310000	0.160000	0.069173
1.310000	0.170000	0.072997
1.310000	0.180000	0.076778
1.310000	0.190000	0.080513
1.310000	0.200000	0.084201
1.310000	0.210000	0.087837
1.310000	0.220000	0.091419
1.310000	0.230000	0.094944
1.310000	0.240000	0.098410
1.310000	0.250000	0.101813
1.310000	0.260000	0.105150
1.310000	0.270000	0.108419
1.310000	0.280000	0.111617
1.310000	0.290000	0.114740
1.310000	0.300000	0.117785
1.310000	0.310000	0.120750
1.310000	0.320000	0.123630
1.310000	0.330000	0.126423
1.310000	0.340000	0.129125
1.310000	0.350000	0.131734
1.310000	0.360000	0.134246
1.310000	0.370000	0.136657
1.310000	0.380000	0.138964
1.310000	0.390000	0.141165
1.310000	0.400000	0.143255
1.310000	0.410000	0.145231
1.310000	0.420000	0.147090
1.310000	0.430000	0.148829
1.310000	0.440000	0.150444
1.310000	0.450000	0.151931
1.310000	0.460000	0.153289
1.310000	0.470000	0.154513
1.310000	0.480000	0.155600
1.310000	0.490000	0.156547
1.320000	0.000000	0.004293
1.320000	0.010000	0.008584
1.320000	0.020000	0.012870
1.320000	0.030000	0.017150
1.320000	0.040000	0.021420
1.320000	0.050000	0.025679
1.320000	0.060000	0.029924
1.320000	0.070000	0.034154
1.320000	0.080000	0.038365
1.320000	0.090000	0.042555
1.320000	0.100000	0.046722
1.320000	0.110000	0.050864
1.320000	0.120000	0.054978
1.320000	0.130000	0.059061
1.320000	0.140000	0.063111
1.320000	0.150000	0.067126
1.320000	0.160000	0.071103
1.320000	0.170000	0.075038
1.320000	0.180000	0.078931
1.320000	0.190000	0.082777
1.320000	0.200000	0.086575
1.320000	0.210000	0.090321
1.320000	0.220000	0.094012
1.320000	0.230000	0.097646
1.320000	0.240000	0.101219
1.320000	0.250000	0.104730
1.320000	0.260000	0.108173
1.320000	0.270000	0.111548
1.320000	0.280000	0.114850
1.320000	0.290000	0.118076
1.320000	0.300000	0.121223
1.320000	0.310000	0.124288
1.320000	0.320000	0.127267
1.320000	0.330000	0.130158
1.320000	0.340000	0.132957
1.320000	0.350000	0.135660
1.320000	0.360000	0.138264
1.320000	0.370000	0.140765
1.320000	0.380000	0.143161
1.320000	0.390000	0.145448
1.320000	0.400000	0.147621
1.320000	0.410000	0.149678
1.320000	0.420000	0.151616
1.320000	0.430000	0.153430
1.320000	0.440000	0.155117
1.320000	0.450000	0.156675
1.320000	0.460000	0.158098
1.320000	0.470000	0.159384
1.320000	0.480000	0.160530
1.320000	0.490000	0.161533
1.330000	0.000000	0.004410
1.330000	0.010000	0.008817
1.330000	0.020000	0.013220
1.330000	0.030000	0.017616
1.330000	0.040000	0.022003
1.330000	0.050000	0.026378
1.330000	0.060000	0.030740
1.330000	0.070000	0.035086
1.330000	0.080000	0.039413
1.330000	0.090000	0.043719
1.330000	0.100000	0.048003
1.330000	0.110000	0.052260
1.330000	0.120000	0.056490
1.330000	0.130000	0.060688
1.330000	0.140000	0.064854
1.330000	0.150000	0.068984
1.330000	0.160000	0.073075
1.330000	0.170000	0.077126
1.330000	0.180000	0.081132
1.330000	0.190000	0.085092
1.330000	0.200000	0.089003
1.330000	0.210000	0.092862
1.330000	0.220000	0.096665
1.330000	0.230000	0.100411
1.330000	0.240000	0.104095
1.330000	0.250000	0.107716
1.330000	0.260000	0.111269
1.330000	0.270000	0.114752
1.330000	0.280000	0.118161
1.330000	0.290000	0.121494
1.330000	0.300000	0.124746
1.330000	0.310000	0.127915
1.330000	0.320000	0.130997
1.330000	0.330000	0.133989
1.330000	0.340000	0.136887
1.330000	0.350000	0.139688
1.330000	0.360000	0.142387
1.330000	0.370000	0.144983
1.330000	0.380000	0.147471
1.330000	0.390000	0.149847
1.330000	0.400000	0.152107
1.330000	0.410000	0.154249
1.330000	0.420000	0.156269
1.330000	0.430000	0.158162
1.330000	0.440000	0.159925
1.330000	0.450000	0.161555
1.330000	0.460000	0.163048
1.330000	0.470000	0.164400
1.330000	0.480000	0.165608
1.330000	0.490000	0.166669
1.340000	0.000000	0.004529
1.340000	0.010000	0.009055
1.340000	0.020000	0.013577
1.340000	0.030000	0.018092
1.340000	0.040000	0.022598
1.340000	0.050000	0.027092
1.340000	0.060000	0.031573
1.340000	0.070000	0.036037
1.340000	0.080000	0.040483
1.340000	0.090000	0.044908
1.340000	0.100000	0.049310
1.340000	0.110000	0.053686
1.340000	0.120000	0.058034
1.340000	0.130000	0.062351
1.340000	0.140000	0.066634
1.340000	0.150000	0.070882
1.340000	0.160000	0.075091
1.340000	0.170000	0.079259
1.340000	0.180000	0.083382
1.340000	0.190000	0.087459
1.340000	0.200000	0.091486
1.340000	0.210000	0.095461
1.340000	0.220000	0.099379
1.340000	0.230000	0.103240
1.340000	0.240000	0.107038
1.340000	0.250000	0.110772
1.340000	0.260000	0.114438
1.340000	0.270000	0.118032
1.340000	0.280000	0.121552
1.340000	0.290000	0.124995
1.340000	0.300000	0.128356
1.340000	0.310000	0.131632
1.340000	0.320000	0.134820
1.340000	0.330000	0.137917
1.340000	0.340000	0.140918
1.340000	0.350000	0.143820
1.340000	0.360000	0.146619
1.340000	0.370000	0.149312
1.340000	0.380000	0.151895
1.340000	0.390000	0.154365
1.340000	0.400000	0.156716
1.340000	0.410000	0.158947
1.340000	0.420000	0.161051
1.340000	0.430000	0.163027
1.340000	0.440000	0.164870
1.340000	0.450000	0.166577
1.340000	0.460000	0.168143
1.340000	0.470000	0.169564
1.340000	0.480000	0.170838
1.340000	0.490000	0.171960
1.350000	0.000000	0.004650
1.350000	0.010000	0.009298
1.350000	0.020000	0.013941
1.350000	0.030000	0.018577
1.350000	0.040000	0.023204
1.350000	0.050000	0.027820
1.350000	0.060000	0.032422
1.350000	0.070000	0.037008
1.350000	0.080000	0.041575
1.350000	0.090000	0.046121
1.350000	0.100000	0.050644
1.350000	0.110000	0.055141
1.350000	0.120000	0.059610
1.350000	0.130000	0.064048
1.350000	0.140000	0.068452
1.350000	0.150000	0.072821
1.350000	0.160000	0.077150
1.350000	0.170000	0.081438
1.350000	0.180000	0.085681
1.350000	0.190000	0.089878
1.350000	0.200000	0.094024
1.350000	0.210000	0.098117
1.350000	0.220000	0.102155
1.350000	0.230000	0.106133
1.350000	0.240000	0.110049
1.350000	0.250000	0.113899
1.350000	0.260000	0.117681
1.350000	0.270000	0.121390
1.350000	0.280000	0.125025
1.350000	0.290000	0.128580
1.350000	0.300000	0.132053
1.350000	0.310000	0.135441
1.350000	0.320000	0.138738
1.350000	0.330000	0.141943
1.350000	0.340000	0.145051
1.350000	0.350000	0.148058
1.350000	0.360000	0.150961
1.350000	0.370000	0.153755
1.350000	0.380000	0.156438
1.350000	0.390000	0.159004
1.350000	0.400000	0.161450
1.350000	0.410000	0.163773
1.350000	0.420000	0.165967
1.350000	0.430000	0.168029
1.350000	0.440000	0.169956
1.350000	0.450000	0.171742
1.350000	0.460000	0.173385
1.350000	0.470000	0.174880
1.350000	0.480000	0.176223
1.350000	0.490000	0.177410
1.360000	0.000000	0.004774
1.360000	0.010000	0.009545
1.360000	0.020000	0.014312
1.360000	0.030000	0.019072
1.360000	0.040000	0.023823
1.360000	0.050000	0.028563
1.360000	0.060000	0.033288
1.360000	0.070000	0.037998
1.360000	0.080000	0.042689
1.360000	0.090000	0.047359
1.360000	0.100000	0.052006
1.360000	0.110000	0.056627
1.360000	0.120000	0.061219
1.360000	0.130000	0.065780
1.360000	0.140000	0.070308
1.360000	0.150000	0.074800
1.360000	0.160000	0.079252
1.360000	0.170000	0.083663
1.360000	0.180000	0.088030
1.360000	0.190000	0.092349
1.360000	0.200000	0.096617
1.360000	0.210000	0.100833
1.360000	0.220000	0.104991
1.360000	0.230000	0.109091
1.360000	0.240000	0.113127
1.360000	0.250000	0.117097
1.360000	0.260000	0.120998
1.360000	0.270000	0.124827
1.360000	0.280000	0.128579
1.360000	0.290000	0.132251
1.360000	0.300000	0.135840
1.360000	0.310000	0.139342
1.360000	0.320000	0.142753
1.360000	0.330000	0.146070
1.360000	0.340000	0.149288
1.360000	0.350000	0.152404
1.360000	0.360000	0.155414
1.360000	0.370000	0.158314
1.360000	0.380000	0.161100
1.360000	0.390000	0.163767
1.360000	0.400000	0.166312
1.360000	0.410000	0.168731
1.360000	0.420000	0.171018
1.360000	0.430000	0.173171
1.360000	0.440000	0.175185
1.360000	0.450000	0.177056
1.360000	0.460000	0.178779
1.360000	0.470000	0.180351
1.360000	0.480000	0.181767
1.360000	0.490000	0.183023
1.370000	0.000000	0.004900
1.370000	0.010000	0.009798
1.370000	0.020000	0.014691
1.370000	0.030000	0.019577
1.370000	0.040000	0.024454
1.370000	0.050000	0.029320
1.370000	0.060000	0.034172
1.370000	0.070000	0.039008
1.370000	0.080000	0.043825
1.370000	0.090000	0.048621
1.370000	0.100000	0.053394
1.370000	0.110000	0.058141
1.370000	0.120000	0.062860
1.370000	0.130000	0.067548
1.370000	0.140000	0.072202
1.370000	0.150000	0.076820
1.370000	0.160000	0.081399
1.370000	0.170000	0.085936
1.370000	0.180000	0.090428
1.370000	0.190000	0.094872
1.370000	0.200000	0.099266
1.370000	0.210000	0.103607
1.370000	0.220000	0.107890
1.370000	0.230000	0.112114
1.370000	0.240000	0.116274
1.370000	0.250000	0.120368
1.370000	0.260000	0.124392
1.370000	0.270000	0.128342
1.370000	0.280000	0.132215
1.370000	0.290000	0.136008
1.370000	0.300000	0.139717
1.370000	0.310000	0.143337
1.370000	0.320000	0.146865
1.370000	0.330000	0.150298
1.370000	0.340000	0.153631
1.370000	0.350000	0.156860
1.370000	0.360000	0.159981
1.370000	0.370000	0.162990
1.370000	0.380000	0.165883
1.370000	0.390000	0.168656
1.370000	0.400000	0.171304
1.370000	0.410000	0.173823
1.370000	0.420000	0.176208
1.370000	0.430000	0.178456
1.370000	0.440000	0.180562
1.370000	0.450000	0.182521
1.370000	0.460000	0.184329
1.370000	0.470000	0.185982
1.370000	0.480000	0.187475
1.370000	0.490000	0.188805
1.380000	0.000000	0.005028
1.380000	0.010000	0.010055
1.380000	0.020000	0.015076
1.380000	0.030000	0.020091
1.380000	0.040000	0.025097
1.380000	0.050000	0.030091
1.380000	0.060000	0.035072
1.380000	0.070000	0.040037
1.380000	0.080000	0.044983
1.380000	0.090000	0.049908
1.380000	0.100000	0.054810
1.380000	0.110000	0.059686
1.380000	0.120000	0.064534
1.380000	0.130000	0.069351
1.380000	0.140000	0.074134
1.380000	0.150000	0.078881
1.380000	0.160000	0.083588
1.380000	0.170000	0.088254
1.380000	0.180000	0.092875
1.380000	0.190000	0.097449
1.380000	0.200000	0.101971
1.380000	0.210000	0.106440
1.380000	0.220000	0.110851
1.380000	0.230000	0.115203
1.380000	0.240000	0.119490
1.380000	0.250000	0.123711
1.380000	0.260000	0.127861
1.380000	0.270000	0.131937
1.380000	0.280000	0.135936
1.380000	0.290000	0.139853
1.380000	0.300000	0.143684
1.380000	0.310000	0.147427
1.380000	0.320000	0.151077
1.380000	0.330000	0.154629
1.380000	0.340000	0.158081
1.380000	0.350000	0.161427
1.380000	0.360000	0.164664
1.380000	0.370000	0.167786
1.380000	0.380000	0.170791
1.380000	0.390000	0.173673
1.380000	0.400000	0.176428
1.380000	0.410000	0.179052
1.380000	0.420000	0.181539
1.380000	0.430000	0.183886
1.380000	0.440000	0.186088
1.380000	0.450000	0.188140
1.380000	0.460000	0.190038
1.380000	0.470000	0.191776
1.380000	0.480000	0.193351
1.380000	0.490000	0.194758
1.390000	0.000000	0.005159
1.390000	0.010000	0.010317
1.390000	0.020000	0.015469
1.390000	0.030000	0.020615
1.390000	0.040000	0.025752
1.390000	0.050000	0.030877
1.390000	0.060000	0.035989
1.390000	0.070000	0.041085
1.390000	0.080000	0.046163
1.390000	0.090000	0.051219
1.390000	0.100000	0.056253
1.390000	0.110000	0.061261
1.390000	0.120000	0.066240
1.390000	0.130000	0.071189
1.390000	0.140000	0.076104
1.390000	0.150000	0.080982
1.390000	0.160000	0.085822
1.390000	0.170000	0.090620
1.390000	0.180000	0.095373
1.390000	0.190000	0.100078
1.390000	0.200000	0.104732
1.390000	0.210000	0.109333
1.390000	0.220000	0.113875
1.390000	0.230000	0.118358
1.390000	0.240000	0.122776
1.390000	0.250000	0.127128
1.390000	0.260000	0.131408
1.390000	0.270000	0.135613
1.390000	0.280000	0.139740
1.390000	0.290000	0.143785
1.390000	0.300000	0.147744
1.390000	0.310000	0.151613
1.390000	0.320000	0.155388
1.390000	0.330000	0.159065
1.390000	0.340000	0.162639
1.390000	0.350000	0.166107
1.390000	0.360000	0.169463
1.390000	0.370000	0.172704
1.390000	0.380000	0.175825
1.390000	0.390000	0.178821
1.390000	0.400000	0.181688
1.390000	0.410000	0.184421
1.390000	0.420000	0.187015
1.390000	0.430000	0.189466
1.390000	0.440000	0.191768
1.390000	0.450000	0.193917
1.390000	0.460000	0.195909
1.390000	0.470000	0.197738
1.390000	0.480000	0.199399
1.390000	0.490000	0.200887
1.400000	0.000000	0.005293
1.400000	0.010000	0.010583
1.400000	0.020000	0.015869
1.400000	0.030000	0.021148
1.400000	0.040000	0.026419
1.400000	0.050000	0.031678
1.400000	0.060000	0.036923
1.400000	0.070000	0.042153
1.400000	0.080000	0.047364
1.400000	0.090000	0.052555
1.400000	0.100000	0.057723
1.400000	0.110000	0.062865
1.400000	0.120000	0.067979
1.400000	0.130000	0.073062
1.400000	0.140000	0.078111
1.400000	0.150000	0.083125
1.400000	0.160000	0.088100
1.400000	0.170000	0.093032
1.400000	0.180000	0.097920
1.400000	0.190000	0.102760
1.400000	0.200000	0.107550
1.400000	0.210000	0.112285
1.400000	0.220000	0.116963
1.400000	0.230000	0.121580
1.400000	0.240000	0.126132
1.400000	0.250000	0.130618
1.400000	0.260000	0.135031
1.400000	0.270000	0.139370
1.400000	0.280000	0.143630
1.400000	0.290000	0.147807
1.400000	0.300000	0.151898
1.400000	0.310000	0.155897
1.400000	0.320000	0.159801
1.400000	0.330000	0.163607
1.400000	0.340000	0.167308
1.400000	0.350000	0.170901
1.400000	0.360000	0.174382
1.400000	0.370000	0.177745
1.400000	0.380000	0.180987
1.400000	0.390000	0.184102
1.400000	0.400000	0.187085
1.400000	0.410000	0.189932
1.400000	0.420000	0.192637
1.400000	0.430000	0.195197
1.400000	0.440000	0.197605
1.400000	0.450000	0.199856
1.400000	0.460000	0.201947
1.400000	0.470000	0.203870
1.400000	0.480000	0.205623
1.400000	0.490000	0.207198
1.410000	0.000000	0.005428
1.410000	0.010000	0.010854
1.410000	0.020000	0.016276
1.410000	0.030000	0.021691
1.410000	0.040000	0.027097
1.410000	0.050000	0.032492
1.410000	0.060000	0.037874
1.410000	0.070000	0.043240
1.410000	0.080000	0.048588
1.410000	0.090000	0.053915
1.410000	0.100000	0.059219
1.410000	0.110000	0.064498
1.410000	0.120000	0.069749
1.410000	0.130000	0.074970
1.410000	0.140000	0.080157
1.410000	0.150000	0.085308
1.410000	0.160000	0.090421
1.410000	0.170000	0.095491
1.410000	0.180000	0.100518
1.410000	0.190000	0.105496
1.410000	0.200000	0.110423
1.410000	0.210000	0.115297
1.410000	0.220000	0.120113
1.410000	0.230000	0.124868
1.410000	0.240000	0.129559
1.410000	0.250000	0.134182
1.410000	0.260000	0.138733
1.410000	0.270000	0.143209
1.410000	0.280000	0.147606
1.410000	0.290000	0.151919
1.410000	0.300000	0.156145
1.410000	0.310000	0.160279
1.410000	0.320000	0.164317
1.410000	0.330000	0.168255
1.410000	0.340000	0.172088
1.410000	0.350000	0.175812
1.410000	0.360000	0.179421
1.410000	0.370000	0.182912
1.410000	0.380000	0.186279
1.410000	0.390000	0.189517
1.410000	0.400000	0.192622
1.410000	0.410000	0.195588
1.410000	0.420000	0.198410
1.410000	0.430000	0.201083
1.410000	0.440000	0.203602
1.410000	0.450000	0.205961
1.410000	0.460000	0.208155
1.410000	0.470000	0.210178
1.410000	0.480000	0.212027
1.410000	0.490000	0.213694
1.420000	0.000000	0.005566
1.420000	0.010000	0.011130
1.420000	0.020000	0.016690
1.420000	0.030000	0.022243
1.420000	0.040000	0.027788
1.420000	0.050000	0.033321
1.420000	0.060000	0.038841
1.420000	0.070000	0.044346
1.420000	0.080000	0.049833
1.420000	0.090000	0.055299
1.420000	0.100000	0.060743
1.420000	0.110000	0.066161
1.420000	0.120000	0.071552
1.420000	0.130000	0.076913
1.420000	0.140000	0.082240
1.420000	0.150000	0.087532
1.420000	0.160000	0.092785
1.420000	0.170000	0.097997
1.420000	0.180000	0.103165
1.420000	0.190000	0.108284
1.420000	0.200000	0.113353
1.420000	0.210000	0.118368
1.420000	0.220000	0.123326
1.420000	0.230000	0.128223
1.420000	0.240000	0.133056
1.420000	0.250000	0.137820
1.420000	0.260000	0.142513
1.420000	0.270000	0.147130
1.420000	0.280000	0.151667
1.420000	0.290000	0.156121
1.420000	0.300000	0.160486
1.420000	0.310000	0.164760
1.420000	0.320000	0.168936
1.420000	0.330000	0.173011
1.420000	0.340000	0.176981
1.420000	0.350000	0.180840
1.420000	0.360000	0.184583
1.420000	0.370000	0.188206
1.420000	0.380000	0.191703
1.420000	0.390000	0.195070
1.420000	0.400000	0.198301
1.420000	0.410000	0.201391
1.420000	0.420000	0.204335
1.420000	0.430000	0.207127
1.420000	0.440000	0.209762
1.420000	0.450000	0.212233
1.420000	0.460000	0.214537
1.420000	0.470000	0.216666
1.420000	0.480000	0.218616
1.420000	0.490000	0.220380
1.430000	0.000000	0.005706
1.430000	0.010000	0.011411
1.430000	0.020000	0.017111
1.430000	0.030000	0.022805
1.430000	0.040000	0.028490
1.430000	0.050000	0.034164
1.430000	0.060000	0.039825
1.430000	0.070000	0.045471
1.430000	0.080000	0.051099
1.430000	0.090000	0.056707
1.430000	0.100000	0.062292
1.430000	0.110000	0.067853
1.430000	0.120000	0.073387
1.430000	0.130000	0.078890
1.430000	0.140000	0.084361
1.430000	0.150000	0.089796
1.430000	0.160000	0.095193
1.430000	0.170000	0.100549
1.430000	0.180000	0.105861
1.430000	0.190000	0.111126
1.430000	0.200000	0.116340
1.430000	0.210000	0.121500
1.430000	0.220000	0.126603
1.430000	0.230000	0.131645
1.430000	0.240000	0.136623
1.430000	0.250000	0.141533
1.430000	0.260000	0.146371
1.430000	0.270000	0.151133
1.430000	0.280000	0.155816
1.430000	0.290000	0.160414
1.430000	0.300000	0.164923
1.430000	0.310000	0.169340
1.430000	0.320000	0.173660
1.430000	0.330000	0.177877
1.430000	0.340000	0.181987
1.430000	0.350000	0.185986
1.430000	0.360000	0.189868
1.430000	0.370000	0.193628
1.430000	0.380000	0.197261
1.430000	0.390000	0.200762
1.430000	0.400000	0.204125
1.430000	0.410000	0.207345
1.430000	0.420000	0.210416
1.430000	0.430000	0.213332
1.430000	0.440000	0.216088
1.430000	0.450000	0.218678
1.430000	0.460000	0.221096
1.430000	0.470000	0.223337
1.430000	0.480000	0.225393
1.430000	0.490000	0.227260
1.440000	0.000000	0.005849
1.440000	0.010000	0.011696
1.440000	0.020000	0.017539
1.440000	0.030000	0.023375
1.440000	0.040000	0.029203
1.440000	0.050000	0.035020
1.440000	0.060000	0.040824
1.440000	0.070000	0.046614
1.440000	0.080000	0.052386
1.440000	0.090000	0.058138
1.440000	0.100000	0.063868
1.440000	0.110000	0.069574
1.440000	0.120000	0.075253
1.440000	0.130000	0.080902
1.440000	0.140000	0.086519
1.440000	0.150000	0.092101
1.440000	0.160000	0.097644
1.440000	0.170000	0.103148
1.440000	0.180000	0.108607
1.440000	0.190000	0.114019
1.440000	0.200000	0.119382
1.440000	0.210000	0.124691
1.440000	0.220000	0.129942
1.440000	0.230000	0.135134
1.440000	0.240000	0.140261
1.440000	0.250000	0.145320
1.440000	0.260000	0.150308
1.440000	0.270000	0.155219
1.440000	0.280000	0.160051
1.440000	0.290000	0.164798
1.440000	0.300000	0.169456
1.440000	0.310000	0.174021
1.440000	0.320000	0.178488
1.440000	0.330000	0.182852
1.440000	0.340000	0.187109
1.440000	0.350000	0.191253
1.440000	0.360000	0.195278
1.440000	0.370000	0.199181
1.440000	0.380000	0.202955
1.440000	0.390000	0.206595
1.440000	0.400000	0.210096
1.440000	0.410000	0.213450
1.440000	0.420000	0.216654
1.440000	0.430000	0.219701
1.440000	0.440000	0.222584
1.440000	0.450000	0.225298
1.440000	0.460000	0.227837
1.440000	0.470000	0.230195
1.440000	0.480000	0.232364
1.440000	0.490000	0.234340
1.450000	0.000000	0.005994
1.450000	0.010000	0.011985
1.450000	0.020000	0.017973
1.450000	0.030000	0.023954
1.450000	0.040000	0.029927
1.450000	0.050000	0.035890
1.450000	0.060000	0.041840
1.450000	0.070000	0.047775
1.450000	0.080000	0.053694
1.450000	0.090000	0.059593
1.450000	0.100000	0.065470
1.450000	0.110000	0.071323
1.450000	0.120000	0.077150
1.450000	0.130000	0.082947
1.450000	0.140000	0.088713
1.450000	0.150000	0.094444
1.450000	0.160000	0.100138
1.450000	0.170000	0.105792
1.450000	0.180000	0.111402
1.450000	0.190000	0.116966
1.450000	0.200000	0.122480
1.450000	0.210000	0.127941
1.450000	0.220000	0.133345
1.450000	0.230000	0.138689
1.450000	0.240000	0.143970
1.450000	0.250000	0.149182
1.450000	0.260000	0.154323
1.450000	0.270000	0.159388
1.450000	0.280000	0.164373
1.450000	0.290000	0.169274
1.450000	0.300000	0.174085
1.450000	0.310000	0.178803
1.450000	0.320000	0.183423
1.450000	0.330000	0.187939
1.450000	0.340000	0.192346
1.450000	0.350000	0.196640
1.450000	0.360000	0.200815
1.450000	0.370000	0.204866
1.450000	0.380000	0.208787
1.450000	0.390000	0.212572
1.450000	0.400000	0.216215
1.450000	0.410000	0.219711
1.450000	0.420000	0.223053
1.450000	0.430000	0.226236
1.450000	0.440000	0.229253
1.450000	0.450000	0.232097
1.450000	0.460000	0.234763
1.450000	0.470000	0.237244
1.450000	0.480000	0.239533
1.450000	0.490000	0.241624
1.460000	0.000000	0.006141
1.460000	0.010000	0.012279
1.460000	0.020000	0.018414
1.460000	0.030000	0.024542
1.460000	0.040000	0.030663
1.460000	0.050000	0.036773
1.460000	0.060000	0.042871
1.460000	0.070000	0.048955
1.460000	0.080000	0.055022
1.460000	0.090000	0.061070
1.460000	0.100000	0.067097
1.460000	0.110000	0.073100
1.460000	0.120000	0.079077
1.460000	0.130000	0.085026
1.460000	0.140000	0.090943
1.460000	0.150000	0.096827
1.460000	0.160000	0.102674
1.460000	0.170000	0.108481
1.460000	0.180000	0.114245
1.460000	0.190000	0.119963
1.460000	0.200000	0.125633
1.460000	0.210000	0.131249
1.460000	0.220000	0.136810
1.460000	0.230000	0.142311
1.460000	0.240000	0.147748
1.460000	0.250000	0.153118
1.460000	0.260000	0.158417
1.460000	0.270000	0.163640
1.460000	0.280000	0.168783
1.460000	0.290000	0.173841
1.460000	0.300000	0.178811
1.460000	0.310000	0.183687
1.460000	0.320000	0.188463
1.460000	0.330000	0.193136
1.460000	0.340000	0.197700
1.460000	0.350000	0.202150
1.460000	0.360000	0.206480
1.460000	0.370000	0.210684
1.460000	0.380000	0.214757
1.460000	0.390000	0.218693
1.460000	0.400000	0.222485
1.460000	0.410000	0.226128
1.460000	0.420000	0.229616
1.460000	0.430000	0.232941
1.460000	0.440000	0.236097
1.460000	0.450000	0.239078
1.460000	0.460000	0.241878
1.460000	0.470000	0.244488
1.460000	0.480000	0.246903
1.460000	0.490000	0.249115
1.470000	0.000000	0.006290
1.470000	0.010000	0.012577
1.470000	0.020000	0.018861
1.470000	0.030000	0.025139
1.470000	0.040000	0.031409
1.470000	0.050000	0.037669
1.470000	0.060000	0.043917
1.470000	0.070000	0.050151
1.470000	0.080000	0.056369
1.470000	0.090000	0.062569
1.470000	0.100000	0.068748
1.470000	0.110000	0.074904
1.470000	0.120000	0.081035
1.470000	0.130000	0.087137
1.470000	0.140000	0.093209
1.470000	0.150000	0.099248
1.470000	0.160000	0.105251
1.470000	0.170000	0.111215
1.470000	0.180000	0.117136
1.470000	0.190000	0.123013
1.470000	0.200000	0.128840
1.470000	0.210000	0.134616
1.470000	0.220000	0.140337
1.470000	0.230000	0.145998
1.470000	0.240000	0.151597
1.470000	0.250000	0.157129
1.470000	0.260000	0.162589
1.470000	0.270000	0.167974
1.470000	0.280000	0.173280
1.470000	0.290000	0.178501
1.470000	0.300000	0.183633
1.470000	0.310000	0.188672
1.470000	0.320000	0.193611
1.470000	0.330000	0.198446
1.470000	0.340000	0.203172
1.470000	0.350000	0.207783
1.470000	0.360000	0.212273
1.470000	0.370000	0.216637
1.470000	0.380000	0.220868
1.470000	0.390000	0.224961
1.470000	0.400000	0.228908
1.470000	0.410000	0.232705
1.470000	0.420000	0.236343
1.470000	0.430000	0.239818
1.470000	0.440000	0.243120
1.470000	0.450000	0.246245
1.470000	0.460000	0.249185
1.470000	0.470000	0.251932
1.470000	0.480000	0.254479
1.470000	0.490000	0.256820
1.480000	0.000000	0.006441
1.480000	0.010000	0.012879
1.480000	0.020000	0.019314
1.480000	0.030000	0.025744
1.480000	0.040000	0.032165
1.480000	0.050000	0.038577
1.480000	0.060000	0.044978
1.480000	0.070000	0.051365
1.480000	0.080000	0.057737
1.480000	0.090000	0.064090
1.480000	0.100000	0.070424
1.480000	0.110000	0.076735
1.480000	0.120000	0.083022
1.480000	0.130000	0.089281
1.480000	0.140000	0.095510
1.480000	0.150000	0.101707
1.480000	0.160000	0.107869
1.480000	0.170000	0.113992
1.480000	0.180000	0.120074
1.480000	0.190000	0.126112
1.480000	0.200000	0.132102
1.480000	0.210000	0.138041
1.480000	0.220000	0.143925
1.480000	0.230000	0.149751
1.480000	0.240000	0.155515
1.480000	0.250000	0.161212
1.480000	0.260000	0.166839
1.480000	0.270000	0.172391
1.480000	0.280000	0.177864
1.480000	0.290000	0.183252
1.480000	0.300000	0.188552
1.480000	0.310000	0.193759
1.480000	0.320000	0.198866
1.480000	0.330000	0.203869
1.480000	0.340000	0.208762
1.480000	0.350000	0.213540
1.480000	0.360000	0.218196
1.480000	0.370000	0.222725
1.480000	0.380000	0.227121
1.480000	0.390000	0.231376
1.480000	0.400000	0.235486
1.480000	0.410000	0.239442
1.480000	0.420000	0.243239
1.480000	0.430000	0.246869
1.480000	0.440000	0.250325
1.480000	0.450000	0.253600
1.480000	0.460000	0.256687
1.480000	0.470000	0.259578
1.480000	0.480000	0.262266
1.480000	0.490000	0.264743
1.490000	0.000000	0.006594
1.490000	0.010000	0.013185
1.490000	0.020000	0.019774
1.490000	0.030000	0.026356
1.490000	0.040000	0.032932
1.490000	0.050000	0.039498
1.490000	0.060000	0.046053
1.490000	0.070000	0.052596
1.490000	0.080000	0.059123
1.490000	0.090000	0.065633
1.490000	0.100000	0.072123
1.490000	0.110000	0.078592
1.490000	0.120000	0.085037
1.490000	0.130000	0.091456
1.490000	0.140000	0.097845
1.490000	0.150000	0.104203
1.490000	0.160000	0.110527
1.490000	0.170000	0.116813
1.490000	0.180000	0.123059
1.490000	0.190000	0.129262
1.490000	0.200000	0.135417
1.490000	0.210000	0.141523
1.490000	0.220000	0.147575
1.490000	0.230000	0.153569
1.490000	0.240000	0.159502
1.490000	0.250000	0.165369
1.490000	0.260000	0.171166
1.490000	0.270000	0.176890
1.490000	0.280000	0.182534
1.490000	0.290000	0.188095
1.490000	0.300000	0.193568
1.490000	0.310000	0.198947
1.490000	0.320000	0.204228
1.490000	0.330000	0.209404
1.490000	0.340000	0.214470
1.490000	0.350000	0.219421
1.490000	0.360000	0.224249
1.490000	0.370000	0.228950
1.490000	0.380000	0.233516
1.490000	0.390000	0.237942
1.490000	0.400000	0.242220
1.490000	0.410000	0.246343
1.490000	0.420000	0.250305
1.490000	0.430000	0.254098
1.490000	0.440000	0.257715
1.490000	0.450000	0.261148
1.490000	0.460000	0.264389
1.490000	0.470000	0.267432
1.490000	0.480000	0.270267
1.490000	0.490000	0.272887
1.500000	0.000000	0.006749
1.500000	0.010000	0.013495
1.500000	0.020000	0.020239
1.500000	0.030000	0.026977
1.500000	0.040000	0.033708
1.500000	0.050000	0.040431
1.500000	0.060000	0.047142
1.500000	0.070000	0.053842
1.500000	0.080000	0.060527
1.500000	0.090000	0.067195
1.500000	0.100000	0.073845
1.500000	0.110000	0.080474
1.500000	0.120000	0.087080
1.500000	0.130000	0.093661
1.500000	0.140000	0.100213
1.500000	0.150000	0.106735
1.500000	0.160000	0.113224
1.500000	0.170000	0.119676
1.500000	0.180000	0.126089
1.500000	0.190000	0.132460
1.500000	0.200000	0.138785
1.500000	0.210000	0.145060
1.500000	0.220000	0.151283
1.500000	0.230000	0.157450
1.500000	0.240000	0.163556
1.500000	0.250000	0.169598
1.500000	0.260000	0.175570
1.500000	0.270000	0.181470
1.500000	0.280000	0.187291
1.500000	0.290000	0.193029
1.500000	0.300000	0.198680
1.500000	0.310000	0.204238
1.500000	0.320000	0.209697
1.500000	0.330000	0.215052
1.500000	0.340000	0.220297
1.500000	0.350000	0.225427
1.500000	0.360000	0.230434
1.500000	0.370000	0.235313
1.500000	0.380000	0.240056
1.500000	0.390000	0.244658
1.500000	0.400000	0.249111
1.500000	0.410000	0.253409
1.500000	0.420000	0.257543
1.500000	0.430000	0.261506
1.500000	0.440000	0.265291
1.500000	0.450000	0.268889
1.500000	0.460000	0.272294
1.500000	0.470000	0.275495
1.500000	0.480000	0.278487
1.500000	0.490000	0.281258
1.510000	0.000000	0.006905
1.510000	0.010000	0.013809
1.510000	0.020000	0.020709
1.510000	0.030000	0.027605
1.510000	0.040000	0.034494
1.510000	0.050000	0.041374
1.510000	0.060000	0.048245
1.510000	0.070000	0.055103
1.510000	0.080000	0.061948
1.510000	0.090000	0.068778
1.510000	0.100000	0.075589
1.510000	0.110000	0.082381
1.510000	0.120000	0.089150
1.510000	0.130000	0.095895
1.510000	0.140000	0.102613
1.510000	0.150000	0.109302
1.510000	0.160000	0.115958
1.510000	0.170000	0.122580
1.510000	0.180000	0.129163
1.510000	0.190000	0.135705
1.510000	0.200000	0.142203
1.510000	0.210000	0.148653
1.510000	0.220000	0.155051
1.510000	0.230000	0.161394
1.510000	0.240000	0.167678
1.510000	0.250000	0.173898
1.510000	0.260000	0.180050
1.510000	0.270000	0.186130
1.510000	0.280000	0.192133
1.510000	0.290000	0.198054
1.510000	0.300000	0.203888
1.510000	0.310000	0.209630
1.510000	0.320000	0.215273
1.510000	0.330000	0.220813
1.510000	0.340000	0.226243
1.510000	0.350000	0.231557
1.510000	0.360000	0.236750
1.510000	0.370000	0.241813
1.510000	0.380000	0.246741
1.510000	0.390000	0.251527
1.510000	0.400000	0.256162
1.510000	0.410000	0.260641
1.510000	0.420000	0.264955
1.510000	0.430000	0.269096
1.510000	0.440000	0.273057
1.510000	0.450000	0.276829
1.510000	0.460000	0.280404
1.510000	0.470000	0.283773
1.510000	0.480000	0.286929
1.510000	0.490000	0.289861
1.520000	0.000000	0.007064
1.520000	0.010000	0.014126
1.520000	0.020000	0.021185
1.520000	0.030000	0.028240
1.520000	0.040000	0.035288
1.520000	0.050000	0.042329
1.520000	0.060000	0.049360
1.520000	0.070000	0.056380
1.520000	0.080000	0.063387
1.520000	0.090000	0.070379
1.520000	0.100000	0.077354
1.520000	0.110000	0.084311
1.520000	0.120000	0.091246
1.520000	0.130000	0.098158
1.520000	0.140000	0.105044
1.520000	0.150000	0.111903
1.520000	0.160000	0.118730
1.520000	0.170000	0.125523
1.520000	0.180000	0.132280
1.520000	0.190000	0.138997
1.520000	0.200000	0.145671
1.520000	0.210000	0.152299
1.520000	0.220000	0.158876
1.520000	0.230000	0.165399
1.520000	0.240000	0.171865
1.520000	0.250000	0.178268
1.520000	0.260000	0.184605
1.520000	0.270000	0.190870
1.520000	0.280000	0.197060
1.520000	0.290000	0.203169
1.520000	0.300000	0.209191
1.520000	0.310000	0.215122
1.520000	0.320000	0.220956
1.520000	0.330000	0.226686
1.520000	0.340000	0.232308
1.520000	0.350000	0.237814
1.520000	0.360000	0.243197
1.520000	0.370000	0.248452
1.520000	0.380000	0.253572
1.520000	0.390000	0.258548
1.520000	0.400000	0.263373
1.520000	0.410000	0.268041
1.520000	0.420000	0.272542
1.520000	0.430000	0.276870
1.520000	0.440000	0.281015
1.520000	0.450000	0.284969
1.520000	0.460000	0.288723
1.520000	0.470000	0.292269
1.520000	0.480000	0.295597
1.520000	0.490000	0.298698
1.530000	0.000000	0.007224
1.530000	0.010000	0.014446
1.530000	0.020000	0.021666
1.530000	0.030000	0.028881
1.530000	0.040000	0.036091
1.530000	0.050000	0.043293
1.530000	0.060000	0.050486
1.530000	0.070000	0.057670
1.530000	0.080000	0.064841
1.530000	0.090000	0.071998
1.530000	0.100000	0.079139
1.530000	0.110000	0.086263
1.530000	0.120000	0.093366
1.530000	0.130000	0.100448
1.530000	0.140000	0.107505
1.530000	0.150000	0.114536
1.530000	0.160000	0.121537
1.530000	0.170000	0.128505
1.530000	0.180000	0.135439
1.530000	0.190000	0.142334
1.530000	0.200000	0.149188
1.530000	0.210000	0.155997
1.530000	0.220000	0.162757
1.530000	0.230000	0.169465
1.530000	0.240000	0.176117
1.530000	0.250000	0.182707
1.530000	0.260000	0.189233
1.530000	0.270000	0.195689
1.530000	0.280000	0.202070
1.530000	0.290000	0.208372
1.530000	0.300000	0.214588
1.530000	0.310000	0.220714
1.530000	0.320000	0.226744
1.530000	0.330000	0.232672
1.530000	0.340000	0.238491
1.530000	0.350000	0.244195
1.530000	0.360000	0.249777
1.530000	0.370000	0.255230
1.530000	0.380000	0.260548
1.530000	0.390000	0.265722
1.530000	0.400000	0.270746
1.530000	0.410000	0.275610
1.530000	0.420000	0.280307
1.530000	0.430000	0.284829
1.530000	0.440000	0.289167
1.530000	0.450000	0.293311
1.530000	0.460000	0.297254
1.530000	0.470000	0.300985
1.530000	0.480000	0.304495
1.530000	0.490000	0.307775
1.540000	0.000000	0.007385
1.540000	0.010000	0.014769
1.540000	0.020000	0.022151
1.540000	0.030000	0.029529
1.540000	0.040000	0.036901
1.540000	0.050000	0.044267
1.540000	0.060000	0.051624
1.540000	0.070000	0.058972
1.540000	0.080000	0.066309
1.540000	0.090000	0.073633
1.540000	0.100000	0.080943
1.540000	0.110000	0.088236
1.540000	0.120000	0.095510
1.540000	0.130000	0.102764
1.540000	0.140000	0.109994
1.540000	0.150000	0.117200
1.540000	0.160000	0.124377
1.540000	0.170000	0.131524
1.540000	0.180000	0.138638
1.540000	0.190000	0.145715
1.540000	0.200000	0.152752
1.540000	0.210000	0.159746
1.540000	0.220000	0.166693
1.540000	0.230000	0.173589
1.540000	0.240000	0.180431
1.540000	0.250000	0.187214
1.540000	0.260000	0.193933
1.540000	0.270000	0.200584
1.540000	0.280000	0.207163
1.540000	0.290000	0.213662
1.540000	0.300000	0.220079
1.540000	0.310000	0.226406
1.540000	0.320000	0.232638
1.540000	0.330000	0.238769
1.540000	0.340000	0.244792
1.540000	0.350000	0.250700
1.540000	0.360000	0.256488
1.540000	0.370000	0.262147
1.540000	0.380000	0.267671
1.540000	0.390000	0.273051
1.540000	0.400000	0.278280
1.540000	0.410000	0.283350
1.540000	0.420000	0.288251
1.540000	0.430000	0.292976
1.540000	0.440000	0.297515
1.540000	0.450000	0.301859
1.540000	0.460000	0.305999
1.540000	0.470000	0.309925
1.540000	0.480000	0.313628
1.540000	0.490000	0.317096
1.550000	0.000000	0.007548
1.550000	0.010000	0.015095
1.550000	0.020000	0.022640
1.550000	0.030000	0.030182
1.550000	0.040000	0.037718
1.550000	0.050000	0.045249
1.550000	0.060000	0.052772
1.550000	0.070000	0.060287
1.550000	0.080000	0.067792
1.550000	0.090000	0.075285
1.550000	0.100000	0.082764
1.550000	0.110000	0.090228
1.550000	0.120000	0.097675
1.550000	0.130000	0.105104
1.550000	0.140000	0.112510
1.550000	0.150000	0.119893
1.550000	0.160000	0.127250
1.550000	0.170000	0.134579
1.550000	0.180000	0.141875
1.550000	0.190000	0.149137
1.550000	0.200000	0.156361
1.550000	0.210000	0.163544
1.550000	0.220000	0.170682
1.550000	0.230000	0.177771
1.550000	0.240000	0.184807
1.550000	0.250000	0.191786
1.550000	0.260000	0.198704
1.550000	0.270000	0.205555
1.550000	0.280000	0.212336
1.550000	0.290000	0.219039
1.550000	0.300000	0.225661
1.550000	0.310000	0.232195
1.550000	0.320000	0.238635
1.550000	0.330000	0.244976
1.550000	0.340000	0.251210
1.550000	0.350000	0.257330
1.550000	0.360000	0.263330
1.550000	0.370000	0.269203
1.550000	0.380000	0.274940
1.550000	0.390000	0.280534
1.550000	0.400000	0.285977
1.550000	0.410000	0.291260
1.550000	0.420000	0.296374
1.550000	0.430000	0.301311
1.550000	0.440000	0.306061
1.550000	0.450000	0.310615
1.550000	0.460000	0.314962
1.550000	0.470000	0.319093
1.550000	0.480000	0.322997
1.550000	0.490000	0.326664
1.560000	0.000000	0.007712
1.560000	0.010000	0.015424
1.560000	0.020000	0.023133
1.560000	0.030000	0.030840
1.560000	0.040000	0.038542
1.560000	0.050000	0.046239
1.560000	0.060000	0.053930
1.560000	0.070000	0.061613
1.560000	0.080000	0.069287
1.560000	0.090000	0.076950
1.560000	0.100000	0.084602
1.560000	0.110000	0.092239
1.560000	0.120000	0.099861
1.560000	0.130000	0.107466
1.560000	0.140000	0.115051
1.560000	0.150000	0.122615
1.560000	0.160000	0.130154
1.560000	0.170000	0.137666
1.560000	0.180000	0.145149
1.560000	0.190000	0.152599
1.560000	0.200000	0.160013
1.560000	0.210000	0.167388
1.560000	0.220000	0.174721
1.560000	0.230000	0.182007
1.560000	0.240000	0.189242
1.560000	0.250000	0.196423
1.560000	0.260000	0.203543
1.560000	0.270000	0.210600
1.560000	0.280000	0.217588
1.560000	0.290000	0.224501
1.560000	0.300000	0.231334
1.560000	0.310000	0.238081
1.560000	0.320000	0.244736
1.560000	0.330000	0.251292
1.560000	0.340000	0.257744
1.560000	0.350000	0.264083
1.560000	0.360000	0.270303
1.560000	0.370000	0.276397
1.560000	0.380000	0.282356
1.560000	0.390000	0.288172
1.560000	0.400000	0.293837
1.560000	0.410000	0.299342
1.560000	0.420000	0.304678
1.560000	0.430000	0.309837
1.560000	0.440000	0.314807
1.560000	0.450000	0.319579
1.560000	0.460000	0.324144
1.560000	0.470000	0.328490
1.560000	0.480000	0.332607
1.560000	0.490000	0.336483
1.570000	0.000000	0.007878
1.570000	0.010000	0.015755
1.570000	0.020000	0.023630
1.570000	0.030000	0.031503
1.570000	0.040000	0.039372
1.570000	0.050000	0.047237
1.570000	0.060000	0.055096
1.570000	0.070000	0.062948
1.570000	0.080000	0.070793
1.570000	0.090000	0.078629
1.570000	0.100000	0.086454
1.570000	0.110000	0.094267
1.570000	0.120000	0.102066
1.570000	0.130000	0.109849
1.570000	0.140000	0.117615
1.570000	0.150000	0.125361
1.570000	0.160000	0.133085
1.570000	0.170000	0.140785
1.570000	0.180000	0.148457
1.570000	0.190000	0.156098
1.570000	0.200000	0.163706
1.570000	0.210000	0.171278
1.570000	0.220000	0.178809
1.570000	0.230000	0.186296
1.570000	0.240000	0.193734
1.570000	0.250000	0.201120
1.570000	0.260000	0.208449
1.570000	0.270000	0.215717
1.570000	0.280000	0.222917
1.570000	0.290000	0.230045
1.570000	0.300000	0.237095
1.570000	0.310000	0.244061
1.570000	0.320000	0.250937
1.570000	0.330000	0.257716
1.570000	0.340000	0.264392
1.570000	0.350000	0.270958
1.570000	0.360000	0.277406
1.570000	0.370000	0.283728
1.570000	0.380000	0.289917
1.570000	0.390000	0.295963
1.570000	0.400000	0.301860
1.570000	0.410000	0.307596
1.570000	0.420000	0.313164
1.570000	0.430000	0.318553
1.570000	0.440000	0.323753
1.570000	0.450000	0.328755
1.570000	0.460000	0.333547
1.570000	0.470000	0.338119
1.570000	0.480000	0.342460
1.570000	0.490000	0.346557
1.580000	0.000000	0.008044
1.580000	0.010000	0.016087
1.580000	0.020000	0.024129
1.580000	0.030000	0.032169
1.580000	0.040000	0.040206
1.580000	0.050000	0.048240
1.580000	0.060000	0.056269
1.580000	0.070000	0.064293
1.580000	0.080000	0.072310
1.580000	0.090000	0.080319
1.580000	0.100000	0.088319
1.580000	0.110000	0.096309
1.580000	0.120000	0.104287
1.580000	0.130000	0.112252
1.580000	0.140000	0.120201
1.580000	0.150000	0.128132
1.580000	0.160000	0.136043
1.580000	0.170000	0.143932
1.580000	0.180000	0.151796
1.580000	0.190000	0.159633
1.580000	0.200000	0.167438
1.580000	0.210000	0.175209
1.580000	0.220000	0.182943
1.580000	0.230000	0.190635
1.580000	0.240000	0.198281
1.580000	0.250000	0.205877
1.580000	0.260000	0.213420
1.580000	0.270000	0.220902
1.580000	0.280000	0.228321
1.580000	0.290000	0.235669
1.580000	0.300000	0.242942
1.580000	0.310000	0.250133
1.580000	0.320000	0.257237
1.580000	0.330000	0.264246
1.580000	0.340000	0.271154
1.580000	0.350000	0.277953
1.580000	0.360000	0.284637
1.580000	0.370000	0.291196
1.580000	0.380000	0.297622
1.580000	0.390000	0.303908
1.580000	0.400000	0.310045
1.580000	0.410000	0.316022
1.580000	0.420000	0.321830
1.580000	0.430000	0.327460
1.580000	0.440000	0.332901
1.580000	0.450000	0.338143
1.580000	0.460000	0.343174
1.580000	0.470000	0.347983
1.580000	0.480000	0.352559
1.580000	0.490000	0.356889
1.590000	0.000000	0.008211
1.590000	0.010000	0.016422
1.590000	0.020000	0.024631
1.590000	0.030000	0.032839
1.590000	0.040000	0.041045
1.590000	0.050000	0.049248
1.590000	0.060000	0.057448
1.590000	0.070000	0.065644
1.590000	0.080000	0.073834
1.590000	0.090000	0.082019
1.590000	0.100000	0.090196
1.590000	0.110000	0.098365
1.590000	0.120000	0.106524
1.590000	0.130000	0.114671
1.590000	0.140000	0.122805
1.590000	0.150000	0.130924
1.590000	0.160000	0.139025
1.590000	0.170000	0.147106
1.590000	0.180000	0.155166
1.590000	0.190000	0.163200
1.590000	0.200000	0.171206
1.590000	0.210000	0.179181
1.590000	0.220000	0.187120
1.590000	0.230000	0.195021
1.590000	0.240000	0.202880
1.590000	0.250000	0.210691
1.590000	0.260000	0.218451
1.590000	0.270000	0.226155
1.590000	0.280000	0.233796
1.590000	0.290000	0.241371
1.590000	0.300000	0.248873
1.590000	0.310000	0.256296
1.590000	0.320000	0.263634
1.590000	0.330000	0.270880
1.590000	0.340000	0.278027
1.590000	0.350000	0.285068
1.590000	0.360000	0.291994
1.590000	0.370000	0.298798
1.590000	0.380000	0.305472
1.590000	0.390000	0.312006
1.590000	0.400000	0.318392
1.590000	0.410000	0.324619
1.590000	0.420000	0.330679
1.590000	0.430000	0.336560
1.590000	0.440000	0.342252
1.590000	0.450000	0.347745
1.590000	0.460000	0.353026
1.590000	0.470000	0.358084
1.590000	0.480000	0.362907
1.590000	0.490000	0.367482
1.600000	0.000000	0.008379
1.600000	0.010000	0.016757
1.600000	0.020000	0.025135
1.600000	0.030000	0.033511
1.600000	0.040000	0.041887
1.600000	0.050000	0.050261
1.600000	0.060000	0.058632
1.600000	0.070000	0.067001
1.600000	0.080000	0.075366
1.600000	0.090000	0.083727
1.600000	0.100000	0.092082
1.600000	0.110000	0.100431
1.600000	0.120000	0.108773
1.600000	0.130000	0.117105
1.600000	0.140000	0.125426
1.600000	0.150000	0.133734
1.600000	0.160000	0.142028
1.600000	0.170000	0.150304
1.600000	0.180000	0.158562
1.600000	0.190000	0.166797
1.600000	0.200000	0.175007
1.600000	0.210000	0.183188
1.600000	0.220000	0.191338
1.600000	0.230000	0.199453
1.600000	0.240000	0.207528
1.600000	0.250000	0.215559
1.600000	0.260000	0.223541
1.600000	0.270000	0.231471
1.600000	0.280000	0.239342
1.600000	0.290000	0.247149
1.600000	0.300000	0.254886
1.600000	0.310000	0.262547
1.600000	0.320000	0.270126
1.600000	0.330000	0.277616
1.600000	0.340000	0.285009
1.600000	0.350000	0.292299
1.600000	0.360000	0.299477
1.600000	0.370000	0.306534
1.600000	0.380000	0.313464
1.600000	0.390000	0.320255
1.600000	0.400000	0.326899
1.600000	0.410000	0.333387
1.600000	0.420000	0.339708
1.600000	0.430000	0.345851
1.600000	0.440000	0.351806
1.600000	0.450000	0.357560
1.600000	0.460000	0.363103
1.600000	0.470000	0.368423
1.600000	0.480000	0.373505
1.600000	0.490000	0.378338
1.610000	0.000000	0.008546
1.610000	0.010000	0.017093
1.610000	0.020000	0.025639
1.610000	0.030000	0.034185
1.610000	0.040000	0.042731
1.610000	0.050000	0.051276
1.610000	0.060000	0.059820
1.610000	0.070000	0.068362
1.610000	0.080000	0.076903
1.610000	0.090000	0.085441
1.610000	0.100000	0.093976
1.610000	0.110000	0.102507
1.610000	0.120000	0.111032
1.610000	0.130000	0.119550
1.610000	0.140000	0.128060
1.610000	0.150000	0.136561
1.610000	0.160000	0.145049
1.610000	0.170000	0.153523
1.610000	0.180000	0.161982
1.610000	0.190000	0.170421
1.610000	0.200000	0.178838
1.610000	0.210000	0.187230
1.610000	0.220000	0.195594
1.610000	0.230000	0.203926
1.610000	0.240000	0.212221
1.610000	0.250000	0.220477
1.610000	0.260000	0.228687
1.610000	0.270000	0.236847
1.610000	0.280000	0.244953
1.610000	0.290000	0.252998
1.610000	0.300000	0.260977
1.610000	0.310000	0.268883
1.610000	0.320000	0.276710
1.610000	0.330000	0.284450
1.610000	0.340000	0.292098
1.610000	0.350000	0.299644
1.610000	0.360000	0.307082
1.610000	0.370000	0.314402
1.610000	0.380000	0.321595
1.610000	0.390000	0.328654
1.610000	0.400000	0.335567
1.610000	0.410000	0.342325
1.610000	0.420000	0.348917
1.610000	0.430000	0.355334
1.610000	0.440000	0.361562
1.610000	0.450000	0.367591
1.610000	0.460000	0.373408
1.610000	0.470000	0.379001
1.610000	0.480000	0.384356
1.610000	0.490000	0.389460
1.620000	0.000000	0.008715
1.620000	0.010000	0.017429
1.620000	0.020000	0.026144
1.620000	0.030000	0.034860
1.620000	0.040000	0.043576
1.620000	0.050000	0.052292
1.620000	0.060000	0.061009
1.620000	0.070000	0.069727
1.620000	0.080000	0.078444
1.620000	0.090000	0.087160
1.620000	0.100000	0.095875
1.620000	0.110000	0.104589
1.620000	0.120000	0.113299
1.620000	0.130000	0.122005
1.620000	0.140000	0.130706
1.620000	0.150000	0.139400
1.620000	0.160000	0.148086
1.620000	0.170000	0.156760
1.620000	0.180000	0.165422
1.620000	0.190000	0.174068
1.620000	0.200000	0.182696
1.620000	0.210000	0.191302
1.620000	0.220000	0.199883
1.620000	0.230000	0.208436
1.620000	0.240000	0.216957
1.620000	0.250000	0.225441
1.620000	0.260000	0.233884
1.620000	0.270000	0.242281
1.620000	0.280000	0.250627
1.620000	0.290000	0.258916
1.620000	0.300000	0.267143
1.620000	0.310000	0.275300
1.620000	0.320000	0.283382
1.620000	0.330000	0.291381
1.620000	0.340000	0.299290
1.620000	0.350000	0.307101
1.620000	0.360000	0.314807
1.620000	0.370000	0.322398
1.620000	0.380000	0.329865
1.620000	0.390000	0.337200
1.620000	0.400000	0.344392
1.620000	0.410000	0.351431
1.620000	0.420000	0.358306
1.620000	0.430000	0.365007
1.620000	0.440000	0.371520
1.620000	0.450000	0.377836
1.620000	0.460000	0.383939
1.620000	0.470000	0.389819
1.620000	0.480000	0.395461
1.620000	0.490000	0.400850
1.630000	0.000000	0.008883
1.630000	0.010000	0.017766
1.630000	0.020000	0.026649
1.630000	0.030000	0.035534
1.630000	0.040000	0.044421
1.630000	0.050000	0.053309
1.630000	0.060000	0.062199
1.630000	0.070000	0.071091
1.630000	0.080000	0.079985
1.630000	0.090000	0.088881
1.630000	0.100000	0.097777
1.630000	0.110000	0.106674
1.630000	0.120000	0.115571
1.630000	0.130000	0.124467
1.630000	0.140000	0.133361
1.630000	0.150000	0.142250
1.630000	0.160000	0.151135
1.630000	0.170000	0.160012
1.630000	0.180000	0.168879
1.630000	0.190000	0.177735
1.630000	0.200000	0.186576
1.630000	0.210000	0.195400
1.630000	0.220000	0.204203
1.630000	0.230000	0.212981
1.630000	0.240000	0.221732
1.630000	0.250000	0.230449
1.630000	0.260000	0.239130
1.630000	0.270000	0.247769
1.630000	0.280000	0.256360
1.630000	0.290000	0.264899
1.630000	0.300000	0.273380
1.630000	0.310000	0.281795
1.630000	0.320000	0.290138
1.630000	0.330000	0.298403
1.630000	0.340000	0.306582
1.630000	0.350000	0.314667
1.630000	0.360000	0.322649
1.630000	0.370000	0.330520
1.630000	0.380000	0.338271
1.630000	0.390000	0.345892
1.630000	0.400000	0.353373
1.630000	0.410000	0.360704
1.630000	0.420000	0.367873
1.630000	0.430000	0.374869
1.630000	0.440000	0.381680
1.630000	0.450000	0.388294
1.630000	0.460000	0.394698
1.630000	0.470000	0.400878
1.630000	0.480000	0.406820
1.630000	0.490000	0.412509
1.640000	0.000000	0.009050
1.640000	0.010000	0.018101
1.640000	0.020000	0.027153
1.640000	0.030000	0.036208
1.640000	0.040000	0.045265
1.640000	0.050000	0.054324
1.640000	0.060000	0.063388
1.640000	0.070000	0.072455
1.640000	0.080000	0.081526
1.640000	0.090000	0.090601
1.640000	0.100000	0.099679
1.640000	0.110000	0.108761
1.640000	0.120000	0.117846
1.640000	0.130000	0.126932
1.640000	0.140000	0.136020
1.640000	0.150000	0.145107
1.640000	0.160000	0.154192
1.640000	0.170000	0.163274
1.640000	0.180000	0.172350
1.640000	0.190000	0.181418
1.640000	0.200000	0.190476
1.640000	0.210000	0.199521
1.640000	0.220000	0.208549
1.640000	0.230000	0.217557
1.640000	0.240000	0.226540
1.640000	0.250000	0.235496
1.640000	0.260000	0.244420
1.640000	0.270000	0.253305
1.640000	0.280000	0.262148
1.640000	0.290000	0.270943
1.640000	0.300000	0.279684
1.640000	0.310000	0.288364
1.640000	0.320000	0.296976
1.640000	0.330000	0.305515
1.640000	0.340000	0.313971
1.640000	0.350000	0.322337
1.640000	0.360000	0.330605
1.640000	0.370000	0.338765
1.640000	0.380000	0.346809
1.640000	0.390000	0.354726
1.640000	0.400000	0.362507
1.640000	0.410000	0.370140
1.640000	0.420000	0.377615
1.640000	0.430000	0.384919
1.640000	0.440000	0.392040
1.640000	0.450000	0.398966
1.640000	0.460000	0.405683
1.640000	0.470000	0.412177
1.640000	0.480000	0.418434
1.640000	0.490000	0.424439
1.650000	0.000000	0.009217
1.650000	0.010000	0.018435
1.650000	0.020000	0.027656
1.650000	0.030000	0.036879
1.650000	0.040000	0.046106
1.650000	0.050000	0.055337
1.650000	0.060000	0.064573
1.650000	0.070000	0.073815
1.650000	0.080000	0.083064
1.650000	0.090000	0.092318
1.650000	0.100000	0.101579
1.650000	0.110000	0.110846
1.650000	0.120000	0.120119
1.650000	0.130000	0.129398
1.650000	0.140000	0.138680
1.650000	0.150000	0.147966
1.650000	0.160000	0.157255
1.650000	0.170000	0.166543
1.650000	0.180000	0.175830
1.650000	0.190000	0.185114
1.650000	0.200000	0.194391
1.650000	0.210000	0.203660
1.650000	0.220000	0.212916
1.650000	0.230000	0.222157
1.650000	0.240000	0.231379
1.650000	0.250000	0.240578
1.650000	0.260000	0.249748
1.650000	0.270000	0.258887
1.650000	0.280000	0.267987
1.650000	0.290000	0.277043
1.650000	0.300000	0.286051
1.650000	0.310000	0.295002
1.650000	0.320000	0.303891
1.650000	0.330000	0.312710
1.650000	0.340000	0.321452
1.650000	0.350000	0.330108
1.650000	0.360000	0.338670
1.650000	0.370000	0.347129
1.650000	0.380000	0.355476
1.650000	0.390000	0.363700
1.650000	0.400000	0.371791
1.650000	0.410000	0.379738
1.650000	0.420000	0.387530
1.650000	0.430000	0.395154
1.650000	0.440000	0.402598
1.650000	0.450000	0.409849
1.650000	0.460000	0.416894
1.650000	0.470000	0.423717
1.650000	0.480000	0.430303
1.650000	0.490000	0.436638
1.660000	0.000000	0.009383
1.660000	0.010000	0.018768
1.660000	0.020000	0.028155
1.660000	0.030000	0.037546
1.660000	0.040000	0.046942
1.660000	0.050000	0.056345
1.660000	0.060000	0.065754
1.660000	0.070000	0.075170
1.660000	0.080000	0.084596
1.660000	0.090000	0.094030
1.660000	0.100000	0.103474
1.660000	0.110000	0.112927
1.660000	0.120000	0.122389
1.660000	0.130000	0.131860
1.660000	0.140000	0.141339
1.660000	0.150000	0.150825
1.660000	0.160000	0.160318
1.660000	0.170000	0.169815
1.660000	0.180000	0.179316
1.660000	0.190000	0.188817
1.660000	0.200000	0.198317
1.660000	0.210000	0.207812
1.660000	0.220000	0.217301
1.660000	0.230000	0.226779
1.660000	0.240000	0.236243
1.660000	0.250000	0.245689
1.660000	0.260000	0.255112
1.660000	0.270000	0.264508
1.660000	0.280000	0.273870
1.660000	0.290000	0.283195
1.660000	0.300000	0.292476
1.660000	0.310000	0.301705
1.660000	0.320000	0.310878
1.660000	0.330000	0.319985
1.660000	0.340000	0.329021
1.660000	0.350000	0.337975
1.660000	0.360000	0.346841
1.660000	0.370000	0.355608
1.660000	0.380000	0.364267
1.660000	0.390000	0.372808
1.660000	0.400000	0.381221
1.660000	0.410000	0.389494
1.660000	0.420000	0.397615
1.660000	0.430000	0.405572
1.660000	0.440000	0.413352
1.660000	0.450000	0.420942
1.660000	0.460000	0.428328
1.660000	0.470000	0.435495
1.660000	0.480000	0.442427
1.660000	0.490000	0.449109
1.670000	0.000000	0.009548
1.670000	0.010000	0.019098
1.670000	0.020000	0.028651
1.670000	0.030000	0.038209
1.670000	0.040000	0.047774
1.670000	0.050000	0.057346
1.670000	0.060000	0.066927
1.670000	0.070000	0.076518
1.670000	0.080000	0.086120
1.670000	0.090000	0.095733
1.670000	0.100000	0.105360
1.670000	0.110000	0.114998
1.670000	0.120000	0.124650
1.670000	0.130000	0.134314
1.670000	0.140000	0.143991
1.670000	0.150000	0.153679
1.670000	0.160000	0.163378
1.670000	0.170000	0.173086
1.670000	0.180000	0.182801
1.670000	0.190000	0.192523
1.670000	0.200000	0.202248
1.670000	0.210000	0.211974
1.670000	0.220000	0.221698
1.670000	0.230000	0.231417
1.670000	0.240000	0.241127
1.670000	0.250000	0.250825
1.670000	0.260000	0.260505
1.670000	0.270000	0.270163
1.670000	0.280000	0.279795
1.670000	0.290000	0.289393
1.670000	0.300000	0.298953
1.670000	0.310000	0.308468
1.670000	0.320000	0.317931
1.670000	0.330000	0.327335
1.670000	0.340000	0.336672
1.670000	0.350000	0.345934
1.670000	0.360000	0.355112
1.670000	0.370000	0.364197
1.670000	0.380000	0.373179
1.670000	0.390000	0.382048
1.670000	0.400000	0.390793
1.670000	0.410000	0.399403
1.670000	0.420000	0.407866
1.670000	0.430000	0.416169
1.670000	0.440000	0.424299
1.670000	0.450000	0.432242
1.670000	0.460000	0.439984
1.670000	0.470000	0.447510
1.670000	0.480000	0.454804
1.670000	0.490000	0.461849
1.680000	0.000000	0.009712
1.680000	0.010000	0.019425
1.680000	0.020000	0.029143
1.680000	0.030000	0.038866
1.680000	0.040000	0.048598
1.680000	0.050000	0.058338
1.680000	0.060000	0.068090
1.680000	0.070000	0.077854
1.680000	0.080000	0.087632
1.680000	0.090000	0.097425
1.680000	0.100000	0.107234
1.680000	0.110000	0.117058
1.680000	0.120000	0.126900
1.680000	0.130000	0.136758
1.680000	0.140000	0.146633
1.680000	0.150000	0.156523
1.680000	0.160000	0.166429
1.680000	0.170000	0.176350
1.680000	0.180000	0.186282
1.680000	0.190000	0.196226
1.680000	0.200000	0.206179
1.680000	0.210000	0.216139
1.680000	0.220000	0.226102
1.680000	0.230000	0.236065
1.680000	0.240000	0.246026
1.680000	0.250000	0.255979
1.680000	0.260000	0.265922
1.680000	0.270000	0.275848
1.680000	0.280000	0.285753
1.680000	0.290000	0.295632
1.680000	0.300000	0.305478
1.680000	0.310000	0.315285
1.680000	0.320000	0.325046
1.680000	0.330000	0.334754
1.680000	0.340000	0.344401
1.680000	0.350000	0.353979
1.680000	0.360000	0.363479
1.680000	0.370000	0.372891
1.680000	0.380000	0.382207
1.680000	0.390000	0.391414
1.680000	0.400000	0.400504
1.680000	0.410000	0.409463
1.680000	0.420000	0.418279
1.680000	0.430000	0.426941
1.680000	0.440000	0.435435
1.680000	0.450000	0.443745
1.680000	0.460000	0.451859
1.680000	0.470000	0.459760
1.680000	0.480000	0.467431
1.680000	0.490000	0.474857
1.690000	0.000000	0.009873
1.690000	0.010000	0.019749
1.690000	0.020000	0.029629
1.690000	0.030000	0.039516
1.690000	0.040000	0.049413
1.690000	0.050000	0.059320
1.690000	0.060000	0.069242
1.690000	0.070000	0.079178
1.690000	0.080000	0.089131
1.690000	0.090000	0.099102
1.690000	0.100000	0.109092
1.690000	0.110000	0.119103
1.690000	0.120000	0.129134
1.690000	0.130000	0.139186
1.690000	0.140000	0.149259
1.690000	0.150000	0.159354
1.690000	0.160000	0.169468
1.690000	0.170000	0.179602
1.690000	0.180000	0.189754
1.690000	0.190000	0.199923
1.690000	0.200000	0.210106
1.690000	0.210000	0.220301
1.690000	0.220000	0.230506
1.690000	0.230000	0.240718
1.690000	0.240000	0.250933
1.690000	0.250000	0.261147
1.690000	0.260000	0.271356
1.690000	0.270000	0.281555
1.690000	0.280000	0.291740
1.690000	0.290000	0.301905
1.690000	0.300000	0.312043
1.690000	0.310000	0.322149
1.690000	0.320000	0.332216
1.690000	0.330000	0.342236
1.690000	0.340000	0.352202
1.690000	0.350000	0.362104
1.690000	0.360000	0.371935
1.690000	0.370000	0.381685
1.690000	0.380000	0.391344
1.690000	0.390000	0.400901
1.690000	0.400000	0.410346
1.690000	0.410000	0.419667
1.690000	0.420000	0.428850
1.690000	0.430000	0.437884
1.690000	0.440000	0.446755
1.690000	0.450000	0.455448
1.690000	0.460000	0.463949
1.690000	0.470000	0.472241
1.690000	0.480000	0.480307
1.690000	0.490000	0.488131
1.700000	0.000000	0.010032
1.700000	0.010000	0.020067
1.700000	0.020000	0.030108
1.700000	0.030000	0.040157
1.700000	0.040000	0.050216
1.700000	0.050000	0.060290
1.700000	0.060000	0.070379
1.700000	0.070000	0.080485
1.700000	0.080000	0.090612
1.700000	0.090000	0.100760
1.700000	0.100000	0.110932
1.700000	0.110000	0.121127
1.700000	0.120000	0.131348
1.700000	0.130000	0.141594
1.700000	0.140000	0.151866
1.700000	0.150000	0.162165
1.700000	0.160000	0.172489
1.700000	0.170000	0.182838
1.700000	0.180000	0.193210
1.700000	0.190000	0.203606
1.700000	0.200000	0.214021
1.700000	0.210000	0.224456
1.700000	0.220000	0.234906
1.700000	0.230000	0.245369
1.700000	0.240000	0.255842
1.700000	0.250000	0.266321
1.700000	0.260000	0.276802
1.700000	0.270000	0.287279
1.700000	0.280000	0.297749
1.700000	0.290000	0.308206
1.700000	0.300000	0.318643
1.700000	0.310000	0.329055
1.700000	0.320000	0.339435
1.700000	0.330000	0.349775
1.700000	0.340000	0.360067
1.700000	0.350000	0.370303
1.700000	0.360000	0.380475
1.700000	0.370000	0.390572
1.700000	0.380000	0.400585
1.700000	0.390000	0.410503
1.700000	0.400000	0.420315
1.700000	0.410000	0.430009
1.700000	0.420000	0.439573
1.700000	0.430000	0.448993
1.700000	0.440000	0.458256
1.700000	0.450000	0.467347
1.700000	0.460000	0.476250
1.700000	0.470000	0.484949
1.700000	0.480000	0.493428
1.700000	0.490000	0.501669
1.710000	0.000000	0.010189
1.710000	0.010000	0.020380
1.710000	0.020000	0.030579
1.710000	0.030000	0.040787
1.710000	0.040000	0.051007
1.710000	0.050000	0.061243
1.710000	0.060000	0.071498
1.710000	0.070000	0.081774
1.710000	0.080000	0.092072
1.710000	0.090000	0.102396
1.710000	0.100000	0.112747
1.710000	0.110000	0.123127
1.710000	0.120000	0.133537
1.710000	0.130000	0.143977
1.710000	0.140000	0.154448
1.710000	0.150000	0.164951
1.710000	0.160000	0.175485
1.710000	0.170000	0.186051
1.710000	0.180000	0.196646
1.710000	0.190000	0.207269
1.710000	0.200000	0.217920
1.710000	0.210000	0.228596
1.710000	0.220000	0.239294
1.710000	0.230000	0.250013
1.710000	0.240000	0.260747
1.710000	0.250000	0.271495
1.710000	0.260000	0.282252
1.710000	0.270000	0.293013
1.710000	0.280000	0.303774
1.710000	0.290000	0.314528
1.710000	0.300000	0.325271
1.710000	0.310000	0.335996
1.710000	0.320000	0.346695
1.710000	0.330000	0.357363
1.710000	0.340000	0.367990
1.710000	0.350000	0.378569
1.710000	0.360000	0.389090
1.710000	0.370000	0.399545
1.710000	0.380000	0.409923
1.710000	0.390000	0.420213
1.710000	0.400000	0.430404
1.710000	0.410000	0.440485
1.710000	0.420000	0.450442
1.710000	0.430000	0.460262
1.710000	0.440000	0.469931
1.710000	0.450000	0.479434
1.710000	0.460000	0.488756
1.710000	0.470000	0.497881
1.710000	0.480000	0.506790
1.710000	0.490000	0.515466
1.720000	0.000000	0.010342
1.720000	0.010000	0.020687
1.720000	0.020000	0.031040
1.720000	0.030000	0.041404
1.720000	0.040000	0.051783
1.720000	0.050000	0.062179
1.720000	0.060000	0.072597
1.720000	0.070000	0.083039
1.720000	0.080000	0.093508
1.720000	0.090000	0.104006
1.720000	0.100000	0.114535
1.720000	0.110000	0.125098
1.720000	0.120000	0.135696
1.720000	0.130000	0.146329
1.720000	0.140000	0.157000
1.720000	0.150000	0.167707
1.720000	0.160000	0.178453
1.720000	0.170000	0.189235
1.720000	0.180000	0.200053
1.720000	0.190000	0.210907
1.720000	0.200000	0.221795
1.720000	0.210000	0.232715
1.720000	0.220000	0.243664
1.720000	0.230000	0.254641
1.720000	0.240000	0.265641
1.720000	0.250000	0.276662
1.720000	0.260000	0.287699
1.720000	0.270000	0.298749
1.720000	0.280000	0.309805
1.720000	0.290000	0.320864
1.720000	0.300000	0.331918
1.720000	0.310000	0.342963
1.720000	0.320000	0.353990
1.720000	0.330000	0.364993
1.720000	0.340000	0.375964
1.720000	0.350000	0.386894
1.720000	0.360000	0.397775
1.720000	0.370000	0.408597
1.720000	0.380000	0.419350
1.720000	0.390000	0.430024
1.720000	0.400000	0.440606
1.720000	0.410000	0.451086
1.720000	0.420000	0.461449
1.720000	0.430000	0.471683
1.720000	0.440000	0.481774
1.720000	0.450000	0.491706
1.720000	0.460000	0.501463
1.720000	0.470000	0.511029
1.720000	0.480000	0.520387
1.720000	0.490000	0.529517
1.730000	0.000000	0.010491
1.730000	0.010000	0.020987
1.730000	0.020000	0.031491
1.730000	0.030000	0.042007
1.730000	0.040000	0.052541
1.730000	0.050000	0.063095
1.730000	0.060000	0.073673
1.730000	0.070000	0.084278
1.730000	0.080000	0.094915
1.730000	0.090000	0.105585
1.730000	0.100000	0.116291
1.730000	0.110000	0.127035
1.730000	0.120000	0.137820
1.730000	0.130000	0.148646
1.730000	0.140000	0.159515
1.730000	0.150000	0.170427
1.730000	0.160000	0.181384
1.730000	0.170000	0.192384
1.730000	0.180000	0.203427
1.730000	0.190000	0.214512
1.730000	0.200000	0.225639
1.730000	0.210000	0.236805
1.730000	0.220000	0.248008
1.730000	0.230000	0.259246
1.730000	0.240000	0.270516
1.730000	0.250000	0.281814
1.730000	0.260000	0.293137
1.730000	0.270000	0.304479
1.730000	0.280000	0.315837
1.730000	0.290000	0.327205
1.730000	0.300000	0.338578
1.730000	0.310000	0.349948
1.730000	0.320000	0.361310
1.730000	0.330000	0.372657
1.730000	0.340000	0.383980
1.730000	0.350000	0.395270
1.730000	0.360000	0.406521
1.730000	0.370000	0.417720
1.730000	0.380000	0.428860
1.730000	0.390000	0.439928
1.730000	0.400000	0.450914
1.730000	0.410000	0.461805
1.730000	0.420000	0.472588
1.730000	0.430000	0.483250
1.730000	0.440000	0.493777
1.730000	0.450000	0.504154
1.730000	0.460000	0.514363
1.730000	0.470000	0.524389
1.730000	0.480000	0.534214
1.730000	0.490000	0.543818
1.740000	0.000000	0.010636
1.740000	0.010000	0.021278
1.740000	0.020000	0.031929
1.740000	0.030000	0.042594
1.740000	0.040000	0.053278
1.740000	0.050000	0.063986
1.740000	0.060000	0.074721
1.740000	0.070000	0.085487
1.740000	0.080000	0.096289
1.740000	0.090000	0.107128
1.740000	0.100000	0.118009
1.740000	0.110000	0.128933
1.740000	0.120000	0.139903
1.740000	0.130000	0.150921
1.740000	0.140000	0.161988
1.740000	0.150000	0.173105
1.740000	0.160000	0.184272
1.740000	0.170000	0.195490
1.740000	0.180000	0.206759
1.740000	0.190000	0.218078
1.740000	0.200000	0.229445
1.740000	0.210000	0.240859
1.740000	0.220000	0.252319
1.740000	0.230000	0.263822
1.740000	0.240000	0.275364
1.740000	0.250000	0.286943
1.740000	0.260000	0.298555
1.740000	0.270000	0.310196
1.740000	0.280000	0.321860
1.740000	0.290000	0.333544
1.740000	0.300000	0.345241
1.740000	0.310000	0.356944
1.740000	0.320000	0.368649
1.740000	0.330000	0.380346
1.740000	0.340000	0.392029
1.740000	0.350000	0.403690
1.740000	0.360000	0.415318
1.740000	0.370000	0.426906
1.740000	0.380000	0.438442
1.740000	0.390000	0.449917
1.740000	0.400000	0.461318
1.740000	0.410000	0.472633
1.740000	0.420000	0.483850
1.740000	0.430000	0.494955
1.740000	0.440000	0.505934
1.740000	0.450000	0.516770
1.740000	0.460000	0.527449
1.740000	0.470000	0.537952
1.740000	0.480000	0.548263
1.740000	0.490000	0.558360
1.750000	0.000000	0.010777
1.750000	0.010000	0.021559
1.750000	0.020000	0.032353
1.750000	0.030000	0.043162
1.750000	0.040000	0.053993
1.750000	0.050000	0.064850
1.750000	0.060000	0.075738
1.750000	0.070000	0.086662
1.750000	0.080000	0.097625
1.750000	0.090000	0.108631
1.750000	0.100000	0.119683
1.750000	0.110000	0.130785
1.750000	0.120000	0.141939
1.750000	0.130000	0.153147
1.750000	0.140000	0.164411
1.750000	0.150000	0.175732
1.750000	0.160000	0.187111
1.750000	0.170000	0.198548
1.750000	0.180000	0.210043
1.750000	0.190000	0.221595
1.750000	0.200000	0.233205
1.750000	0.210000	0.244870
1.750000	0.220000	0.256588
1.750000	0.230000	0.268358
1.750000	0.240000	0.280177
1.750000	0.250000	0.292041
1.750000	0.260000	0.303946
1.750000	0.270000	0.315890
1.750000	0.280000	0.327866
1.750000	0.290000	0.339871
1.750000	0.300000	0.351898
1.750000	0.310000	0.363942
1.750000	0.320000	0.375995
1.750000	0.330000	0.388052
1.750000	0.340000	0.400103
1.750000	0.350000	0.412142
1.750000	0.360000	0.424159
1.750000	0.370000	0.436144
1.750000	0.380000	0.448088
1.750000	0.390000	0.459980
1.750000	0.400000	0.471809
1.750000	0.410000	0.483562
1.750000	0.420000	0.495226
1.750000	0.430000	0.506788
1.750000	0.440000	0.518234
1.750000	0.450000	0.529547
1.750000	0.460000	0.540712
1.750000	0.470000	0.551711
1.750000	0.480000	0.562526
1.750000	0.490000	0.573138
1.760000	0.000000	0.010912
1.760000	0.010000	0.021830
1.760000	0.020000	0.032761
1.760000	0.030000	0.043709
1.760000	0.040000	0.054682
1.760000	0.050000	0.065684
1.760000	0.060000	0.076721
1.760000	0.070000	0.087797
1.760000	0.080000	0.098918
1.760000	0.090000	0.110088
1.760000	0.100000	0.121309
1.760000	0.110000	0.132587
1.760000	0.120000	0.143922
1.760000	0.130000	0.155319
1.760000	0.140000	0.166779
1.760000	0.150000	0.178303
1.760000	0.160000	0.189892
1.760000	0.170000	0.201548
1.760000	0.180000	0.213270
1.760000	0.190000	0.225058
1.760000	0.200000	0.236911
1.760000	0.210000	0.248828
1.760000	0.220000	0.260808
1.760000	0.230000	0.272848
1.760000	0.240000	0.284945
1.760000	0.250000	0.297098
1.760000	0.260000	0.309301
1.760000	0.270000	0.321552
1.760000	0.280000	0.333846
1.760000	0.290000	0.346177
1.760000	0.300000	0.358541
1.760000	0.310000	0.370931
1.760000	0.320000	0.383341
1.760000	0.330000	0.395764
1.760000	0.340000	0.408192
1.760000	0.350000	0.420618
1.760000	0.360000	0.433032
1.760000	0.370000	0.445426
1.760000	0.380000	0.457789
1.760000	0.390000	0.470110
1.760000	0.400000	0.482378
1.760000	0.410000	0.494581
1.760000	0.420000	0.506706
1.760000	0.430000	0.518740
1.760000	0.440000	0.530668
1.760000	0.450000	0.542474
1.760000	0.460000	0.554142
1.760000	0.470000	0.565655
1.760000	0.480000	0.576995
1.760000	0.490000	0.588141
1.770000	0.000000	0.011041
1.770000	0.010000	0.022089
1.770000	0.020000	0.033150
1.770000	0.030000	0.044232
1.770000	0.040000	0.055341
1.770000	0.050000	0.066483
1.770000	0.060000	0.077664
1.770000	0.070000	0.088889
1.770000	0.080000	0.100164
1.770000	0.090000	0.111493
1.770000	0.100000	0.122880
1.770000	0.110000	0.134330
1.770000	0.120000	0.145845
1.770000	0.130000	0.157428
1.770000	0.140000	0.169082
1.770000	0.150000	0.180808
1.770000	0.160000	0.192608
1.770000	0.170000	0.204482
1.770000	0.180000	0.216432
1.770000	0.190000	0.228456
1.770000	0.200000	0.240554
1.770000	0.210000	0.252725
1.770000	0.220000	0.264968
1.770000	0.230000	0.277281
1.770000	0.240000	0.289661
1.770000	0.250000	0.302105
1.770000	0.260000	0.314610
1.770000	0.270000	0.327173
1.770000	0.280000	0.339788
1.770000	0.290000	0.352452
1.770000	0.300000	0.365158
1.770000	0.310000	0.377901
1.770000	0.320000	0.390675
1.770000	0.330000	0.403472
1.770000	0.340000	0.416286
1.770000	0.350000	0.429107
1.770000	0.360000	0.441929
1.770000	0.370000	0.454740
1.770000	0.380000	0.467532
1.770000	0.390000	0.480293
1.770000	0.400000	0.493014
1.770000	0.410000	0.505680
1.770000	0.420000	0.518280
1.770000	0.430000	0.530800
1.770000	0.440000	0.543225
1.770000	0.450000	0.555541
1.770000	0.460000	0.567730
1.770000	0.470000	0.579775
1.770000	0.480000	0.591658
1.770000	0.490000	0.603359
1.780000	0.000000	0.011163
1.780000	0.010000	0.022334
1.780000	0.020000	0.033520
1.780000	0.030000	0.044729
1.780000	0.040000	0.055968
1.780000	0.050000	0.067244
1.780000	0.060000	0.078563
1.780000	0.070000	0.089932
1.780000	0.080000	0.101356
1.780000	0.090000	0.112840
1.780000	0.100000	0.124390
1.780000	0.110000	0.136009
1.780000	0.120000	0.147700
1.780000	0.130000	0.159468
1.780000	0.140000	0.171314
1.780000	0.150000	0.183241
1.780000	0.160000	0.195251
1.780000	0.170000	0.207343
1.780000	0.180000	0.219520
1.780000	0.190000	0.231780
1.780000	0.200000	0.244125
1.780000	0.210000	0.256551
1.780000	0.220000	0.269060
1.780000	0.230000	0.281648
1.780000	0.240000	0.294313
1.780000	0.250000	0.307053
1.780000	0.260000	0.319864
1.780000	0.270000	0.332743
1.780000	0.280000	0.345685
1.780000	0.290000	0.358686
1.780000	0.300000	0.371740
1.780000	0.310000	0.384843
1.780000	0.320000	0.397987
1.780000	0.330000	0.411166
1.780000	0.340000	0.424372
1.780000	0.350000	0.437599
1.780000	0.360000	0.450836
1.780000	0.370000	0.464076
1.780000	0.380000	0.477307
1.780000	0.390000	0.490521
1.780000	0.400000	0.503704
1.780000	0.410000	0.516847
1.780000	0.420000	0.529935
1.780000	0.430000	0.542956
1.780000	0.440000	0.555895
1.780000	0.450000	0.568736
1.780000	0.460000	0.581463
1.780000	0.470000	0.594059
1.780000	0.480000	0.606506
1.780000	0.490000	0.618783
1.790000	0.000000	0.011278
1.790000	0.010000	0.022564
1.790000	0.020000	0.033867
1.790000	0.030000	0.045196
1.790000	0.040000	0.056558
1.790000	0.050000	0.067961
1.790000	0.060000	0.079413
1.790000	0.070000	0.090920
1.790000	0.080000	0.102488
1.790000	0.090000	0.114123
1.790000	0.100000	0.125831
1.790000	0.110000	0.137615
1.790000	0.120000	0.149480
1.790000	0.130000	0.161430
1.790000	0.140000	0.173467
1.790000	0.150000	0.185593
1.790000	0.160000	0.197811
1.790000	0.170000	0.210121
1.790000	0.180000	0.222525
1.790000	0.190000	0.235023
1.790000	0.200000	0.247614
1.790000	0.210000	0.260298
1.790000	0.220000	0.273073
1.790000	0.230000	0.285938
1.790000	0.240000	0.298892
1.790000	0.250000	0.311930
1.790000	0.260000	0.325051
1.790000	0.270000	0.338250
1.790000	0.280000	0.351524
1.790000	0.290000	0.364867
1.790000	0.300000	0.378276
1.790000	0.310000	0.391744
1.790000	0.320000	0.405265
1.790000	0.330000	0.418833
1.790000	0.340000	0.432441
1.790000	0.350000	0.446080
1.790000	0.360000	0.459743
1.790000	0.370000	0.473420
1.790000	0.380000	0.487102
1.790000	0.390000	0.500779
1.790000	0.400000	0.514438
1.790000	0.410000	0.528070
1.790000	0.420000	0.541660
1.790000	0.430000	0.555196
1.790000	0.440000	0.568663
1.790000	0.450000	0.582046
1.790000	0.460000	0.595329
1.790000	0.470000	0.608495
1.790000	0.480000	0.621524
1.790000	0.490000	0.634398
1.800000	0.000000	0.011383
1.800000	0.010000	0.022777
1.800000	0.020000	0.034189
1.800000	0.030000	0.045629
1.800000	0.040000	0.057107
1.800000	0.050000	0.068631
1.800000	0.060000	0.080208
1.800000	0.070000	0.091847
1.800000	0.080000	0.103553
1.800000	0.090000	0.115334
1.800000	0.100000	0.127195
1.800000	0.110000	0.139141
1.800000	0.120000	0.151177
1.800000	0.130000	0.163305
1.800000	0.140000	0.175530
1.800000	0.150000	0.187854
1.800000	0.160000	0.200279
1.800000	0.170000	0.212807
1.800000	0.180000	0.225437
1.800000	0.190000	0.238172
1.800000	0.200000	0.251011
1.800000	0.210000	0.263953
1.800000	0.220000	0.276997
1.800000	0.230000	0.290143
1.800000	0.240000	0.303386
1.800000	0.250000	0.316727
1.800000	0.260000	0.330160
1.800000	0.270000	0.343684
1.800000	0.280000	0.357294
1.800000	0.290000	0.370985
1.800000	0.300000	0.384754
1.800000	0.310000	0.398593
1.800000	0.320000	0.412499
1.800000	0.330000	0.426463
1.800000	0.340000	0.440479
1.800000	0.350000	0.454540
1.800000	0.360000	0.468637
1.800000	0.370000	0.482762
1.800000	0.380000	0.496905
1.800000	0.390000	0.511055
1.800000	0.400000	0.525202
1.800000	0.410000	0.539335
1.800000	0.420000	0.553441
1.800000	0.430000	0.567506
1.800000	0.440000	0.581517
1.800000	0.450000	0.595459
1.800000	0.460000	0.609315
1.800000	0.470000	0.623068
1.800000	0.480000	0.636700
1.800000	0.490000	0.650191
1.810000	0.000000	0.011480
1.810000	0.010000	0.022970
1.810000	0.020000	0.034482
1.810000	0.030000	0.046026
1.810000	0.040000	0.057611
1.810000	0.050000	0.069247
1.810000	0.060000	0.080942
1.810000	0.070000	0.092706
1.810000	0.080000	0.104545
1.810000	0.090000	0.116466
1.810000	0.100000	0.128475
1.810000	0.110000	0.140579
1.810000	0.120000	0.152780
1.810000	0.130000	0.165085
1.810000	0.140000	0.177496
1.810000	0.150000	0.190015
1.810000	0.160000	0.202646
1.810000	0.170000	0.215389
1.810000	0.180000	0.228247
1.810000	0.190000	0.241219
1.810000	0.200000	0.254306
1.810000	0.210000	0.267507
1.810000	0.220000	0.280822
1.810000	0.230000	0.294249
1.810000	0.240000	0.307786
1.810000	0.250000	0.321431
1.810000	0.260000	0.335181
1.810000	0.270000	0.349033
1.810000	0.280000	0.362984
1.810000	0.290000	0.377028
1.810000	0.300000	0.391161
1.810000	0.310000	0.405379
1.810000	0.320000	0.419674
1.810000	0.330000	0.434042
1.810000	0.340000	0.448475
1.810000	0.350000	0.462965
1.810000	0.360000	0.477505
1.810000	0.370000	0.492087
1.810000	0.380000	0.506700
1.810000	0.390000	0.521336
1.810000	0.400000	0.535982
1.810000	0.410000	0.550629
1.810000	0.420000	0.565264
1.810000	0.430000	0.579873
1.810000	0.440000	0.594443
1.810000	0.450000	0.608958
1.810000	0.460000	0.623404
1.810000	0.470000	0.637763
1.810000	0.480000	0.652017
1.810000	0.490000	0.666147
1.820000	0.000000	0.011566
1.820000	0.010000	0.023143
1.820000	0.020000	0.034744
1.820000	0.030000	0.046381
1.820000	0.040000	0.058064
1.820000	0.050000	0.069803
1.820000	0.060000	0.081609
1.820000	0.070000	0.093490
1.820000	0.080000	0.105454
1.820000	0.090000	0.117509
1.820000	0.100000	0.129662
1.820000	0.110000	0.141918
1.820000	0.120000	0.154282
1.820000	0.130000	0.166759
1.820000	0.140000	0.179352
1.820000	0.150000	0.192065
1.820000	0.160000	0.204900
1.820000	0.170000	0.217859
1.820000	0.180000	0.230942
1.820000	0.190000	0.244152
1.820000	0.200000	0.257487
1.820000	0.210000	0.270949
1.820000	0.220000	0.284536
1.820000	0.230000	0.298246
1.820000	0.240000	0.312079
1.820000	0.250000	0.326031
1.820000	0.260000	0.340101
1.820000	0.270000	0.354286
1.820000	0.280000	0.368581
1.820000	0.290000	0.382982
1.820000	0.300000	0.397486
1.820000	0.310000	0.412087
1.820000	0.320000	0.426779
1.820000	0.330000	0.441557
1.820000	0.340000	0.456413
1.820000	0.350000	0.471342
1.820000	0.360000	0.486334
1.820000	0.370000	0.501381
1.820000	0.380000	0.516476
1.820000	0.390000	0.531607
1.820000	0.400000	0.546764
1.820000	0.410000	0.561937
1.820000	0.420000	0.577113
1.820000	0.430000	0.592280
1.820000	0.440000	0.607423
1.820000	0.450000	0.622530
1.820000	0.460000	0.637582
1.820000	0.470000	0.652565
1.820000	0.480000	0.667461
1.820000	0.490000	0.682249
1.830000	0.000000	0.011639
1.830000	0.010000	0.023292
1.830000	0.020000	0.034971
1.830000	0.030000	0.046690
1.830000	0.040000	0.058460
1.830000	0.050000	0.070293
1.830000	0.060000	0.082200
1.830000	0.070000	0.094191
1.830000	0.080000	0.106273
1.830000	0.090000	0.118456
1.830000	0.100000	0.130746
1.830000	0.110000	0.143149
1.830000	0.120000	0.155672
1.830000	0.130000	0.168317
1.830000	0.140000	0.181091
1.830000	0.150000	0.193994
1.830000	0.160000	0.207031
1.830000	0.170000	0.220204
1.830000	0.180000	0.233513
1.830000	0.190000	0.246959
1.830000	0.200000	0.260544
1.830000	0.210000	0.274266
1.830000	0.220000	0.288126
1.830000	0.230000	0.302122
1.830000	0.240000	0.316252
1.830000	0.250000	0.330515
1.830000	0.260000	0.344908
1.830000	0.270000	0.359428
1.830000	0.280000	0.374072
1.830000	0.290000	0.388836
1.830000	0.300000	0.403715
1.830000	0.310000	0.418705
1.830000	0.320000	0.433800
1.830000	0.330000	0.448994
1.830000	0.340000	0.464282
1.830000	0.350000	0.479656
1.830000	0.360000	0.495108
1.830000	0.370000	0.510631
1.830000	0.380000	0.526215
1.830000	0.390000	0.541852
1.830000	0.400000	0.557532
1.830000	0.410000	0.573242
1.830000	0.420000	0.588973
1.830000	0.430000	0.604711
1.830000	0.440000	0.620443
1.830000	0.450000	0.636155
1.830000	0.460000	0.651832
1.830000	0.470000	0.667457
1.830000	0.480000	0.683012
1.830000	0.490000	0.698480
1.840000	0.000000	0.011700
1.840000	0.010000	0.023414
1.840000	0.020000	0.035159
1.840000	0.030000	0.046948
1.840000	0.040000	0.058794
1.840000	0.050000	0.070711
1.840000	0.060000	0.082709
1.840000	0.070000	0.094800
1.840000	0.080000	0.106993
1.840000	0.090000	0.119296
1.840000	0.100000	0.131717
1.840000	0.110000	0.144263
1.840000	0.120000	0.156938
1.840000	0.130000	0.169749
1.840000	0.140000	0.182699
1.840000	0.150000	0.195791
1.840000	0.160000	0.209028
1.840000	0.170000	0.222413
1.840000	0.180000	0.235946
1.840000	0.190000	0.249630
1.840000	0.200000	0.263463
1.840000	0.210000	0.277448
1.840000	0.220000	0.291581
1.840000	0.230000	0.305864
1.840000	0.240000	0.320294
1.840000	0.250000	0.334870
1.840000	0.260000	0.349589
1.840000	0.270000	0.364448
1.840000	0.280000	0.379445
1.840000	0.290000	0.394575
1.840000	0.300000	0.409834
1.840000	0.310000	0.425218
1.840000	0.320000	0.440722
1.840000	0.330000	0.456340
1.840000	0.340000	0.472065
1.840000	0.350000	0.487892
1.840000	0.360000	0.503813
1.840000	0.370000	0.519820
1.840000	0.380000	0.535904
1.840000	0.390000	0.552057
1.840000	0.400000	0.568269
1.840000	0.410000	0.584530
1.840000	0.420000	0.600827
1.840000	0.430000	0.617150
1.840000	0.440000	0.633485
1.840000	0.450000	0.649818
1.840000	0.460000	0.666134
1.840000	0.470000	0.682418
1.840000	0.480000	0.698653
1.840000	0.490000	0.714821
1.850000	0.000000	0.011745
1.850000	0.010000	0.023507
1.850000	0.020000	0.035303
1.850000	0.030000	0.047148
1.850000	0.040000	0.059058
1.850000	0.050000	0.071046
1.850000	0.060000	0.083125
1.850000	0.070000	0.095307
1.850000	0.080000	0.107602
1.850000	0.090000	0.120018
1.850000	0.100000	0.132564
1.850000	0.110000	0.145246
1.850000	0.120000	0.158070
1.850000	0.130000	0.171042
1.850000	0.140000	0.184165
1.850000	0.150000	0.197443
1.850000	0.160000	0.210878
1.850000	0.170000	0.224474
1.850000	0.180000	0.238231
1.850000	0.190000	0.252151
1.850000	0.200000	0.266233
1.850000	0.210000	0.280480
1.850000	0.220000	0.294889
1.850000	0.230000	0.309460
1.850000	0.240000	0.324192
1.850000	0.250000	0.339082
1.850000	0.260000	0.354130
1.850000	0.270000	0.369332
1.850000	0.280000	0.384685
1.850000	0.290000	0.400186
1.850000	0.300000	0.415830
1.850000	0.310000	0.431613
1.850000	0.320000	0.447531
1.850000	0.330000	0.463578
1.850000	0.340000	0.479749
1.850000	0.350000	0.496036
1.850000	0.360000	0.512433
1.850000	0.370000	0.528932
1.850000	0.380000	0.545525
1.850000	0.390000	0.562204
1.850000	0.400000	0.578959
1.850000	0.410000	0.595781
1.850000	0.420000	0.612657
1.850000	0.430000	0.629577
1.850000	0.440000	0.646529
1.850000	0.450000	0.663498
1.850000	0.460000	0.680470
1.850000	0.470000	0.697431
1.850000	0.480000	0.714363
1.850000	0.490000	0.731249
1.860000	0.000000	0.011773
1.860000	0.010000	0.023566
1.860000	0.020000	0.035397
1.860000	0.030000	0.047284
1.860000	0.040000	0.059243
1.860000	0.050000	0.071290
1.860000	0.060000	0.083439
1.860000	0.070000	0.095702
1.860000	0.080000	0.108090
1.860000	0.090000	0.120611
1.860000	0.100000	0.133275
1.860000	0.110000	0.146088
1.860000	0.120000	0.159056
1.860000	0.130000	0.172184
1.860000	0.140000	0.185477
1.860000	0.150000	0.198938
1.860000	0.160000	0.212569
1.860000	0.170000	0.226374
1.860000	0.180000	0.240353
1.860000	0.190000	0.254509
1.860000	0.200000	0.268841
1.860000	0.210000	0.283350
1.860000	0.220000	0.298035
1.860000	0.230000	0.312895
1.860000	0.240000	0.327931
1.860000	0.250000	0.343139
1.860000	0.260000	0.358518
1.860000	0.270000	0.374065
1.860000	0.280000	0.389778
1.860000	0.290000	0.405654
1.860000	0.300000	0.421687
1.860000	0.310000	0.437875
1.860000	0.320000	0.454213
1.860000	0.330000	0.470695
1.860000	0.340000	0.487316
1.860000	0.350000	0.504071
1.860000	0.360000	0.520951
1.860000	0.370000	0.537951
1.860000	0.380000	0.555062
1.860000	0.390000	0.572276
1.860000	0.400000	0.589585
1.860000	0.410000	0.606978
1.860000	0.420000	0.624445
1.860000	0.430000	0.641975
1.860000	0.440000	0.659556
1.860000	0.450000	0.677176
1.860000	0.460000	0.694819
1.860000	0.470000	0.712473
1.860000	0.480000	0.730120
1.860000	0.490000	0.747744
1.870000	0.000000	0.011783
1.870000	0.010000	0.023587
1.870000	0.020000	0.035435
1.870000	0.030000	0.047347
1.870000	0.040000	0.059341
1.870000	0.050000	0.071433
1.870000	0.060000	0.083640
1.870000	0.070000	0.095973
1.870000	0.080000	0.108444
1.870000	0.090000	0.121063
1.870000	0.100000	0.133837
1.870000	0.110000	0.146775
1.870000	0.120000	0.159882
1.870000	0.130000	0.173162
1.870000	0.140000	0.186621
1.870000	0.150000	0.200262
1.870000	0.160000	0.214087
1.870000	0.170000	0.228100
1.870000	0.180000	0.242301
1.870000	0.190000	0.256691
1.870000	0.200000	0.271272
1.870000	0.210000	0.286044
1.870000	0.220000	0.301006
1.870000	0.230000	0.316157
1.870000	0.240000	0.331498
1.870000	0.250000	0.347025
1.870000	0.260000	0.362738
1.870000	0.270000	0.378634
1.870000	0.280000	0.394711
1.870000	0.290000	0.410964
1.870000	0.300000	0.427391
1.870000	0.310000	0.443988
1.870000	0.320000	0.460751
1.870000	0.330000	0.477674
1.870000	0.340000	0.494752
1.870000	0.350000	0.511980
1.870000	0.360000	0.529352
1.870000	0.370000	0.546859
1.870000	0.380000	0.564497
1.870000	0.390000	0.582255
1.870000	0.400000	0.600127
1.870000	0.410000	0.618102
1.870000	0.420000	0.636171
1.870000	0.430000	0.654323
1.870000	0.440000	0.672547
1.870000	0.450000	0.690830
1.870000	0.460000	0.709160
1.870000	0.470000	0.727522
1.870000	0.480000	0.745901
1.870000	0.490000	0.764281
1.880000	0.000000	0.011770
1.880000	0.010000	0.023565
1.880000	0.020000	0.035410
1.880000	0.030000	0.047328
1.880000	0.040000	0.059340
1.880000	0.050000	0.071463
1.880000	0.060000	0.083714
1.880000	0.070000	0.096106
1.880000	0.080000	0.108651
1.880000	0.090000	0.121359
1.880000	0.100000	0.134237
1.880000	0.110000	0.147293
1.880000	0.120000	0.160534
1.880000	0.130000	0.173962
1.880000	0.140000	0.187584
1.880000	0.150000	0.201402
1.880000	0.160000	0.215419
1.880000	0.170000	0.229637
1.880000	0.180000	0.244059
1.880000	0.190000	0.258684
1.880000	0.200000	0.273513
1.880000	0.210000	0.288548
1.880000	0.220000	0.303788
1.880000	0.230000	0.319232
1.880000	0.240000	0.334879
1.880000	0.250000	0.350727
1.880000	0.260000	0.366777
1.880000	0.270000	0.383024
1.880000	0.280000	0.399466
1.880000	0.290000	0.416102
1.880000	0.300000	0.432926
1.880000	0.310000	0.449937
1.880000	0.320000	0.467129
1.880000	0.330000	0.484498
1.880000	0.340000	0.502039
1.880000	0.350000	0.519747
1.880000	0.360000	0.537616
1.880000	0.370000	0.555640
1.880000	0.380000	0.573811
1.880000	0.390000	0.592122
1.880000	0.400000	0.610566
1.880000	0.410000	0.629133
1.880000	0.420000	0.647814
1.880000	0.430000	0.666600
1.880000	0.440000	0.685479
1.880000	0.450000	0.704439
1.880000	0.460000	0.723470
1.880000	0.470000	0.742556
1.880000	0.480000	0.761683
1.880000	0.490000	0.780837
1.890000	0.000000	0.011731
1.890000	0.010000	0.023493
1.890000	0.020000	0.035312
1.890000	0.030000	0.047216
1.890000	0.040000	0.059227
1.890000	0.050000	0.071365
1.890000	0.060000	0.083647
1.890000	0.070000	0.096086
1.890000	0.080000	0.108696
1.890000	0.090000	0.121484
1.890000	0.100000	0.134459
1.890000	0.110000	0.147628
1.890000	0.120000	0.160997
1.890000	0.130000	0.174570
1.890000	0.140000	0.188351
1.890000	0.150000	0.202344
1.890000	0.160000	0.216550
1.890000	0.170000	0.230973
1.890000	0.180000	0.245613
1.890000	0.190000	0.260472
1.890000	0.200000	0.275550
1.890000	0.210000	0.290849
1.890000	0.220000	0.306366
1.890000	0.230000	0.322103
1.890000	0.240000	0.338058
1.890000	0.250000	0.354230
1.890000	0.260000	0.370617
1.890000	0.270000	0.387218
1.890000	0.280000	0.404030
1.890000	0.290000	0.421050
1.890000	0.300000	0.438276
1.890000	0.310000	0.455704
1.890000	0.320000	0.473330
1.890000	0.330000	0.491151
1.890000	0.340000	0.509160
1.890000	0.350000	0.527354
1.890000	0.360000	0.545727
1.890000	0.370000	0.564273
1.890000	0.380000	0.582986
1.890000	0.390000	0.601858
1.890000	0.400000	0.620883
1.890000	0.410000	0.640051
1.890000	0.420000	0.659355
1.890000	0.430000	0.678784
1.890000	0.440000	0.698330
1.890000	0.450000	0.717980
1.890000	0.460000	0.737724
1.890000	0.470000	0.757548
1.890000	0.480000	0.777440
1.890000	0.490000	0.797384
1.900000	0.000000	0.011663
1.900000	0.010000	0.023362
1.900000	0.020000	0.035130
1.900000	0.030000	0.046996
1.900000	0.040000	0.058987
1.900000	0.050000	0.071123
1.900000	0.060000	0.083422
1.900000	0.070000	0.095898
1.900000	0.080000	0.108561
1.900000	0.090000	0.121422
1.900000	0.100000	0.134488
1.900000	0.110000	0.147764
1.900000	0.120000	0.161257
1.900000	0.130000	0.174970
1.900000	0.140000	0.188908
1.900000	0.150000	0.203072
1.900000	0.160000	0.217466
1.900000	0.170000	0.232091
1.900000	0.180000	0.246949
1.900000	0.190000	0.262042
1.900000	0.200000	0.277368
1.900000	0.210000	0.292930
1.900000	0.220000	0.308726
1.900000	0.230000	0.324757
1.900000	0.240000	0.341021
1.900000	0.250000	0.357518
1.900000	0.260000	0.374245
1.900000	0.270000	0.391202
1.900000	0.280000	0.408386
1.900000	0.290000	0.425795
1.900000	0.300000	0.443425
1.900000	0.310000	0.461274
1.900000	0.320000	0.479339
1.900000	0.330000	0.497615
1.900000	0.340000	0.516098
1.900000	0.350000	0.534783
1.900000	0.360000	0.553666
1.900000	0.370000	0.572741
1.900000	0.380000	0.592002
1.900000	0.390000	0.611443
1.900000	0.400000	0.631056
1.900000	0.410000	0.650835
1.900000	0.420000	0.670770
1.900000	0.430000	0.690854
1.900000	0.440000	0.711077
1.900000	0.450000	0.731429
1.900000	0.460000	0.751899
1.900000	0.470000	0.772475
1.900000	0.480000	0.793145
1.900000	0.490000	0.813895
1.910000	0.000000	0.011560
1.910000	0.010000	0.023163
1.910000	0.020000	0.034849
1.910000	0.030000	0.046653
1.910000	0.040000	0.058602
1.910000	0.050000	0.070719
1.910000	0.060000	0.083021
1.910000	0.070000	0.095521
1.910000	0.080000	0.108230
1.910000	0.090000	0.121156
1.910000	0.100000	0.134305
1.910000	0.110000	0.147684
1.910000	0.120000	0.161296
1.910000	0.130000	0.175146
1.910000	0.140000	0.189237
1.910000	0.150000	0.203571
1.910000	0.160000	0.218150
1.910000	0.170000	0.232977
1.910000	0.180000	0.248052
1.910000	0.190000	0.263377
1.910000	0.200000	0.278952
1.910000	0.210000	0.294777
1.910000	0.220000	0.310852
1.910000	0.230000	0.327178
1.910000	0.240000	0.343752
1.910000	0.250000	0.360575
1.910000	0.260000	0.377645
1.910000	0.270000	0.394960
1.910000	0.280000	0.412518
1.910000	0.290000	0.430318
1.910000	0.300000	0.448356
1.910000	0.310000	0.466630
1.910000	0.320000	0.485137
1.910000	0.330000	0.503872
1.910000	0.340000	0.522833
1.910000	0.350000	0.542015
1.910000	0.360000	0.561414
1.910000	0.370000	0.581024
1.910000	0.380000	0.600840
1.910000	0.390000	0.620856
1.910000	0.400000	0.641065
1.910000	0.410000	0.661462
1.910000	0.420000	0.682038
1.910000	0.430000	0.702785
1.910000	0.440000	0.723696
1.910000	0.450000	0.744760
1.910000	0.460000	0.765968
1.910000	0.470000	0.787308
1.910000	0.480000	0.808770
1.910000	0.490000	0.830341
1.920000	0.000000	0.011413
1.920000	0.010000	0.022881
1.920000	0.020000	0.034451
1.920000	0.030000	0.046164
1.920000	0.040000	0.058050
1.920000	0.050000	0.070130
1.920000	0.060000	0.082422
1.920000	0.070000	0.094936
1.920000	0.080000	0.107682
1.920000	0.090000	0.120666
1.920000	0.100000	0.133894
1.920000	0.110000	0.147370
1.920000	0.120000	0.161099
1.920000	0.130000	0.175082
1.920000	0.140000	0.189323
1.920000	0.150000	0.203825
1.920000	0.160000	0.218588
1.920000	0.170000	0.233615
1.920000	0.180000	0.248906
1.920000	0.190000	0.264463
1.920000	0.200000	0.280285
1.920000	0.210000	0.296374
1.920000	0.220000	0.312729
1.920000	0.230000	0.329350
1.920000	0.240000	0.346236
1.920000	0.250000	0.363386
1.920000	0.260000	0.380799
1.920000	0.270000	0.398474
1.920000	0.280000	0.416409
1.920000	0.290000	0.434603
1.920000	0.300000	0.453051
1.920000	0.310000	0.471753
1.920000	0.320000	0.490706
1.920000	0.330000	0.509905
1.920000	0.340000	0.529349
1.920000	0.350000	0.549032
1.920000	0.360000	0.568951
1.920000	0.370000	0.589101
1.920000	0.380000	0.609478
1.920000	0.390000	0.630075
1.920000	0.400000	0.650888
1.920000	0.410000	0.671910
1.920000	0.420000	0.693135
1.920000	0.430000	0.714554
1.920000	0.440000	0.736162
1.920000	0.450000	0.757948
1.920000	0.460000	0.779905
1.920000	0.470000	0.802021
1.920000	0.480000	0.824288
1.920000	0.490000	0.846693
1.930000	0.000000	0.011212
1.930000	0.010000	0.022495
1.930000	0.020000	0.033910
1.930000	0.030000	0.045502
1.930000	0.040000	0.057302
1.930000	0.050000	0.069331
1.930000	0.060000	0.081600
1.930000	0.070000	0.094120
1.930000	0.080000	0.106896
1.930000	0.090000	0.119933
1.930000	0.100000	0.133235
1.930000	0.110000	0.146805
1.930000	0.120000	0.160646
1.930000	0.130000	0.174760
1.930000	0.140000	0.189150
1.930000	0.150000	0.203817
1.930000	0.160000	0.218763
1.930000	0.170000	0.233988
1.930000	0.180000	0.249495
1.930000	0.190000	0.265283
1.930000	0.200000	0.281353
1.930000	0.210000	0.297706
1.930000	0.220000	0.314340
1.930000	0.230000	0.331257
1.930000	0.240000	0.348455
1.930000	0.250000	0.365934
1.930000	0.260000	0.383693
1.930000	0.270000	0.401730
1.930000	0.280000	0.420043
1.930000	0.290000	0.438632
1.930000	0.300000	0.457494
1.930000	0.310000	0.476627
1.930000	0.320000	0.496028
1.930000	0.330000	0.515695
1.930000	0.340000	0.535625
1.930000	0.350000	0.555813
1.930000	0.360000	0.576257
1.930000	0.370000	0.596953
1.930000	0.380000	0.617895
1.930000	0.390000	0.639080
1.930000	0.400000	0.660503
1.930000	0.410000	0.682157
1.930000	0.420000	0.704037
1.930000	0.430000	0.726137
1.930000	0.440000	0.748449
1.930000	0.450000	0.770967
1.930000	0.460000	0.793682
1.930000	0.470000	0.816585
1.930000	0.480000	0.839668
1.930000	0.490000	0.862919
1.940000	0.000000	0.010939
1.940000	0.010000	0.021978
1.940000	0.020000	0.033193
1.940000	0.030000	0.044633
1.940000	0.040000	0.056327
1.940000	0.050000	0.068290
1.940000	0.060000	0.080528
1.940000	0.070000	0.093047
1.940000	0.080000	0.105848
1.940000	0.090000	0.118935
1.940000	0.100000	0.132308
1.940000	0.110000	0.145969
1.940000	0.120000	0.159920
1.940000	0.130000	0.174164
1.940000	0.140000	0.188700
1.940000	0.150000	0.203531
1.940000	0.160000	0.218658
1.940000	0.170000	0.234081
1.940000	0.180000	0.249802
1.940000	0.190000	0.265821
1.940000	0.200000	0.282139
1.940000	0.210000	0.298755
1.940000	0.220000	0.315670
1.940000	0.230000	0.332883
1.940000	0.240000	0.350395
1.940000	0.250000	0.368203
1.940000	0.260000	0.386308
1.940000	0.270000	0.404708
1.940000	0.280000	0.423403
1.940000	0.290000	0.442389
1.940000	0.300000	0.461667
1.940000	0.310000	0.481233
1.940000	0.320000	0.501086
1.940000	0.330000	0.521223
1.940000	0.340000	0.541642
1.940000	0.350000	0.562339
1.940000	0.360000	0.583312
1.940000	0.370000	0.604557
1.940000	0.380000	0.626071
1.940000	0.390000	0.647848
1.940000	0.400000	0.669886
1.940000	0.410000	0.692178
1.940000	0.420000	0.714720
1.940000	0.430000	0.737507
1.940000	0.440000	0.760532
1.940000	0.450000	0.783789
1.940000	0.460000	0.807271
1.940000	0.470000	0.830970
1.940000	0.480000	0.854879
1.940000	0.490000	0.878988
1.950000	0.000000	0.010567
1.950000	0.010000	0.021285
1.950000	0.020000	0.032250
1.950000	0.030000	0.043510
1.950000	0.040000	0.055083
1.950000	0.050000	0.066972
1.950000	0.060000	0.079176
1.950000	0.070000	0.091691
1.950000	0.080000	0.104516
1.950000	0.090000	0.117650
1.950000	0.100000	0.131092
1.950000	0.110000	0.144843
1.950000	0.120000	0.158903
1.950000	0.130000	0.173274
1.950000	0.140000	0.187955
1.950000	0.150000	0.202949
1.950000	0.160000	0.218256
1.950000	0.170000	0.233877
1.950000	0.180000	0.249811
1.950000	0.190000	0.266061
1.950000	0.200000	0.282626
1.950000	0.210000	0.299506
1.950000	0.220000	0.316702
1.950000	0.230000	0.334212
1.950000	0.240000	0.352037
1.950000	0.250000	0.370176
1.950000	0.260000	0.388629
1.950000	0.270000	0.407393
1.950000	0.280000	0.426470
1.950000	0.290000	0.445856
1.950000	0.300000	0.465551
1.950000	0.310000	0.485553
1.950000	0.320000	0.505860
1.950000	0.330000	0.526470
1.950000	0.340000	0.547381
1.950000	0.350000	0.568591
1.950000	0.360000	0.590096
1.950000	0.370000	0.611894
1.950000	0.380000	0.633983
1.950000	0.390000	0.656357
1.950000	0.400000	0.679014
1.950000	0.410000	0.701950
1.950000	0.420000	0.725160
1.950000	0.430000	0.748639
1.950000	0.440000	0.772383
1.950000	0.450000	0.796387
1.950000	0.460000	0.820643
1.950000	0.470000	0.845147
1.950000	0.480000	0.869890
1.950000	0.490000	0.894866
1.960000	0.000000	0.010045
1.960000	0.010000	0.020344
1.960000	0.020000	0.031011
1.960000	0.030000	0.042075
1.960000	0.040000	0.053524
1.960000	0.050000	0.065341
1.960000	0.060000	0.077512
1.960000	0.070000	0.090026
1.960000	0.080000	0.102876
1.960000	0.090000	0.116057
1.960000	0.100000	0.129568
1.960000	0.110000	0.143408
1.960000	0.120000	0.157576
1.960000	0.130000	0.172073
1.960000	0.140000	0.186899
1.960000	0.150000	0.202055
1.960000	0.160000	0.217541
1.960000	0.170000	0.233358
1.960000	0.180000	0.249506
1.960000	0.190000	0.265986
1.960000	0.200000	0.282799
1.960000	0.210000	0.299943
1.960000	0.220000	0.317419
1.960000	0.230000	0.335226
1.960000	0.240000	0.353366
1.960000	0.250000	0.371836
1.960000	0.260000	0.390637
1.960000	0.270000	0.409767
1.960000	0.280000	0.429227
1.960000	0.290000	0.449014
1.960000	0.300000	0.469128
1.960000	0.310000	0.489567
1.960000	0.320000	0.510331
1.960000	0.330000	0.531416
1.960000	0.340000	0.552822
1.960000	0.350000	0.574546
1.960000	0.360000	0.596587
1.960000	0.370000	0.618942
1.960000	0.380000	0.641608
1.960000	0.390000	0.664583
1.960000	0.400000	0.687864
1.960000	0.410000	0.711447
1.960000	0.420000	0.735330
1.960000	0.430000	0.759507
1.960000	0.440000	0.783976
1.960000	0.450000	0.808731
1.960000	0.460000	0.833769
1.960000	0.470000	0.859083
1.960000	0.480000	0.884669
1.960000	0.490000	0.910520
1.970000	0.000000	0.009269
1.970000	0.010000	0.019033
1.970000	0.020000	0.029378
1.970000	0.030000	0.040253
1.970000	0.040000	0.051595
1.970000	0.050000	0.063356
1.970000	0.060000	0.075506
1.970000	0.070000	0.088025
1.970000	0.080000	0.100904
1.970000	0.090000	0.114135
1.970000	0.100000	0.127716
1.970000	0.110000	0.141644
1.970000	0.120000	0.155920
1.970000	0.130000	0.170543
1.970000	0.140000	0.185513
1.970000	0.150000	0.200830
1.970000	0.160000	0.216495
1.970000	0.170000	0.232508
1.970000	0.180000	0.248870
1.970000	0.190000	0.265580
1.970000	0.200000	0.282639
1.970000	0.210000	0.300047
1.970000	0.220000	0.317804
1.970000	0.230000	0.335910
1.970000	0.240000	0.354364
1.970000	0.250000	0.373166
1.970000	0.260000	0.392316
1.970000	0.270000	0.411813
1.970000	0.280000	0.431657
1.970000	0.290000	0.451846
1.970000	0.300000	0.472380
1.970000	0.310000	0.493258
1.970000	0.320000	0.514479
1.970000	0.330000	0.536042
1.970000	0.340000	0.557945
1.970000	0.350000	0.580186
1.970000	0.360000	0.602765
1.970000	0.370000	0.625679
1.970000	0.380000	0.648926
1.970000	0.390000	0.672505
1.970000	0.400000	0.696412
1.970000	0.410000	0.720647
1.970000	0.420000	0.745205
1.970000	0.430000	0.770085
1.970000	0.440000	0.795282
1.970000	0.450000	0.820795
1.970000	0.460000	0.846618
1.970000	0.470000	0.872749
1.970000	0.480000	0.899183
1.970000	0.490000	0.925916
1.980000	0.000000	0.007998
1.980000	0.010000	0.017142
1.980000	0.020000	0.027214
1.980000	0.030000	0.037965
1.980000	0.040000	0.049248
1.980000	0.050000	0.060983
1.980000	0.060000	0.073130
1.980000	0.070000	0.085665
1.980000	0.080000	0.098579
1.980000	0.090000	0.111863
1.980000	0.100000	0.125516
1.980000	0.110000	0.139534
1.980000	0.120000	0.153918
1.980000	0.130000	0.168666
1.980000	0.140000	0.183779
1.980000	0.150000	0.199258
1.980000	0.160000	0.215101
1.980000	0.170000	0.231310
1.980000	0.180000	0.247885
1.980000	0.190000	0.264825
1.980000	0.200000	0.282131
1.980000	0.210000	0.299803
1.980000	0.220000	0.317841
1.980000	0.230000	0.336244
1.980000	0.240000	0.355013
1.980000	0.250000	0.374148
1.980000	0.260000	0.393648
1.980000	0.270000	0.413512
1.980000	0.280000	0.433741
1.980000	0.290000	0.454333
1.980000	0.300000	0.475289
1.980000	0.310000	0.496607
1.980000	0.320000	0.518287
1.980000	0.330000	0.540328
1.980000	0.340000	0.562729
1.980000	0.350000	0.585489
1.980000	0.360000	0.608607
1.980000	0.370000	0.632082
1.980000	0.380000	0.655912
1.980000	0.390000	0.680097
1.980000	0.400000	0.704634
1.980000	0.410000	0.729522
1.980000	0.420000	0.754759
1.980000	0.430000	0.780344
1.980000	0.440000	0.806274
1.980000	0.450000	0.832547
1.980000	0.460000	0.859160
1.980000	0.470000	0.886112
1.980000	0.480000	0.913399
1.980000	0.490000	0.941018
1.990000	0.000000	0.005580
1.990000	0.010000	0.014323
1.990000	0.020000	0.024371
1.990000	0.030000	0.035146
1.990000	0.040000	0.046448
1.990000	0.050000	0.058199
1.990000	0.060000	0.070364
1.990000	0.070000	0.082928
1.990000	0.080000	0.095883
1.990000	0.090000	0.109224
1.990000	0.100000	0.122949
1.990000	0.110000	0.137058
1.990000	0.120000	0.151550
1.990000	0.130000	0.166424
1.990000	0.140000	0.181681
1.990000	0.150000	0.197320
1.990000	0.160000	0.213342
1.990000	0.170000	0.229746
1.990000	0.180000	0.246534
1.990000	0.190000	0.263704
1.990000	0.200000	0.281257
1.990000	0.210000	0.299193
1.990000	0.220000	0.317512
1.990000	0.230000	0.336213
1.990000	0.240000	0.355298
1.990000	0.250000	0.374765
1.990000	0.260000	0.394615
1.990000	0.270000	0.414847
1.990000	0.280000	0.435461
1.990000	0.290000	0.456457
1.990000	0.300000	0.477835
1.990000	0.310000	0.499594
1.990000	0.320000	0.521734
1.990000	0.330000	0.544254
1.990000	0.340000	0.567154
1.990000	0.350000	0.590434
1.990000	0.360000	0.614093
1.990000	0.370000	0.638130
1.990000	0.380000	0.662545
1.990000	0.390000	0.687336
1.990000	0.400000	0.712505
1.990000	0.410000	0.738048
1.990000	0.420000	0.763966
1.990000	0.430000	0.790258
1.990000	0.440000	0.816923
1.990000	0.450000	0.843958
1.990000	0.460000	0.871365
1.990000	0.470000	0.899140
1.990000	0.480000	0.927282
1.990000	0.490000	0.955791
1.000000	0.500000	0.058148
1.000000	0.510000	0.058211
1.000000	0.520000	0.058217
1.000000	0.530000	0.058166
1.000000	0.540000	0.058058
1.000000	0.550000	0.057893
1.000000	0.560000	0.057670
1.000000	0.570000	0.057390
1.000000	0.580000	0.057052
1.000000	0.590000	0.056657
1.000000	0.600000	0.056204
1.000000	0.610000	0.055693
1.000000	0.620000	0.055125
1.000000	0.630000	0.054500
1.000000	0.640000	0.053819
1.000000	0.650000	0.053081
1.000000	0.660000	0.052287
1.000000	0.670000	0.051438
1.000000	0.680000	0.050534
1.000000	0.690000	0.049577
1.000000	0.700000	0.048566
1.000000	0.710000	0.047502
1.000000	0.720000	0.046388
1.000000	0.730000	0.045222
1.000000	0.740000	0.044008
1.000000	0.750000	0.042744
1.000000	0.760000	0.041434
1.000000	0.770000	0.040078
1.000000	0.780000	0.038677
1.000000	0.790000	0.037233
1.000000	0.800000	0.035747
1.000000	0.810000	0.034221
1.000000	0.820000	0.032656
1.000000	0.830000	0.031054
1.000000	0.840000	0.029417
1.000000	0.850000	0.027746
1.000000	0.860000	0.026044
1.000000	0.870000	0.024311
1.000000	0.880000	0.022551
1.000000	0.890000	0.020765
1.000000	0.900000	0.018955
1.000000	0.910000	0.017123
1.000000	0.920000	0.015271
1.000000	0.930000	0.013401
1.000000	0.940000	0.011516
1.000000	0.950000	0.009617
1.000000	0.960000	0.007707
1.000000	0.970000	0.005788
1.000000	0.980000	0.003863
1.000000	0.990000	0.001932
1.010000	0.500000	0.060080
1.010000	0.510000	0.060148
1.010000	0.520000	0.060158
1.010000	0.530000	0.060109
1.010000	0.540000	0.060001
1.010000	0.550000	0.059834
1.010000	0.560000	0.059608
1.010000	0.570000	0.059322
1.010000	0.580000	0.058976
1.010000	0.590000	0.058571
1.010000	0.600000	0.058106
1.010000	0.610000	0.057581
1.010000	0.620000	0.056998
1.010000	0.630000	0.056355
1.010000	0.640000	0.055653
1.010000	0.650000	0.054893
1.010000	0.660000	0.054076
1.010000	0.670000	0.053200
1.010000	0.680000	0.052269
1.010000	0.690000	0.051281
1.010000	0.700000	0.050238
1.010000	0.710000	0.049141
1.010000	0.720000	0.047990
1.010000	0.730000	0.046787
1.010000	0.740000	0.045532
1.010000	0.750000	0.044227
1.010000	0.760000	0.042873
1.010000	0.770000	0.041472
1.010000	0.780000	0.040024
1.010000	0.790000	0.038531
1.010000	0.800000	0.036995
1.010000	0.810000	0.035417
1.010000	0.820000	0.033798
1.010000	0.830000	0.032142
1.010000	0.840000	0.030448
1.010000	0.850000	0.028720
1.010000	0.860000	0.026958
1.010000	0.870000	0.025166
1.010000	0.880000	0.023344
1.010000	0.890000	0.021496
1.010000	0.900000	0.019622
1.010000	0.910000	0.017726
1.010000	0.920000	0.015809
1.010000	0.930000	0.013874
1.010000	0.940000	0.011922
1.010000	0.950000	0.009956
1.010000	0.960000	0.007979
1.010000	0.970000	0.005993
1.010000	0.980000	0.003999
1.010000	0.990000	0.002001
1.020000	0.500000	0.062073
1.020000	0.510000	0.062148
1.020000	0.520000	0.062162
1.020000	0.530000	0.062115
1.020000	0.540000	0.062008
1.020000	0.550000	0.061839
1.020000	0.560000	0.061609
1.020000	0.570000	0.061317
1.020000	0.580000	0.060964
1.020000	0.590000	0.060548
1.020000	0.600000	0.060071
1.020000	0.610000	0.059533
1.020000	0.620000	0.058933
1.020000	0.630000	0.058272
1.020000	0.640000	0.057550
1.020000	0.650000	0.056767
1.020000	0.660000	0.055925
1.020000	0.670000	0.055023
1.020000	0.680000	0.054062
1.020000	0.690000	0.053044
1.020000	0.700000	0.051968
1.020000	0.710000	0.050835
1.020000	0.720000	0.049647
1.020000	0.730000	0.048405
1.020000	0.740000	0.047109
1.020000	0.750000	0.045762
1.020000	0.760000	0.044363
1.020000	0.770000	0.042914
1.020000	0.780000	0.041418
1.020000	0.790000	0.039875
1.020000	0.800000	0.038287
1.020000	0.810000	0.036655
1.020000	0.820000	0.034981
1.020000	0.830000	0.033268
1.020000	0.840000	0.031516
1.020000	0.850000	0.029728
1.020000	0.860000	0.027906
1.020000	0.870000	0.026051
1.020000	0.880000	0.024166
1.020000	0.890000	0.022253
1.020000	0.900000	0.020314
1.020000	0.910000	0.018351
1.020000	0.920000	0.016367
1.020000	0.930000	0.014363
1.020000	0.940000	0.012343
1.020000	0.950000	0.010308
1.020000	0.960000	0.008261
1.020000	0.970000	0.006204
1.020000	0.980000	0.004140
1.020000	0.990000	0.002071
1.030000	0.500000	0.064130
1.030000	0.510000	0.064211
1.030000	0.520000	0.064230
1.030000	0.530000	0.064186
1.030000	0.540000	0.064079
1.030000	0.550000	0.063909
1.030000	0.560000	0.063675
1.030000	0.570000	0.063378
1.030000	0.580000	0.063016
1.030000	0.590000	0.062591
1.030000	0.600000	0.062102
1.030000	0.610000	0.061549
1.030000	0.620000	0.060933
1.030000	0.630000	0.060253
1.030000	0.640000	0.059510
1.030000	0.650000	0.058704
1.030000	0.660000	0.057837
1.030000	0.670000	0.056907
1.030000	0.680000	0.055917
1.030000	0.690000	0.054867
1.030000	0.700000	0.053757
1.030000	0.710000	0.052588
1.030000	0.720000	0.051362
1.030000	0.730000	0.050080
1.030000	0.740000	0.048742
1.030000	0.750000	0.047350
1.030000	0.760000	0.045904
1.030000	0.770000	0.044408
1.030000	0.780000	0.042861
1.030000	0.790000	0.041266
1.030000	0.800000	0.039624
1.030000	0.810000	0.037937
1.030000	0.820000	0.036206
1.030000	0.830000	0.034434
1.030000	0.840000	0.032622
1.030000	0.850000	0.030772
1.030000	0.860000	0.028887
1.030000	0.870000	0.026968
1.030000	0.880000	0.025017
1.030000	0.890000	0.023037
1.030000	0.900000	0.021031
1.030000	0.910000	0.018999
1.030000	0.920000	0.016945
1.030000	0.930000	0.014871
1.030000	0.940000	0.012779
1.030000	0.950000	0.010673
1.030000	0.960000	0.008553
1.030000	0.970000	0.006424
1.030000	0.980000	0.004287
1.030000	0.990000	0.002145
1.040000	0.500000	0.066253
1.040000	0.510000	0.066341
1.040000	0.520000	0.066364
1.040000	0.530000	0.066324
1.040000	0.540000	0.066218
1.040000	0.550000	0.066046
1.040000	0.560000	0.065809
1.040000	0.570000	0.065506
1.040000	0.580000	0.065137
1.040000	0.590000	0.064702
1.040000	0.600000	0.064200
1.040000	0.610000	0.063633
1.040000	0.620000	0.063000
1.040000	0.630000	0.062301
1.040000	0.640000	0.061536
1.040000	0.650000	0.060707
1.040000	0.660000	0.059814
1.040000	0.670000	0.058856
1.040000	0.680000	0.057836
1.040000	0.690000	0.056752
1.040000	0.700000	0.055608
1.040000	0.710000	0.054402
1.040000	0.720000	0.053137
1.040000	0.730000	0.051813
1.040000	0.740000	0.050431
1.040000	0.750000	0.048993
1.040000	0.760000	0.047500
1.040000	0.770000	0.045954
1.040000	0.780000	0.044356
1.040000	0.790000	0.042707
1.040000	0.800000	0.041009
1.040000	0.810000	0.039265
1.040000	0.820000	0.037475
1.040000	0.830000	0.035642
1.040000	0.840000	0.033768
1.040000	0.850000	0.031854
1.040000	0.860000	0.029903
1.040000	0.870000	0.027918
1.040000	0.880000	0.025899
1.040000	0.890000	0.023850
1.040000	0.900000	0.021773
1.040000	0.910000	0.019670
1.040000	0.920000	0.017544
1.040000	0.930000	0.015397
1.040000	0.940000	0.013232
1.040000	0.950000	0.011050
1.040000	0.960000	0.008856
1.040000	0.970000	0.006651
1.040000	0.980000	0.004439
1.040000	0.990000	0.002221
1.050000	0.500000	0.068443
1.050000	0.510000	0.068538
1.050000	0.520000	0.068568
1.050000	0.530000	0.068530
1.050000	0.540000	0.068425
1.050000	0.550000	0.068253
1.050000	0.560000	0.068013
1.050000	0.570000	0.067704
1.050000	0.580000	0.067327
1.050000	0.590000	0.066882
1.050000	0.600000	0.066368
1.050000	0.610000	0.065786
1.050000	0.620000	0.065136
1.050000	0.630000	0.064417
1.050000	0.640000	0.063631
1.050000	0.650000	0.062778
1.050000	0.660000	0.061858
1.050000	0.670000	0.060872
1.050000	0.680000	0.059820
1.050000	0.690000	0.058703
1.050000	0.700000	0.057522
1.050000	0.710000	0.056278
1.050000	0.720000	0.054973
1.050000	0.730000	0.053606
1.050000	0.740000	0.052179
1.050000	0.750000	0.050694
1.050000	0.760000	0.049152
1.050000	0.770000	0.047555
1.050000	0.780000	0.045903
1.050000	0.790000	0.044199
1.050000	0.800000	0.042444
1.050000	0.810000	0.040640
1.050000	0.820000	0.038789
1.050000	0.830000	0.036893
1.050000	0.840000	0.034955
1.050000	0.850000	0.032975
1.050000	0.860000	0.030957
1.050000	0.870000	0.028902
1.050000	0.880000	0.026813
1.050000	0.890000	0.024692
1.050000	0.900000	0.022542
1.050000	0.910000	0.020366
1.050000	0.920000	0.018165
1.050000	0.930000	0.015942
1.050000	0.940000	0.013700
1.050000	0.950000	0.011442
1.050000	0.960000	0.009170
1.050000	0.970000	0.006887
1.050000	0.980000	0.004596
1.050000	0.990000	0.002299
1.060000	0.500000	0.070702
1.060000	0.510000	0.070806
1.060000	0.520000	0.070841
1.060000	0.530000	0.070808
1.060000	0.540000	0.070705
1.060000	0.550000	0.070531
1.060000	0.560000	0.070288
1.060000	0.570000	0.069974
1.060000	0.580000	0.069590
1.060000	0.590000	0.069134
1.060000	0.600000	0.068608
1.060000	0.610000	0.068011
1.060000	0.620000	0.067343
1.060000	0.630000	0.066605
1.060000	0.640000	0.065797
1.060000	0.650000	0.064919
1.060000	0.660000	0.063972
1.060000	0.670000	0.062956
1.060000	0.680000	0.061872
1.060000	0.690000	0.060721
1.060000	0.700000	0.059503
1.060000	0.710000	0.058220
1.060000	0.720000	0.056873
1.060000	0.730000	0.055462
1.060000	0.740000	0.053989
1.060000	0.750000	0.052455
1.060000	0.760000	0.050862
1.060000	0.770000	0.049212
1.060000	0.780000	0.047505
1.060000	0.790000	0.045743
1.060000	0.800000	0.043929
1.060000	0.810000	0.042064
1.060000	0.820000	0.040150
1.060000	0.830000	0.038190
1.060000	0.840000	0.036184
1.060000	0.850000	0.034136
1.060000	0.860000	0.032048
1.060000	0.870000	0.029921
1.060000	0.880000	0.027760
1.060000	0.890000	0.025565
1.060000	0.900000	0.023340
1.060000	0.910000	0.021086
1.060000	0.920000	0.018808
1.060000	0.930000	0.016507
1.060000	0.940000	0.014186
1.060000	0.950000	0.011848
1.060000	0.960000	0.009495
1.060000	0.970000	0.007132
1.060000	0.980000	0.004759
1.060000	0.990000	0.002381
1.070000	0.500000	0.073034
1.070000	0.510000	0.073146
1.070000	0.520000	0.073188
1.070000	0.530000	0.073159
1.070000	0.540000	0.073058
1.070000	0.550000	0.072884
1.070000	0.560000	0.072638
1.070000	0.570000	0.072319
1.070000	0.580000	0.071927
1.070000	0.590000	0.071461
1.070000	0.600000	0.070922
1.070000	0.610000	0.070310
1.070000	0.620000	0.069625
1.070000	0.630000	0.068867
1.070000	0.640000	0.068036
1.070000	0.650000	0.067133
1.070000	0.660000	0.066158
1.070000	0.670000	0.065111
1.070000	0.680000	0.063995
1.070000	0.690000	0.062808
1.070000	0.700000	0.061553
1.070000	0.710000	0.060229
1.070000	0.720000	0.058839
1.070000	0.730000	0.057383
1.070000	0.740000	0.055862
1.070000	0.750000	0.054278
1.070000	0.760000	0.052633
1.070000	0.770000	0.050928
1.070000	0.780000	0.049164
1.070000	0.790000	0.047343
1.070000	0.800000	0.045468
1.070000	0.810000	0.043540
1.070000	0.820000	0.041560
1.070000	0.830000	0.039533
1.070000	0.840000	0.037458
1.070000	0.850000	0.035339
1.070000	0.860000	0.033179
1.070000	0.870000	0.030978
1.070000	0.880000	0.028741
1.070000	0.890000	0.026469
1.070000	0.900000	0.024166
1.070000	0.910000	0.021834
1.070000	0.920000	0.019475
1.070000	0.930000	0.017092
1.070000	0.940000	0.014689
1.070000	0.950000	0.012269
1.070000	0.960000	0.009833
1.070000	0.970000	0.007385
1.070000	0.980000	0.004928
1.070000	0.990000	0.002466
1.080000	0.500000	0.075439
1.080000	0.510000	0.075561
1.080000	0.520000	0.075610
1.080000	0.530000	0.075586
1.080000	0.540000	0.075487
1.080000	0.550000	0.075313
1.080000	0.560000	0.075065
1.080000	0.570000	0.074740
1.080000	0.580000	0.074341
1.080000	0.590000	0.073865
1.080000	0.600000	0.073314
1.080000	0.610000	0.072686
1.080000	0.620000	0.071983
1.080000	0.630000	0.071205
1.080000	0.640000	0.070351
1.080000	0.650000	0.069422
1.080000	0.660000	0.068418
1.080000	0.670000	0.067341
1.080000	0.680000	0.066190
1.080000	0.690000	0.064968
1.080000	0.700000	0.063673
1.080000	0.710000	0.062308
1.080000	0.720000	0.060874
1.080000	0.730000	0.059371
1.080000	0.740000	0.057801
1.080000	0.750000	0.056166
1.080000	0.760000	0.054467
1.080000	0.770000	0.052705
1.080000	0.780000	0.050882
1.080000	0.790000	0.049000
1.080000	0.800000	0.047062
1.080000	0.810000	0.045068
1.080000	0.820000	0.043021
1.080000	0.830000	0.040924
1.080000	0.840000	0.038778
1.080000	0.850000	0.036586
1.080000	0.860000	0.034350
1.080000	0.870000	0.032074
1.080000	0.880000	0.029758
1.080000	0.890000	0.027407
1.080000	0.900000	0.025023
1.080000	0.910000	0.022608
1.080000	0.920000	0.020166
1.080000	0.930000	0.017700
1.080000	0.940000	0.015211
1.080000	0.950000	0.012705
1.080000	0.960000	0.010182
1.080000	0.970000	0.007648
1.080000	0.980000	0.005104
1.080000	0.990000	0.002553
1.090000	0.500000	0.077921
1.090000	0.510000	0.078053
1.090000	0.520000	0.078110
1.090000	0.530000	0.078091
1.090000	0.540000	0.077995
1.090000	0.550000	0.077821
1.090000	0.560000	0.077570
1.090000	0.570000	0.077242
1.090000	0.580000	0.076834
1.090000	0.590000	0.076349
1.090000	0.600000	0.075785
1.090000	0.610000	0.075142
1.090000	0.620000	0.074421
1.090000	0.630000	0.073621
1.090000	0.640000	0.072744
1.090000	0.650000	0.071789
1.090000	0.660000	0.070756
1.090000	0.670000	0.069647
1.090000	0.680000	0.068462
1.090000	0.690000	0.067202
1.090000	0.700000	0.065867
1.090000	0.710000	0.064460
1.090000	0.720000	0.062980
1.090000	0.730000	0.061429
1.090000	0.740000	0.059809
1.090000	0.750000	0.058120
1.090000	0.760000	0.056365
1.090000	0.770000	0.054545
1.090000	0.780000	0.052662
1.090000	0.790000	0.050717
1.090000	0.800000	0.048713
1.090000	0.810000	0.046652
1.090000	0.820000	0.044535
1.090000	0.830000	0.042366
1.090000	0.840000	0.040146
1.090000	0.850000	0.037878
1.090000	0.860000	0.035565
1.090000	0.870000	0.033209
1.090000	0.880000	0.030813
1.090000	0.890000	0.028379
1.090000	0.900000	0.025911
1.090000	0.910000	0.023411
1.090000	0.920000	0.020883
1.090000	0.930000	0.018329
1.090000	0.940000	0.015753
1.090000	0.950000	0.013157
1.090000	0.960000	0.010545
1.090000	0.970000	0.007920
1.090000	0.980000	0.005286
1.090000	0.990000	0.002644
1.100000	0.500000	0.080481
1.100000	0.510000	0.080624
1.100000	0.520000	0.080690
1.100000	0.530000	0.080676
1.100000	0.540000	0.080583
1.100000	0.550000	0.080411
1.100000	0.560000	0.080158
1.100000	0.570000	0.079825
1.100000	0.580000	0.079410
1.100000	0.590000	0.078915
1.100000	0.600000	0.078338
1.100000	0.610000	0.077680
1.100000	0.620000	0.076940
1.100000	0.630000	0.076120
1.100000	0.640000	0.075218
1.100000	0.650000	0.074236
1.100000	0.660000	0.073174
1.100000	0.670000	0.072032
1.100000	0.680000	0.070812
1.100000	0.690000	0.069514
1.100000	0.700000	0.068138
1.100000	0.710000	0.066687
1.100000	0.720000	0.065160
1.100000	0.730000	0.063560
1.100000	0.740000	0.061887
1.100000	0.750000	0.060144
1.100000	0.760000	0.058331
1.100000	0.770000	0.056451
1.100000	0.780000	0.054505
1.100000	0.790000	0.052495
1.100000	0.800000	0.050424
1.100000	0.810000	0.048292
1.100000	0.820000	0.046104
1.100000	0.830000	0.043860
1.100000	0.840000	0.041564
1.100000	0.850000	0.039218
1.100000	0.860000	0.036824
1.100000	0.870000	0.034386
1.100000	0.880000	0.031906
1.100000	0.890000	0.029387
1.100000	0.900000	0.026832
1.100000	0.910000	0.024244
1.100000	0.920000	0.021626
1.100000	0.930000	0.018982
1.100000	0.940000	0.016314
1.100000	0.950000	0.013626
1.100000	0.960000	0.010921
1.100000	0.970000	0.008203
1.100000	0.980000	0.005474
1.100000	0.990000	0.002739
1.110000	0.500000	0.083123
1.110000	0.510000	0.083277
1.110000	0.520000	0.083352
1.110000	0.530000	0.083345
1.110000	0.540000	0.083256
1.110000	0.550000	0.083085
1.110000	0.560000	0.082830
1.110000	0.570000	0.082493
1.110000	0.580000	0.082071
1.110000	0.590000	0.081566
1.110000	0.600000	0.080976
1.110000	0.610000	0.080303
1.110000	0.620000	0.079545
1.110000	0.630000	0.078703
1.110000	0.640000	0.077777
1.110000	0.650000	0.076767
1.110000	0.660000	0.075675
1.110000	0.670000	0.074500
1.110000	0.680000	0.073243
1.110000	0.690000	0.071906
1.110000	0.700000	0.070488
1.110000	0.710000	0.068991
1.110000	0.720000	0.067417
1.110000	0.730000	0.065766
1.110000	0.740000	0.064040
1.110000	0.750000	0.062240
1.110000	0.760000	0.060368
1.110000	0.770000	0.058425
1.110000	0.780000	0.056415
1.110000	0.790000	0.054338
1.110000	0.800000	0.052196
1.110000	0.810000	0.049993
1.110000	0.820000	0.047730
1.110000	0.830000	0.045409
1.110000	0.840000	0.043034
1.110000	0.850000	0.040607
1.110000	0.860000	0.038130
1.110000	0.870000	0.035607
1.110000	0.880000	0.033040
1.110000	0.890000	0.030432
1.110000	0.900000	0.027787
1.110000	0.910000	0.025108
1.110000	0.920000	0.022398
1.110000	0.930000	0.019659
1.110000	0.940000	0.016897
1.110000	0.950000	0.014113
1.110000	0.960000	0.011312
1.110000	0.970000	0.008496
1.110000	0.980000	0.005670
1.110000	0.990000	0.002837
1.120000	0.500000	0.085848
1.120000	0.510000	0.086015
1.120000	0.520000	0.086099
1.120000	0.530000	0.086099
1.120000	0.540000	0.086015
1.120000	0.550000	0.085845
1.120000	0.560000	0.085590
1.120000	0.570000	0.085248
1.120000	0.580000	0.084820
1.120000	0.590000	0.084305
1.120000	0.600000	0.083703
1.120000	0.610000	0.083013
1.120000	0.620000	0.082237
1.120000	0.630000	0.081373
1.120000	0.640000	0.080422
1.120000	0.650000	0.079385
1.120000	0.660000	0.078262
1.120000	0.670000	0.077053
1.120000	0.680000	0.075759
1.120000	0.690000	0.074381
1.120000	0.700000	0.072920
1.120000	0.710000	0.071377
1.120000	0.720000	0.069753
1.120000	0.730000	0.068050
1.120000	0.740000	0.066268
1.120000	0.750000	0.064410
1.120000	0.760000	0.062477
1.120000	0.770000	0.060471
1.120000	0.780000	0.058393
1.120000	0.790000	0.056247
1.120000	0.800000	0.054033
1.120000	0.810000	0.051755
1.120000	0.820000	0.049415
1.120000	0.830000	0.047015
1.120000	0.840000	0.044558
1.120000	0.850000	0.042047
1.120000	0.860000	0.039484
1.120000	0.870000	0.036872
1.120000	0.880000	0.034215
1.120000	0.890000	0.031516
1.120000	0.900000	0.028778
1.120000	0.910000	0.026004
1.120000	0.920000	0.023197
1.120000	0.930000	0.020362
1.120000	0.940000	0.017501
1.120000	0.950000	0.014618
1.120000	0.960000	0.011716
1.120000	0.970000	0.008800
1.120000	0.980000	0.005873
1.120000	0.990000	0.002938
1.130000	0.500000	0.088659
1.130000	0.510000	0.088839
1.130000	0.520000	0.088934
1.130000	0.530000	0.088942
1.130000	0.540000	0.088863
1.130000	0.550000	0.088696
1.130000	0.560000	0.088440
1.130000	0.570000	0.088094
1.130000	0.580000	0.087660
1.130000	0.590000	0.087135
1.130000	0.600000	0.086520
1.130000	0.610000	0.085815
1.130000	0.620000	0.085019
1.130000	0.630000	0.084134
1.130000	0.640000	0.083158
1.130000	0.650000	0.082092
1.130000	0.660000	0.080937
1.130000	0.670000	0.079694
1.130000	0.680000	0.078362
1.130000	0.690000	0.076943
1.130000	0.700000	0.075438
1.130000	0.710000	0.073847
1.130000	0.720000	0.072173
1.130000	0.730000	0.070415
1.130000	0.740000	0.068577
1.130000	0.750000	0.066658
1.130000	0.760000	0.064662
1.130000	0.770000	0.062590
1.130000	0.780000	0.060444
1.130000	0.790000	0.058225
1.130000	0.800000	0.055938
1.130000	0.810000	0.053582
1.130000	0.820000	0.051162
1.130000	0.830000	0.048680
1.130000	0.840000	0.046138
1.130000	0.850000	0.043540
1.130000	0.860000	0.040888
1.130000	0.870000	0.038185
1.130000	0.880000	0.035435
1.130000	0.890000	0.032641
1.130000	0.900000	0.029806
1.130000	0.910000	0.026933
1.130000	0.920000	0.024027
1.130000	0.930000	0.021091
1.130000	0.940000	0.018128
1.130000	0.950000	0.015142
1.130000	0.960000	0.012136
1.130000	0.970000	0.009116
1.130000	0.980000	0.006084
1.130000	0.990000	0.003044
1.140000	0.500000	0.091559
1.140000	0.510000	0.091753
1.140000	0.520000	0.091860
1.140000	0.530000	0.091876
1.140000	0.540000	0.091803
1.140000	0.550000	0.091638
1.140000	0.560000	0.091382
1.140000	0.570000	0.091034
1.140000	0.580000	0.090593
1.140000	0.590000	0.090059
1.140000	0.600000	0.089432
1.140000	0.610000	0.088711
1.140000	0.620000	0.087896
1.140000	0.630000	0.086988
1.140000	0.640000	0.085987
1.140000	0.650000	0.084892
1.140000	0.660000	0.083705
1.140000	0.670000	0.082426
1.140000	0.680000	0.081056
1.140000	0.690000	0.079594
1.140000	0.700000	0.078044
1.140000	0.710000	0.076404
1.140000	0.720000	0.074677
1.140000	0.730000	0.072865
1.140000	0.740000	0.070967
1.140000	0.750000	0.068987
1.140000	0.760000	0.066926
1.140000	0.770000	0.064786
1.140000	0.780000	0.062569
1.140000	0.790000	0.060276
1.140000	0.800000	0.057911
1.140000	0.810000	0.055476
1.140000	0.820000	0.052974
1.140000	0.830000	0.050406
1.140000	0.840000	0.047777
1.140000	0.850000	0.045088
1.140000	0.860000	0.042344
1.140000	0.870000	0.039547
1.140000	0.880000	0.036700
1.140000	0.890000	0.033807
1.140000	0.900000	0.030872
1.140000	0.910000	0.027898
1.140000	0.920000	0.024888
1.140000	0.930000	0.021847
1.140000	0.940000	0.018778
1.140000	0.950000	0.015685
1.140000	0.960000	0.012572
1.140000	0.970000	0.009443
1.140000	0.980000	0.006302
1.140000	0.990000	0.003153
1.150000	0.500000	0.094550
1.150000	0.510000	0.094760
1.150000	0.520000	0.094878
1.150000	0.530000	0.094905
1.150000	0.540000	0.094838
1.150000	0.550000	0.094677
1.150000	0.560000	0.094421
1.150000	0.570000	0.094070
1.150000	0.580000	0.093623
1.150000	0.590000	0.093080
1.150000	0.600000	0.092440
1.150000	0.610000	0.091704
1.150000	0.620000	0.090870
1.150000	0.630000	0.089940
1.150000	0.640000	0.088912
1.150000	0.650000	0.087789
1.150000	0.660000	0.086569
1.150000	0.670000	0.085253
1.150000	0.680000	0.083843
1.150000	0.690000	0.082339
1.150000	0.700000	0.080741
1.150000	0.710000	0.079052
1.150000	0.720000	0.077271
1.150000	0.730000	0.075402
1.150000	0.740000	0.073444
1.150000	0.750000	0.071400
1.150000	0.760000	0.069272
1.150000	0.770000	0.067062
1.150000	0.780000	0.064771
1.150000	0.790000	0.062402
1.150000	0.800000	0.059957
1.150000	0.810000	0.057440
1.150000	0.820000	0.054852
1.150000	0.830000	0.052196
1.150000	0.840000	0.049476
1.150000	0.850000	0.046694
1.150000	0.860000	0.043854
1.150000	0.870000	0.040959
1.150000	0.880000	0.038013
1.150000	0.890000	0.035018
1.150000	0.900000	0.031979
1.150000	0.910000	0.028899
1.150000	0.920000	0.025782
1.150000	0.930000	0.022632
1.150000	0.940000	0.019453
1.150000	0.950000	0.016250
1.150000	0.960000	0.013025
1.150000	0.970000	0.009783
1.150000	0.980000	0.006529
1.150000	0.990000	0.003267
1.160000	0.500000	0.097636
1.160000	0.510000	0.097862
1.160000	0.520000	0.097993
1.160000	0.530000	0.098030
1.160000	0.540000	0.097971
1.160000	0.550000	0.097814
1.160000	0.560000	0.097559
1.160000	0.570000	0.097206
1.160000	0.580000	0.096754
1.160000	0.590000	0.096202
1.160000	0.600000	0.095550
1.160000	0.610000	0.094798
1.160000	0.620000	0.093945
1.160000	0.630000	0.092992
1.160000	0.640000	0.091938
1.160000	0.650000	0.090785
1.160000	0.660000	0.089531
1.160000	0.670000	0.088179
1.160000	0.680000	0.086728
1.160000	0.690000	0.085179
1.160000	0.700000	0.083534
1.160000	0.710000	0.081793
1.160000	0.720000	0.079958
1.160000	0.730000	0.078029
1.160000	0.740000	0.076010
1.160000	0.750000	0.073900
1.160000	0.760000	0.071703
1.160000	0.770000	0.069420
1.160000	0.780000	0.067053
1.160000	0.790000	0.064606
1.160000	0.800000	0.062079
1.160000	0.810000	0.059476
1.160000	0.820000	0.056800
1.160000	0.830000	0.054053
1.160000	0.840000	0.051239
1.160000	0.850000	0.048361
1.160000	0.860000	0.045422
1.160000	0.870000	0.042425
1.160000	0.880000	0.039375
1.160000	0.890000	0.036274
1.160000	0.900000	0.033127
1.160000	0.910000	0.029938
1.160000	0.920000	0.026710
1.160000	0.930000	0.023447
1.160000	0.940000	0.020154
1.160000	0.950000	0.016835
1.160000	0.960000	0.013495
1.160000	0.970000	0.010136
1.160000	0.980000	0.006765
1.160000	0.990000	0.003385
1.170000	0.500000	0.100818
1.170000	0.510000	0.101061
1.170000	0.520000	0.101208
1.170000	0.530000	0.101256
1.170000	0.540000	0.101204
1.170000	0.550000	0.101053
1.170000	0.560000	0.100800
1.170000	0.570000	0.100445
1.170000	0.580000	0.099988
1.170000	0.590000	0.099427
1.170000	0.600000	0.098763
1.170000	0.610000	0.097995
1.170000	0.620000	0.097123
1.170000	0.630000	0.096147
1.170000	0.640000	0.095067
1.170000	0.650000	0.093884
1.170000	0.660000	0.092596
1.170000	0.670000	0.091206
1.170000	0.680000	0.089714
1.170000	0.690000	0.088120
1.170000	0.700000	0.086426
1.170000	0.710000	0.084632
1.170000	0.720000	0.082740
1.170000	0.730000	0.080752
1.170000	0.740000	0.078668
1.170000	0.750000	0.076491
1.170000	0.760000	0.074223
1.170000	0.770000	0.071865
1.170000	0.780000	0.069420
1.170000	0.790000	0.066891
1.170000	0.800000	0.064279
1.170000	0.810000	0.061588
1.170000	0.820000	0.058820
1.170000	0.830000	0.055980
1.170000	0.840000	0.053068
1.170000	0.850000	0.050090
1.170000	0.860000	0.047048
1.170000	0.870000	0.043946
1.170000	0.880000	0.040788
1.170000	0.890000	0.037578
1.170000	0.900000	0.034319
1.170000	0.910000	0.031016
1.170000	0.920000	0.027673
1.170000	0.930000	0.024293
1.170000	0.940000	0.020882
1.170000	0.950000	0.017444
1.170000	0.960000	0.013983
1.170000	0.970000	0.010503
1.170000	0.980000	0.007010
1.170000	0.990000	0.003507
1.180000	0.500000	0.104100
1.180000	0.510000	0.104363
1.180000	0.520000	0.104524
1.180000	0.530000	0.104585
1.180000	0.540000	0.104543
1.180000	0.550000	0.104397
1.180000	0.560000	0.104146
1.180000	0.570000	0.103791
1.180000	0.580000	0.103329
1.180000	0.590000	0.102760
1.180000	0.600000	0.102084
1.180000	0.610000	0.101301
1.180000	0.620000	0.100410
1.180000	0.630000	0.099411
1.180000	0.640000	0.098304
1.180000	0.650000	0.097090
1.180000	0.660000	0.095768
1.180000	0.670000	0.094340
1.180000	0.680000	0.092805
1.180000	0.690000	0.091165
1.180000	0.700000	0.089420
1.180000	0.710000	0.087572
1.180000	0.720000	0.085622
1.180000	0.730000	0.083572
1.180000	0.740000	0.081422
1.180000	0.750000	0.079176
1.180000	0.760000	0.076834
1.180000	0.770000	0.074399
1.180000	0.780000	0.071874
1.180000	0.790000	0.069260
1.180000	0.800000	0.066561
1.180000	0.810000	0.063779
1.180000	0.820000	0.060917
1.180000	0.830000	0.057978
1.180000	0.840000	0.054966
1.180000	0.850000	0.051884
1.180000	0.860000	0.048736
1.180000	0.870000	0.045525
1.180000	0.880000	0.042256
1.180000	0.890000	0.038932
1.180000	0.900000	0.035557
1.180000	0.910000	0.032136
1.180000	0.920000	0.028673
1.180000	0.930000	0.025172
1.180000	0.940000	0.021638
1.180000	0.950000	0.018076
1.180000	0.960000	0.014489
1.180000	0.970000	0.010884
1.180000	0.980000	0.007264
1.180000	0.990000	0.003634
1.190000	0.500000	0.107486
1.190000	0.510000	0.107768
1.190000	0.520000	0.107947
1.190000	0.530000	0.108020
1.190000	0.540000	0.107988
1.190000	0.550000	0.107849
1.190000	0.560000	0.107602
1.190000	0.570000	0.107246
1.190000	0.580000	0.106780
1.190000	0.590000	0.106204
1.190000	0.600000	0.105517
1.190000	0.610000	0.104718
1.190000	0.620000	0.103808
1.190000	0.630000	0.102786
1.190000	0.640000	0.101652
1.190000	0.650000	0.100407
1.190000	0.660000	0.099050
1.190000	0.670000	0.097582
1.190000	0.680000	0.096004
1.190000	0.690000	0.094317
1.190000	0.700000	0.092521
1.190000	0.710000	0.090617
1.190000	0.720000	0.088608
1.190000	0.730000	0.086494
1.190000	0.740000	0.084277
1.190000	0.750000	0.081959
1.190000	0.760000	0.079541
1.190000	0.770000	0.077027
1.190000	0.780000	0.074418
1.190000	0.790000	0.071718
1.190000	0.800000	0.068928
1.190000	0.810000	0.066051
1.190000	0.820000	0.063092
1.190000	0.830000	0.060052
1.190000	0.840000	0.056936
1.190000	0.850000	0.053747
1.190000	0.860000	0.050489
1.190000	0.870000	0.047165
1.190000	0.880000	0.043780
1.190000	0.890000	0.040338
1.190000	0.900000	0.036842
1.190000	0.910000	0.033299
1.190000	0.920000	0.029711
1.190000	0.930000	0.026085
1.190000	0.940000	0.022423
1.190000	0.950000	0.018732
1.190000	0.960000	0.015016
1.190000	0.970000	0.011279
1.190000	0.980000	0.007528
1.190000	0.990000	0.003766
1.200000	0.500000	0.110977
1.200000	0.510000	0.111281
1.200000	0.520000	0.111477
1.200000	0.530000	0.111566
1.200000	0.540000	0.111545
1.200000	0.550000	0.111414
1.200000	0.560000	0.111171
1.200000	0.570000	0.110815
1.200000	0.580000	0.110346
1.200000	0.590000	0.109763
1.200000	0.600000	0.109064
1.200000	0.610000	0.108251
1.200000	0.620000	0.107322
1.200000	0.630000	0.106276
1.200000	0.640000	0.105115
1.200000	0.650000	0.103839
1.200000	0.660000	0.102446
1.200000	0.670000	0.100939
1.200000	0.680000	0.099317
1.200000	0.690000	0.097581
1.200000	0.700000	0.095732
1.200000	0.710000	0.093772
1.200000	0.720000	0.091701
1.200000	0.730000	0.089522
1.200000	0.740000	0.087235
1.200000	0.750000	0.084843
1.200000	0.760000	0.082348
1.200000	0.770000	0.079752
1.200000	0.780000	0.077057
1.200000	0.790000	0.074267
1.200000	0.800000	0.071383
1.200000	0.810000	0.068409
1.200000	0.820000	0.065349
1.200000	0.830000	0.062205
1.200000	0.840000	0.058981
1.200000	0.850000	0.055681
1.200000	0.860000	0.052308
1.200000	0.870000	0.048867
1.200000	0.880000	0.045362
1.200000	0.890000	0.041798
1.200000	0.900000	0.038178
1.200000	0.910000	0.034507
1.200000	0.920000	0.030790
1.200000	0.930000	0.027033
1.200000	0.940000	0.023239
1.200000	0.950000	0.019414
1.200000	0.960000	0.015562
1.200000	0.970000	0.011690
1.200000	0.980000	0.007802
1.200000	0.990000	0.003904
1.210000	0.500000	0.114578
1.210000	0.510000	0.114904
1.210000	0.520000	0.115120
1.210000	0.530000	0.115225
1.210000	0.540000	0.115216
1.210000	0.550000	0.115094
1.210000	0.560000	0.114856
1.210000	0.570000	0.114502
1.210000	0.580000	0.114030
1.210000	0.590000	0.113440
1.210000	0.600000	0.112731
1.210000	0.610000	0.111903
1.210000	0.620000	0.110955
1.210000	0.630000	0.109887
1.210000	0.640000	0.108698
1.210000	0.650000	0.107390
1.210000	0.660000	0.105961
1.210000	0.670000	0.104413
1.210000	0.680000	0.102746
1.210000	0.690000	0.100961
1.210000	0.700000	0.099059
1.210000	0.710000	0.097040
1.210000	0.720000	0.094907
1.210000	0.730000	0.092660
1.210000	0.740000	0.090302
1.210000	0.750000	0.087834
1.210000	0.760000	0.085259
1.210000	0.770000	0.082578
1.210000	0.780000	0.079795
1.210000	0.790000	0.076911
1.210000	0.800000	0.073931
1.210000	0.810000	0.070857
1.210000	0.820000	0.067692
1.210000	0.830000	0.064439
1.210000	0.840000	0.061104
1.210000	0.850000	0.057688
1.210000	0.860000	0.054197
1.210000	0.870000	0.050635
1.210000	0.880000	0.047006
1.210000	0.890000	0.043314
1.210000	0.900000	0.039565
1.210000	0.910000	0.035762
1.210000	0.920000	0.031911
1.210000	0.930000	0.028018
1.210000	0.940000	0.024086
1.210000	0.950000	0.020122
1.210000	0.960000	0.016131
1.210000	0.970000	0.012117
1.210000	0.980000	0.008087
1.210000	0.990000	0.004046
1.220000	0.500000	0.118291
1.220000	0.510000	0.118642
1.220000	0.520000	0.118879
1.220000	0.530000	0.119001
1.220000	0.540000	0.119006
1.220000	0.550000	0.118893
1.220000	0.560000	0.118661
1.220000	0.570000	0.118309
1.220000	0.580000	0.117836
1.220000	0.590000	0.117240
1.220000	0.600000	0.116521
1.220000	0.610000	0.115678
1.220000	0.620000	0.114712
1.220000	0.630000	0.113620
1.220000	0.640000	0.112404
1.220000	0.650000	0.111064
1.220000	0.660000	0.109599
1.220000	0.670000	0.108010
1.220000	0.680000	0.106297
1.220000	0.690000	0.104462
1.220000	0.700000	0.102504
1.220000	0.710000	0.100426
1.220000	0.720000	0.098228
1.220000	0.730000	0.095913
1.220000	0.740000	0.093481
1.220000	0.750000	0.090935
1.220000	0.760000	0.088277
1.220000	0.770000	0.085510
1.220000	0.780000	0.082635
1.220000	0.790000	0.079656
1.220000	0.800000	0.076575
1.220000	0.810000	0.073397
1.220000	0.820000	0.070124
1.220000	0.830000	0.066759
1.220000	0.840000	0.063308
1.220000	0.850000	0.059773
1.220000	0.860000	0.056160
1.220000	0.870000	0.052472
1.220000	0.880000	0.048713
1.220000	0.890000	0.044890
1.220000	0.900000	0.041006
1.220000	0.910000	0.037066
1.220000	0.920000	0.033076
1.220000	0.930000	0.029042
1.220000	0.940000	0.024967
1.220000	0.950000	0.020859
1.220000	0.960000	0.016721
1.220000	0.970000	0.012561
1.220000	0.980000	0.008384
1.220000	0.990000	0.004195
1.230000	0.500000	0.122120
1.230000	0.510000	0.122497
1.230000	0.520000	0.122756
1.230000	0.530000	0.122897
1.230000	0.540000	0.122917
1.230000	0.550000	0.122816
1.230000	0.560000	0.122591
1.230000	0.570000	0.122242
1.230000	0.580000	0.121768
1.230000	0.590000	0.121167
1.230000	0.600000	0.120438
1.230000	0.610000	0.119582
1.230000	0.620000	0.118597
1.230000	0.630000	0.117483
1.230000	0.640000	0.116239
1.230000	0.650000	0.114866
1.230000	0.660000	0.113364
1.230000	0.670000	0.111734
1.230000	0.680000	0.109974
1.230000	0.690000	0.108088
1.230000	0.700000	0.106074
1.230000	0.710000	0.103935
1.230000	0.720000	0.101671
1.230000	0.730000	0.099285
1.230000	0.740000	0.096778
1.230000	0.750000	0.094151
1.230000	0.760000	0.091408
1.230000	0.770000	0.088551
1.230000	0.780000	0.085582
1.230000	0.790000	0.082504
1.230000	0.800000	0.079320
1.230000	0.810000	0.076034
1.230000	0.820000	0.072649
1.230000	0.830000	0.069169
1.230000	0.840000	0.065597
1.230000	0.850000	0.061939
1.230000	0.860000	0.058198
1.230000	0.870000	0.054380
1.230000	0.880000	0.050488
1.230000	0.890000	0.046527
1.230000	0.900000	0.042504
1.230000	0.910000	0.038422
1.230000	0.920000	0.034288
1.230000	0.930000	0.030106
1.230000	0.940000	0.025883
1.230000	0.950000	0.021624
1.230000	0.960000	0.017336
1.230000	0.970000	0.013023
1.230000	0.980000	0.008692
1.230000	0.990000	0.004349
1.240000	0.500000	0.126069
1.240000	0.510000	0.126473
1.240000	0.520000	0.126756
1.240000	0.530000	0.126917
1.240000	0.540000	0.126954
1.240000	0.550000	0.126865
1.240000	0.560000	0.126649
1.240000	0.570000	0.126305
1.240000	0.580000	0.125830
1.240000	0.590000	0.125225
1.240000	0.600000	0.124488
1.240000	0.610000	0.123618
1.240000	0.620000	0.122615
1.240000	0.630000	0.121478
1.240000	0.640000	0.120207
1.240000	0.650000	0.118801
1.240000	0.660000	0.117262
1.240000	0.670000	0.115589
1.240000	0.680000	0.113783
1.240000	0.690000	0.111843
1.240000	0.700000	0.109772
1.240000	0.710000	0.107571
1.240000	0.720000	0.105240
1.240000	0.730000	0.102781
1.240000	0.740000	0.100196
1.240000	0.750000	0.097487
1.240000	0.760000	0.094656
1.240000	0.770000	0.091706
1.240000	0.780000	0.088640
1.240000	0.790000	0.085460
1.240000	0.800000	0.082169
1.240000	0.810000	0.078772
1.240000	0.820000	0.075271
1.240000	0.830000	0.071671
1.240000	0.840000	0.067976
1.240000	0.850000	0.064189
1.240000	0.860000	0.060317
1.240000	0.870000	0.056363
1.240000	0.880000	0.052332
1.240000	0.890000	0.048229
1.240000	0.900000	0.044061
1.240000	0.910000	0.039831
1.240000	0.920000	0.035547
1.240000	0.930000	0.031213
1.240000	0.940000	0.026836
1.240000	0.950000	0.022421
1.240000	0.960000	0.017974
1.240000	0.970000	0.013503
1.240000	0.980000	0.009013
1.240000	0.990000	0.004509
1.250000	0.500000	0.130140
1.250000	0.510000	0.130573
1.250000	0.520000	0.130883
1.250000	0.530000	0.131066
1.250000	0.540000	0.131121
1.250000	0.550000	0.131046
1.250000	0.560000	0.130840
1.250000	0.570000	0.130501
1.250000	0.580000	0.130027
1.250000	0.590000	0.129419
1.250000	0.600000	0.128673
1.250000	0.610000	0.127791
1.250000	0.620000	0.126770
1.250000	0.630000	0.125610
1.250000	0.640000	0.124312
1.250000	0.650000	0.122874
1.250000	0.660000	0.121297
1.250000	0.670000	0.119581
1.250000	0.680000	0.117727
1.250000	0.690000	0.115734
1.250000	0.700000	0.113605
1.250000	0.710000	0.111339
1.250000	0.720000	0.108939
1.250000	0.730000	0.106406
1.250000	0.740000	0.103741
1.250000	0.750000	0.100947
1.250000	0.760000	0.098026
1.250000	0.770000	0.094981
1.250000	0.780000	0.091814
1.250000	0.790000	0.088528
1.250000	0.800000	0.085128
1.250000	0.810000	0.081615
1.250000	0.820000	0.077995
1.250000	0.830000	0.074271
1.250000	0.840000	0.070447
1.250000	0.850000	0.066528
1.250000	0.860000	0.062519
1.250000	0.870000	0.058424
1.250000	0.880000	0.054249
1.250000	0.890000	0.049999
1.250000	0.900000	0.045680
1.250000	0.910000	0.041297
1.250000	0.920000	0.036856
1.250000	0.930000	0.032364
1.250000	0.940000	0.027826
1.250000	0.950000	0.023249
1.250000	0.960000	0.018639
1.250000	0.970000	0.014002
1.250000	0.980000	0.009346
1.250000	0.990000	0.004676
1.260000	0.500000	0.134337
1.260000	0.510000	0.134803
1.260000	0.520000	0.135140
1.260000	0.530000	0.135347
1.260000	0.540000	0.135422
1.260000	0.550000	0.135362
1.260000	0.560000	0.135167
1.260000	0.570000	0.134835
1.260000	0.580000	0.134364
1.260000	0.590000	0.133753
1.260000	0.600000	0.133000
1.260000	0.610000	0.132105
1.260000	0.620000	0.131067
1.260000	0.630000	0.129886
1.260000	0.640000	0.128560
1.260000	0.650000	0.127090
1.260000	0.660000	0.125475
1.260000	0.670000	0.123716
1.260000	0.680000	0.121812
1.260000	0.690000	0.119766
1.260000	0.700000	0.117576
1.260000	0.710000	0.115246
1.260000	0.720000	0.112774
1.260000	0.730000	0.110165
1.260000	0.740000	0.107418
1.260000	0.750000	0.104537
1.260000	0.760000	0.101523
1.260000	0.770000	0.098380
1.260000	0.780000	0.095109
1.260000	0.790000	0.091715
1.260000	0.800000	0.088200
1.260000	0.810000	0.084569
1.260000	0.820000	0.080825
1.260000	0.830000	0.076972
1.260000	0.840000	0.073015
1.260000	0.850000	0.068958
1.260000	0.860000	0.064807
1.260000	0.870000	0.060567
1.260000	0.880000	0.056242
1.260000	0.890000	0.051839
1.260000	0.900000	0.047364
1.260000	0.910000	0.042821
1.260000	0.920000	0.038219
1.260000	0.930000	0.033562
1.260000	0.940000	0.028857
1.260000	0.950000	0.024111
1.260000	0.960000	0.019330
1.260000	0.970000	0.014522
1.260000	0.980000	0.009693
1.260000	0.990000	0.004850
1.270000	0.500000	0.138665
1.270000	0.510000	0.139164
1.270000	0.520000	0.139531
1.270000	0.530000	0.139764
1.270000	0.540000	0.139860
1.270000	0.550000	0.139818
1.270000	0.560000	0.139636
1.270000	0.570000	0.139312
1.270000	0.580000	0.138844
1.270000	0.590000	0.138232
1.270000	0.600000	0.137473
1.270000	0.610000	0.136567
1.270000	0.620000	0.135512
1.270000	0.630000	0.134309
1.270000	0.640000	0.132956
1.270000	0.650000	0.131453
1.270000	0.660000	0.129800
1.270000	0.670000	0.127997
1.270000	0.680000	0.126045
1.270000	0.690000	0.123943
1.270000	0.700000	0.121693
1.270000	0.710000	0.119295
1.270000	0.720000	0.116752
1.270000	0.730000	0.114064
1.270000	0.740000	0.111233
1.270000	0.750000	0.108262
1.270000	0.760000	0.105153
1.270000	0.770000	0.101908
1.270000	0.780000	0.098531
1.270000	0.790000	0.095024
1.270000	0.800000	0.091392
1.270000	0.810000	0.087638
1.270000	0.820000	0.083765
1.270000	0.830000	0.079779
1.270000	0.840000	0.075684
1.270000	0.850000	0.071485
1.270000	0.860000	0.067187
1.270000	0.870000	0.062795
1.270000	0.880000	0.058316
1.270000	0.890000	0.053754
1.270000	0.900000	0.049116
1.270000	0.910000	0.044408
1.270000	0.920000	0.039636
1.270000	0.930000	0.034808
1.270000	0.940000	0.029929
1.270000	0.950000	0.025008
1.270000	0.960000	0.020050
1.270000	0.970000	0.015063
1.270000	0.980000	0.010054
1.270000	0.990000	0.005031
1.280000	0.500000	0.143126
1.280000	0.510000	0.143661
1.280000	0.520000	0.144060
1.280000	0.530000	0.144321
1.280000	0.540000	0.144441
1.280000	0.550000	0.144418
1.280000	0.560000	0.144250
1.280000	0.570000	0.143936
1.280000	0.580000	0.143473
1.280000	0.590000	0.142861
1.280000	0.600000	0.142097
1.280000	0.610000	0.141180
1.280000	0.620000	0.140110
1.280000	0.630000	0.138886
1.280000	0.640000	0.137506
1.280000	0.650000	0.135970
1.280000	0.660000	0.134279
1.280000	0.670000	0.132432
1.280000	0.680000	0.130429
1.280000	0.690000	0.128272
1.280000	0.700000	0.125959
1.280000	0.710000	0.123494
1.280000	0.720000	0.120876
1.280000	0.730000	0.118108
1.280000	0.740000	0.115191
1.280000	0.750000	0.112128
1.280000	0.760000	0.108921
1.280000	0.770000	0.105572
1.280000	0.780000	0.102084
1.280000	0.790000	0.098462
1.280000	0.800000	0.094708
1.280000	0.810000	0.090827
1.280000	0.820000	0.086822
1.280000	0.830000	0.082698
1.280000	0.840000	0.078460
1.280000	0.850000	0.074113
1.280000	0.860000	0.069662
1.280000	0.870000	0.065114
1.280000	0.880000	0.060473
1.280000	0.890000	0.055746
1.280000	0.900000	0.050939
1.280000	0.910000	0.046058
1.280000	0.920000	0.041111
1.280000	0.930000	0.036105
1.280000	0.940000	0.031046
1.280000	0.950000	0.025941
1.280000	0.960000	0.020799
1.280000	0.970000	0.015626
1.280000	0.980000	0.010430
1.280000	0.990000	0.005219
1.290000	0.500000	0.147725
1.290000	0.510000	0.148299
1.290000	0.520000	0.148732
1.290000	0.530000	0.149023
1.290000	0.540000	0.149168
1.290000	0.550000	0.149167
1.290000	0.560000	0.149015
1.290000	0.570000	0.148713
1.290000	0.580000	0.148256
1.290000	0.590000	0.147645
1.290000	0.600000	0.146877
1.290000	0.610000	0.145951
1.290000	0.620000	0.144866
1.290000	0.630000	0.143621
1.290000	0.640000	0.142215
1.290000	0.650000	0.140647
1.290000	0.660000	0.138917
1.290000	0.670000	0.137026
1.290000	0.680000	0.134972
1.290000	0.690000	0.132758
1.290000	0.700000	0.130383
1.290000	0.710000	0.127848
1.290000	0.720000	0.125155
1.290000	0.730000	0.122304
1.290000	0.740000	0.119299
1.290000	0.750000	0.116141
1.290000	0.760000	0.112832
1.290000	0.770000	0.109376
1.290000	0.780000	0.105775
1.290000	0.790000	0.102033
1.290000	0.800000	0.098154
1.290000	0.810000	0.094141
1.290000	0.820000	0.089999
1.290000	0.830000	0.085732
1.290000	0.840000	0.081346
1.290000	0.850000	0.076846
1.290000	0.860000	0.072237
1.290000	0.870000	0.067526
1.290000	0.880000	0.062717
1.290000	0.890000	0.057819
1.290000	0.900000	0.052836
1.290000	0.910000	0.047777
1.290000	0.920000	0.042647
1.290000	0.930000	0.037455
1.290000	0.940000	0.032208
1.290000	0.950000	0.026914
1.290000	0.960000	0.021579
1.290000	0.970000	0.016212
1.290000	0.980000	0.010822
1.290000	0.990000	0.005415
1.300000	0.500000	0.152466
1.300000	0.510000	0.153080
1.300000	0.520000	0.153551
1.300000	0.530000	0.153874
1.300000	0.540000	0.154047
1.300000	0.550000	0.154069
1.300000	0.560000	0.153936
1.300000	0.570000	0.153646
1.300000	0.580000	0.153198
1.300000	0.590000	0.152590
1.300000	0.600000	0.151819
1.300000	0.610000	0.150885
1.300000	0.620000	0.149786
1.300000	0.630000	0.148520
1.300000	0.640000	0.147088
1.300000	0.650000	0.145489
1.300000	0.660000	0.143721
1.300000	0.670000	0.141785
1.300000	0.680000	0.139680
1.300000	0.690000	0.137408
1.300000	0.700000	0.134969
1.300000	0.710000	0.132363
1.300000	0.720000	0.129593
1.300000	0.730000	0.126658
1.300000	0.740000	0.123563
1.300000	0.750000	0.120307
1.300000	0.760000	0.116895
1.300000	0.770000	0.113328
1.300000	0.780000	0.109610
1.300000	0.790000	0.105745
1.300000	0.800000	0.101735
1.300000	0.810000	0.097587
1.300000	0.820000	0.093303
1.300000	0.830000	0.088888
1.300000	0.840000	0.084349
1.300000	0.850000	0.079690
1.300000	0.860000	0.074917
1.300000	0.870000	0.070036
1.300000	0.880000	0.065054
1.300000	0.890000	0.059977
1.300000	0.900000	0.054812
1.300000	0.910000	0.049566
1.300000	0.920000	0.044247
1.300000	0.930000	0.038862
1.300000	0.940000	0.033419
1.300000	0.950000	0.027926
1.300000	0.960000	0.022392
1.300000	0.970000	0.016823
1.300000	0.980000	0.011230
1.300000	0.990000	0.005619
1.310000	0.500000	0.157352
1.310000	0.510000	0.158010
1.310000	0.520000	0.158520
1.310000	0.530000	0.158878
1.310000	0.540000	0.159082
1.310000	0.550000	0.159129
1.310000	0.560000	0.159016
1.310000	0.570000	0.158742
1.310000	0.580000	0.158304
1.310000	0.590000	0.157700
1.310000	0.600000	0.156928
1.310000	0.610000	0.155987
1.310000	0.620000	0.154875
1.310000	0.630000	0.153591
1.310000	0.640000	0.152133
1.310000	0.650000	0.150502
1.310000	0.660000	0.148696
1.310000	0.670000	0.146715
1.310000	0.680000	0.144559
1.310000	0.690000	0.142229
1.310000	0.700000	0.139724
1.310000	0.710000	0.137047
1.310000	0.720000	0.134197
1.310000	0.730000	0.131177
1.310000	0.740000	0.127988
1.310000	0.750000	0.124633
1.310000	0.760000	0.121114
1.310000	0.770000	0.117433
1.310000	0.780000	0.113595
1.310000	0.790000	0.109602
1.310000	0.800000	0.105459
1.310000	0.810000	0.101170
1.310000	0.820000	0.096739
1.310000	0.830000	0.092172
1.310000	0.840000	0.087473
1.310000	0.850000	0.082649
1.310000	0.860000	0.077706
1.310000	0.870000	0.072649
1.310000	0.880000	0.067486
1.310000	0.890000	0.062224
1.310000	0.900000	0.056869
1.310000	0.910000	0.051430
1.310000	0.920000	0.045913
1.310000	0.930000	0.040327
1.310000	0.940000	0.034681
1.310000	0.950000	0.028982
1.310000	0.960000	0.023239
1.310000	0.970000	0.017460
1.310000	0.980000	0.011655
1.310000	0.990000	0.005832
1.320000	0.500000	0.162388
1.320000	0.510000	0.163093
1.320000	0.520000	0.163645
1.320000	0.530000	0.164041
1.320000	0.540000	0.164278
1.320000	0.550000	0.164352
1.320000	0.560000	0.164263
1.320000	0.570000	0.164006
1.320000	0.580000	0.163580
1.320000	0.590000	0.162982
1.320000	0.600000	0.162211
1.320000	0.610000	0.161264
1.320000	0.620000	0.160140
1.320000	0.630000	0.158838
1.320000	0.640000	0.157356
1.320000	0.650000	0.155693
1.320000	0.660000	0.153849
1.320000	0.670000	0.151823
1.320000	0.680000	0.149616
1.320000	0.690000	0.147227
1.320000	0.700000	0.144656
1.320000	0.710000	0.141906
1.320000	0.720000	0.138975
1.320000	0.730000	0.135868
1.320000	0.740000	0.132584
1.320000	0.750000	0.129126
1.320000	0.760000	0.125497
1.320000	0.770000	0.121699
1.320000	0.780000	0.117737
1.320000	0.790000	0.113612
1.320000	0.800000	0.109331
1.320000	0.810000	0.104896
1.320000	0.820000	0.100314
1.320000	0.830000	0.095588
1.320000	0.840000	0.090725
1.320000	0.850000	0.085730
1.320000	0.860000	0.080609
1.320000	0.870000	0.075371
1.320000	0.880000	0.070020
1.320000	0.890000	0.064565
1.320000	0.900000	0.059013
1.320000	0.910000	0.053371
1.320000	0.920000	0.047649
1.320000	0.930000	0.041855
1.320000	0.940000	0.035996
1.320000	0.950000	0.030082
1.320000	0.960000	0.024121
1.320000	0.970000	0.018124
1.320000	0.980000	0.012098
1.320000	0.990000	0.006054
1.330000	0.500000	0.167578
1.330000	0.510000	0.168333
1.330000	0.520000	0.168930
1.330000	0.530000	0.169367
1.330000	0.540000	0.169639
1.330000	0.550000	0.169744
1.330000	0.560000	0.169680
1.330000	0.570000	0.169443
1.330000	0.580000	0.169031
1.330000	0.590000	0.168441
1.330000	0.600000	0.167672
1.330000	0.610000	0.166722
1.330000	0.620000	0.165587
1.330000	0.630000	0.164268
1.330000	0.640000	0.162762
1.330000	0.650000	0.161069
1.330000	0.660000	0.159188
1.330000	0.670000	0.157117
1.330000	0.680000	0.154858
1.330000	0.690000	0.152409
1.330000	0.700000	0.149772
1.330000	0.710000	0.146947
1.330000	0.720000	0.143934
1.330000	0.730000	0.140737
1.330000	0.740000	0.137355
1.330000	0.750000	0.133793
1.330000	0.760000	0.130051
1.330000	0.770000	0.126133
1.330000	0.780000	0.122042
1.330000	0.790000	0.117783
1.330000	0.800000	0.113358
1.330000	0.810000	0.108773
1.330000	0.820000	0.104033
1.330000	0.830000	0.099144
1.330000	0.840000	0.094109
1.330000	0.850000	0.088937
1.330000	0.860000	0.083633
1.330000	0.870000	0.078205
1.330000	0.880000	0.072659
1.330000	0.890000	0.067004
1.330000	0.900000	0.061246
1.330000	0.910000	0.055395
1.330000	0.920000	0.049459
1.330000	0.930000	0.043447
1.330000	0.940000	0.037367
1.330000	0.950000	0.031229
1.330000	0.960000	0.025042
1.330000	0.970000	0.018816
1.330000	0.980000	0.012560
1.330000	0.990000	0.006285
1.340000	0.500000	0.172927
1.340000	0.510000	0.173734
1.340000	0.520000	0.174380
1.340000	0.530000	0.174860
1.340000	0.540000	0.175171
1.340000	0.550000	0.175310
1.340000	0.560000	0.175273
1.340000	0.570000	0.175059
1.340000	0.580000	0.174663
1.340000	0.590000	0.174084
1.340000	0.600000	0.173319
1.340000	0.610000	0.172366
1.340000	0.620000	0.171223
1.340000	0.630000	0.169888
1.340000	0.640000	0.168360
1.340000	0.650000	0.166637
1.340000	0.660000	0.164718
1.340000	0.670000	0.162603
1.340000	0.680000	0.160292
1.340000	0.690000	0.157783
1.340000	0.700000	0.155078
1.340000	0.710000	0.152177
1.340000	0.720000	0.149082
1.340000	0.730000	0.145793
1.340000	0.740000	0.142312
1.340000	0.750000	0.138641
1.340000	0.760000	0.134783
1.340000	0.770000	0.130742
1.340000	0.780000	0.126519
1.340000	0.790000	0.122120
1.340000	0.800000	0.117548
1.340000	0.810000	0.112808
1.340000	0.820000	0.107905
1.340000	0.830000	0.102845
1.340000	0.840000	0.097634
1.340000	0.850000	0.092278
1.340000	0.860000	0.086784
1.340000	0.870000	0.081159
1.340000	0.880000	0.075410
1.340000	0.890000	0.069546
1.340000	0.900000	0.063575
1.340000	0.910000	0.057505
1.340000	0.920000	0.051346
1.340000	0.930000	0.045107
1.340000	0.940000	0.038796
1.340000	0.950000	0.032425
1.340000	0.960000	0.026002
1.340000	0.970000	0.019538
1.340000	0.980000	0.013042
1.340000	0.990000	0.006526
1.350000	0.500000	0.178438
1.350000	0.510000	0.179302
1.350000	0.520000	0.179999
1.350000	0.530000	0.180526
1.350000	0.540000	0.180879
1.350000	0.550000	0.181054
1.350000	0.560000	0.181049
1.350000	0.570000	0.180859
1.350000	0.580000	0.180483
1.350000	0.590000	0.179916
1.350000	0.600000	0.179158
1.350000	0.610000	0.178205
1.350000	0.620000	0.177054
1.350000	0.630000	0.175705
1.350000	0.640000	0.174156
1.350000	0.650000	0.172404
1.350000	0.660000	0.170449
1.350000	0.670000	0.168289
1.350000	0.680000	0.165926
1.350000	0.690000	0.163357
1.350000	0.700000	0.160584
1.350000	0.710000	0.157606
1.350000	0.720000	0.154426
1.350000	0.730000	0.151043
1.350000	0.740000	0.147460
1.350000	0.750000	0.143679
1.350000	0.760000	0.139703
1.350000	0.770000	0.135534
1.350000	0.780000	0.131175
1.350000	0.790000	0.126632
1.350000	0.800000	0.121908
1.350000	0.810000	0.117008
1.350000	0.820000	0.111937
1.350000	0.830000	0.106701
1.350000	0.840000	0.101306
1.350000	0.850000	0.095759
1.350000	0.860000	0.090067
1.350000	0.870000	0.084237
1.350000	0.880000	0.078278
1.350000	0.890000	0.072197
1.350000	0.900000	0.066003
1.350000	0.910000	0.059706
1.350000	0.920000	0.053315
1.350000	0.930000	0.046839
1.350000	0.940000	0.040288
1.350000	0.950000	0.033673
1.350000	0.960000	0.027004
1.350000	0.970000	0.020291
1.350000	0.980000	0.013546
1.350000	0.990000	0.006778
1.360000	0.500000	0.184116
1.360000	0.510000	0.185040
1.360000	0.520000	0.185793
1.360000	0.530000	0.186371
1.360000	0.540000	0.186768
1.360000	0.550000	0.186983
1.360000	0.560000	0.187012
1.360000	0.570000	0.186850
1.360000	0.580000	0.186495
1.360000	0.590000	0.185945
1.360000	0.600000	0.185195
1.360000	0.610000	0.184244
1.360000	0.620000	0.183088
1.360000	0.630000	0.181727
1.360000	0.640000	0.180157
1.360000	0.650000	0.178377
1.360000	0.660000	0.176386
1.360000	0.670000	0.174184
1.360000	0.680000	0.171768
1.360000	0.690000	0.169139
1.360000	0.700000	0.166296
1.360000	0.710000	0.163241
1.360000	0.720000	0.159974
1.360000	0.730000	0.156497
1.360000	0.740000	0.152810
1.360000	0.750000	0.148916
1.360000	0.760000	0.144817
1.360000	0.770000	0.140517
1.360000	0.780000	0.136019
1.360000	0.790000	0.131327
1.360000	0.800000	0.126446
1.360000	0.810000	0.121380
1.360000	0.820000	0.116135
1.360000	0.830000	0.110716
1.360000	0.840000	0.105131
1.360000	0.850000	0.099386
1.360000	0.860000	0.093489
1.360000	0.870000	0.087446
1.360000	0.880000	0.081268
1.360000	0.890000	0.074961
1.360000	0.900000	0.068536
1.360000	0.910000	0.062002
1.360000	0.920000	0.055369
1.360000	0.930000	0.048646
1.360000	0.940000	0.041845
1.360000	0.950000	0.034976
1.360000	0.960000	0.028049
1.360000	0.970000	0.021077
1.360000	0.980000	0.014071
1.360000	0.990000	0.007041
1.370000	0.500000	0.189966
1.370000	0.510000	0.190954
1.370000	0.520000	0.191767
1.370000	0.530000	0.192398
1.370000	0.540000	0.192844
1.370000	0.550000	0.193102
1.370000	0.560000	0.193168
1.370000	0.570000	0.193038
1.370000	0.580000	0.192708
1.370000	0.590000	0.192176
1.370000	0.600000	0.191437
1.370000	0.610000	0.190490
1.370000	0.620000	0.189332
1.370000	0.630000	0.187959
1.370000	0.640000	0.186371
1.370000	0.650000	0.184565
1.370000	0.660000	0.182540
1.370000	0.670000	0.180294
1.370000	0.680000	0.177826
1.370000	0.690000	0.175137
1.370000	0.700000	0.172225
1.370000	0.710000	0.169092
1.370000	0.720000	0.165737
1.370000	0.730000	0.162162
1.370000	0.740000	0.158369
1.370000	0.750000	0.154359
1.370000	0.760000	0.150136
1.370000	0.770000	0.145701
1.370000	0.780000	0.141060
1.370000	0.790000	0.136215
1.370000	0.800000	0.131171
1.370000	0.810000	0.125934
1.370000	0.820000	0.120508
1.370000	0.830000	0.114901
1.370000	0.840000	0.109118
1.370000	0.850000	0.103168
1.370000	0.860000	0.097057
1.370000	0.870000	0.090794
1.370000	0.880000	0.084387
1.370000	0.890000	0.077846
1.370000	0.900000	0.071180
1.370000	0.910000	0.064399
1.370000	0.920000	0.057513
1.370000	0.930000	0.050533
1.370000	0.940000	0.043470
1.370000	0.950000	0.036336
1.370000	0.960000	0.029142
1.370000	0.970000	0.021899
1.370000	0.980000	0.014619
1.370000	0.990000	0.007316
1.380000	0.500000	0.195992
1.380000	0.510000	0.197049
1.380000	0.520000	0.197924
1.380000	0.530000	0.198614
1.380000	0.540000	0.199113
1.380000	0.550000	0.199418
1.380000	0.560000	0.199524
1.380000	0.570000	0.199429
1.380000	0.580000	0.199127
1.380000	0.590000	0.198616
1.380000	0.600000	0.197892
1.380000	0.610000	0.196952
1.380000	0.620000	0.195792
1.380000	0.630000	0.194412
1.380000	0.640000	0.192807
1.380000	0.650000	0.190976
1.380000	0.660000	0.188917
1.380000	0.670000	0.186629
1.380000	0.680000	0.184110
1.380000	0.690000	0.181360
1.380000	0.700000	0.178379
1.380000	0.710000	0.175166
1.380000	0.720000	0.171722
1.380000	0.730000	0.168049
1.380000	0.740000	0.164147
1.380000	0.750000	0.160019
1.380000	0.760000	0.155668
1.380000	0.770000	0.151095
1.380000	0.780000	0.146306
1.380000	0.790000	0.141303
1.380000	0.800000	0.136092
1.380000	0.810000	0.130677
1.380000	0.820000	0.125066
1.380000	0.830000	0.119263
1.380000	0.840000	0.113276
1.380000	0.850000	0.107112
1.380000	0.860000	0.100779
1.380000	0.870000	0.094286
1.380000	0.880000	0.087642
1.380000	0.890000	0.080857
1.380000	0.900000	0.073939
1.380000	0.910000	0.066901
1.380000	0.920000	0.059752
1.380000	0.930000	0.052504
1.380000	0.940000	0.045168
1.380000	0.950000	0.037757
1.380000	0.960000	0.030282
1.380000	0.970000	0.022757
1.380000	0.980000	0.015193
1.380000	0.990000	0.007603
1.390000	0.500000	0.202199
1.390000	0.510000	0.203329
1.390000	0.520000	0.204272
1.390000	0.530000	0.205023
1.390000	0.540000	0.205579
1.390000	0.550000	0.205935
1.390000	0.560000	0.206087
1.390000	0.570000	0.206029
1.390000	0.580000	0.205759
1.390000	0.590000	0.205273
1.390000	0.600000	0.204566
1.390000	0.610000	0.203636
1.390000	0.620000	0.202478
1.390000	0.630000	0.201091
1.390000	0.640000	0.199472
1.390000	0.650000	0.197618
1.390000	0.660000	0.195527
1.390000	0.670000	0.193197
1.390000	0.680000	0.190628
1.390000	0.690000	0.187818
1.390000	0.700000	0.184766
1.390000	0.710000	0.181474
1.390000	0.720000	0.177940
1.390000	0.730000	0.174167
1.390000	0.740000	0.170155
1.390000	0.750000	0.165906
1.390000	0.760000	0.161423
1.390000	0.770000	0.156709
1.390000	0.780000	0.151767
1.390000	0.790000	0.146602
1.390000	0.800000	0.141218
1.390000	0.810000	0.135621
1.390000	0.820000	0.129816
1.390000	0.830000	0.123810
1.390000	0.840000	0.117611
1.390000	0.850000	0.111226
1.390000	0.860000	0.104663
1.390000	0.870000	0.097932
1.390000	0.880000	0.091041
1.390000	0.890000	0.084000
1.390000	0.900000	0.076821
1.390000	0.910000	0.069514
1.390000	0.920000	0.062091
1.390000	0.930000	0.054563
1.390000	0.940000	0.046942
1.390000	0.950000	0.039242
1.390000	0.960000	0.031475
1.390000	0.970000	0.023654
1.390000	0.980000	0.015792
1.390000	0.990000	0.007903
1.400000	0.500000	0.208592
1.400000	0.510000	0.209799
1.400000	0.520000	0.210814
1.400000	0.530000	0.211633
1.400000	0.540000	0.212250
1.400000	0.550000	0.212661
1.400000	0.560000	0.212861
1.400000	0.570000	0.212846
1.400000	0.580000	0.212612
1.400000	0.590000	0.212153
1.400000	0.600000	0.211467
1.400000	0.610000	0.210550
1.400000	0.620000	0.209398
1.400000	0.630000	0.208007
1.400000	0.640000	0.206375
1.400000	0.650000	0.204500
1.400000	0.660000	0.202378
1.400000	0.670000	0.200009
1.400000	0.680000	0.197390
1.400000	0.690000	0.194520
1.400000	0.700000	0.191399
1.400000	0.710000	0.188026
1.400000	0.720000	0.184401
1.400000	0.730000	0.180526
1.400000	0.740000	0.176401
1.400000	0.750000	0.172029
1.400000	0.760000	0.167412
1.400000	0.770000	0.162552
1.400000	0.780000	0.157454
1.400000	0.790000	0.152122
1.400000	0.800000	0.146560
1.400000	0.810000	0.140773
1.400000	0.820000	0.134769
1.400000	0.830000	0.128554
1.400000	0.840000	0.122135
1.400000	0.850000	0.115520
1.400000	0.860000	0.108717
1.400000	0.870000	0.101738
1.400000	0.880000	0.094590
1.400000	0.890000	0.087284
1.400000	0.900000	0.079832
1.400000	0.910000	0.072245
1.400000	0.920000	0.064536
1.400000	0.930000	0.056715
1.400000	0.940000	0.048797
1.400000	0.950000	0.040795
1.400000	0.960000	0.032722
1.400000	0.970000	0.024591
1.400000	0.980000	0.016418
1.400000	0.990000	0.008216
1.410000	0.500000	0.215175
1.410000	0.510000	0.216464
1.410000	0.520000	0.217557
1.410000	0.530000	0.218447
1.410000	0.540000	0.219130
1.410000	0.550000	0.219601
1.410000	0.560000	0.219855
1.410000	0.570000	0.219886
1.410000	0.580000	0.219691
1.410000	0.590000	0.219265
1.410000	0.600000	0.218604
1.410000	0.610000	0.217703
1.410000	0.620000	0.216558
1.410000	0.630000	0.215167
1.410000	0.640000	0.213526
1.410000	0.650000	0.211631
1.410000	0.660000	0.209481
1.410000	0.670000	0.207073
1.410000	0.680000	0.204405
1.410000	0.690000	0.201476
1.410000	0.700000	0.198285
1.410000	0.710000	0.194832
1.410000	0.720000	0.191116
1.410000	0.730000	0.187137
1.410000	0.740000	0.182899
1.410000	0.750000	0.178401
1.410000	0.760000	0.173646
1.410000	0.770000	0.168637
1.410000	0.780000	0.163378
1.410000	0.790000	0.157874
1.410000	0.800000	0.152128
1.410000	0.810000	0.146146
1.410000	0.820000	0.139936
1.410000	0.830000	0.133503
1.410000	0.840000	0.126855
1.410000	0.850000	0.120002
1.410000	0.860000	0.112951
1.410000	0.870000	0.105713
1.410000	0.880000	0.098297
1.410000	0.890000	0.090716
1.410000	0.900000	0.082979
1.410000	0.910000	0.075100
1.410000	0.920000	0.067092
1.410000	0.930000	0.058966
1.410000	0.940000	0.050737
1.410000	0.950000	0.042419
1.410000	0.960000	0.034026
1.410000	0.970000	0.025572
1.410000	0.980000	0.017074
1.410000	0.990000	0.008544
1.420000	0.500000	0.221953
1.420000	0.510000	0.223330
1.420000	0.520000	0.224505
1.420000	0.530000	0.225472
1.420000	0.540000	0.226226
1.420000	0.550000	0.226762
1.420000	0.560000	0.227074
1.420000	0.570000	0.227157
1.420000	0.580000	0.227006
1.420000	0.590000	0.226616
1.420000	0.600000	0.225983
1.420000	0.610000	0.225102
1.420000	0.620000	0.223969
1.420000	0.630000	0.222581
1.420000	0.640000	0.220933
1.420000	0.650000	0.219022
1.420000	0.660000	0.216845
1.420000	0.670000	0.214400
1.420000	0.680000	0.211685
1.420000	0.690000	0.208698
1.420000	0.700000	0.205438
1.420000	0.710000	0.201903
1.420000	0.720000	0.198095
1.420000	0.730000	0.194012
1.420000	0.740000	0.189657
1.420000	0.750000	0.185031
1.420000	0.760000	0.180136
1.420000	0.770000	0.174975
1.420000	0.780000	0.169551
1.420000	0.790000	0.163869
1.420000	0.800000	0.157933
1.420000	0.810000	0.151750
1.420000	0.820000	0.145326
1.420000	0.830000	0.138668
1.420000	0.840000	0.131784
1.420000	0.850000	0.124683
1.420000	0.860000	0.117374
1.420000	0.870000	0.109867
1.420000	0.880000	0.102173
1.420000	0.890000	0.094303
1.420000	0.900000	0.086270
1.420000	0.910000	0.078086
1.420000	0.920000	0.069765
1.420000	0.930000	0.061321
1.420000	0.940000	0.052767
1.420000	0.950000	0.044118
1.420000	0.960000	0.035391
1.420000	0.970000	0.026599
1.420000	0.980000	0.017760
1.420000	0.990000	0.008888
1.430000	0.500000	0.228932
1.430000	0.510000	0.230402
1.430000	0.520000	0.231665
1.430000	0.530000	0.232714
1.430000	0.540000	0.233544
1.430000	0.550000	0.234150
1.430000	0.560000	0.234525
1.430000	0.570000	0.234664
1.430000	0.580000	0.234562
1.430000	0.590000	0.234214
1.430000	0.600000	0.233613
1.430000	0.610000	0.232757
1.430000	0.620000	0.231640
1.430000	0.630000	0.230257
1.430000	0.640000	0.228605
1.430000	0.650000	0.226681
1.430000	0.660000	0.224481
1.430000	0.670000	0.222001
1.430000	0.680000	0.219240
1.430000	0.690000	0.216196
1.430000	0.700000	0.212867
1.430000	0.710000	0.209252
1.430000	0.720000	0.205350
1.430000	0.730000	0.201163
1.430000	0.740000	0.196690
1.430000	0.750000	0.191933
1.430000	0.760000	0.186894
1.430000	0.770000	0.181577
1.430000	0.780000	0.175984
1.430000	0.790000	0.170119
1.430000	0.800000	0.163988
1.430000	0.810000	0.157597
1.430000	0.820000	0.150953
1.430000	0.830000	0.144062
1.430000	0.840000	0.136932
1.430000	0.850000	0.129574
1.430000	0.860000	0.121996
1.430000	0.870000	0.114209
1.430000	0.880000	0.106225
1.430000	0.890000	0.098055
1.430000	0.900000	0.089713
1.430000	0.910000	0.081211
1.430000	0.920000	0.072563
1.430000	0.930000	0.063785
1.430000	0.940000	0.054892
1.430000	0.950000	0.045898
1.430000	0.960000	0.036820
1.430000	0.970000	0.027675
1.430000	0.980000	0.018478
1.430000	0.990000	0.009248
1.440000	0.500000	0.236116
1.440000	0.510000	0.237685
1.440000	0.520000	0.239041
1.440000	0.530000	0.240179
1.440000	0.540000	0.241091
1.440000	0.550000	0.241772
1.440000	0.560000	0.242216
1.440000	0.570000	0.242417
1.440000	0.580000	0.242369
1.440000	0.590000	0.242066
1.440000	0.600000	0.241504
1.440000	0.610000	0.240676
1.440000	0.620000	0.239578
1.440000	0.630000	0.238206
1.440000	0.640000	0.236554
1.440000	0.650000	0.234620
1.440000	0.660000	0.232398
1.440000	0.670000	0.229886
1.440000	0.680000	0.227082
1.440000	0.690000	0.223982
1.440000	0.700000	0.220585
1.440000	0.710000	0.216890
1.440000	0.720000	0.212895
1.440000	0.730000	0.208601
1.440000	0.740000	0.204009
1.440000	0.750000	0.199120
1.440000	0.760000	0.193935
1.440000	0.770000	0.188457
1.440000	0.780000	0.182690
1.440000	0.790000	0.176638
1.440000	0.800000	0.170306
1.440000	0.810000	0.163700
1.440000	0.820000	0.156827
1.440000	0.830000	0.149695
1.440000	0.840000	0.142311
1.440000	0.850000	0.134686
1.440000	0.860000	0.126829
1.440000	0.870000	0.118751
1.440000	0.880000	0.110464
1.440000	0.890000	0.101981
1.440000	0.900000	0.093316
1.440000	0.910000	0.084482
1.440000	0.920000	0.075493
1.440000	0.930000	0.066367
1.440000	0.940000	0.057117
1.440000	0.950000	0.047762
1.440000	0.960000	0.038317
1.440000	0.970000	0.028801
1.440000	0.980000	0.019231
1.440000	0.990000	0.009625
1.450000	0.500000	0.243509
1.450000	0.510000	0.245184
1.450000	0.520000	0.246640
1.450000	0.530000	0.247872
1.450000	0.540000	0.248872
1.450000	0.550000	0.249635
1.450000	0.560000	0.250154
1.450000	0.570000	0.250422
1.450000	0.580000	0.250433
1.450000	0.590000	0.250182
1.450000	0.600000	0.249662
1.450000	0.610000	0.248869
1.450000	0.620000	0.247795
1.450000	0.630000	0.246437
1.450000	0.640000	0.244790
1.450000	0.650000	0.242848
1.450000	0.660000	0.240609
1.450000	0.670000	0.238068
1.450000	0.680000	0.235221
1.450000	0.690000	0.232068
1.450000	0.700000	0.228604
1.450000	0.710000	0.224829
1.450000	0.720000	0.220742
1.450000	0.730000	0.216341
1.450000	0.740000	0.211628
1.450000	0.750000	0.206604
1.450000	0.760000	0.201270
1.450000	0.770000	0.195629
1.450000	0.780000	0.189684
1.450000	0.790000	0.183439
1.450000	0.800000	0.176900
1.450000	0.810000	0.170073
1.450000	0.820000	0.162964
1.450000	0.830000	0.155581
1.450000	0.840000	0.147934
1.450000	0.850000	0.140031
1.450000	0.860000	0.131883
1.450000	0.870000	0.123502
1.450000	0.880000	0.114901
1.450000	0.890000	0.106092
1.450000	0.900000	0.097089
1.450000	0.910000	0.087907
1.450000	0.920000	0.078563
1.450000	0.930000	0.069071
1.450000	0.940000	0.059449
1.450000	0.950000	0.049715
1.450000	0.960000	0.039887
1.450000	0.970000	0.029982
1.450000	0.980000	0.020020
1.450000	0.990000	0.010020
1.460000	0.500000	0.251118
1.460000	0.510000	0.252905
1.460000	0.520000	0.254468
1.460000	0.530000	0.255800
1.460000	0.540000	0.256895
1.460000	0.550000	0.257746
1.460000	0.560000	0.258345
1.460000	0.570000	0.258687
1.460000	0.580000	0.258764
1.460000	0.590000	0.258570
1.460000	0.600000	0.258099
1.460000	0.610000	0.257344
1.460000	0.620000	0.256300
1.460000	0.630000	0.254961
1.460000	0.640000	0.253322
1.460000	0.650000	0.251378
1.460000	0.660000	0.249124
1.460000	0.670000	0.246557
1.460000	0.680000	0.243672
1.460000	0.690000	0.240466
1.460000	0.700000	0.236938
1.460000	0.710000	0.233084
1.460000	0.720000	0.228904
1.460000	0.730000	0.224396
1.460000	0.740000	0.219562
1.460000	0.750000	0.214401
1.460000	0.760000	0.208915
1.460000	0.770000	0.203106
1.460000	0.780000	0.196979
1.460000	0.790000	0.190537
1.460000	0.800000	0.183784
1.460000	0.810000	0.176728
1.460000	0.820000	0.169376
1.460000	0.830000	0.161734
1.460000	0.840000	0.153813
1.460000	0.850000	0.145622
1.460000	0.860000	0.137173
1.460000	0.870000	0.128476
1.460000	0.880000	0.119546
1.460000	0.890000	0.110396
1.460000	0.900000	0.101041
1.460000	0.910000	0.091497
1.460000	0.920000	0.081780
1.460000	0.930000	0.071906
1.460000	0.940000	0.061895
1.460000	0.950000	0.051764
1.460000	0.960000	0.041533
1.460000	0.970000	0.031221
1.460000	0.980000	0.020848
1.460000	0.990000	0.010434
1.470000	0.500000	0.258947
1.470000	0.510000	0.260852
1.470000	0.520000	0.262529
1.470000	0.530000	0.263969
1.470000	0.540000	0.265165
1.470000	0.550000	0.266111
1.470000	0.560000	0.266798
1.470000	0.570000	0.267220
1.470000	0.580000	0.267369
1.470000	0.590000	0.267239
1.470000	0.600000	0.266822
1.470000	0.610000	0.266112
1.470000	0.620000	0.265103
1.470000	0.630000	0.263788
1.470000	0.640000	0.262163
1.470000	0.650000	0.260220
1.470000	0.660000	0.257956
1.470000	0.670000	0.255366
1.470000	0.680000	0.252446
1.470000	0.690000	0.249191
1.470000	0.700000	0.245599
1.470000	0.710000	0.241668
1.470000	0.720000	0.237396
1.470000	0.730000	0.232781
1.470000	0.740000	0.227824
1.470000	0.750000	0.222524
1.470000	0.760000	0.216884
1.470000	0.770000	0.210906
1.470000	0.780000	0.204591
1.470000	0.790000	0.197946
1.470000	0.800000	0.190974
1.470000	0.810000	0.183683
1.470000	0.820000	0.176078
1.470000	0.830000	0.168169
1.470000	0.840000	0.159964
1.470000	0.850000	0.151474
1.470000	0.860000	0.142710
1.470000	0.870000	0.133685
1.470000	0.880000	0.124413
1.470000	0.890000	0.114908
1.470000	0.900000	0.105185
1.470000	0.910000	0.095261
1.470000	0.920000	0.085153
1.470000	0.930000	0.074880
1.470000	0.940000	0.064460
1.470000	0.950000	0.053914
1.470000	0.960000	0.043261
1.470000	0.970000	0.032521
1.470000	0.980000	0.021717
1.470000	0.990000	0.010869
1.480000	0.500000	0.267001
1.480000	0.510000	0.269032
1.480000	0.520000	0.270830
1.480000	0.530000	0.272385
1.480000	0.540000	0.273690
1.480000	0.550000	0.274738
1.480000	0.560000	0.275520
1.480000	0.570000	0.276029
1.480000	0.580000	0.276257
1.480000	0.590000	0.276197
1.480000	0.600000	0.275841
1.480000	0.610000	0.275182
1.480000	0.620000	0.274214
1.480000	0.630000	0.272930
1.480000	0.640000	0.271323
1.480000	0.650000	0.269388
1.480000	0.660000	0.267118
1.480000	0.670000	0.264509
1.480000	0.680000	0.261556
1.480000	0.690000	0.258256
1.480000	0.700000	0.254603
1.480000	0.710000	0.250596
1.480000	0.720000	0.246233
1.480000	0.730000	0.241511
1.480000	0.740000	0.236431
1.480000	0.750000	0.230992
1.480000	0.760000	0.225195
1.480000	0.770000	0.219043
1.480000	0.780000	0.212538
1.480000	0.790000	0.205684
1.480000	0.800000	0.198487
1.480000	0.810000	0.190952
1.480000	0.820000	0.183087
1.480000	0.830000	0.174900
1.480000	0.840000	0.166401
1.480000	0.850000	0.157601
1.480000	0.860000	0.148510
1.480000	0.870000	0.139143
1.480000	0.880000	0.129514
1.480000	0.890000	0.119638
1.480000	0.900000	0.109530
1.480000	0.910000	0.099209
1.480000	0.920000	0.088693
1.480000	0.930000	0.078001
1.480000	0.940000	0.067154
1.480000	0.950000	0.056171
1.480000	0.960000	0.045074
1.480000	0.970000	0.033886
1.480000	0.980000	0.022630
1.480000	0.990000	0.011326
1.490000	0.500000	0.275284
1.490000	0.510000	0.277450
1.490000	0.520000	0.279376
1.490000	0.530000	0.281054
1.490000	0.540000	0.282476
1.490000	0.550000	0.283634
1.490000	0.560000	0.284518
1.490000	0.570000	0.285122
1.490000	0.580000	0.285436
1.490000	0.590000	0.285454
1.490000	0.600000	0.285166
1.490000	0.610000	0.284566
1.490000	0.620000	0.283645
1.490000	0.630000	0.282397
1.490000	0.640000	0.280815
1.490000	0.650000	0.278892
1.490000	0.660000	0.276622
1.490000	0.670000	0.273999
1.490000	0.680000	0.271018
1.490000	0.690000	0.267674
1.490000	0.700000	0.263964
1.490000	0.710000	0.259884
1.490000	0.720000	0.255431
1.490000	0.730000	0.250603
1.490000	0.740000	0.245399
1.490000	0.750000	0.239819
1.490000	0.760000	0.233863
1.490000	0.770000	0.227534
1.490000	0.780000	0.220834
1.490000	0.790000	0.213767
1.490000	0.800000	0.206338
1.490000	0.810000	0.198553
1.490000	0.820000	0.190420
1.490000	0.830000	0.181946
1.490000	0.840000	0.173142
1.490000	0.850000	0.164019
1.490000	0.860000	0.154589
1.490000	0.870000	0.144865
1.490000	0.880000	0.134864
1.490000	0.890000	0.124599
1.490000	0.900000	0.114090
1.490000	0.910000	0.103354
1.490000	0.920000	0.092410
1.490000	0.930000	0.081279
1.490000	0.940000	0.069982
1.490000	0.950000	0.058542
1.490000	0.960000	0.046980
1.490000	0.970000	0.035321
1.490000	0.980000	0.023589
1.490000	0.990000	0.011807
1.500000	0.500000	0.283803
1.500000	0.510000	0.286111
1.500000	0.520000	0.288174
1.500000	0.530000	0.289983
1.500000	0.540000	0.291530
1.500000	0.550000	0.292806
1.500000	0.560000	0.293801
1.500000	0.570000	0.294508
1.500000	0.580000	0.294916
1.500000	0.590000	0.295019
1.500000	0.600000	0.294807
1.500000	0.610000	0.294273
1.500000	0.620000	0.293407
1.500000	0.630000	0.292202
1.500000	0.640000	0.290651
1.500000	0.650000	0.288746
1.500000	0.660000	0.286481
1.500000	0.670000	0.283850
1.500000	0.680000	0.280845
1.500000	0.690000	0.277463
1.500000	0.700000	0.273698
1.500000	0.710000	0.269547
1.500000	0.720000	0.265006
1.500000	0.730000	0.260072
1.500000	0.740000	0.254745
1.500000	0.750000	0.249024
1.500000	0.760000	0.242908
1.500000	0.770000	0.236399
1.500000	0.780000	0.229501
1.500000	0.790000	0.222215
1.500000	0.800000	0.214548
1.500000	0.810000	0.206505
1.500000	0.820000	0.198094
1.500000	0.830000	0.189323
1.500000	0.840000	0.180203
1.500000	0.850000	0.170745
1.500000	0.860000	0.160961
1.500000	0.870000	0.150867
1.500000	0.880000	0.140477
1.500000	0.890000	0.129808
1.500000	0.900000	0.118878
1.500000	0.910000	0.107707
1.500000	0.920000	0.096315
1.500000	0.930000	0.084724
1.500000	0.940000	0.072956
1.500000	0.950000	0.061034
1.500000	0.960000	0.048984
1.500000	0.970000	0.036830
1.500000	0.980000	0.024597
1.500000	0.990000	0.012312
1.510000	0.500000	0.292561
1.510000	0.510000	0.295020
1.510000	0.520000	0.297229
1.510000	0.530000	0.299178
1.510000	0.540000	0.300859
1.510000	0.550000	0.302261
1.510000	0.560000	0.303376
1.510000	0.570000	0.304194
1.510000	0.580000	0.304706
1.510000	0.590000	0.304903
1.510000	0.600000	0.304775
1.510000	0.610000	0.304314
1.510000	0.620000	0.303510
1.510000	0.630000	0.302356
1.510000	0.640000	0.300844
1.510000	0.650000	0.298964
1.510000	0.660000	0.296711
1.510000	0.670000	0.294076
1.510000	0.680000	0.291053
1.510000	0.690000	0.287637
1.510000	0.700000	0.283821
1.510000	0.710000	0.279602
1.510000	0.720000	0.274976
1.510000	0.730000	0.269938
1.510000	0.740000	0.264489
1.510000	0.750000	0.258625
1.510000	0.760000	0.252347
1.510000	0.770000	0.245657
1.510000	0.780000	0.238555
1.510000	0.790000	0.231047
1.510000	0.800000	0.223135
1.510000	0.810000	0.214827
1.510000	0.820000	0.206130
1.510000	0.830000	0.197052
1.510000	0.840000	0.187604
1.510000	0.850000	0.177798
1.510000	0.860000	0.167647
1.510000	0.870000	0.157165
1.510000	0.880000	0.146370
1.510000	0.890000	0.135278
1.510000	0.900000	0.123908
1.510000	0.910000	0.112282
1.510000	0.920000	0.100420
1.510000	0.930000	0.088345
1.510000	0.940000	0.076083
1.510000	0.950000	0.063656
1.510000	0.960000	0.051092
1.510000	0.970000	0.038417
1.510000	0.980000	0.025658
1.510000	0.990000	0.012843
1.520000	0.500000	0.301563
1.520000	0.510000	0.304182
1.520000	0.520000	0.306546
1.520000	0.530000	0.308645
1.520000	0.540000	0.310468
1.520000	0.550000	0.312007
1.520000	0.560000	0.313251
1.520000	0.570000	0.314190
1.520000	0.580000	0.314814
1.520000	0.590000	0.315113
1.520000	0.600000	0.315079
1.520000	0.610000	0.314700
1.520000	0.620000	0.313967
1.520000	0.630000	0.312872
1.520000	0.640000	0.311406
1.520000	0.650000	0.309559
1.520000	0.660000	0.307324
1.520000	0.670000	0.304692
1.520000	0.680000	0.301657
1.520000	0.690000	0.298212
1.520000	0.700000	0.294351
1.520000	0.710000	0.290068
1.520000	0.720000	0.285359
1.520000	0.730000	0.280220
1.520000	0.740000	0.274648
1.520000	0.750000	0.268643
1.520000	0.760000	0.262202
1.520000	0.770000	0.255327
1.520000	0.780000	0.248020
1.520000	0.790000	0.240283
1.520000	0.800000	0.232121
1.520000	0.810000	0.223540
1.520000	0.820000	0.214548
1.520000	0.830000	0.205153
1.520000	0.840000	0.195365
1.520000	0.850000	0.185198
1.520000	0.860000	0.174664
1.520000	0.870000	0.163779
1.520000	0.880000	0.152561
1.520000	0.890000	0.141026
1.520000	0.900000	0.129196
1.520000	0.910000	0.117093
1.520000	0.920000	0.104738
1.520000	0.930000	0.092156
1.520000	0.940000	0.079374
1.520000	0.950000	0.066416
1.520000	0.960000	0.053312
1.520000	0.970000	0.040089
1.520000	0.980000	0.026776
1.520000	0.990000	0.013403
1.530000	0.500000	0.310815
1.530000	0.510000	0.313604
1.530000	0.520000	0.316132
1.530000	0.530000	0.318390
1.530000	0.540000	0.320367
1.530000	0.550000	0.322051
1.530000	0.560000	0.323434
1.530000	0.570000	0.324503
1.530000	0.580000	0.325250
1.530000	0.590000	0.325662
1.530000	0.600000	0.325729
1.530000	0.610000	0.325442
1.530000	0.620000	0.324790
1.530000	0.630000	0.323763
1.530000	0.640000	0.322351
1.530000	0.650000	0.320545
1.530000	0.660000	0.318336
1.530000	0.670000	0.315715
1.530000	0.680000	0.312675
1.530000	0.690000	0.309207
1.530000	0.700000	0.305305
1.530000	0.710000	0.300962
1.530000	0.720000	0.296174
1.530000	0.730000	0.290936
1.530000	0.740000	0.285245
1.530000	0.750000	0.279097
1.530000	0.760000	0.272493
1.530000	0.770000	0.265432
1.530000	0.780000	0.257916
1.530000	0.790000	0.249946
1.530000	0.800000	0.241528
1.530000	0.810000	0.232667
1.530000	0.820000	0.223370
1.530000	0.830000	0.213647
1.530000	0.840000	0.203508
1.530000	0.850000	0.192965
1.530000	0.860000	0.182034
1.530000	0.870000	0.170729
1.530000	0.880000	0.159068
1.530000	0.890000	0.147071
1.530000	0.900000	0.134760
1.530000	0.910000	0.122156
1.530000	0.920000	0.109284
1.530000	0.930000	0.096169
1.530000	0.940000	0.082840
1.530000	0.950000	0.069324
1.530000	0.960000	0.055651
1.530000	0.970000	0.041850
1.530000	0.980000	0.027954
1.530000	0.990000	0.013993
1.540000	0.500000	0.320320
1.540000	0.510000	0.323289
1.540000	0.520000	0.325992
1.540000	0.530000	0.328420
1.540000	0.540000	0.330560
1.540000	0.550000	0.332401
1.540000	0.560000	0.333933
1.540000	0.570000	0.335144
1.540000	0.580000	0.336022
1.540000	0.590000	0.336558
1.540000	0.600000	0.336738
1.540000	0.610000	0.336553
1.540000	0.620000	0.335991
1.540000	0.630000	0.335041
1.540000	0.640000	0.333694
1.540000	0.650000	0.331938
1.540000	0.660000	0.329763
1.540000	0.670000	0.327161
1.540000	0.680000	0.324122
1.540000	0.690000	0.320638
1.540000	0.700000	0.316701
1.540000	0.710000	0.312304
1.540000	0.720000	0.307442
1.540000	0.730000	0.302108
1.540000	0.740000	0.296299
1.540000	0.750000	0.290011
1.540000	0.760000	0.283244
1.540000	0.770000	0.275995
1.540000	0.780000	0.268266
1.540000	0.790000	0.260060
1.540000	0.800000	0.251379
1.540000	0.810000	0.242231
1.540000	0.820000	0.232621
1.540000	0.830000	0.222559
1.540000	0.840000	0.212056
1.540000	0.850000	0.201124
1.540000	0.860000	0.189778
1.540000	0.870000	0.178035
1.540000	0.880000	0.165913
1.540000	0.890000	0.153433
1.540000	0.900000	0.140616
1.540000	0.910000	0.127488
1.540000	0.920000	0.114072
1.540000	0.930000	0.100398
1.540000	0.940000	0.086494
1.540000	0.950000	0.072390
1.540000	0.960000	0.058117
1.540000	0.970000	0.043708
1.540000	0.980000	0.029196
1.540000	0.990000	0.014615
1.550000	0.500000	0.330083
1.550000	0.510000	0.333243
1.550000	0.520000	0.336132
1.550000	0.530000	0.338740
1.550000	0.540000	0.341054
1.550000	0.550000	0.343063
1.550000	0.560000	0.344756
1.550000	0.570000	0.346119
1.550000	0.580000	0.347142
1.550000	0.590000	0.347811
1.550000	0.600000	0.348116
1.550000	0.610000	0.348043
1.550000	0.620000	0.347582
1.550000	0.630000	0.346721
1.550000	0.640000	0.345448
1.550000	0.650000	0.343751
1.550000	0.660000	0.341621
1.550000	0.670000	0.339046
1.550000	0.680000	0.336017
1.550000	0.690000	0.332525
1.550000	0.700000	0.328560
1.550000	0.710000	0.324115
1.550000	0.720000	0.319183
1.550000	0.730000	0.313758
1.550000	0.740000	0.307834
1.550000	0.750000	0.301408
1.550000	0.760000	0.294477
1.550000	0.770000	0.287040
1.550000	0.780000	0.279097
1.550000	0.790000	0.270649
1.550000	0.800000	0.261701
1.550000	0.810000	0.252258
1.550000	0.820000	0.242325
1.550000	0.830000	0.231914
1.550000	0.840000	0.221033
1.550000	0.850000	0.209697
1.550000	0.860000	0.197921
1.550000	0.870000	0.185721
1.550000	0.880000	0.173118
1.550000	0.890000	0.160131
1.550000	0.900000	0.146786
1.550000	0.910000	0.133107
1.550000	0.920000	0.119121
1.550000	0.930000	0.104858
1.550000	0.940000	0.090348
1.550000	0.950000	0.075624
1.550000	0.960000	0.060720
1.550000	0.970000	0.045669
1.550000	0.980000	0.030507
1.550000	0.990000	0.015272
1.560000	0.500000	0.340108
1.560000	0.510000	0.343470
1.560000	0.520000	0.346557
1.560000	0.530000	0.349356
1.560000	0.540000	0.351857
1.560000	0.550000	0.354046
1.560000	0.560000	0.355911
1.560000	0.570000	0.357439
1.560000	0.580000	0.358617
1.560000	0.590000	0.359433
1.560000	0.600000	0.359873
1.560000	0.610000	0.359926
1.560000	0.620000	0.359577
1.560000	0.630000	0.358815
1.560000	0.640000	0.357627
1.560000	0.650000	0.356001
1.560000	0.660000	0.353925
1.560000	0.670000	0.351388
1.560000	0.680000	0.348378
1.560000	0.690000	0.344886
1.560000	0.700000	0.340902
1.560000	0.710000	0.336416
1.560000	0.720000	0.331420
1.560000	0.730000	0.325908
1.560000	0.740000	0.319874
1.560000	0.750000	0.313312
1.560000	0.760000	0.306219
1.560000	0.770000	0.298593
1.560000	0.780000	0.290433
1.560000	0.790000	0.281742
1.560000	0.800000	0.272520
1.560000	0.810000	0.262775
1.560000	0.820000	0.252511
1.560000	0.830000	0.241738
1.560000	0.840000	0.230468
1.560000	0.850000	0.218713
1.560000	0.860000	0.206488
1.560000	0.870000	0.193813
1.560000	0.880000	0.180706
1.560000	0.890000	0.167190
1.560000	0.900000	0.153290
1.560000	0.910000	0.139033
1.560000	0.920000	0.124448
1.560000	0.930000	0.109565
1.560000	0.940000	0.094418
1.560000	0.950000	0.079040
1.560000	0.960000	0.063469
1.560000	0.970000	0.047740
1.560000	0.980000	0.031893
1.560000	0.990000	0.015967
1.570000	0.500000	0.350400
1.570000	0.510000	0.353975
1.570000	0.520000	0.357271
1.570000	0.530000	0.360275
1.570000	0.540000	0.362974
1.570000	0.550000	0.365356
1.570000	0.560000	0.367405
1.570000	0.570000	0.369111
1.570000	0.580000	0.370458
1.570000	0.590000	0.371432
1.570000	0.600000	0.372022
1.570000	0.610000	0.372211
1.570000	0.620000	0.371988
1.570000	0.630000	0.371338
1.570000	0.640000	0.370248
1.570000	0.650000	0.368704
1.570000	0.660000	0.366694
1.570000	0.670000	0.364205
1.570000	0.680000	0.361225
1.570000	0.690000	0.357743
1.570000	0.700000	0.353747
1.570000	0.710000	0.349228
1.570000	0.720000	0.344176
1.570000	0.730000	0.338583
1.570000	0.740000	0.332443
1.570000	0.750000	0.325748
1.570000	0.760000	0.318496
1.570000	0.770000	0.310681
1.570000	0.780000	0.302304
1.570000	0.790000	0.293365
1.570000	0.800000	0.283866
1.570000	0.810000	0.273811
1.570000	0.820000	0.263207
1.570000	0.830000	0.252063
1.570000	0.840000	0.240389
1.570000	0.850000	0.228199
1.570000	0.860000	0.215508
1.570000	0.870000	0.202337
1.570000	0.880000	0.188704
1.570000	0.890000	0.174634
1.570000	0.900000	0.160153
1.570000	0.910000	0.145289
1.570000	0.920000	0.130073
1.570000	0.930000	0.114537
1.570000	0.940000	0.098718
1.570000	0.950000	0.082651
1.570000	0.960000	0.066375
1.570000	0.970000	0.049931
1.570000	0.980000	0.033358
1.570000	0.990000	0.016701
1.580000	0.500000	0.360961
1.580000	0.510000	0.364763
1.580000	0.520000	0.368281
1.580000	0.530000	0.371502
1.580000	0.540000	0.374413
1.580000	0.550000	0.377000
1.580000	0.560000	0.379248
1.580000	0.570000	0.381144
1.580000	0.580000	0.382673
1.580000	0.590000	0.383821
1.580000	0.600000	0.384572
1.580000	0.610000	0.384913
1.580000	0.620000	0.384829
1.580000	0.630000	0.384304
1.580000	0.640000	0.383324
1.580000	0.650000	0.381876
1.580000	0.660000	0.379944
1.580000	0.670000	0.377515
1.580000	0.680000	0.374577
1.580000	0.690000	0.371115
1.580000	0.700000	0.367118
1.580000	0.710000	0.362575
1.580000	0.720000	0.357475
1.580000	0.730000	0.351809
1.580000	0.740000	0.345568
1.580000	0.750000	0.338746
1.580000	0.760000	0.331336
1.580000	0.770000	0.323335
1.580000	0.780000	0.314740
1.580000	0.790000	0.305551
1.580000	0.800000	0.295769
1.580000	0.810000	0.285399
1.580000	0.820000	0.274446
1.580000	0.830000	0.262918
1.580000	0.840000	0.250827
1.580000	0.850000	0.238186
1.580000	0.860000	0.225011
1.580000	0.870000	0.211322
1.580000	0.880000	0.197140
1.580000	0.890000	0.182490
1.580000	0.900000	0.167399
1.580000	0.910000	0.151897
1.580000	0.920000	0.136017
1.580000	0.930000	0.119794
1.580000	0.940000	0.103266
1.580000	0.950000	0.086471
1.580000	0.960000	0.069451
1.580000	0.970000	0.052249
1.580000	0.980000	0.034910
1.580000	0.990000	0.017478
1.590000	0.500000	0.371796
1.590000	0.510000	0.375837
1.590000	0.520000	0.379590
1.590000	0.530000	0.383042
1.590000	0.540000	0.386178
1.590000	0.550000	0.388985
1.590000	0.560000	0.391446
1.590000	0.570000	0.393547
1.590000	0.580000	0.395273
1.590000	0.590000	0.396608
1.590000	0.600000	0.397537
1.590000	0.610000	0.398043
1.590000	0.620000	0.398112
1.590000	0.630000	0.397727
1.590000	0.640000	0.396873
1.590000	0.650000	0.395533
1.590000	0.660000	0.393693
1.590000	0.670000	0.391339
1.590000	0.680000	0.388454
1.590000	0.690000	0.385025
1.590000	0.700000	0.381038
1.590000	0.710000	0.376482
1.590000	0.720000	0.371343
1.590000	0.730000	0.365611
1.590000	0.740000	0.359277
1.590000	0.750000	0.352332
1.590000	0.760000	0.344769
1.590000	0.770000	0.336583
1.590000	0.780000	0.327771
1.590000	0.790000	0.318330
1.590000	0.800000	0.308263
1.590000	0.810000	0.297571
1.590000	0.820000	0.286260
1.590000	0.830000	0.274338
1.590000	0.840000	0.261817
1.590000	0.850000	0.248708
1.590000	0.860000	0.235030
1.590000	0.870000	0.220802
1.590000	0.880000	0.206046
1.590000	0.890000	0.190788
1.590000	0.900000	0.175057
1.590000	0.910000	0.158885
1.590000	0.920000	0.142306
1.590000	0.930000	0.125358
1.590000	0.940000	0.108080
1.590000	0.950000	0.090516
1.590000	0.960000	0.072708
1.590000	0.970000	0.054705
1.590000	0.980000	0.036553
1.590000	0.990000	0.018302
1.600000	0.500000	0.382908
1.600000	0.510000	0.387202
1.600000	0.520000	0.391204
1.600000	0.530000	0.394901
1.600000	0.540000	0.398277
1.600000	0.550000	0.401318
1.600000	0.560000	0.404007
1.600000	0.570000	0.406328
1.600000	0.580000	0.408267
1.600000	0.590000	0.409805
1.600000	0.600000	0.410926
1.600000	0.610000	0.411614
1.600000	0.620000	0.411852
1.600000	0.630000	0.411622
1.600000	0.640000	0.410908
1.600000	0.650000	0.409694
1.600000	0.660000	0.407961
1.600000	0.670000	0.405694
1.600000	0.680000	0.402877
1.600000	0.690000	0.399494
1.600000	0.700000	0.395531
1.600000	0.710000	0.390973
1.600000	0.720000	0.385806
1.600000	0.730000	0.380019
1.600000	0.740000	0.373599
1.600000	0.750000	0.366539
1.600000	0.760000	0.358828
1.600000	0.770000	0.350461
1.600000	0.780000	0.341432
1.600000	0.790000	0.331739
1.600000	0.800000	0.321382
1.600000	0.810000	0.310363
1.600000	0.820000	0.298687
1.600000	0.830000	0.286360
1.600000	0.840000	0.273394
1.600000	0.850000	0.259802
1.600000	0.860000	0.245601
1.600000	0.870000	0.230811
1.600000	0.880000	0.215455
1.600000	0.890000	0.199561
1.600000	0.900000	0.183158
1.600000	0.910000	0.166280
1.600000	0.920000	0.148965
1.600000	0.930000	0.131251
1.600000	0.940000	0.113182
1.600000	0.950000	0.094804
1.600000	0.960000	0.076163
1.600000	0.970000	0.057310
1.600000	0.980000	0.038297
1.600000	0.990000	0.019175
1.610000	0.500000	0.394300
1.610000	0.510000	0.398860
1.610000	0.520000	0.403126
1.610000	0.530000	0.407083
1.610000	0.540000	0.410714
1.610000	0.550000	0.414005
1.610000	0.560000	0.416938
1.610000	0.570000	0.419496
1.610000	0.580000	0.421663
1.610000	0.590000	0.423421
1.610000	0.600000	0.424752
1.610000	0.610000	0.425638
1.610000	0.620000	0.426062
1.610000	0.630000	0.426005
1.610000	0.640000	0.425448
1.610000	0.650000	0.424374
1.610000	0.660000	0.422765
1.610000	0.670000	0.420602
1.610000	0.680000	0.417869
1.610000	0.690000	0.414547
1.610000	0.700000	0.410621
1.610000	0.710000	0.406074
1.610000	0.720000	0.400892
1.610000	0.730000	0.395060
1.610000	0.740000	0.388565
1.610000	0.750000	0.381397
1.610000	0.760000	0.373545
1.610000	0.770000	0.365001
1.610000	0.780000	0.355759
1.610000	0.790000	0.345814
1.610000	0.800000	0.335166
1.610000	0.810000	0.323815
1.610000	0.820000	0.311765
1.610000	0.830000	0.299023
1.610000	0.840000	0.285599
1.610000	0.850000	0.271506
1.610000	0.860000	0.256762
1.610000	0.870000	0.241386
1.610000	0.880000	0.225403
1.610000	0.890000	0.208842
1.610000	0.900000	0.191734
1.610000	0.910000	0.174114
1.610000	0.920000	0.156022
1.610000	0.930000	0.137500
1.610000	0.940000	0.118595
1.610000	0.950000	0.099354
1.610000	0.960000	0.079830
1.610000	0.970000	0.060076
1.610000	0.980000	0.040148
1.610000	0.990000	0.020103
1.620000	0.500000	0.405974
1.620000	0.510000	0.410815
1.620000	0.520000	0.415361
1.620000	0.530000	0.419593
1.620000	0.540000	0.423496
1.620000	0.550000	0.427052
1.620000	0.560000	0.430246
1.620000	0.570000	0.433058
1.620000	0.580000	0.435471
1.620000	0.590000	0.437466
1.620000	0.600000	0.439024
1.620000	0.610000	0.440127
1.620000	0.620000	0.440755
1.620000	0.630000	0.440888
1.620000	0.640000	0.440508
1.620000	0.650000	0.439593
1.620000	0.660000	0.438125
1.620000	0.670000	0.436084
1.620000	0.680000	0.433451
1.620000	0.690000	0.430207
1.620000	0.700000	0.426333
1.620000	0.710000	0.421813
1.620000	0.720000	0.416629
1.620000	0.730000	0.410765
1.620000	0.740000	0.404207
1.620000	0.750000	0.396941
1.620000	0.760000	0.388956
1.620000	0.770000	0.380241
1.620000	0.780000	0.370789
1.620000	0.790000	0.360595
1.620000	0.800000	0.349654
1.620000	0.810000	0.337967
1.620000	0.820000	0.325537
1.620000	0.830000	0.312369
1.620000	0.840000	0.298474
1.620000	0.850000	0.283863
1.620000	0.860000	0.268555
1.620000	0.870000	0.252569
1.620000	0.880000	0.235932
1.620000	0.890000	0.218672
1.620000	0.900000	0.200822
1.620000	0.910000	0.182421
1.620000	0.920000	0.163510
1.620000	0.930000	0.144134
1.620000	0.940000	0.124343
1.620000	0.950000	0.104189
1.620000	0.960000	0.083727
1.620000	0.970000	0.063016
1.620000	0.980000	0.042117
1.620000	0.990000	0.021090
1.630000	0.500000	0.417931
1.630000	0.510000	0.423071
1.630000	0.520000	0.427910
1.630000	0.530000	0.432435
1.630000	0.540000	0.436626
1.630000	0.550000	0.440466
1.630000	0.560000	0.443938
1.630000	0.570000	0.447022
1.630000	0.580000	0.449699
1.630000	0.590000	0.451950
1.630000	0.600000	0.453756
1.630000	0.610000	0.455094
1.630000	0.620000	0.455946
1.630000	0.630000	0.456289
1.630000	0.640000	0.456103
1.630000	0.650000	0.455367
1.630000	0.660000	0.454060
1.630000	0.670000	0.452160
1.630000	0.680000	0.449646
1.630000	0.690000	0.446498
1.630000	0.700000	0.442695
1.630000	0.710000	0.438218
1.630000	0.720000	0.433048
1.630000	0.730000	0.427167
1.630000	0.740000	0.420559
1.630000	0.750000	0.413207
1.630000	0.760000	0.405098
1.630000	0.770000	0.396221
1.630000	0.780000	0.386565
1.630000	0.790000	0.376123
1.630000	0.800000	0.364890
1.630000	0.810000	0.352864
1.630000	0.820000	0.340048
1.630000	0.830000	0.326445
1.630000	0.840000	0.312065
1.630000	0.850000	0.296919
1.630000	0.860000	0.281026
1.630000	0.870000	0.264405
1.630000	0.880000	0.247084
1.630000	0.890000	0.229091
1.630000	0.900000	0.210463
1.630000	0.910000	0.191239
1.630000	0.920000	0.171463
1.630000	0.930000	0.151184
1.630000	0.940000	0.130454
1.630000	0.950000	0.109331
1.630000	0.960000	0.087874
1.630000	0.970000	0.066146
1.630000	0.980000	0.044212
1.630000	0.990000	0.022141
1.640000	0.500000	0.430175
1.640000	0.510000	0.435627
1.640000	0.520000	0.440779
1.640000	0.530000	0.445612
1.640000	0.540000	0.450109
1.640000	0.550000	0.454251
1.640000	0.560000	0.458020
1.640000	0.570000	0.461395
1.640000	0.580000	0.464356
1.640000	0.590000	0.466884
1.640000	0.600000	0.468956
1.640000	0.610000	0.470551
1.640000	0.620000	0.471647
1.640000	0.630000	0.472221
1.640000	0.640000	0.472252
1.640000	0.650000	0.471716
1.640000	0.660000	0.470590
1.640000	0.670000	0.468852
1.640000	0.680000	0.466478
1.640000	0.690000	0.463446
1.640000	0.700000	0.459734
1.640000	0.710000	0.455319
1.640000	0.720000	0.450181
1.640000	0.730000	0.444299
1.640000	0.740000	0.437655
1.640000	0.750000	0.430231
1.640000	0.760000	0.422011
1.640000	0.770000	0.412981
1.640000	0.780000	0.403128
1.640000	0.790000	0.392443
1.640000	0.800000	0.380920
1.640000	0.810000	0.368554
1.640000	0.820000	0.355346
1.640000	0.830000	0.341300
1.640000	0.840000	0.326422
1.640000	0.850000	0.310725
1.640000	0.860000	0.294225
1.640000	0.870000	0.276944
1.640000	0.880000	0.258907
1.640000	0.890000	0.240147
1.640000	0.900000	0.220701
1.640000	0.910000	0.200609
1.640000	0.920000	0.179920
1.640000	0.930000	0.158685
1.640000	0.940000	0.136960
1.640000	0.950000	0.114807
1.640000	0.960000	0.092291
1.640000	0.970000	0.069481
1.640000	0.980000	0.046446
1.640000	0.990000	0.023261
1.650000	0.500000	0.442705
1.650000	0.510000	0.448488
1.650000	0.520000	0.453968
1.650000	0.530000	0.459129
1.650000	0.540000	0.463950
1.650000	0.550000	0.468413
1.650000	0.560000	0.472498
1.650000	0.570000	0.476184
1.650000	0.580000	0.479451
1.650000	0.590000	0.482275
1.650000	0.600000	0.484635
1.650000	0.610000	0.486508
1.650000	0.620000	0.487871
1.650000	0.630000	0.488700
1.650000	0.640000	0.488970
1.650000	0.650000	0.488656
1.650000	0.660000	0.487735
1.650000	0.670000	0.486182
1.650000	0.680000	0.483970
1.650000	0.690000	0.481077
1.650000	0.700000	0.477476
1.650000	0.710000	0.473145
1.650000	0.720000	0.468059
1.650000	0.730000	0.462196
1.650000	0.740000	0.455534
1.650000	0.750000	0.448054
1.650000	0.760000	0.439736
1.650000	0.770000	0.430564
1.650000	0.780000	0.420524
1.650000	0.790000	0.409603
1.650000	0.800000	0.397793
1.650000	0.810000	0.385088
1.650000	0.820000	0.371485
1.650000	0.830000	0.356987
1.650000	0.840000	0.341600
1.650000	0.850000	0.325334
1.650000	0.860000	0.308207
1.650000	0.870000	0.290238
1.650000	0.880000	0.271455
1.650000	0.890000	0.251891
1.650000	0.900000	0.231584
1.650000	0.910000	0.210578
1.650000	0.920000	0.188923
1.650000	0.930000	0.166675
1.650000	0.940000	0.143895
1.650000	0.950000	0.120648
1.650000	0.960000	0.097005
1.650000	0.970000	0.073039
1.650000	0.980000	0.048830
1.650000	0.990000	0.024456
1.660000	0.500000	0.455523
1.660000	0.510000	0.461653
1.660000	0.520000	0.467480
1.660000	0.530000	0.472986
1.660000	0.540000	0.478151
1.660000	0.550000	0.482955
1.660000	0.560000	0.487378
1.660000	0.570000	0.491396
1.660000	0.580000	0.494989
1.660000	0.590000	0.498133
1.660000	0.600000	0.500804
1.660000	0.610000	0.502979
1.660000	0.620000	0.504633
1.660000	0.630000	0.505739
1.660000	0.640000	0.506273
1.660000	0.650000	0.506207
1.660000	0.660000	0.505516
1.660000	0.670000	0.504171
1.660000	0.680000	0.502147
1.660000	0.690000	0.499416
1.660000	0.700000	0.495952
1.660000	0.710000	0.491727
1.660000	0.720000	0.486715
1.660000	0.730000	0.480892
1.660000	0.740000	0.474233
1.660000	0.750000	0.466715
1.660000	0.760000	0.458317
1.660000	0.770000	0.449018
1.660000	0.780000	0.438803
1.660000	0.790000	0.427655
1.660000	0.800000	0.415564
1.660000	0.810000	0.402520
1.660000	0.820000	0.388521
1.660000	0.830000	0.373565
1.660000	0.840000	0.357657
1.660000	0.850000	0.340807
1.660000	0.860000	0.323030
1.660000	0.870000	0.304347
1.660000	0.880000	0.284786
1.660000	0.890000	0.264379
1.660000	0.900000	0.243167
1.660000	0.910000	0.221197
1.660000	0.920000	0.198521
1.660000	0.930000	0.175199
1.660000	0.940000	0.151296
1.660000	0.950000	0.126884
1.660000	0.960000	0.102040
1.660000	0.970000	0.076843
1.660000	0.980000	0.051379
1.660000	0.990000	0.025735
1.670000	0.500000	0.468628
1.670000	0.510000	0.475123
1.670000	0.520000	0.481316
1.670000	0.530000	0.487188
1.670000	0.540000	0.492716
1.670000	0.550000	0.497882
1.670000	0.560000	0.502663
1.670000	0.570000	0.507036
1.670000	0.580000	0.510978
1.670000	0.590000	0.514466
1.670000	0.600000	0.517473
1.670000	0.610000	0.519974
1.670000	0.620000	0.521943
1.670000	0.630000	0.523354
1.670000	0.640000	0.524177
1.670000	0.650000	0.524386
1.670000	0.660000	0.523951
1.670000	0.670000	0.522843
1.670000	0.680000	0.521033
1.670000	0.690000	0.518492
1.670000	0.700000	0.515190
1.670000	0.710000	0.511097
1.670000	0.720000	0.506186
1.670000	0.730000	0.500427
1.670000	0.740000	0.493793
1.670000	0.750000	0.486259
1.670000	0.760000	0.477799
1.670000	0.770000	0.468392
1.670000	0.780000	0.458015
1.670000	0.790000	0.446652
1.670000	0.800000	0.434287
1.670000	0.810000	0.420910
1.670000	0.820000	0.406514
1.670000	0.830000	0.391096
1.670000	0.840000	0.374657
1.670000	0.850000	0.357208
1.670000	0.860000	0.338761
1.670000	0.870000	0.319337
1.670000	0.880000	0.298963
1.670000	0.890000	0.277673
1.670000	0.900000	0.255510
1.670000	0.910000	0.232522
1.670000	0.920000	0.208765
1.670000	0.930000	0.184303
1.670000	0.940000	0.159208
1.670000	0.950000	0.133555
1.670000	0.960000	0.107427
1.670000	0.970000	0.080914
1.670000	0.980000	0.054108
1.670000	0.990000	0.027103
1.680000	0.500000	0.482019
1.680000	0.510000	0.488899
1.680000	0.520000	0.495477
1.680000	0.530000	0.501733
1.680000	0.540000	0.507647
1.680000	0.550000	0.513196
1.680000	0.560000	0.518358
1.680000	0.570000	0.523110
1.680000	0.580000	0.527425
1.680000	0.590000	0.531281
1.680000	0.600000	0.534649
1.680000	0.610000	0.537503
1.680000	0.620000	0.539815
1.680000	0.630000	0.541557
1.680000	0.640000	0.542699
1.680000	0.650000	0.543210
1.680000	0.660000	0.543061
1.680000	0.670000	0.542219
1.680000	0.680000	0.540653
1.680000	0.690000	0.538330
1.680000	0.700000	0.535220
1.680000	0.710000	0.531289
1.680000	0.720000	0.526505
1.680000	0.730000	0.520838
1.680000	0.740000	0.514256
1.680000	0.750000	0.506730
1.680000	0.760000	0.498232
1.680000	0.770000	0.488735
1.680000	0.780000	0.478215
1.680000	0.790000	0.466651
1.680000	0.800000	0.454025
1.680000	0.810000	0.440322
1.680000	0.820000	0.425531
1.680000	0.830000	0.409647
1.680000	0.840000	0.392671
1.680000	0.850000	0.374607
1.680000	0.860000	0.355469
1.680000	0.870000	0.335277
1.680000	0.880000	0.314056
1.680000	0.890000	0.291842
1.680000	0.900000	0.268678
1.680000	0.910000	0.244616
1.680000	0.920000	0.219715
1.680000	0.930000	0.194043
1.680000	0.940000	0.167677
1.680000	0.950000	0.140699
1.680000	0.960000	0.113201
1.680000	0.970000	0.085279
1.680000	0.980000	0.057034
1.680000	0.990000	0.028572
1.690000	0.500000	0.495694
1.690000	0.510000	0.502978
1.690000	0.520000	0.509961
1.690000	0.530000	0.516624
1.690000	0.540000	0.522945
1.690000	0.550000	0.528900
1.690000	0.560000	0.534467
1.690000	0.570000	0.539621
1.690000	0.580000	0.544336
1.690000	0.590000	0.548585
1.690000	0.600000	0.552341
1.690000	0.610000	0.555576
1.690000	0.620000	0.558260
1.690000	0.630000	0.560363
1.690000	0.640000	0.561853
1.690000	0.650000	0.562698
1.690000	0.660000	0.562865
1.690000	0.670000	0.562321
1.690000	0.680000	0.561030
1.690000	0.690000	0.558959
1.690000	0.700000	0.556072
1.690000	0.710000	0.552335
1.690000	0.720000	0.547710
1.690000	0.730000	0.542165
1.690000	0.740000	0.535664
1.690000	0.750000	0.528175
1.690000	0.760000	0.519664
1.690000	0.770000	0.510103
1.690000	0.780000	0.499461
1.690000	0.790000	0.487715
1.690000	0.800000	0.474841
1.690000	0.810000	0.460821
1.690000	0.820000	0.445642
1.690000	0.830000	0.429293
1.690000	0.840000	0.411772
1.690000	0.850000	0.393082
1.690000	0.860000	0.373234
1.690000	0.870000	0.352246
1.690000	0.880000	0.330143
1.690000	0.890000	0.306961
1.690000	0.900000	0.282745
1.690000	0.910000	0.257549
1.690000	0.920000	0.231435
1.690000	0.930000	0.204477
1.690000	0.940000	0.176757
1.690000	0.950000	0.148365
1.690000	0.960000	0.119400
1.690000	0.970000	0.089967
1.690000	0.980000	0.060178
1.690000	0.990000	0.030149
1.700000	0.500000	0.509652
1.700000	0.510000	0.517359
1.700000	0.520000	0.524769
1.700000	0.530000	0.531860
1.700000	0.540000	0.538610
1.700000	0.550000	0.544995
1.700000	0.560000	0.550991
1.700000	0.570000	0.556573
1.700000	0.580000	0.561713
1.700000	0.590000	0.566384
1.700000	0.600000	0.570557
1.700000	0.610000	0.574203
1.700000	0.620000	0.577289
1.700000	0.630000	0.579784
1.700000	0.640000	0.581654
1.700000	0.650000	0.582865
1.700000	0.660000	0.583383
1.700000	0.670000	0.583170
1.700000	0.680000	0.582190
1.700000	0.690000	0.580406
1.700000	0.700000	0.577778
1.700000	0.710000	0.574269
1.700000	0.720000	0.569839
1.700000	0.730000	0.564450
1.700000	0.740000	0.558064
1.700000	0.750000	0.550642
1.700000	0.760000	0.542150
1.700000	0.770000	0.532551
1.700000	0.780000	0.521814
1.700000	0.790000	0.509907
1.700000	0.800000	0.496804
1.700000	0.810000	0.482482
1.700000	0.820000	0.466923
1.700000	0.830000	0.450112
1.700000	0.840000	0.432043
1.700000	0.850000	0.412717
1.700000	0.860000	0.392140
1.700000	0.870000	0.370329
1.700000	0.880000	0.347310
1.700000	0.890000	0.323116
1.700000	0.900000	0.297794
1.700000	0.910000	0.271400
1.700000	0.920000	0.244001
1.700000	0.930000	0.215675
1.700000	0.940000	0.186509
1.700000	0.950000	0.156604
1.700000	0.960000	0.126066
1.700000	0.970000	0.095011
1.700000	0.980000	0.063562
1.700000	0.990000	0.031848
1.710000	0.500000	0.523889
1.710000	0.510000	0.532040
1.710000	0.520000	0.539897
1.710000	0.530000	0.547439
1.710000	0.540000	0.554642
1.710000	0.550000	0.561481
1.710000	0.560000	0.567933
1.710000	0.570000	0.573969
1.710000	0.580000	0.579562
1.710000	0.590000	0.584684
1.710000	0.600000	0.589304
1.710000	0.610000	0.593390
1.710000	0.620000	0.596910
1.710000	0.630000	0.599831
1.710000	0.640000	0.602116
1.710000	0.650000	0.603729
1.710000	0.660000	0.604633
1.710000	0.670000	0.604789
1.710000	0.680000	0.604157
1.710000	0.690000	0.602697
1.710000	0.700000	0.600367
1.710000	0.710000	0.597125
1.710000	0.720000	0.592928
1.710000	0.730000	0.587733
1.710000	0.740000	0.581499
1.710000	0.750000	0.574183
1.710000	0.760000	0.565743
1.710000	0.770000	0.556141
1.710000	0.780000	0.545337
1.710000	0.790000	0.533297
1.710000	0.800000	0.519988
1.710000	0.810000	0.505382
1.710000	0.820000	0.489456
1.710000	0.830000	0.472190
1.710000	0.840000	0.453574
1.710000	0.850000	0.433603
1.710000	0.860000	0.412282
1.710000	0.870000	0.389623
1.710000	0.880000	0.365651
1.710000	0.890000	0.340400
1.710000	0.900000	0.313916
1.710000	0.910000	0.286257
1.710000	0.920000	0.257495
1.710000	0.930000	0.227711
1.710000	0.940000	0.197003
1.710000	0.950000	0.165476
1.710000	0.960000	0.133249
1.710000	0.970000	0.100449
1.710000	0.980000	0.067212
1.710000	0.990000	0.033681
1.720000	0.500000	0.538400
1.720000	0.510000	0.547016
1.720000	0.520000	0.555343
1.720000	0.530000	0.563359
1.720000	0.540000	0.571039
1.720000	0.550000	0.578358
1.720000	0.560000	0.585291
1.720000	0.570000	0.591809
1.720000	0.580000	0.597885
1.720000	0.590000	0.603488
1.720000	0.600000	0.608585
1.720000	0.610000	0.613146
1.720000	0.620000	0.617134
1.720000	0.630000	0.620515
1.720000	0.640000	0.623251
1.720000	0.650000	0.625304
1.720000	0.660000	0.626633
1.720000	0.670000	0.627198
1.720000	0.680000	0.626955
1.720000	0.690000	0.625861
1.720000	0.700000	0.623870
1.720000	0.710000	0.620937
1.720000	0.720000	0.617016
1.720000	0.730000	0.612058
1.720000	0.740000	0.606018
1.720000	0.750000	0.598848
1.720000	0.760000	0.590501
1.720000	0.770000	0.580932
1.720000	0.780000	0.570098
1.720000	0.790000	0.557957
1.720000	0.800000	0.544471
1.720000	0.810000	0.529604
1.720000	0.820000	0.513329
1.720000	0.830000	0.495620
1.720000	0.840000	0.476460
1.720000	0.850000	0.455840
1.720000	0.860000	0.433761
1.720000	0.870000	0.410231
1.720000	0.880000	0.385272
1.720000	0.890000	0.358917
1.720000	0.900000	0.331212
1.720000	0.910000	0.302218
1.720000	0.920000	0.272009
1.720000	0.930000	0.240674
1.720000	0.940000	0.208315
1.720000	0.950000	0.175049
1.720000	0.960000	0.141005
1.720000	0.970000	0.106325
1.720000	0.980000	0.071158
1.720000	0.990000	0.035662
1.730000	0.500000	0.553181
1.730000	0.510000	0.562284
1.730000	0.520000	0.571103
1.730000	0.530000	0.579616
1.730000	0.540000	0.587798
1.730000	0.550000	0.595624
1.730000	0.560000	0.603065
1.730000	0.570000	0.610095
1.730000	0.580000	0.616683
1.730000	0.590000	0.622798
1.730000	0.600000	0.628407
1.730000	0.610000	0.633475
1.730000	0.620000	0.637968
1.730000	0.630000	0.641846
1.730000	0.640000	0.645072
1.730000	0.650000	0.647604
1.730000	0.660000	0.649400
1.730000	0.670000	0.650416
1.730000	0.680000	0.650605
1.730000	0.690000	0.649922
1.730000	0.700000	0.648317
1.730000	0.710000	0.645740
1.730000	0.720000	0.642141
1.730000	0.730000	0.637468
1.730000	0.740000	0.631669
1.730000	0.750000	0.624691
1.730000	0.760000	0.616482
1.730000	0.770000	0.606991
1.730000	0.780000	0.596168
1.730000	0.790000	0.583964
1.730000	0.800000	0.570334
1.730000	0.810000	0.555237
1.730000	0.820000	0.538636
1.730000	0.830000	0.520501
1.730000	0.840000	0.500807
1.730000	0.850000	0.479539
1.730000	0.860000	0.456691
1.730000	0.870000	0.432269
1.730000	0.880000	0.406290
1.730000	0.890000	0.378785
1.730000	0.900000	0.349799
1.730000	0.910000	0.319396
1.730000	0.920000	0.287651
1.730000	0.930000	0.254660
1.730000	0.940000	0.220534
1.730000	0.950000	0.185399
1.730000	0.960000	0.149399
1.730000	0.970000	0.112687
1.730000	0.980000	0.075432
1.730000	0.990000	0.037809
1.740000	0.500000	0.568226
1.740000	0.510000	0.577837
1.740000	0.520000	0.587172
1.740000	0.530000	0.596207
1.740000	0.540000	0.604917
1.740000	0.550000	0.613275
1.740000	0.560000	0.621254
1.740000	0.570000	0.628825
1.740000	0.580000	0.635956
1.740000	0.590000	0.642616
1.740000	0.600000	0.648770
1.740000	0.610000	0.654383
1.740000	0.620000	0.659417
1.740000	0.630000	0.663833
1.740000	0.640000	0.667589
1.740000	0.650000	0.670643
1.740000	0.660000	0.672949
1.740000	0.670000	0.674461
1.740000	0.680000	0.675131
1.740000	0.690000	0.674906
1.740000	0.700000	0.673737
1.740000	0.710000	0.671567
1.740000	0.720000	0.668342
1.740000	0.730000	0.664006
1.740000	0.740000	0.658500
1.740000	0.750000	0.651766
1.740000	0.760000	0.643747
1.740000	0.770000	0.634384
1.740000	0.780000	0.623619
1.740000	0.790000	0.611397
1.740000	0.800000	0.597666
1.740000	0.810000	0.582375
1.740000	0.820000	0.565480
1.740000	0.830000	0.546942
1.740000	0.840000	0.526729
1.740000	0.850000	0.504818
1.740000	0.860000	0.481197
1.740000	0.870000	0.455865
1.740000	0.880000	0.428834
1.740000	0.890000	0.400133
1.740000	0.900000	0.369805
1.740000	0.910000	0.337914
1.740000	0.920000	0.304540
1.740000	0.930000	0.269782
1.740000	0.940000	0.233762
1.740000	0.950000	0.196617
1.740000	0.960000	0.158503
1.740000	0.970000	0.119593
1.740000	0.980000	0.080074
1.740000	0.990000	0.040141
1.750000	0.500000	0.583526
1.750000	0.510000	0.593668
1.750000	0.520000	0.603543
1.750000	0.530000	0.613124
1.750000	0.540000	0.622388
1.750000	0.550000	0.631307
1.750000	0.560000	0.639853
1.750000	0.570000	0.647996
1.750000	0.580000	0.655703
1.750000	0.590000	0.662942
1.750000	0.600000	0.669677
1.750000	0.610000	0.675871
1.750000	0.620000	0.681486
1.750000	0.630000	0.686480
1.750000	0.640000	0.690810
1.750000	0.650000	0.694430
1.750000	0.660000	0.697294
1.750000	0.670000	0.699352
1.750000	0.680000	0.700551
1.750000	0.690000	0.700839
1.750000	0.700000	0.700158
1.750000	0.710000	0.698450
1.750000	0.720000	0.695656
1.750000	0.730000	0.691714
1.750000	0.740000	0.686560
1.750000	0.750000	0.680129
1.750000	0.760000	0.672357
1.750000	0.770000	0.663179
1.750000	0.780000	0.652528
1.750000	0.790000	0.640342
1.750000	0.800000	0.626558
1.750000	0.810000	0.611118
1.750000	0.820000	0.593967
1.750000	0.830000	0.575058
1.750000	0.840000	0.554350
1.750000	0.850000	0.531809
1.750000	0.860000	0.507415
1.750000	0.870000	0.481160
1.750000	0.880000	0.453050
1.750000	0.890000	0.423108
1.750000	0.900000	0.391376
1.750000	0.910000	0.357916
1.750000	0.920000	0.322811
1.750000	0.930000	0.286168
1.750000	0.940000	0.248115
1.750000	0.950000	0.208803
1.750000	0.960000	0.168404
1.750000	0.970000	0.127110
1.750000	0.980000	0.085129
1.750000	0.990000	0.042682
1.760000	0.500000	0.599073
1.760000	0.510000	0.609770
1.760000	0.520000	0.620207
1.760000	0.530000	0.630362
1.760000	0.540000	0.640207
1.760000	0.550000	0.649715
1.760000	0.560000	0.658858
1.760000	0.570000	0.667603
1.760000	0.580000	0.675920
1.760000	0.590000	0.683773
1.760000	0.600000	0.691126
1.760000	0.610000	0.697941
1.760000	0.620000	0.704178
1.760000	0.630000	0.709793
1.760000	0.640000	0.714741
1.760000	0.650000	0.718976
1.760000	0.660000	0.722447
1.760000	0.670000	0.725102
1.760000	0.680000	0.726885
1.760000	0.690000	0.727741
1.760000	0.700000	0.727607
1.760000	0.710000	0.726422
1.760000	0.720000	0.724121
1.760000	0.730000	0.720636
1.760000	0.740000	0.715897
1.760000	0.750000	0.709835
1.760000	0.760000	0.702376
1.760000	0.770000	0.693447
1.760000	0.780000	0.682974
1.760000	0.790000	0.670885
1.760000	0.800000	0.657107
1.760000	0.810000	0.641572
1.760000	0.820000	0.624215
1.760000	0.830000	0.604976
1.760000	0.840000	0.583803
1.760000	0.850000	0.560654
1.760000	0.860000	0.535496
1.760000	0.870000	0.508311
1.760000	0.880000	0.479098
1.760000	0.890000	0.447874
1.760000	0.900000	0.414675
1.760000	0.910000	0.379563
1.760000	0.920000	0.342622
1.760000	0.930000	0.303964
1.760000	0.940000	0.263727
1.760000	0.950000	0.222076
1.760000	0.960000	0.179200
1.760000	0.970000	0.135314
1.760000	0.980000	0.090650
1.760000	0.990000	0.045458
1.770000	0.500000	0.614858
1.770000	0.510000	0.626132
1.770000	0.520000	0.637158
1.770000	0.530000	0.647911
1.770000	0.540000	0.658364
1.770000	0.550000	0.668491
1.770000	0.560000	0.678260
1.770000	0.570000	0.687642
1.770000	0.580000	0.696602
1.770000	0.590000	0.705106
1.770000	0.600000	0.713116
1.770000	0.610000	0.720592
1.770000	0.620000	0.727493
1.770000	0.630000	0.733774
1.770000	0.640000	0.739389
1.770000	0.650000	0.744287
1.770000	0.660000	0.748418
1.770000	0.670000	0.751724
1.770000	0.680000	0.754150
1.770000	0.690000	0.755633
1.770000	0.700000	0.756109
1.770000	0.710000	0.755511
1.770000	0.720000	0.753770
1.770000	0.730000	0.750812
1.770000	0.740000	0.746561
1.770000	0.750000	0.740939
1.770000	0.760000	0.733866
1.770000	0.770000	0.725260
1.770000	0.780000	0.715038
1.770000	0.790000	0.703117
1.770000	0.800000	0.689415
1.770000	0.810000	0.673849
1.770000	0.820000	0.656345
1.770000	0.830000	0.636828
1.770000	0.840000	0.615234
1.770000	0.850000	0.591507
1.770000	0.860000	0.565603
1.770000	0.870000	0.537491
1.770000	0.880000	0.507159
1.770000	0.890000	0.474615
1.770000	0.900000	0.439889
1.770000	0.910000	0.403039
1.770000	0.920000	0.364151
1.770000	0.930000	0.323340
1.770000	0.940000	0.280754
1.770000	0.950000	0.236574
1.770000	0.960000	0.191008
1.770000	0.970000	0.144295
1.770000	0.980000	0.096698
1.770000	0.990000	0.048501
1.780000	0.500000	0.630869
1.780000	0.510000	0.642744
1.780000	0.520000	0.654383
1.780000	0.530000	0.665760
1.780000	0.540000	0.676850
1.780000	0.550000	0.687625
1.780000	0.560000	0.698053
1.780000	0.570000	0.708104
1.780000	0.580000	0.717743
1.780000	0.590000	0.726934
1.780000	0.600000	0.735640
1.780000	0.610000	0.743819
1.780000	0.620000	0.751429
1.780000	0.630000	0.758423
1.780000	0.640000	0.764753
1.780000	0.650000	0.770368
1.780000	0.660000	0.775213
1.780000	0.670000	0.779230
1.780000	0.680000	0.782358
1.780000	0.690000	0.784533
1.780000	0.700000	0.785686
1.780000	0.710000	0.785746
1.780000	0.720000	0.784637
1.780000	0.730000	0.782281
1.780000	0.740000	0.778596
1.780000	0.750000	0.773495
1.780000	0.760000	0.766890
1.780000	0.770000	0.758691
1.780000	0.780000	0.748803
1.780000	0.790000	0.737133
1.780000	0.800000	0.723585
1.780000	0.810000	0.708067
1.780000	0.820000	0.690487
1.780000	0.830000	0.670758
1.780000	0.840000	0.648800
1.780000	0.850000	0.624540
1.780000	0.860000	0.597919
1.780000	0.870000	0.568892
1.780000	0.880000	0.537433
1.780000	0.890000	0.503537
1.780000	0.900000	0.467227
1.780000	0.910000	0.428554
1.780000	0.920000	0.387602
1.780000	0.930000	0.344490
1.780000	0.940000	0.299377
1.780000	0.950000	0.252457
1.780000	0.960000	0.203962
1.780000	0.970000	0.154160
1.780000	0.980000	0.103348
1.780000	0.990000	0.051848
1.790000	0.500000	0.647095
1.790000	0.510000	0.659594
1.790000	0.520000	0.671870
1.790000	0.530000	0.683899
1.790000	0.540000	0.695654
1.790000	0.550000	0.707106
1.790000	0.560000	0.718225
1.790000	0.570000	0.728979
1.790000	0.580000	0.739333
1.790000	0.590000	0.749250
1.790000	0.600000	0.758693
1.790000	0.610000	0.767618
1.790000	0.620000	0.775982
1.790000	0.630000	0.783738
1.790000	0.640000	0.790835
1.790000	0.650000	0.797221
1.790000	0.660000	0.802838
1.790000	0.670000	0.807626
1.790000	0.680000	0.811522
1.790000	0.690000	0.814456
1.790000	0.700000	0.816358
1.790000	0.710000	0.817151
1.790000	0.720000	0.816754
1.790000	0.730000	0.815082
1.790000	0.740000	0.812047
1.790000	0.750000	0.807556
1.790000	0.760000	0.801510
1.790000	0.770000	0.793810
1.790000	0.780000	0.784351
1.790000	0.790000	0.773026
1.790000	0.800000	0.759728
1.790000	0.810000	0.744349
1.790000	0.820000	0.726780
1.790000	0.830000	0.706919
1.790000	0.840000	0.684667
1.790000	0.850000	0.659934
1.790000	0.860000	0.632641
1.790000	0.870000	0.602726
1.790000	0.880000	0.570143
1.790000	0.890000	0.534875
1.790000	0.900000	0.496929
1.790000	0.910000	0.456349
1.790000	0.920000	0.413213
1.790000	0.930000	0.367643
1.790000	0.940000	0.319807
1.790000	0.950000	0.269915
1.790000	0.960000	0.218224
1.790000	0.970000	0.165035
1.790000	0.980000	0.110685
1.790000	0.990000	0.055544
1.800000	0.500000	0.663521
1.800000	0.510000	0.676667
1.800000	0.520000	0.689607
1.800000	0.530000	0.702314
1.800000	0.540000	0.714762
1.800000	0.550000	0.726922
1.800000	0.560000	0.738764
1.800000	0.570000	0.750255
1.800000	0.580000	0.761361
1.800000	0.590000	0.772043
1.800000	0.600000	0.782264
1.800000	0.610000	0.791979
1.800000	0.620000	0.801145
1.800000	0.630000	0.809713
1.800000	0.640000	0.817630
1.800000	0.650000	0.824844
1.800000	0.660000	0.831293
1.800000	0.670000	0.836917
1.800000	0.680000	0.841648
1.800000	0.690000	0.845414
1.800000	0.700000	0.848140
1.800000	0.710000	0.849746
1.800000	0.720000	0.850145
1.800000	0.730000	0.849248
1.800000	0.740000	0.846957
1.800000	0.750000	0.843172
1.800000	0.760000	0.837787
1.800000	0.770000	0.830690
1.800000	0.780000	0.821765
1.800000	0.790000	0.810894
1.800000	0.800000	0.797954
1.800000	0.810000	0.782819
1.800000	0.820000	0.765366
1.800000	0.830000	0.745472
1.800000	0.840000	0.723016
1.800000	0.850000	0.697888
1.800000	0.860000	0.669987
1.800000	0.870000	0.639226
1.800000	0.880000	0.605541
1.800000	0.890000	0.568891
1.800000	0.900000	0.529267
1.800000	0.910000	0.486699
1.800000	0.920000	0.441257
1.800000	0.930000	0.393064
1.800000	0.940000	0.342292
1.800000	0.950000	0.289171
1.800000	0.960000	0.233985
1.800000	0.970000	0.177071
1.800000	0.980000	0.118815
1.800000	0.990000	0.059641
1.810000	0.500000	0.680132
1.810000	0.510000	0.693950
1.810000	0.520000	0.707577
1.810000	0.530000	0.720989
1.810000	0.540000	0.734159
1.810000	0.550000	0.747058
1.810000	0.560000	0.759655
1.810000	0.570000	0.771919
1.810000	0.580000	0.783813
1.810000	0.590000	0.795300
1.810000	0.600000	0.806341
1.810000	0.610000	0.816892
1.810000	0.620000	0.826908
1.810000	0.630000	0.836338
1.810000	0.640000	0.845132
1.810000	0.650000	0.853231
1.810000	0.660000	0.860576
1.810000	0.670000	0.867102
1.810000	0.680000	0.872739
1.810000	0.690000	0.877413
1.810000	0.700000	0.881045
1.810000	0.710000	0.883549
1.810000	0.720000	0.884836
1.810000	0.730000	0.884808
1.810000	0.740000	0.883362
1.810000	0.750000	0.880390
1.810000	0.760000	0.875776
1.810000	0.770000	0.869397
1.810000	0.780000	0.861128
1.810000	0.790000	0.850833
1.810000	0.800000	0.838374
1.810000	0.810000	0.823610
1.810000	0.820000	0.806395
1.810000	0.830000	0.786586
1.810000	0.840000	0.764039
1.810000	0.850000	0.738617
1.810000	0.860000	0.710192
1.810000	0.870000	0.678653
1.810000	0.880000	0.643904
1.810000	0.890000	0.605881
1.810000	0.900000	0.564550
1.810000	0.910000	0.519922
1.810000	0.920000	0.472054
1.810000	0.930000	0.421063
1.810000	0.940000	0.367128
1.810000	0.950000	0.310493
1.810000	0.960000	0.251473
1.810000	0.970000	0.190450
1.810000	0.980000	0.127863
1.810000	0.990000	0.064204
1.820000	0.500000	0.696911
1.820000	0.510000	0.711424
1.820000	0.520000	0.725765
1.820000	0.530000	0.739908
1.820000	0.540000	0.753829
1.820000	0.550000	0.767497
1.820000	0.560000	0.780882
1.820000	0.570000	0.793953
1.820000	0.580000	0.806673
1.820000	0.590000	0.819005
1.820000	0.600000	0.830909
1.820000	0.610000	0.842342
1.820000	0.620000	0.853256
1.820000	0.630000	0.863603
1.820000	0.640000	0.873328
1.820000	0.650000	0.882374
1.820000	0.660000	0.890679
1.820000	0.670000	0.898176
1.820000	0.680000	0.904794
1.820000	0.690000	0.910455
1.820000	0.700000	0.915077
1.820000	0.710000	0.918571
1.820000	0.720000	0.920842
1.820000	0.730000	0.921786
1.820000	0.740000	0.921295
1.820000	0.750000	0.919251
1.820000	0.760000	0.915529
1.820000	0.770000	0.909998
1.820000	0.780000	0.902516
1.820000	0.790000	0.892935
1.820000	0.800000	0.881101
1.820000	0.810000	0.866851
1.820000	0.820000	0.850020
1.820000	0.830000	0.830438
1.820000	0.840000	0.807937
1.820000	0.850000	0.782348
1.820000	0.860000	0.753514
1.820000	0.870000	0.721288
1.820000	0.880000	0.685543
1.820000	0.890000	0.646178
1.820000	0.900000	0.603131
1.820000	0.910000	0.556384
1.820000	0.920000	0.505975
1.820000	0.930000	0.452008
1.820000	0.940000	0.394662
1.820000	0.950000	0.334200
1.820000	0.960000	0.270966
1.820000	0.970000	0.205392
1.820000	0.980000	0.137983
1.820000	0.990000	0.069313
1.830000	0.500000	0.713841
1.830000	0.510000	0.729072
1.830000	0.520000	0.744150
1.830000	0.530000	0.759052
1.830000	0.540000	0.773752
1.830000	0.550000	0.788220
1.830000	0.560000	0.802426
1.830000	0.570000	0.816339
1.830000	0.580000	0.829922
1.830000	0.590000	0.843140
1.830000	0.600000	0.855950
1.830000	0.610000	0.868311
1.830000	0.620000	0.880174
1.830000	0.630000	0.891490
1.830000	0.640000	0.902205
1.830000	0.650000	0.912260
1.830000	0.660000	0.921591
1.830000	0.670000	0.930132
1.830000	0.680000	0.937807
1.830000	0.690000	0.944538
1.830000	0.700000	0.950240
1.830000	0.710000	0.954818
1.830000	0.720000	0.958174
1.830000	0.730000	0.960201
1.830000	0.740000	0.960781
1.830000	0.750000	0.959790
1.830000	0.760000	0.957094
1.830000	0.770000	0.952550
1.830000	0.780000	0.946004
1.830000	0.790000	0.937293
1.830000	0.800000	0.926243
1.830000	0.810000	0.912674
1.830000	0.820000	0.896396
1.830000	0.830000	0.877211
1.830000	0.840000	0.854922
1.830000	0.850000	0.829326
1.830000	0.860000	0.800229
1.830000	0.870000	0.767443
1.830000	0.880000	0.730801
1.830000	0.890000	0.690159
1.830000	0.900000	0.645414
1.830000	0.910000	0.596509
1.830000	0.920000	0.543454
1.830000	0.930000	0.486331
1.830000	0.940000	0.425315
1.830000	0.950000	0.360678
1.830000	0.960000	0.292800
1.830000	0.970000	0.222167
1.830000	0.980000	0.149366
1.830000	0.990000	0.075065
1.840000	0.500000	0.730901
1.840000	0.510000	0.746873
1.840000	0.520000	0.762714
1.840000	0.530000	0.778401
1.840000	0.540000	0.793907
1.840000	0.550000	0.809205
1.840000	0.560000	0.824265
1.840000	0.570000	0.839055
1.840000	0.580000	0.853540
1.840000	0.590000	0.867682
1.840000	0.600000	0.881443
1.840000	0.610000	0.894778
1.840000	0.620000	0.907641
1.840000	0.630000	0.919981
1.840000	0.640000	0.931743
1.840000	0.650000	0.942870
1.840000	0.660000	0.953296
1.840000	0.670000	0.962953
1.840000	0.680000	0.971766
1.840000	0.690000	0.979652
1.840000	0.700000	0.986525
1.840000	0.710000	0.992289
1.840000	0.720000	0.996838
1.840000	0.730000	1.000063
1.840000	0.740000	1.001839
1.840000	0.750000	1.002035
1.840000	0.760000	1.000509
1.840000	0.770000	0.997105
1.840000	0.780000	0.991658
1.840000	0.790000	0.983989
1.840000	0.800000	0.973907
1.840000	0.810000	0.961208
1.840000	0.820000	0.945678
1.840000	0.830000	0.927091
1.840000	0.840000	0.905213
1.840000	0.850000	0.879807
1.840000	0.860000	0.850632
1.840000	0.870000	0.817456
1.840000	0.880000	0.780058
1.840000	0.890000	0.738244
1.840000	0.900000	0.691855
1.840000	0.910000	0.640786
1.840000	0.920000	0.585000
1.840000	0.930000	0.524548
1.840000	0.940000	0.459588
1.840000	0.950000	0.390397
1.840000	0.960000	0.317389
1.840000	0.970000	0.241112
1.840000	0.980000	0.162246
1.840000	0.990000	0.081583
1.850000	0.500000	0.748070
1.850000	0.510000	0.764806
1.850000	0.520000	0.781434
1.850000	0.530000	0.797931
1.850000	0.540000	0.814272
1.850000	0.550000	0.830430
1.850000	0.560000	0.846376
1.850000	0.570000	0.862077
1.850000	0.580000	0.877500
1.850000	0.590000	0.892608
1.850000	0.600000	0.907362
1.850000	0.610000	0.921718
1.850000	0.620000	0.935631
1.850000	0.630000	0.949049
1.850000	0.640000	0.961919
1.850000	0.650000	0.974181
1.850000	0.660000	0.985771
1.850000	0.670000	0.996620
1.850000	0.680000	1.006651
1.850000	0.690000	1.015781
1.850000	0.700000	1.023921
1.850000	0.710000	1.030973
1.850000	0.720000	1.036829
1.850000	0.730000	1.041373
1.850000	0.740000	1.044478
1.850000	0.750000	1.046004
1.850000	0.760000	1.045801
1.850000	0.770000	1.043704
1.850000	0.780000	1.039535
1.850000	0.790000	1.033099
1.850000	0.800000	1.024187
1.850000	0.810000	1.012574
1.850000	0.820000	0.998017
1.850000	0.830000	0.980261
1.850000	0.840000	0.959035
1.850000	0.850000	0.934056
1.850000	0.860000	0.905038
1.850000	0.870000	0.871690
1.850000	0.880000	0.833732
1.850000	0.890000	0.790904
1.850000	0.900000	0.742978
1.850000	0.910000	0.689780
1.850000	0.920000	0.631212
1.850000	0.930000	0.567274
1.850000	0.940000	0.498091
1.850000	0.950000	0.423935
1.850000	0.960000	0.345247
1.850000	0.970000	0.262646
1.850000	0.980000	0.176923
1.850000	0.990000	0.089021
1.860000	0.500000	0.765326
1.860000	0.510000	0.782847
1.860000	0.520000	0.800285
1.860000	0.530000	0.817619
1.860000	0.540000	0.834822
1.860000	0.550000	0.851869
1.860000	0.560000	0.868731
1.860000	0.570000	0.885378
1.860000	0.580000	0.901777
1.860000	0.590000	0.917890
1.860000	0.600000	0.933680
1.860000	0.610000	0.949104
1.860000	0.620000	0.964116
1.860000	0.630000	0.978668
1.860000	0.640000	0.992704
1.860000	0.650000	1.006166
1.860000	0.660000	1.018989
1.860000	0.670000	1.031105
1.860000	0.680000	1.042437
1.860000	0.690000	1.052902
1.860000	0.700000	1.062407
1.860000	0.710000	1.070854
1.860000	0.720000	1.078133
1.860000	0.730000	1.084124
1.860000	0.740000	1.088696
1.860000	0.750000	1.091703
1.860000	0.760000	1.092988
1.860000	0.770000	1.092377
1.860000	0.780000	1.089679
1.860000	0.790000	1.084686
1.860000	0.800000	1.077170
1.860000	0.810000	1.066883
1.860000	0.820000	1.053558
1.860000	0.830000	1.036903
1.860000	0.840000	1.016609
1.860000	0.850000	0.992346
1.860000	0.860000	0.963773
1.860000	0.870000	0.930535
1.860000	0.880000	0.892278
1.860000	0.890000	0.848662
1.860000	0.900000	0.799372
1.860000	0.910000	0.744145
1.860000	0.920000	0.682795
1.860000	0.930000	0.615246
1.860000	0.940000	0.541566
1.860000	0.950000	0.462004
1.860000	0.960000	0.377019
1.860000	0.970000	0.287303
1.860000	0.980000	0.193779
1.860000	0.990000	0.097580
1.870000	0.500000	0.782645
1.870000	0.510000	0.800972
1.870000	0.520000	0.819244
1.870000	0.530000	0.837437
1.870000	0.540000	0.855529
1.870000	0.550000	0.873494
1.870000	0.560000	0.891304
1.870000	0.570000	0.908930
1.870000	0.580000	0.926339
1.870000	0.590000	0.943496
1.870000	0.600000	0.960364
1.870000	0.610000	0.976902
1.870000	0.620000	0.993064
1.870000	0.630000	1.008802
1.870000	0.640000	1.024063
1.870000	0.650000	1.038789
1.870000	0.660000	1.052916
1.870000	0.670000	1.066376
1.870000	0.680000	1.079092
1.870000	0.690000	1.090982
1.870000	0.700000	1.101952
1.870000	0.710000	1.111904
1.870000	0.720000	1.120726
1.870000	0.730000	1.128296
1.870000	0.740000	1.134479
1.870000	0.750000	1.139126
1.870000	0.760000	1.142072
1.870000	0.770000	1.143137
1.870000	0.780000	1.142119
1.870000	0.790000	1.138796
1.870000	0.800000	1.132924
1.870000	0.810000	1.124233
1.870000	0.820000	1.112427
1.870000	0.830000	1.097184
1.870000	0.840000	1.078151
1.870000	0.850000	1.054949
1.870000	0.860000	1.027173
1.870000	0.870000	0.994398
1.870000	0.880000	0.956185
1.870000	0.890000	0.912094
1.870000	0.900000	0.861703
1.870000	0.910000	0.804632
1.870000	0.920000	0.740577
1.870000	0.930000	0.669349
1.870000	0.940000	0.590924
1.870000	0.950000	0.505495
1.870000	0.960000	0.413523
1.870000	0.970000	0.315767
1.870000	0.980000	0.213309
1.870000	0.990000	0.107519
1.880000	0.500000	0.800000
1.880000	0.510000	0.819154
1.880000	0.520000	0.838281
1.880000	0.530000	0.857358
1.880000	0.540000	0.876364
1.880000	0.550000	0.895274
1.880000	0.560000	0.914062
1.880000	0.570000	0.932699
1.880000	0.580000	0.951154
1.880000	0.590000	0.969393
1.880000	0.600000	0.987381
1.880000	0.610000	1.005076
1.880000	0.620000	1.022437
1.880000	0.630000	1.039415
1.880000	0.640000	1.055958
1.880000	0.650000	1.072012
1.880000	0.660000	1.087512
1.880000	0.670000	1.102391
1.880000	0.680000	1.116575
1.880000	0.690000	1.129981
1.880000	0.700000	1.142518
1.880000	0.710000	1.154085
1.880000	0.720000	1.164572
1.880000	0.730000	1.173855
1.880000	0.740000	1.181798
1.880000	0.750000	1.188249
1.880000	0.760000	1.193039
1.880000	0.770000	1.195981
1.880000	0.780000	1.196864
1.880000	0.790000	1.195456
1.880000	0.800000	1.191497
1.880000	0.810000	1.184698
1.880000	0.820000	1.174736
1.880000	0.830000	1.161255
1.880000	0.840000	1.143862
1.880000	0.850000	1.122125
1.880000	0.860000	1.095573
1.880000	0.870000	1.063700
1.880000	0.880000	1.025969
1.880000	0.890000	0.981826
1.880000	0.900000	0.930715
1.880000	0.910000	0.872105
1.880000	0.920000	0.805533
1.880000	0.930000	0.730649
1.880000	0.940000	0.647286
1.880000	0.950000	0.555532
1.880000	0.960000	0.455808
1.880000	0.970000	0.348936
1.880000	0.980000	0.236170
1.880000	0.990000	0.119187
1.890000	0.500000	0.817365
1.890000	0.510000	0.837365
1.890000	0.520000	0.857367
1.890000	0.530000	0.877351
1.890000	0.540000	0.897296
1.890000	0.550000	0.917178
1.890000	0.560000	0.936971
1.890000	0.570000	0.956650
1.890000	0.580000	0.976185
1.890000	0.590000	0.995543
1.890000	0.600000	1.014690
1.890000	0.610000	1.033587
1.890000	0.620000	1.052193
1.890000	0.630000	1.070462
1.890000	0.640000	1.088346
1.890000	0.650000	1.105788
1.890000	0.660000	1.122729
1.890000	0.670000	1.139103
1.890000	0.680000	1.154837
1.890000	0.690000	1.169850
1.890000	0.700000	1.184053
1.890000	0.710000	1.197347
1.890000	0.720000	1.209622
1.890000	0.730000	1.220755
1.890000	0.740000	1.230610
1.890000	0.750000	1.239034
1.890000	0.760000	1.245855
1.890000	0.770000	1.250883
1.890000	0.780000	1.253902
1.890000	0.790000	1.254669
1.890000	0.800000	1.252912
1.890000	0.810000	1.248325
1.890000	0.820000	1.240563
1.890000	0.830000	1.229239
1.890000	0.840000	1.213919
1.890000	0.850000	1.194117
1.890000	0.860000	1.169294
1.890000	0.870000	1.138859
1.890000	0.880000	1.102166
1.890000	0.890000	1.058527
1.890000	0.900000	1.007225
1.890000	0.910000	0.947541
1.890000	0.920000	0.878800
1.890000	0.930000	0.800427
1.890000	0.940000	0.712038
1.890000	0.950000	0.613538
1.890000	0.960000	0.505243
1.890000	0.970000	0.387998
1.890000	0.980000	0.263249
1.890000	0.990000	0.133059
1.900000	0.500000	0.834710
1.900000	0.510000	0.855576
1.900000	0.520000	0.876474
1.900000	0.530000	0.897385
1.900000	0.540000	0.918291
1.900000	0.550000	0.939170
1.900000	0.560000	0.959997
1.900000	0.570000	0.980747
1.900000	0.580000	1.001394
1.900000	0.590000	1.021905
1.900000	0.600000	1.042249
1.900000	0.610000	1.062389
1.900000	0.620000	1.082286
1.900000	0.630000	1.101897
1.900000	0.640000	1.121174
1.900000	0.650000	1.140066
1.900000	0.660000	1.158514
1.900000	0.670000	1.176455
1.900000	0.680000	1.193820
1.900000	0.690000	1.210530
1.900000	0.700000	1.226498
1.900000	0.710000	1.241629
1.900000	0.720000	1.255814
1.900000	0.730000	1.268934
1.900000	0.740000	1.280854
1.900000	0.750000	1.291421
1.900000	0.760000	1.300466
1.900000	0.770000	1.307795
1.900000	0.780000	1.313191
1.900000	0.790000	1.316405
1.900000	0.800000	1.317157
1.900000	0.810000	1.315128
1.900000	0.820000	1.309954
1.900000	0.830000	1.301221
1.900000	0.840000	1.288457
1.900000	0.850000	1.271129
1.900000	0.860000	1.248629
1.900000	0.870000	1.220277
1.900000	0.880000	1.185310
1.900000	0.890000	1.142892
1.900000	0.900000	1.092116
1.900000	0.910000	1.032035
1.900000	0.920000	0.961698
1.900000	0.930000	0.880224
1.900000	0.940000	0.786902
1.900000	0.950000	0.681338
1.900000	0.960000	0.563630
1.900000	0.970000	0.434562
1.900000	0.980000	0.295770
1.900000	0.990000	0.149799
1.910000	0.500000	0.852007
1.910000	0.510000	0.873754
1.910000	0.520000	0.895566
1.910000	0.530000	0.917426
1.910000	0.540000	0.939315
1.910000	0.550000	0.961214
1.910000	0.560000	0.983100
1.910000	0.570000	1.004950
1.910000	0.580000	1.026738
1.910000	0.590000	1.048436
1.910000	0.600000	1.070013
1.910000	0.610000	1.091435
1.910000	0.620000	1.112667
1.910000	0.630000	1.133666
1.910000	0.640000	1.154390
1.910000	0.650000	1.174788
1.910000	0.660000	1.194807
1.910000	0.670000	1.214386
1.910000	0.680000	1.233459
1.910000	0.690000	1.251951
1.910000	0.700000	1.269781
1.910000	0.710000	1.286856
1.910000	0.720000	1.303073
1.910000	0.730000	1.318314
1.910000	0.740000	1.332450
1.910000	0.750000	1.345332
1.910000	0.760000	1.356793
1.910000	0.770000	1.366642
1.910000	0.780000	1.374662
1.910000	0.790000	1.380604
1.910000	0.800000	1.384184
1.910000	0.810000	1.385076
1.910000	0.820000	1.382904
1.910000	0.830000	1.377232
1.910000	0.840000	1.367561
1.910000	0.850000	1.353312
1.910000	0.860000	1.333817
1.910000	0.870000	1.308308
1.910000	0.880000	1.275906
1.910000	0.890000	1.235613
1.910000	0.900000	1.186313
1.910000	0.910000	1.126784
1.910000	0.920000	1.055734
1.910000	0.930000	0.971867
1.910000	0.940000	0.874008
1.910000	0.950000	0.761282
1.910000	0.960000	0.633376
1.910000	0.970000	0.490853
1.910000	0.980000	0.335468
1.910000	0.990000	0.170367
1.920000	0.500000	0.869224
1.920000	0.510000	0.891869
1.920000	0.520000	0.914612
1.920000	0.530000	0.937438
1.920000	0.540000	0.960330
1.920000	0.550000	0.983271
1.920000	0.560000	1.006239
1.920000	0.570000	1.029215
1.920000	0.580000	1.052172
1.920000	0.590000	1.075087
1.920000	0.600000	1.097931
1.920000	0.610000	1.120673
1.920000	0.620000	1.143280
1.920000	0.630000	1.165713
1.920000	0.640000	1.187931
1.920000	0.650000	1.209890
1.920000	0.660000	1.231539
1.920000	0.670000	1.252823
1.920000	0.680000	1.273678
1.920000	0.690000	1.294036
1.920000	0.700000	1.313820
1.920000	0.710000	1.332943
1.920000	0.720000	1.351306
1.920000	0.730000	1.368800
1.920000	0.740000	1.385301
1.920000	0.750000	1.400665
1.920000	0.760000	1.414732
1.920000	0.770000	1.427318
1.920000	0.780000	1.438210
1.920000	0.790000	1.447165
1.920000	0.800000	1.453900
1.920000	0.810000	1.458090
1.920000	0.820000	1.459352
1.920000	0.830000	1.457244
1.920000	0.840000	1.451244
1.920000	0.850000	1.440742
1.920000	0.860000	1.425020
1.920000	0.870000	1.403234
1.920000	0.880000	1.374394
1.920000	0.890000	1.337342
1.920000	0.900000	1.290740
1.920000	0.910000	1.233056
1.920000	0.920000	1.162586
1.920000	0.930000	1.077504
1.920000	0.940000	0.975981
1.920000	0.950000	0.856407
1.920000	0.960000	0.717740
1.920000	0.970000	0.560005
1.920000	0.980000	0.384882
1.920000	0.990000	0.196201
1.930000	0.500000	0.886329
1.930000	0.510000	0.909885
1.930000	0.520000	0.933575
1.930000	0.530000	0.957384
1.930000	0.540000	0.981298
1.930000	0.550000	1.005301
1.930000	0.560000	1.029373
1.930000	0.570000	1.053497
1.930000	0.580000	1.077651
1.930000	0.590000	1.101811
1.930000	0.600000	1.125953
1.930000	0.610000	1.150048
1.930000	0.620000	1.174066
1.930000	0.630000	1.197974
1.930000	0.640000	1.221733
1.930000	0.650000	1.245303
1.930000	0.660000	1.268638
1.930000	0.670000	1.291688
1.930000	0.680000	1.314395
1.930000	0.690000	1.336697
1.930000	0.700000	1.358521
1.930000	0.710000	1.379789
1.930000	0.720000	1.400410
1.930000	0.730000	1.420281
1.930000	0.740000	1.439287
1.930000	0.750000	1.457295
1.930000	0.760000	1.474154
1.930000	0.770000	1.489688
1.930000	0.780000	1.503697
1.930000	0.790000	1.515946
1.930000	0.800000	1.526163
1.930000	0.810000	1.534030
1.930000	0.820000	1.539172
1.930000	0.830000	1.541147
1.930000	0.840000	1.539429
1.930000	0.850000	1.533392
1.930000	0.860000	1.522286
1.930000	0.870000	1.505213
1.930000	0.880000	1.481092
1.930000	0.890000	1.448623
1.930000	0.900000	1.406248
1.930000	0.910000	1.352114
1.930000	0.920000	1.284051
1.930000	0.930000	1.199581
1.930000	0.940000	1.096006
1.930000	0.950000	0.970626
1.930000	0.960000	0.821172
1.930000	0.970000	0.646544
1.930000	0.980000	0.447855
1.930000	0.990000	0.229556
1.940000	0.500000	0.903288
1.940000	0.510000	0.927769
1.940000	0.520000	0.952419
1.940000	0.530000	0.977227
1.940000	0.540000	1.002179
1.940000	0.550000	1.027260
1.940000	0.560000	1.052457
1.940000	0.570000	1.077750
1.940000	0.580000	1.103123
1.940000	0.590000	1.128554
1.940000	0.600000	1.154021
1.940000	0.610000	1.179500
1.940000	0.620000	1.204964
1.940000	0.630000	1.230383
1.940000	0.640000	1.255724
1.940000	0.650000	1.280951
1.940000	0.660000	1.306024
1.940000	0.670000	1.330896
1.940000	0.680000	1.355518
1.940000	0.690000	1.379834
1.940000	0.700000	1.403779
1.940000	0.710000	1.427283
1.940000	0.720000	1.450263
1.940000	0.730000	1.472628
1.940000	0.740000	1.494272
1.940000	0.750000	1.515076
1.940000	0.760000	1.534900
1.940000	0.770000	1.553584
1.940000	0.780000	1.570943
1.940000	0.790000	1.586758
1.940000	0.800000	1.600776
1.940000	0.810000	1.612696
1.940000	0.820000	1.622161
1.940000	0.830000	1.628744
1.940000	0.840000	1.631933
1.940000	0.850000	1.631110
1.940000	0.860000	1.625520
1.940000	0.870000	1.614242
1.940000	0.880000	1.596139
1.940000	0.890000	1.569810
1.940000	0.900000	1.533514
1.940000	0.910000	1.485101
1.940000	0.920000	1.421922
1.940000	0.930000	1.340763
1.940000	0.940000	1.237837
1.940000	0.950000	1.108918
1.940000	0.960000	0.949777
1.940000	0.970000	0.757144
1.940000	0.980000	0.530437
1.940000	0.990000	0.274167
1.950000	0.500000	0.920067
1.950000	0.510000	0.945483
1.950000	0.520000	0.971106
1.950000	0.530000	0.996925
1.950000	0.540000	1.022929
1.950000	0.550000	1.049106
1.950000	0.560000	1.075443
1.950000	0.570000	1.101925
1.950000	0.580000	1.128537
1.950000	0.590000	1.155261
1.950000	0.600000	1.182078
1.950000	0.610000	1.208968
1.950000	0.620000	1.235907
1.950000	0.630000	1.262871
1.950000	0.640000	1.289830
1.950000	0.650000	1.316755
1.950000	0.660000	1.343609
1.950000	0.670000	1.370355
1.950000	0.680000	1.396949
1.950000	0.690000	1.423342
1.950000	0.700000	1.449480
1.950000	0.710000	1.475300
1.950000	0.720000	1.500732
1.950000	0.730000	1.525695
1.950000	0.740000	1.550099
1.950000	0.750000	1.573836
1.950000	0.760000	1.596786
1.950000	0.770000	1.618806
1.950000	0.780000	1.639732
1.950000	0.790000	1.659369
1.950000	0.800000	1.677488
1.950000	0.810000	1.693817
1.950000	0.820000	1.708030
1.950000	0.830000	1.719734
1.950000	0.840000	1.728450
1.950000	0.850000	1.733595
1.950000	0.860000	1.734443
1.950000	0.870000	1.730094
1.950000	0.880000	1.719414
1.950000	0.890000	1.700962
1.950000	0.900000	1.672899
1.950000	0.910000	1.632855
1.950000	0.920000	1.577773
1.950000	0.930000	1.503712
1.950000	0.940000	1.405661
1.950000	0.950000	1.277433
1.950000	0.960000	1.111873
1.950000	0.970000	0.901820
1.950000	0.980000	0.642583
1.950000	0.990000	0.336676
1.960000	0.500000	0.936630
1.960000	0.510000	0.962992
1.960000	0.520000	0.989597
1.960000	0.530000	1.016439
1.960000	0.540000	1.043508
1.960000	0.550000	1.070793
1.960000	0.560000	1.098285
1.960000	0.570000	1.125971
1.960000	0.580000	1.153839
1.960000	0.590000	1.181875
1.960000	0.600000	1.210063
1.960000	0.610000	1.238387
1.960000	0.620000	1.266827
1.960000	0.630000	1.295363
1.960000	0.640000	1.323972
1.960000	0.650000	1.352628
1.960000	0.660000	1.381303
1.960000	0.670000	1.409966
1.960000	0.680000	1.438580
1.960000	0.690000	1.467106
1.960000	0.700000	1.495498
1.960000	0.710000	1.523705
1.960000	0.720000	1.551669
1.960000	0.730000	1.579323
1.960000	0.740000	1.606591
1.960000	0.750000	1.633385
1.960000	0.760000	1.659602
1.960000	0.770000	1.685124
1.960000	0.780000	1.709810
1.960000	0.790000	1.733498
1.960000	0.800000	1.755991
1.960000	0.810000	1.777055
1.960000	0.820000	1.796409
1.960000	0.830000	1.813711
1.960000	0.840000	1.828540
1.960000	0.850000	1.840375
1.960000	0.860000	1.848564
1.960000	0.870000	1.852279
1.960000	0.880000	1.850459
1.960000	0.890000	1.841726
1.960000	0.900000	1.824264
1.960000	0.910000	1.795648
1.960000	0.920000	1.752602
1.960000	0.930000	1.690651
1.960000	0.940000	1.603661
1.960000	0.950000	1.483280
1.960000	0.960000	1.318462
1.960000	0.970000	1.095680
1.960000	0.980000	0.801397
1.960000	0.990000	0.429954
1.970000	0.500000	0.952942
1.970000	0.510000	0.980256
1.970000	0.520000	1.007853
1.970000	0.530000	1.035726
1.970000	0.540000	1.063869
1.970000	0.550000	1.092274
1.970000	0.560000	1.120932
1.970000	0.570000	1.149835
1.970000	0.580000	1.178974
1.970000	0.590000	1.208337
1.970000	0.600000	1.237913
1.970000	0.610000	1.267689
1.970000	0.620000	1.297651
1.970000	0.630000	1.327782
1.970000	0.640000	1.358066
1.970000	0.650000	1.388483
1.970000	0.660000	1.419011
1.970000	0.670000	1.449626
1.970000	0.680000	1.480301
1.970000	0.690000	1.511004
1.970000	0.700000	1.541702
1.970000	0.710000	1.572354
1.970000	0.720000	1.602917
1.970000	0.730000	1.633338
1.970000	0.740000	1.663558
1.970000	0.750000	1.693510
1.970000	0.760000	1.723113
1.970000	0.770000	1.752276
1.970000	0.780000	1.780888
1.970000	0.790000	1.808821
1.970000	0.800000	1.835921
1.970000	0.810000	1.862003
1.970000	0.820000	1.886841
1.970000	0.830000	1.910162
1.970000	0.840000	1.931624
1.970000	0.850000	1.950803
1.970000	0.860000	1.967158
1.970000	0.870000	1.979998
1.970000	0.880000	1.988418
1.970000	0.890000	1.991220
1.970000	0.900000	1.986783
1.970000	0.910000	1.972872
1.970000	0.920000	1.946336
1.970000	0.930000	1.902628
1.970000	0.940000	1.835052
1.970000	0.950000	1.733565
1.970000	0.960000	1.583017
1.970000	0.970000	1.361040
1.970000	0.980000	1.037373
1.970000	0.990000	0.581741
1.980000	0.500000	0.968965
1.980000	0.510000	0.997238
1.980000	0.520000	1.025833
1.980000	0.530000	1.054745
1.980000	0.540000	1.083969
1.980000	0.550000	1.113501
1.980000	0.560000	1.143335
1.980000	0.570000	1.173465
1.980000	0.580000	1.203885
1.980000	0.590000	1.234587
1.980000	0.600000	1.265563
1.980000	0.610000	1.296806
1.980000	0.620000	1.328305
1.980000	0.630000	1.360049
1.980000	0.640000	1.392028
1.980000	0.650000	1.424227
1.980000	0.660000	1.456632
1.980000	0.670000	1.489226
1.980000	0.680000	1.521992
1.980000	0.690000	1.554908
1.980000	0.700000	1.587951
1.980000	0.710000	1.621094
1.980000	0.720000	1.654306
1.980000	0.730000	1.687553
1.980000	0.740000	1.720795
1.980000	0.750000	1.753984
1.980000	0.760000	1.787066
1.980000	0.770000	1.819978
1.980000	0.780000	1.852645
1.980000	0.790000	1.884978
1.980000	0.800000	1.916871
1.980000	0.810000	1.948194
1.980000	0.820000	1.978791
1.980000	0.830000	2.008471
1.980000	0.840000	2.036992
1.980000	0.850000	2.064053
1.980000	0.860000	2.089268
1.980000	0.870000	2.112136
1.980000	0.880000	2.131996
1.980000	0.890000	2.147953
1.980000	0.900000	2.158777
1.980000	0.910000	2.162722
1.980000	0.920000	2.157240
1.980000	0.930000	2.138474
1.980000	0.940000	2.100356
1.980000	0.950000	2.032910
1.980000	0.960000	1.918999
1.980000	0.970000	1.728090
1.980000	0.980000	1.405314
1.980000	0.990000	0.859638
1.990000	0.500000	0.984664
1.990000	0.510000	1.013899
1.990000	0.520000	1.043496
1.990000	0.530000	1.073450
1.990000	0.540000	1.103761
1.990000	0.550000	1.134426
1.990000	0.560000	1.165441
1.990000	0.570000	1.196805
1.990000	0.580000	1.228513
1.990000	0.590000	1.260562
1.990000	0.600000	1.292948
1.990000	0.610000	1.325667
1.990000	0.620000	1.358714
1.990000	0.630000	1.392083
1.990000	0.640000	1.425769
1.990000	0.650000	1.459765
1.990000	0.660000	1.494063
1.990000	0.670000	1.528656
1.990000	0.680000	1.563533
1.990000	0.690000	1.598685
1.990000	0.700000	1.634100
1.990000	0.710000	1.669764
1.990000	0.720000	1.705661
1.990000	0.730000	1.741774
1.990000	0.740000	1.778083
1.990000	0.750000	1.814564
1.990000	0.760000	1.851189
1.990000	0.770000	1.887926
1.990000	0.780000	1.924737
1.990000	0.790000	1.961576
1.990000	0.800000	1.998389
1.990000	0.810000	2.035111
1.990000	0.820000	2.071660
1.990000	0.830000	2.107938
1.990000	0.840000	2.143820
1.990000	0.850000	2.179150
1.990000	0.860000	2.213725
1.990000	0.870000	2.247284
1.990000	0.880000	2.279475
1.990000	0.890000	2.309819
1.990000	0.900000	2.337649
1.990000	0.910000	2.362000
1.990000	0.920000	2.381428
1.990000	0.930000	2.393672
1.990000	0.940000	2.394987
1.990000	0.950000	2.378720
1.990000	0.960000	2.331981
1.990000	0.970000	2.227007
1.990000	0.980000	1.996155
1.990000	0.990000	1.451498
