0.000000	0.000000	0.000088
0.000000	0.010000	0.000176
0.000000	0.020000	0.000264
0.000000	0.030000	0.000352
0.000000	0.040000	0.000440
0.000000	0.050000	0.000528
0.000000	0.060000	0.000616
0.000000	0.070000	0.000704
0.000000	0.080000	0.000792
0.000000	0.090000	0.000879
0.000000	0.100000	0.000967
0.000000	0.110000	0.001054
0.000000	0.120000	0.001141
0.000000	0.130000	0.001228
0.000000	0.140000	0.001315
0.000000	0.150000	0.001401
0.000000	0.160000	0.001488
0.000000	0.170000	0.001574
0.000000	0.180000	0.001660
0.000000	0.190000	0.001746
0.000000	0.200000	0.001831
0.000000	0.210000	0.001916
0.000000	0.220000	0.002001
0.000000	0.230000	0.002086
0.000000	0.240000	0.002170
0.000000	0.250000	0.002254
0.000000	0.260000	0.002338
0.000000	0.270000	0.002421
0.000000	0.280000	0.002504
0.000000	0.290000	0.002586
0.000000	0.300000	0.002668
0.000000	0.310000	0.002750
0.000000	0.320000	0.002831
0.000000	0.330000	0.002912
0.000000	0.340000	0.002992
0.000000	0.350000	0.003072
0.000000	0.360000	0.003151
0.000000	0.370000	0.003229
0.000000	0.380000	0.003307
0.000000	0.390000	0.003385
0.000000	0.400000	0.003461
0.000000	0.410000	0.003538
0.000000	0.420000	0.003613
0.000000	0.430000	0.003688
0.000000	0.440000	0.003762
0.000000	0.450000	0.003835
0.000000	0.460000	0.003908
0.000000	0.470000	0.003979
0.000000	0.480000	0.004050
0.000000	0.490000	0.004120
0.010000	0.000000	0.000176
0.010000	0.010000	0.000352
0.010000	0.020000	0.000529
0.010000	0.030000	0.000705
0.010000	0.040000	0.000881
0.010000	0.050000	0.001057
0.010000	0.060000	0.001232
0.010000	0.070000	0.001408
0.010000	0.080000	0.001583
0.010000	0.090000	0.001758
0.010000	0.100000	0.001933
0.010000	0.110000	0.002108
0.010000	0.120000	0.002282
0.010000	0.130000	0.002456
0.010000	0.140000	0.002630
0.010000	0.150000	0.002803
0.010000	0.160000	0.002976
0.010000	0.170000	0.003148
0.010000	0.180000	0.003320
0.010000	0.190000	0.003492
0.010000	0.200000	0.003663
0.010000	0.210000	0.003833
0.010000	0.220000	0.004003
0.010000	0.230000	0.004172
0.010000	0.240000	0.004341
0.010000	0.250000	0.004509
0.010000	0.260000	0.004676
0.010000	0.270000	0.004843
0.010000	0.280000	0.005008
0.010000	0.290000	0.005173
0.010000	0.300000	0.005337
0.010000	0.310000	0.005501
0.010000	0.320000	0.005663
0.010000	0.330000	0.005824
0.010000	0.340000	0.005985
0.010000	0.350000	0.006144
0.010000	0.360000	0.006302
0.010000	0.370000	0.006459
0.010000	0.380000	0.006615
0.010000	0.390000	0.006770
0.010000	0.400000	0.006924
0.010000	0.410000	0.007076
0.010000	0.420000	0.007227
0.010000	0.430000	0.007376
0.010000	0.440000	0.007524
0.010000	0.450000	0.007671
0.010000	0.460000	0.007816
0.010000	0.470000	0.007959
0.010000	0.480000	0.008101
0.010000	0.490000	0.008241
0.020000	0.000000	0.000264
0.020000	0.010000	0.000529
0.020000	0.020000	0.000793
0.020000	0.030000	0.001057
0.020000	0.040000	0.001321
0.020000	0.050000	0.001585
0.020000	0.060000	0.001849
0.020000	0.070000	0.002112
0.020000	0.080000	0.002375
0.020000	0.090000	0.002638
0.020000	0.100000	0.002900
0.020000	0.110000	0.003162
0.020000	0.120000	0.003424
0.020000	0.130000	0.003685
0.020000	0.140000	0.003945
0.020000	0.150000	0.004205
0.020000	0.160000	0.004465
0.020000	0.170000	0.004723
0.020000	0.180000	0.004981
0.020000	0.190000	0.005239
0.020000	0.200000	0.005495
0.020000	0.210000	0.005751
0.020000	0.220000	0.006006
0.020000	0.230000	0.006259
0.020000	0.240000	0.006512
0.020000	0.250000	0.006764
0.020000	0.260000	0.007015
0.020000	0.270000	0.007265
0.020000	0.280000	0.007514
0.020000	0.290000	0.007761
0.020000	0.300000	0.008007
0.020000	0.310000	0.008252
0.020000	0.320000	0.008496
0.020000	0.330000	0.008738
0.020000	0.340000	0.008978
0.020000	0.350000	0.009217
0.020000	0.360000	0.009455
0.020000	0.370000	0.009691
0.020000	0.380000	0.009925
0.020000	0.390000	0.010157
0.020000	0.400000	0.010387
0.020000	0.410000	0.010616
0.020000	0.420000	0.010842
0.020000	0.430000	0.011066
0.020000	0.440000	0.011289
0.020000	0.450000	0.011508
0.020000	0.460000	0.011726
0.020000	0.470000	0.011941
0.020000	0.480000	0.012154
0.020000	0.490000	0.012364
0.030000	0.000000	0.000353
0.030000	0.010000	0.000705
0.030000	0.020000	0.001058
0.030000	0.030000	0.001410
0.030000	0.040000	0.001762
0.030000	0.050000	0.002114
0.030000	0.060000	0.002465
0.030000	0.070000	0.002817
0.030000	0.080000	0.003167
0.030000	0.090000	0.003518
0.030000	0.100000	0.003868
0.030000	0.110000	0.004217
0.030000	0.120000	0.004566
0.030000	0.130000	0.004914
0.030000	0.140000	0.005261
0.030000	0.150000	0.005608
0.030000	0.160000	0.005954
0.030000	0.170000	0.006299
0.030000	0.180000	0.006643
0.030000	0.190000	0.006986
0.030000	0.200000	0.007328
0.030000	0.210000	0.007669
0.030000	0.220000	0.008009
0.030000	0.230000	0.008348
0.030000	0.240000	0.008685
0.030000	0.250000	0.009021
0.030000	0.260000	0.009356
0.030000	0.270000	0.009689
0.030000	0.280000	0.010020
0.030000	0.290000	0.010350
0.030000	0.300000	0.010679
0.030000	0.310000	0.011005
0.030000	0.320000	0.011330
0.030000	0.330000	0.011653
0.030000	0.340000	0.011974
0.030000	0.350000	0.012293
0.030000	0.360000	0.012609
0.030000	0.370000	0.012924
0.030000	0.380000	0.013236
0.030000	0.390000	0.013546
0.030000	0.400000	0.013853
0.030000	0.410000	0.014158
0.030000	0.420000	0.014460
0.030000	0.430000	0.014759
0.030000	0.440000	0.015055
0.030000	0.450000	0.015349
0.030000	0.460000	0.015639
0.030000	0.470000	0.015926
0.030000	0.480000	0.016209
0.030000	0.490000	0.016490
0.040000	0.000000	0.000441
0.040000	0.010000	0.000882
0.040000	0.020000	0.001322
0.040000	0.030000	0.001763
0.040000	0.040000	0.002203
0.040000	0.050000	0.002643
0.040000	0.060000	0.003082
0.040000	0.070000	0.003522
0.040000	0.080000	0.003960
0.040000	0.090000	0.004398
0.040000	0.100000	0.004836
0.040000	0.110000	0.005273
0.040000	0.120000	0.005709
0.040000	0.130000	0.006144
0.040000	0.140000	0.006578
0.040000	0.150000	0.007012
0.040000	0.160000	0.007444
0.040000	0.170000	0.007876
0.040000	0.180000	0.008306
0.040000	0.190000	0.008735
0.040000	0.200000	0.009162
0.040000	0.210000	0.009589
0.040000	0.220000	0.010014
0.040000	0.230000	0.010437
0.040000	0.240000	0.010859
0.040000	0.250000	0.011279
0.040000	0.260000	0.011697
0.040000	0.270000	0.012114
0.040000	0.280000	0.012529
0.040000	0.290000	0.012941
0.040000	0.300000	0.013352
0.040000	0.310000	0.013760
0.040000	0.320000	0.014166
0.040000	0.330000	0.014570
0.040000	0.340000	0.014971
0.040000	0.350000	0.015370
0.040000	0.360000	0.015766
0.040000	0.370000	0.016159
0.040000	0.380000	0.016550
0.040000	0.390000	0.016937
0.040000	0.400000	0.017322
0.040000	0.410000	0.017703
0.040000	0.420000	0.018080
0.040000	0.430000	0.018454
0.040000	0.440000	0.018825
0.040000	0.450000	0.019192
0.040000	0.460000	0.019555
0.040000	0.470000	0.019914
0.040000	0.480000	0.020269
0.040000	0.490000	0.020619
0.050000	0.000000	0.000529
0.050000	0.010000	0.001058
0.050000	0.020000	0.001587
0.050000	0.030000	0.002116
0.050000	0.040000	0.002644
0.050000	0.050000	0.003172
0.050000	0.060000	0.003700
0.050000	0.070000	0.004227
0.050000	0.080000	0.004754
0.050000	0.090000	0.005280
0.050000	0.100000	0.005805
0.050000	0.110000	0.006329
0.050000	0.120000	0.006852
0.050000	0.130000	0.007375
0.050000	0.140000	0.007896
0.050000	0.150000	0.008417
0.050000	0.160000	0.008936
0.050000	0.170000	0.009454
0.050000	0.180000	0.009970
0.050000	0.190000	0.010485
0.050000	0.200000	0.010998
0.050000	0.210000	0.011510
0.050000	0.220000	0.012020
0.050000	0.230000	0.012528
0.050000	0.240000	0.013035
0.050000	0.250000	0.013539
0.050000	0.260000	0.014042
0.050000	0.270000	0.014542
0.050000	0.280000	0.015039
0.050000	0.290000	0.015535
0.050000	0.300000	0.016028
0.050000	0.310000	0.016518
0.050000	0.320000	0.017005
0.050000	0.330000	0.017490
0.050000	0.340000	0.017972
0.050000	0.350000	0.018451
0.050000	0.360000	0.018926
0.050000	0.370000	0.019398
0.050000	0.380000	0.019867
0.050000	0.390000	0.020332
0.050000	0.400000	0.020794
0.050000	0.410000	0.021251
0.050000	0.420000	0.021705
0.050000	0.430000	0.022154
0.050000	0.440000	0.022599
0.050000	0.450000	0.023040
0.050000	0.460000	0.023475
0.050000	0.470000	0.023907
0.050000	0.480000	0.024333
0.050000	0.490000	0.024753
0.060000	0.000000	0.000618
0.060000	0.010000	0.001235
0.060000	0.020000	0.001852
0.060000	0.030000	0.002469
0.060000	0.040000	0.003086
0.060000	0.050000	0.003702
0.060000	0.060000	0.004318
0.060000	0.070000	0.004933
0.060000	0.080000	0.005548
0.060000	0.090000	0.006162
0.060000	0.100000	0.006774
0.060000	0.110000	0.007386
0.060000	0.120000	0.007997
0.060000	0.130000	0.008607
0.060000	0.140000	0.009216
0.060000	0.150000	0.009823
0.060000	0.160000	0.010429
0.060000	0.170000	0.011033
0.060000	0.180000	0.011636
0.060000	0.190000	0.012237
0.060000	0.200000	0.012836
0.060000	0.210000	0.013433
0.060000	0.220000	0.014029
0.060000	0.230000	0.014622
0.060000	0.240000	0.015213
0.060000	0.250000	0.015802
0.060000	0.260000	0.016388
0.060000	0.270000	0.016972
0.060000	0.280000	0.017553
0.060000	0.290000	0.018131
0.060000	0.300000	0.018706
0.060000	0.310000	0.019279
0.060000	0.320000	0.019848
0.060000	0.330000	0.020413
0.060000	0.340000	0.020976
0.060000	0.350000	0.021535
0.060000	0.360000	0.022090
0.060000	0.370000	0.022641
0.060000	0.380000	0.023188
0.060000	0.390000	0.023731
0.060000	0.400000	0.024270
0.060000	0.410000	0.024804
0.060000	0.420000	0.025333
0.060000	0.430000	0.025858
0.060000	0.440000	0.026378
0.060000	0.450000	0.026892
0.060000	0.460000	0.027401
0.060000	0.470000	0.027904
0.060000	0.480000	0.028402
0.060000	0.490000	0.028894
0.070000	0.000000	0.000706
0.070000	0.010000	0.001412
0.070000	0.020000	0.002118
0.070000	0.030000	0.002823
0.070000	0.040000	0.003528
0.070000	0.050000	0.004233
0.070000	0.060000	0.004937
0.070000	0.070000	0.005640
0.070000	0.080000	0.006343
0.070000	0.090000	0.007045
0.070000	0.100000	0.007745
0.070000	0.110000	0.008445
0.070000	0.120000	0.009143
0.070000	0.130000	0.009841
0.070000	0.140000	0.010536
0.070000	0.150000	0.011231
0.070000	0.160000	0.011923
0.070000	0.170000	0.012614
0.070000	0.180000	0.013304
0.070000	0.190000	0.013991
0.070000	0.200000	0.014676
0.070000	0.210000	0.015359
0.070000	0.220000	0.016040
0.070000	0.230000	0.016718
0.070000	0.240000	0.017394
0.070000	0.250000	0.018067
0.070000	0.260000	0.018737
0.070000	0.270000	0.019405
0.070000	0.280000	0.020069
0.070000	0.290000	0.020730
0.070000	0.300000	0.021388
0.070000	0.310000	0.022043
0.070000	0.320000	0.022693
0.070000	0.330000	0.023341
0.070000	0.340000	0.023984
0.070000	0.350000	0.024623
0.070000	0.360000	0.025258
0.070000	0.370000	0.025888
0.070000	0.380000	0.026514
0.070000	0.390000	0.027135
0.070000	0.400000	0.027751
0.070000	0.410000	0.028362
0.070000	0.420000	0.028968
0.070000	0.430000	0.029568
0.070000	0.440000	0.030162
0.070000	0.450000	0.030751
0.070000	0.460000	0.031333
0.070000	0.470000	0.031909
0.070000	0.480000	0.032478
0.070000	0.490000	0.033040
0.080000	0.000000	0.000795
0.080000	0.010000	0.001589
0.080000	0.020000	0.002384
0.080000	0.030000	0.003178
0.080000	0.040000	0.003971
0.080000	0.050000	0.004764
0.080000	0.060000	0.005557
0.080000	0.070000	0.006348
0.080000	0.080000	0.007139
0.080000	0.090000	0.007929
0.080000	0.100000	0.008717
0.080000	0.110000	0.009505
0.080000	0.120000	0.010291
0.080000	0.130000	0.011076
0.080000	0.140000	0.011859
0.080000	0.150000	0.012640
0.080000	0.160000	0.013420
0.080000	0.170000	0.014198
0.080000	0.180000	0.014973
0.080000	0.190000	0.015747
0.080000	0.200000	0.016518
0.080000	0.210000	0.017287
0.080000	0.220000	0.018053
0.080000	0.230000	0.018817
0.080000	0.240000	0.019578
0.080000	0.250000	0.020335
0.080000	0.260000	0.021090
0.080000	0.270000	0.021841
0.080000	0.280000	0.022589
0.080000	0.290000	0.023333
0.080000	0.300000	0.024074
0.080000	0.310000	0.024811
0.080000	0.320000	0.025543
0.080000	0.330000	0.026272
0.080000	0.340000	0.026996
0.080000	0.350000	0.027715
0.080000	0.360000	0.028430
0.080000	0.370000	0.029140
0.080000	0.380000	0.029845
0.080000	0.390000	0.030544
0.080000	0.400000	0.031238
0.080000	0.410000	0.031926
0.080000	0.420000	0.032608
0.080000	0.430000	0.033283
0.080000	0.440000	0.033953
0.080000	0.450000	0.034616
0.080000	0.460000	0.035271
0.080000	0.470000	0.035920
0.080000	0.480000	0.036561
0.080000	0.490000	0.037195
0.090000	0.000000	0.000883
0.090000	0.010000	0.001767
0.090000	0.020000	0.002650
0.090000	0.030000	0.003532
0.090000	0.040000	0.004415
0.090000	0.050000	0.005296
0.090000	0.060000	0.006177
0.090000	0.070000	0.007057
0.090000	0.080000	0.007936
0.090000	0.090000	0.008814
0.090000	0.100000	0.009691
0.090000	0.110000	0.010566
0.090000	0.120000	0.011440
0.090000	0.130000	0.012313
0.090000	0.140000	0.013183
0.090000	0.150000	0.014052
0.090000	0.160000	0.014919
0.090000	0.170000	0.015784
0.090000	0.180000	0.016646
0.090000	0.190000	0.017506
0.090000	0.200000	0.018363
0.090000	0.210000	0.019218
0.090000	0.220000	0.020070
0.090000	0.230000	0.020919
0.090000	0.240000	0.021765
0.090000	0.250000	0.022607
0.090000	0.260000	0.023446
0.090000	0.270000	0.024281
0.090000	0.280000	0.025113
0.090000	0.290000	0.025941
0.090000	0.300000	0.026764
0.090000	0.310000	0.027583
0.090000	0.320000	0.028398
0.090000	0.330000	0.029208
0.090000	0.340000	0.030013
0.090000	0.350000	0.030813
0.090000	0.360000	0.031608
0.090000	0.370000	0.032398
0.090000	0.380000	0.033181
0.090000	0.390000	0.033959
0.090000	0.400000	0.034731
0.090000	0.410000	0.035496
0.090000	0.420000	0.036254
0.090000	0.430000	0.037006
0.090000	0.440000	0.037751
0.090000	0.450000	0.038488
0.090000	0.460000	0.039218
0.090000	0.470000	0.039939
0.090000	0.480000	0.040653
0.090000	0.490000	0.041358
0.100000	0.000000	0.000972
0.100000	0.010000	0.001944
0.100000	0.020000	0.002916
0.100000	0.030000	0.003888
0.100000	0.040000	0.004859
0.100000	0.050000	0.005829
0.100000	0.060000	0.006799
0.100000	0.070000	0.007767
0.100000	0.080000	0.008735
0.100000	0.090000	0.009701
0.100000	0.100000	0.010666
0.100000	0.110000	0.011630
0.100000	0.120000	0.012591
0.100000	0.130000	0.013552
0.100000	0.140000	0.014510
0.100000	0.150000	0.015466
0.100000	0.160000	0.016420
0.100000	0.170000	0.017372
0.100000	0.180000	0.018321
0.100000	0.190000	0.019268
0.100000	0.200000	0.020211
0.100000	0.210000	0.021152
0.100000	0.220000	0.022090
0.100000	0.230000	0.023024
0.100000	0.240000	0.023955
0.100000	0.250000	0.024883
0.100000	0.260000	0.025806
0.100000	0.270000	0.026726
0.100000	0.280000	0.027641
0.100000	0.290000	0.028553
0.100000	0.300000	0.029459
0.100000	0.310000	0.030361
0.100000	0.320000	0.031258
0.100000	0.330000	0.032150
0.100000	0.340000	0.033036
0.100000	0.350000	0.033917
0.100000	0.360000	0.034792
0.100000	0.370000	0.035661
0.100000	0.380000	0.036524
0.100000	0.390000	0.037381
0.100000	0.400000	0.038230
0.100000	0.410000	0.039073
0.100000	0.420000	0.039909
0.100000	0.430000	0.040737
0.100000	0.440000	0.041557
0.100000	0.450000	0.042369
0.100000	0.460000	0.043172
0.100000	0.470000	0.043967
0.100000	0.480000	0.044753
0.100000	0.490000	0.045530
0.110000	0.000000	0.001061
0.110000	0.010000	0.002122
0.110000	0.020000	0.003183
0.110000	0.030000	0.004244
0.110000	0.040000	0.005304
0.110000	0.050000	0.006363
0.110000	0.060000	0.007421
0.110000	0.070000	0.008478
0.110000	0.080000	0.009534
0.110000	0.090000	0.010589
0.110000	0.100000	0.011643
0.110000	0.110000	0.012694
0.110000	0.120000	0.013745
0.110000	0.130000	0.014793
0.110000	0.140000	0.015839
0.110000	0.150000	0.016883
0.110000	0.160000	0.017924
0.110000	0.170000	0.018963
0.110000	0.180000	0.019999
0.110000	0.190000	0.021033
0.110000	0.200000	0.022063
0.110000	0.210000	0.023090
0.110000	0.220000	0.024114
0.110000	0.230000	0.025134
0.110000	0.240000	0.026150
0.110000	0.250000	0.027163
0.110000	0.260000	0.028171
0.110000	0.270000	0.029175
0.110000	0.280000	0.030175
0.110000	0.290000	0.031170
0.110000	0.300000	0.032159
0.110000	0.310000	0.033144
0.110000	0.320000	0.034124
0.110000	0.330000	0.035097
0.110000	0.340000	0.036065
0.110000	0.350000	0.037027
0.110000	0.360000	0.037983
0.110000	0.370000	0.038932
0.110000	0.380000	0.039875
0.110000	0.390000	0.040810
0.110000	0.400000	0.041738
0.110000	0.410000	0.042658
0.110000	0.420000	0.043571
0.110000	0.430000	0.044475
0.110000	0.440000	0.045371
0.110000	0.450000	0.046258
0.110000	0.460000	0.047136
0.110000	0.470000	0.048005
0.110000	0.480000	0.048864
0.110000	0.490000	0.049712
0.120000	0.000000	0.001150
0.120000	0.010000	0.002301
0.120000	0.020000	0.003451
0.120000	0.030000	0.004600
0.120000	0.040000	0.005749
0.120000	0.050000	0.006898
0.120000	0.060000	0.008045
0.120000	0.070000	0.009191
0.120000	0.080000	0.010336
0.120000	0.090000	0.011479
0.120000	0.100000	0.012621
0.120000	0.110000	0.013761
0.120000	0.120000	0.014900
0.120000	0.130000	0.016036
0.120000	0.140000	0.017170
0.120000	0.150000	0.018302
0.120000	0.160000	0.019431
0.120000	0.170000	0.020557
0.120000	0.180000	0.021681
0.120000	0.190000	0.022801
0.120000	0.200000	0.023918
0.120000	0.210000	0.025032
0.120000	0.220000	0.026141
0.120000	0.230000	0.027248
0.120000	0.240000	0.028350
0.120000	0.250000	0.029447
0.120000	0.260000	0.030541
0.120000	0.270000	0.031629
0.120000	0.280000	0.032713
0.120000	0.290000	0.033792
0.120000	0.300000	0.034865
0.120000	0.310000	0.035933
0.120000	0.320000	0.036995
0.120000	0.330000	0.038051
0.120000	0.340000	0.039101
0.120000	0.350000	0.040144
0.120000	0.360000	0.041181
0.120000	0.370000	0.042210
0.120000	0.380000	0.043232
0.120000	0.390000	0.044247
0.120000	0.400000	0.045254
0.120000	0.410000	0.046252
0.120000	0.420000	0.047242
0.120000	0.430000	0.048223
0.120000	0.440000	0.049195
0.120000	0.450000	0.050158
0.120000	0.460000	0.051111
0.120000	0.470000	0.052053
0.120000	0.480000	0.052985
0.120000	0.490000	0.053906
0.130000	0.000000	0.001240
0.130000	0.010000	0.002480
0.130000	0.020000	0.003719
0.130000	0.030000	0.004958
0.130000	0.040000	0.006196
0.130000	0.050000	0.007433
0.130000	0.060000	0.008670
0.130000	0.070000	0.009905
0.130000	0.080000	0.011139
0.130000	0.090000	0.012371
0.130000	0.100000	0.013602
0.130000	0.110000	0.014831
0.130000	0.120000	0.016057
0.130000	0.130000	0.017282
0.130000	0.140000	0.018504
0.130000	0.150000	0.019724
0.130000	0.160000	0.020941
0.130000	0.170000	0.022155
0.130000	0.180000	0.023366
0.130000	0.190000	0.024573
0.130000	0.200000	0.025777
0.130000	0.210000	0.026977
0.130000	0.220000	0.028174
0.130000	0.230000	0.029366
0.130000	0.240000	0.030554
0.130000	0.250000	0.031737
0.130000	0.260000	0.032916
0.130000	0.270000	0.034089
0.130000	0.280000	0.035257
0.130000	0.290000	0.036420
0.130000	0.300000	0.037577
0.130000	0.310000	0.038729
0.130000	0.320000	0.039874
0.130000	0.330000	0.041012
0.130000	0.340000	0.042144
0.130000	0.350000	0.043269
0.130000	0.360000	0.044386
0.130000	0.370000	0.045496
0.130000	0.380000	0.046599
0.130000	0.390000	0.047693
0.130000	0.400000	0.048778
0.130000	0.410000	0.049855
0.130000	0.420000	0.050923
0.130000	0.430000	0.051981
0.130000	0.440000	0.053030
0.130000	0.450000	0.054068
0.130000	0.460000	0.055096
0.130000	0.470000	0.056113
0.130000	0.480000	0.057118
0.130000	0.490000	0.058112
0.140000	0.000000	0.001329
0.140000	0.010000	0.002659
0.140000	0.020000	0.003988
0.140000	0.030000	0.005316
0.140000	0.040000	0.006643
0.140000	0.050000	0.007970
0.140000	0.060000	0.009296
0.140000	0.070000	0.010620
0.140000	0.080000	0.011943
0.140000	0.090000	0.013265
0.140000	0.100000	0.014584
0.140000	0.110000	0.015902
0.140000	0.120000	0.017218
0.140000	0.130000	0.018531
0.140000	0.140000	0.019841
0.140000	0.150000	0.021149
0.140000	0.160000	0.022454
0.140000	0.170000	0.023756
0.140000	0.180000	0.025054
0.140000	0.190000	0.026349
0.140000	0.200000	0.027640
0.140000	0.210000	0.028927
0.140000	0.220000	0.030210
0.140000	0.230000	0.031489
0.140000	0.240000	0.032763
0.140000	0.250000	0.034032
0.140000	0.260000	0.035296
0.140000	0.270000	0.036555
0.140000	0.280000	0.037808
0.140000	0.290000	0.039055
0.140000	0.300000	0.040296
0.140000	0.310000	0.041531
0.140000	0.320000	0.042759
0.140000	0.330000	0.043980
0.140000	0.340000	0.045195
0.140000	0.350000	0.046401
0.140000	0.360000	0.047600
0.140000	0.370000	0.048791
0.140000	0.380000	0.049974
0.140000	0.390000	0.051148
0.140000	0.400000	0.052313
0.140000	0.410000	0.053468
0.140000	0.420000	0.054614
0.140000	0.430000	0.055750
0.140000	0.440000	0.056875
0.140000	0.450000	0.057989
0.140000	0.460000	0.059093
0.140000	0.470000	0.060184
0.140000	0.480000	0.061264
0.140000	0.490000	0.062331
0.150000	0.000000	0.001419
0.150000	0.010000	0.002838
0.150000	0.020000	0.004257
0.150000	0.030000	0.005675
0.150000	0.040000	0.007092
0.150000	0.050000	0.008508
0.150000	0.060000	0.009924
0.150000	0.070000	0.011338
0.150000	0.080000	0.012750
0.150000	0.090000	0.014161
0.150000	0.100000	0.015569
0.150000	0.110000	0.016976
0.150000	0.120000	0.018380
0.150000	0.130000	0.019782
0.150000	0.140000	0.021181
0.150000	0.150000	0.022578
0.150000	0.160000	0.023971
0.150000	0.170000	0.025361
0.150000	0.180000	0.026747
0.150000	0.190000	0.028129
0.150000	0.200000	0.029508
0.150000	0.210000	0.030882
0.150000	0.220000	0.032252
0.150000	0.230000	0.033617
0.150000	0.240000	0.034977
0.150000	0.250000	0.036333
0.150000	0.260000	0.037682
0.150000	0.270000	0.039026
0.150000	0.280000	0.040364
0.150000	0.290000	0.041696
0.150000	0.300000	0.043022
0.150000	0.310000	0.044341
0.150000	0.320000	0.045652
0.150000	0.330000	0.046957
0.150000	0.340000	0.048253
0.150000	0.350000	0.049542
0.150000	0.360000	0.050823
0.150000	0.370000	0.052095
0.150000	0.380000	0.053358
0.150000	0.390000	0.054612
0.150000	0.400000	0.055857
0.150000	0.410000	0.057091
0.150000	0.420000	0.058316
0.150000	0.430000	0.059529
0.150000	0.440000	0.060732
0.150000	0.450000	0.061923
0.150000	0.460000	0.063102
0.150000	0.470000	0.064269
0.150000	0.480000	0.065423
0.150000	0.490000	0.066564
0.160000	0.000000	0.001509
0.160000	0.010000	0.003018
0.160000	0.020000	0.004527
0.160000	0.030000	0.006035
0.160000	0.040000	0.007542
0.160000	0.050000	0.009048
0.160000	0.060000	0.010553
0.160000	0.070000	0.012056
0.160000	0.080000	0.013558
0.160000	0.090000	0.015059
0.160000	0.100000	0.016557
0.160000	0.110000	0.018053
0.160000	0.120000	0.019546
0.160000	0.130000	0.021037
0.160000	0.140000	0.022525
0.160000	0.150000	0.024010
0.160000	0.160000	0.025492
0.160000	0.170000	0.026970
0.160000	0.180000	0.028444
0.160000	0.190000	0.029914
0.160000	0.200000	0.031380
0.160000	0.210000	0.032842
0.160000	0.220000	0.034299
0.160000	0.230000	0.035751
0.160000	0.240000	0.037198
0.160000	0.250000	0.038639
0.160000	0.260000	0.040075
0.160000	0.270000	0.041505
0.160000	0.280000	0.042928
0.160000	0.290000	0.044345
0.160000	0.300000	0.045755
0.160000	0.310000	0.047158
0.160000	0.320000	0.048553
0.160000	0.330000	0.049941
0.160000	0.340000	0.051321
0.160000	0.350000	0.052692
0.160000	0.360000	0.054055
0.160000	0.370000	0.055409
0.160000	0.380000	0.056753
0.160000	0.390000	0.058088
0.160000	0.400000	0.059412
0.160000	0.410000	0.060726
0.160000	0.420000	0.062029
0.160000	0.430000	0.063321
0.160000	0.440000	0.064601
0.160000	0.450000	0.065869
0.160000	0.460000	0.067125
0.160000	0.470000	0.068367
0.160000	0.480000	0.069596
0.160000	0.490000	0.070811
0.170000	0.000000	0.001599
0.170000	0.010000	0.003198
0.170000	0.020000	0.004797
0.170000	0.030000	0.006395
0.170000	0.040000	0.007993
0.170000	0.050000	0.009589
0.170000	0.060000	0.011184
0.170000	0.070000	0.012777
0.170000	0.080000	0.014369
0.170000	0.090000	0.015959
0.170000	0.100000	0.017547
0.170000	0.110000	0.019132
0.170000	0.120000	0.020715
0.170000	0.130000	0.022295
0.170000	0.140000	0.023872
0.170000	0.150000	0.025446
0.170000	0.160000	0.027016
0.170000	0.170000	0.028583
0.170000	0.180000	0.030145
0.170000	0.190000	0.031704
0.170000	0.200000	0.033258
0.170000	0.210000	0.034807
0.170000	0.220000	0.036352
0.170000	0.230000	0.037891
0.170000	0.240000	0.039425
0.170000	0.250000	0.040953
0.170000	0.260000	0.042474
0.170000	0.270000	0.043990
0.170000	0.280000	0.045499
0.170000	0.290000	0.047001
0.170000	0.300000	0.048496
0.170000	0.310000	0.049984
0.170000	0.320000	0.051463
0.170000	0.330000	0.052935
0.170000	0.340000	0.054398
0.170000	0.350000	0.055852
0.170000	0.360000	0.057297
0.170000	0.370000	0.058733
0.170000	0.380000	0.060158
0.170000	0.390000	0.061574
0.170000	0.400000	0.062979
0.170000	0.410000	0.064372
0.170000	0.420000	0.065755
0.170000	0.430000	0.067125
0.170000	0.440000	0.068483
0.170000	0.450000	0.069829
0.170000	0.460000	0.071161
0.170000	0.470000	0.072480
0.170000	0.480000	0.073784
0.170000	0.490000	0.075074
0.180000	0.000000	0.001690
0.180000	0.010000	0.003379
0.180000	0.020000	0.005068
0.180000	0.030000	0.006757
0.180000	0.040000	0.008445
0.180000	0.050000	0.010131
0.180000	0.060000	0.011816
0.180000	0.070000	0.013500
0.180000	0.080000	0.015182
0.180000	0.090000	0.016862
0.180000	0.100000	0.018539
0.180000	0.110000	0.020214
0.180000	0.120000	0.021887
0.180000	0.130000	0.023556
0.180000	0.140000	0.025223
0.180000	0.150000	0.026886
0.180000	0.160000	0.028545
0.180000	0.170000	0.030200
0.180000	0.180000	0.031852
0.180000	0.190000	0.033499
0.180000	0.200000	0.035141
0.180000	0.210000	0.036778
0.180000	0.220000	0.038410
0.180000	0.230000	0.040037
0.180000	0.240000	0.041658
0.180000	0.250000	0.043272
0.180000	0.260000	0.044881
0.180000	0.270000	0.046483
0.180000	0.280000	0.048078
0.180000	0.290000	0.049666
0.180000	0.300000	0.051246
0.180000	0.310000	0.052818
0.180000	0.320000	0.054382
0.180000	0.330000	0.055938
0.180000	0.340000	0.057484
0.180000	0.350000	0.059022
0.180000	0.360000	0.060550
0.180000	0.370000	0.062068
0.180000	0.380000	0.063575
0.180000	0.390000	0.065072
0.180000	0.400000	0.066557
0.180000	0.410000	0.068031
0.180000	0.420000	0.069493
0.180000	0.430000	0.070943
0.180000	0.440000	0.072380
0.180000	0.450000	0.073803
0.180000	0.460000	0.075212
0.180000	0.470000	0.076607
0.180000	0.480000	0.077988
0.180000	0.490000	0.079353
0.190000	0.000000	0.001780
0.190000	0.010000	0.003561
0.190000	0.020000	0.005341
0.190000	0.030000	0.007120
0.190000	0.040000	0.008898
0.190000	0.050000	0.010675
0.190000	0.060000	0.012451
0.190000	0.070000	0.014225
0.190000	0.080000	0.015997
0.190000	0.090000	0.017767
0.190000	0.100000	0.019535
0.190000	0.110000	0.021300
0.190000	0.120000	0.023062
0.190000	0.130000	0.024821
0.190000	0.140000	0.026577
0.190000	0.150000	0.028330
0.190000	0.160000	0.030078
0.190000	0.170000	0.031823
0.190000	0.180000	0.033563
0.190000	0.190000	0.035299
0.190000	0.200000	0.037029
0.190000	0.210000	0.038755
0.190000	0.220000	0.040475
0.190000	0.230000	0.042189
0.190000	0.240000	0.043898
0.190000	0.250000	0.045600
0.190000	0.260000	0.047295
0.190000	0.270000	0.048983
0.190000	0.280000	0.050665
0.190000	0.290000	0.052338
0.190000	0.300000	0.054004
0.190000	0.310000	0.055662
0.190000	0.320000	0.057310
0.190000	0.330000	0.058950
0.190000	0.340000	0.060581
0.190000	0.350000	0.062202
0.190000	0.360000	0.063813
0.190000	0.370000	0.065414
0.190000	0.380000	0.067003
0.190000	0.390000	0.068582
0.190000	0.400000	0.070149
0.190000	0.410000	0.071703
0.190000	0.420000	0.073245
0.190000	0.430000	0.074775
0.190000	0.440000	0.076290
0.190000	0.450000	0.077792
0.190000	0.460000	0.079279
0.190000	0.470000	0.080751
0.190000	0.480000	0.082208
0.190000	0.490000	0.083649
0.200000	0.000000	0.001871
0.200000	0.010000	0.003743
0.200000	0.020000	0.005613
0.200000	0.030000	0.007483
0.200000	0.040000	0.009352
0.200000	0.050000	0.011220
0.200000	0.060000	0.013087
0.200000	0.070000	0.014951
0.200000	0.080000	0.016814
0.200000	0.090000	0.018675
0.200000	0.100000	0.020533
0.200000	0.110000	0.022388
0.200000	0.120000	0.024241
0.200000	0.130000	0.026090
0.200000	0.140000	0.027936
0.200000	0.150000	0.029778
0.200000	0.160000	0.031616
0.200000	0.170000	0.033450
0.200000	0.180000	0.035280
0.200000	0.190000	0.037104
0.200000	0.200000	0.038924
0.200000	0.210000	0.040738
0.200000	0.220000	0.042546
0.200000	0.230000	0.044348
0.200000	0.240000	0.046145
0.200000	0.250000	0.047934
0.200000	0.260000	0.049717
0.200000	0.270000	0.051492
0.200000	0.280000	0.053260
0.200000	0.290000	0.055020
0.200000	0.300000	0.056771
0.200000	0.310000	0.058515
0.200000	0.320000	0.060249
0.200000	0.330000	0.061973
0.200000	0.340000	0.063689
0.200000	0.350000	0.065394
0.200000	0.360000	0.067088
0.200000	0.370000	0.068772
0.200000	0.380000	0.070444
0.200000	0.390000	0.072105
0.200000	0.400000	0.073753
0.200000	0.410000	0.075389
0.200000	0.420000	0.077012
0.200000	0.430000	0.078621
0.200000	0.440000	0.080216
0.200000	0.450000	0.081796
0.200000	0.460000	0.083362
0.200000	0.470000	0.084912
0.200000	0.480000	0.086445
0.200000	0.490000	0.087962
0.210000	0.000000	0.001963
0.210000	0.010000	0.003925
0.210000	0.020000	0.005887
0.210000	0.030000	0.007848
0.210000	0.040000	0.009808
0.210000	0.050000	0.011767
0.210000	0.060000	0.013725
0.210000	0.070000	0.015681
0.210000	0.080000	0.017634
0.210000	0.090000	0.019586
0.210000	0.100000	0.021534
0.210000	0.110000	0.023480
0.210000	0.120000	0.025423
0.210000	0.130000	0.027363
0.210000	0.140000	0.029299
0.210000	0.150000	0.031231
0.210000	0.160000	0.033159
0.210000	0.170000	0.035083
0.210000	0.180000	0.037002
0.210000	0.190000	0.038916
0.210000	0.200000	0.040824
0.210000	0.210000	0.042727
0.210000	0.220000	0.044624
0.210000	0.230000	0.046515
0.210000	0.240000	0.048399
0.210000	0.250000	0.050276
0.210000	0.260000	0.052147
0.210000	0.270000	0.054009
0.210000	0.280000	0.055864
0.210000	0.290000	0.057711
0.210000	0.300000	0.059549
0.210000	0.310000	0.061378
0.210000	0.320000	0.063197
0.210000	0.330000	0.065007
0.210000	0.340000	0.066807
0.210000	0.350000	0.068597
0.210000	0.360000	0.070375
0.210000	0.370000	0.072142
0.210000	0.380000	0.073898
0.210000	0.390000	0.075641
0.210000	0.400000	0.077371
0.210000	0.410000	0.079089
0.210000	0.420000	0.080793
0.210000	0.430000	0.082482
0.210000	0.440000	0.084157
0.210000	0.450000	0.085817
0.210000	0.460000	0.087461
0.210000	0.470000	0.089089
0.210000	0.480000	0.090701
0.210000	0.490000	0.092295
0.220000	0.000000	0.002054
0.220000	0.010000	0.004108
0.220000	0.020000	0.006162
0.220000	0.030000	0.008214
0.220000	0.040000	0.010266
0.220000	0.050000	0.012316
0.220000	0.060000	0.014365
0.220000	0.070000	0.016412
0.220000	0.080000	0.018457
0.220000	0.090000	0.020499
0.220000	0.100000	0.022539
0.220000	0.110000	0.024576
0.220000	0.120000	0.026610
0.220000	0.130000	0.028640
0.220000	0.140000	0.030667
0.220000	0.150000	0.032689
0.220000	0.160000	0.034707
0.220000	0.170000	0.036721
0.220000	0.180000	0.038730
0.220000	0.190000	0.040733
0.220000	0.200000	0.042731
0.220000	0.210000	0.044723
0.220000	0.220000	0.046709
0.220000	0.230000	0.048689
0.220000	0.240000	0.050661
0.220000	0.250000	0.052627
0.220000	0.260000	0.054585
0.220000	0.270000	0.056535
0.220000	0.280000	0.058477
0.220000	0.290000	0.060411
0.220000	0.300000	0.062336
0.220000	0.310000	0.064251
0.220000	0.320000	0.066157
0.220000	0.330000	0.068052
0.220000	0.340000	0.069937
0.220000	0.350000	0.071812
0.220000	0.360000	0.073674
0.220000	0.370000	0.075526
0.220000	0.380000	0.077365
0.220000	0.390000	0.079191
0.220000	0.400000	0.081004
0.220000	0.410000	0.082803
0.220000	0.420000	0.084589
0.220000	0.430000	0.086360
0.220000	0.440000	0.088115
0.220000	0.450000	0.089855
0.220000	0.460000	0.091579
0.220000	0.470000	0.093285
0.220000	0.480000	0.094975
0.220000	0.490000	0.096646
0.230000	0.000000	0.002146
0.230000	0.010000	0.004292
0.230000	0.020000	0.006437
0.230000	0.030000	0.008582
0.230000	0.040000	0.010725
0.230000	0.050000	0.012867
0.230000	0.060000	0.015007
0.230000	0.070000	0.017146
0.230000	0.080000	0.019282
0.230000	0.090000	0.021416
0.230000	0.100000	0.023547
0.230000	0.110000	0.025675
0.230000	0.120000	0.027800
0.230000	0.130000	0.029921
0.230000	0.140000	0.032039
0.230000	0.150000	0.034152
0.230000	0.160000	0.036261
0.230000	0.170000	0.038364
0.230000	0.180000	0.040463
0.230000	0.190000	0.042557
0.230000	0.200000	0.044644
0.230000	0.210000	0.046726
0.230000	0.220000	0.048801
0.230000	0.230000	0.050870
0.230000	0.240000	0.052931
0.230000	0.250000	0.054986
0.230000	0.260000	0.057032
0.230000	0.270000	0.059070
0.230000	0.280000	0.061100
0.230000	0.290000	0.063121
0.230000	0.300000	0.065133
0.230000	0.310000	0.067135
0.230000	0.320000	0.069127
0.230000	0.330000	0.071109
0.230000	0.340000	0.073080
0.230000	0.350000	0.075039
0.230000	0.360000	0.076987
0.230000	0.370000	0.078922
0.230000	0.380000	0.080845
0.230000	0.390000	0.082755
0.230000	0.400000	0.084651
0.230000	0.410000	0.086534
0.230000	0.420000	0.088401
0.230000	0.430000	0.090253
0.230000	0.440000	0.092090
0.230000	0.450000	0.093910
0.230000	0.460000	0.095714
0.230000	0.470000	0.097500
0.230000	0.480000	0.099268
0.230000	0.490000	0.101018
0.240000	0.000000	0.002238
0.240000	0.010000	0.004476
0.240000	0.020000	0.006713
0.240000	0.030000	0.008950
0.240000	0.040000	0.011185
0.240000	0.050000	0.013419
0.240000	0.060000	0.015652
0.240000	0.070000	0.017882
0.240000	0.080000	0.020110
0.240000	0.090000	0.022336
0.240000	0.100000	0.024559
0.240000	0.110000	0.026778
0.240000	0.120000	0.028994
0.240000	0.130000	0.031207
0.240000	0.140000	0.033415
0.240000	0.150000	0.035620
0.240000	0.160000	0.037819
0.240000	0.170000	0.040014
0.240000	0.180000	0.042203
0.240000	0.190000	0.044387
0.240000	0.200000	0.046565
0.240000	0.210000	0.048736
0.240000	0.220000	0.050901
0.240000	0.230000	0.053059
0.240000	0.240000	0.055210
0.240000	0.250000	0.057353
0.240000	0.260000	0.059488
0.240000	0.270000	0.061615
0.240000	0.280000	0.063733
0.240000	0.290000	0.065842
0.240000	0.300000	0.067941
0.240000	0.310000	0.070030
0.240000	0.320000	0.072109
0.240000	0.330000	0.074177
0.240000	0.340000	0.076234
0.240000	0.350000	0.078280
0.240000	0.360000	0.080313
0.240000	0.370000	0.082333
0.240000	0.380000	0.084341
0.240000	0.390000	0.086335
0.240000	0.400000	0.088314
0.240000	0.410000	0.090280
0.240000	0.420000	0.092230
0.240000	0.430000	0.094164
0.240000	0.440000	0.096082
0.240000	0.450000	0.097984
0.240000	0.460000	0.099868
0.240000	0.470000	0.101734
0.240000	0.480000	0.103581
0.240000	0.490000	0.105410
0.250000	0.000000	0.002331
0.250000	0.010000	0.004661
0.250000	0.020000	0.006991
0.250000	0.030000	0.009320
0.250000	0.040000	0.011648
0.250000	0.050000	0.013974
0.250000	0.060000	0.016299
0.250000	0.070000	0.018621
0.250000	0.080000	0.020941
0.250000	0.090000	0.023259
0.250000	0.100000	0.025574
0.250000	0.110000	0.027885
0.250000	0.120000	0.030193
0.250000	0.130000	0.032497
0.250000	0.140000	0.034797
0.250000	0.150000	0.037093
0.250000	0.160000	0.039384
0.250000	0.170000	0.041669
0.250000	0.180000	0.043949
0.250000	0.190000	0.046224
0.250000	0.200000	0.048492
0.250000	0.210000	0.050754
0.250000	0.220000	0.053009
0.250000	0.230000	0.055257
0.250000	0.240000	0.057497
0.250000	0.250000	0.059730
0.250000	0.260000	0.061954
0.250000	0.270000	0.064170
0.250000	0.280000	0.066376
0.250000	0.290000	0.068573
0.250000	0.300000	0.070760
0.250000	0.310000	0.072937
0.250000	0.320000	0.075104
0.250000	0.330000	0.077259
0.250000	0.340000	0.079402
0.250000	0.350000	0.081534
0.250000	0.360000	0.083652
0.250000	0.370000	0.085758
0.250000	0.380000	0.087851
0.250000	0.390000	0.089929
0.250000	0.400000	0.091993
0.250000	0.410000	0.094042
0.250000	0.420000	0.096075
0.250000	0.430000	0.098093
0.250000	0.440000	0.100093
0.250000	0.450000	0.102076
0.250000	0.460000	0.104041
0.250000	0.470000	0.105988
0.250000	0.480000	0.107915
0.250000	0.490000	0.109823
0.260000	0.000000	0.002423
0.260000	0.010000	0.004847
0.260000	0.020000	0.007269
0.260000	0.030000	0.009691
0.260000	0.040000	0.012111
0.260000	0.050000	0.014530
0.260000	0.060000	0.016948
0.260000	0.070000	0.019363
0.260000	0.080000	0.021775
0.260000	0.090000	0.024186
0.260000	0.100000	0.026593
0.260000	0.110000	0.028996
0.260000	0.120000	0.031396
0.260000	0.130000	0.033792
0.260000	0.140000	0.036184
0.260000	0.150000	0.038572
0.260000	0.160000	0.040954
0.260000	0.170000	0.043331
0.260000	0.180000	0.045702
0.260000	0.190000	0.048068
0.260000	0.200000	0.050427
0.260000	0.210000	0.052780
0.260000	0.220000	0.055125
0.260000	0.230000	0.057463
0.260000	0.240000	0.059794
0.260000	0.250000	0.062116
0.260000	0.260000	0.064430
0.260000	0.270000	0.066734
0.260000	0.280000	0.069030
0.260000	0.290000	0.071316
0.260000	0.300000	0.073591
0.260000	0.310000	0.075856
0.260000	0.320000	0.078110
0.260000	0.330000	0.080353
0.260000	0.340000	0.082583
0.260000	0.350000	0.084801
0.260000	0.360000	0.087007
0.260000	0.370000	0.089198
0.260000	0.380000	0.091376
0.260000	0.390000	0.093540
0.260000	0.400000	0.095689
0.260000	0.410000	0.097822
0.260000	0.420000	0.099939
0.260000	0.430000	0.102039
0.260000	0.440000	0.104122
0.260000	0.450000	0.106188
0.260000	0.460000	0.108235
0.260000	0.470000	0.110263
0.260000	0.480000	0.112271
0.260000	0.490000	0.114259
0.270000	0.000000	0.002517
0.270000	0.010000	0.005033
0.270000	0.020000	0.007549
0.270000	0.030000	0.010063
0.270000	0.040000	0.012577
0.270000	0.050000	0.015089
0.270000	0.060000	0.017599
0.270000	0.070000	0.020107
0.270000	0.080000	0.022613
0.270000	0.090000	0.025116
0.270000	0.100000	0.027615
0.270000	0.110000	0.030111
0.270000	0.120000	0.032604
0.270000	0.130000	0.035092
0.270000	0.140000	0.037577
0.270000	0.150000	0.040056
0.270000	0.160000	0.042530
0.270000	0.170000	0.044999
0.270000	0.180000	0.047462
0.270000	0.190000	0.049919
0.270000	0.200000	0.052369
0.270000	0.210000	0.054813
0.270000	0.220000	0.057249
0.270000	0.230000	0.059678
0.270000	0.240000	0.062099
0.270000	0.250000	0.064511
0.270000	0.260000	0.066915
0.270000	0.270000	0.069310
0.270000	0.280000	0.071695
0.270000	0.290000	0.074069
0.270000	0.300000	0.076434
0.270000	0.310000	0.078787
0.270000	0.320000	0.081130
0.270000	0.330000	0.083460
0.270000	0.340000	0.085778
0.270000	0.350000	0.088083
0.270000	0.360000	0.090375
0.270000	0.370000	0.092654
0.270000	0.380000	0.094918
0.270000	0.390000	0.097167
0.270000	0.400000	0.099401
0.270000	0.410000	0.101619
0.270000	0.420000	0.103820
0.270000	0.430000	0.106005
0.270000	0.440000	0.108171
0.270000	0.450000	0.110319
0.270000	0.460000	0.112449
0.270000	0.470000	0.114559
0.270000	0.480000	0.116648
0.270000	0.490000	0.118717
0.280000	0.000000	0.002610
0.280000	0.010000	0.005220
0.280000	0.020000	0.007829
0.280000	0.030000	0.010437
0.280000	0.040000	0.013044
0.280000	0.050000	0.015650
0.280000	0.060000	0.018253
0.280000	0.070000	0.020854
0.280000	0.080000	0.023453
0.280000	0.090000	0.026049
0.280000	0.100000	0.028642
0.280000	0.110000	0.031231
0.280000	0.120000	0.033816
0.280000	0.130000	0.036398
0.280000	0.140000	0.038974
0.280000	0.150000	0.041546
0.280000	0.160000	0.044113
0.280000	0.170000	0.046674
0.280000	0.180000	0.049229
0.280000	0.190000	0.051777
0.280000	0.200000	0.054320
0.280000	0.210000	0.056855
0.280000	0.220000	0.059382
0.280000	0.230000	0.061902
0.280000	0.240000	0.064414
0.280000	0.250000	0.066917
0.280000	0.260000	0.069411
0.280000	0.270000	0.071896
0.280000	0.280000	0.074370
0.280000	0.290000	0.076835
0.280000	0.300000	0.079289
0.280000	0.310000	0.081731
0.280000	0.320000	0.084162
0.280000	0.330000	0.086581
0.280000	0.340000	0.088987
0.280000	0.350000	0.091380
0.280000	0.360000	0.093760
0.280000	0.370000	0.096125
0.280000	0.380000	0.098476
0.280000	0.390000	0.100811
0.280000	0.400000	0.103131
0.280000	0.410000	0.105434
0.280000	0.420000	0.107720
0.280000	0.430000	0.109989
0.280000	0.440000	0.112240
0.280000	0.450000	0.114472
0.280000	0.460000	0.116684
0.280000	0.470000	0.118876
0.280000	0.480000	0.121048
0.280000	0.490000	0.123198
0.290000	0.000000	0.002704
0.290000	0.010000	0.005408
0.290000	0.020000	0.008111
0.290000	0.030000	0.010813
0.290000	0.040000	0.013513
0.290000	0.050000	0.016213
0.290000	0.060000	0.018910
0.290000	0.070000	0.021605
0.290000	0.080000	0.024297
0.290000	0.090000	0.026986
0.290000	0.100000	0.029673
0.290000	0.110000	0.032355
0.290000	0.120000	0.035034
0.290000	0.130000	0.037708
0.290000	0.140000	0.040378
0.290000	0.150000	0.043042
0.290000	0.160000	0.045701
0.290000	0.170000	0.048355
0.290000	0.180000	0.051003
0.290000	0.190000	0.053644
0.290000	0.200000	0.056278
0.290000	0.210000	0.058905
0.290000	0.220000	0.061524
0.290000	0.230000	0.064136
0.290000	0.240000	0.066739
0.290000	0.250000	0.069333
0.290000	0.260000	0.071918
0.290000	0.270000	0.074493
0.290000	0.280000	0.077058
0.290000	0.290000	0.079613
0.290000	0.300000	0.082156
0.290000	0.310000	0.084688
0.290000	0.320000	0.087208
0.290000	0.330000	0.089716
0.290000	0.340000	0.092211
0.290000	0.350000	0.094692
0.290000	0.360000	0.097159
0.290000	0.370000	0.099612
0.290000	0.380000	0.102050
0.290000	0.390000	0.104472
0.290000	0.400000	0.106878
0.290000	0.410000	0.109268
0.290000	0.420000	0.111639
0.290000	0.430000	0.113993
0.290000	0.440000	0.116329
0.290000	0.450000	0.118645
0.290000	0.460000	0.120941
0.290000	0.470000	0.123217
0.290000	0.480000	0.125471
0.290000	0.490000	0.127703
0.300000	0.000000	0.002798
0.300000	0.010000	0.005596
0.300000	0.020000	0.008393
0.300000	0.030000	0.011190
0.300000	0.040000	0.013984
0.300000	0.050000	0.016778
0.300000	0.060000	0.019569
0.300000	0.070000	0.022358
0.300000	0.080000	0.025144
0.300000	0.090000	0.027927
0.300000	0.100000	0.030707
0.300000	0.110000	0.033484
0.300000	0.120000	0.036256
0.300000	0.130000	0.039024
0.300000	0.140000	0.041787
0.300000	0.150000	0.044545
0.300000	0.160000	0.047297
0.300000	0.170000	0.050044
0.300000	0.180000	0.052784
0.300000	0.190000	0.055518
0.300000	0.200000	0.058244
0.300000	0.210000	0.060964
0.300000	0.220000	0.063675
0.300000	0.230000	0.066379
0.300000	0.240000	0.069073
0.300000	0.250000	0.071759
0.300000	0.260000	0.074435
0.300000	0.270000	0.077101
0.300000	0.280000	0.079757
0.300000	0.290000	0.082403
0.300000	0.300000	0.085036
0.300000	0.310000	0.087658
0.300000	0.320000	0.090268
0.300000	0.330000	0.092865
0.300000	0.340000	0.095449
0.300000	0.350000	0.098019
0.300000	0.360000	0.100575
0.300000	0.370000	0.103116
0.300000	0.380000	0.105642
0.300000	0.390000	0.108151
0.300000	0.400000	0.110644
0.300000	0.410000	0.113120
0.300000	0.420000	0.115578
0.300000	0.430000	0.118018
0.300000	0.440000	0.120439
0.300000	0.450000	0.122840
0.300000	0.460000	0.125220
0.300000	0.470000	0.127580
0.300000	0.480000	0.129918
0.300000	0.490000	0.132233
0.310000	0.000000	0.002893
0.310000	0.010000	0.005785
0.310000	0.020000	0.008677
0.310000	0.030000	0.011568
0.310000	0.040000	0.014457
0.310000	0.050000	0.017345
0.310000	0.060000	0.020231
0.310000	0.070000	0.023114
0.310000	0.080000	0.025995
0.310000	0.090000	0.028872
0.310000	0.100000	0.031747
0.310000	0.110000	0.034617
0.310000	0.120000	0.037483
0.310000	0.130000	0.040345
0.310000	0.140000	0.043202
0.310000	0.150000	0.046053
0.310000	0.160000	0.048899
0.310000	0.170000	0.051739
0.310000	0.180000	0.054573
0.310000	0.190000	0.057400
0.310000	0.200000	0.060219
0.310000	0.210000	0.063031
0.310000	0.220000	0.065836
0.310000	0.230000	0.068631
0.310000	0.240000	0.071418
0.310000	0.250000	0.074196
0.310000	0.260000	0.076964
0.310000	0.270000	0.079722
0.310000	0.280000	0.082469
0.310000	0.290000	0.085205
0.310000	0.300000	0.087930
0.310000	0.310000	0.090642
0.310000	0.320000	0.093343
0.310000	0.330000	0.096030
0.310000	0.340000	0.098703
0.310000	0.350000	0.101363
0.310000	0.360000	0.104007
0.310000	0.370000	0.106637
0.310000	0.380000	0.109251
0.310000	0.390000	0.111848
0.310000	0.400000	0.114429
0.310000	0.410000	0.116992
0.310000	0.420000	0.119537
0.310000	0.430000	0.122063
0.310000	0.440000	0.124570
0.310000	0.450000	0.127057
0.310000	0.460000	0.129522
0.310000	0.470000	0.131967
0.310000	0.480000	0.134389
0.310000	0.490000	0.136788
0.320000	0.000000	0.002988
0.320000	0.010000	0.005975
0.320000	0.020000	0.008962
0.320000	0.030000	0.011948
0.320000	0.040000	0.014932
0.320000	0.050000	0.017915
0.320000	0.060000	0.020896
0.320000	0.070000	0.023874
0.320000	0.080000	0.026849
0.320000	0.090000	0.029821
0.320000	0.100000	0.032790
0.320000	0.110000	0.035755
0.320000	0.120000	0.038716
0.320000	0.130000	0.041672
0.320000	0.140000	0.044623
0.320000	0.150000	0.047568
0.320000	0.160000	0.050508
0.320000	0.170000	0.053442
0.320000	0.180000	0.056369
0.320000	0.190000	0.059290
0.320000	0.200000	0.062203
0.320000	0.210000	0.065108
0.320000	0.220000	0.068005
0.320000	0.230000	0.070894
0.320000	0.240000	0.073774
0.320000	0.250000	0.076644
0.320000	0.260000	0.079504
0.320000	0.270000	0.082354
0.320000	0.280000	0.085193
0.320000	0.290000	0.088021
0.320000	0.300000	0.090837
0.320000	0.310000	0.093640
0.320000	0.320000	0.096431
0.320000	0.330000	0.099209
0.320000	0.340000	0.101973
0.320000	0.350000	0.104722
0.320000	0.360000	0.107456
0.320000	0.370000	0.110175
0.320000	0.380000	0.112878
0.320000	0.390000	0.115564
0.320000	0.400000	0.118233
0.320000	0.410000	0.120884
0.320000	0.420000	0.123517
0.320000	0.430000	0.126130
0.320000	0.440000	0.128723
0.320000	0.450000	0.131296
0.320000	0.460000	0.133848
0.320000	0.470000	0.136378
0.320000	0.480000	0.138885
0.320000	0.490000	0.141368
0.330000	0.000000	0.003083
0.330000	0.010000	0.006166
0.330000	0.020000	0.009248
0.330000	0.030000	0.012330
0.330000	0.040000	0.015409
0.330000	0.050000	0.018487
0.330000	0.060000	0.021563
0.330000	0.070000	0.024636
0.330000	0.080000	0.027707
0.330000	0.090000	0.030774
0.330000	0.100000	0.033838
0.330000	0.110000	0.036898
0.330000	0.120000	0.039953
0.330000	0.130000	0.043004
0.330000	0.140000	0.046050
0.330000	0.150000	0.049090
0.330000	0.160000	0.052124
0.330000	0.170000	0.055153
0.330000	0.180000	0.058174
0.330000	0.190000	0.061188
0.330000	0.200000	0.064195
0.330000	0.210000	0.067194
0.330000	0.220000	0.070185
0.330000	0.230000	0.073167
0.330000	0.240000	0.076140
0.330000	0.250000	0.079103
0.330000	0.260000	0.082056
0.330000	0.270000	0.084998
0.330000	0.280000	0.087930
0.330000	0.290000	0.090850
0.330000	0.300000	0.093758
0.330000	0.310000	0.096653
0.330000	0.320000	0.099535
0.330000	0.330000	0.102404
0.330000	0.340000	0.105258
0.330000	0.350000	0.108098
0.330000	0.360000	0.110923
0.330000	0.370000	0.113731
0.330000	0.380000	0.116524
0.330000	0.390000	0.119299
0.330000	0.400000	0.122057
0.330000	0.410000	0.124797
0.330000	0.420000	0.127517
0.330000	0.430000	0.130218
0.330000	0.440000	0.132899
0.330000	0.450000	0.135559
0.330000	0.460000	0.138197
0.330000	0.470000	0.140813
0.330000	0.480000	0.143406
0.330000	0.490000	0.145974
0.340000	0.000000	0.003179
0.340000	0.010000	0.006358
0.340000	0.020000	0.009536
0.340000	0.030000	0.012713
0.340000	0.040000	0.015888
0.340000	0.050000	0.019062
0.340000	0.060000	0.022234
0.340000	0.070000	0.025403
0.340000	0.080000	0.028569
0.340000	0.090000	0.031731
0.340000	0.100000	0.034891
0.340000	0.110000	0.038046
0.340000	0.120000	0.041197
0.340000	0.130000	0.044343
0.340000	0.140000	0.047483
0.340000	0.150000	0.050619
0.340000	0.160000	0.053748
0.340000	0.170000	0.056871
0.340000	0.180000	0.059987
0.340000	0.190000	0.063096
0.340000	0.200000	0.066197
0.340000	0.210000	0.069290
0.340000	0.220000	0.072375
0.340000	0.230000	0.075451
0.340000	0.240000	0.078517
0.340000	0.250000	0.081574
0.340000	0.260000	0.084620
0.340000	0.270000	0.087656
0.340000	0.280000	0.090680
0.340000	0.290000	0.093692
0.340000	0.300000	0.096692
0.340000	0.310000	0.099680
0.340000	0.320000	0.102654
0.340000	0.330000	0.105614
0.340000	0.340000	0.108560
0.340000	0.350000	0.111491
0.340000	0.360000	0.114407
0.340000	0.370000	0.117306
0.340000	0.380000	0.120188
0.340000	0.390000	0.123054
0.340000	0.400000	0.125901
0.340000	0.410000	0.128730
0.340000	0.420000	0.131539
0.340000	0.430000	0.134329
0.340000	0.440000	0.137097
0.340000	0.450000	0.139845
0.340000	0.460000	0.142571
0.340000	0.470000	0.145273
0.340000	0.480000	0.147952
0.340000	0.490000	0.150607
0.350000	0.000000	0.003275
0.350000	0.010000	0.006550
0.350000	0.020000	0.009825
0.350000	0.030000	0.013098
0.350000	0.040000	0.016369
0.350000	0.050000	0.019639
0.350000	0.060000	0.022907
0.350000	0.070000	0.026172
0.350000	0.080000	0.029434
0.350000	0.090000	0.032693
0.350000	0.100000	0.035948
0.350000	0.110000	0.039199
0.350000	0.120000	0.042445
0.350000	0.130000	0.045687
0.350000	0.140000	0.048923
0.350000	0.150000	0.052154
0.350000	0.160000	0.055379
0.350000	0.170000	0.058597
0.350000	0.180000	0.061808
0.350000	0.190000	0.065012
0.350000	0.200000	0.068208
0.350000	0.210000	0.071396
0.350000	0.220000	0.074575
0.350000	0.230000	0.077745
0.350000	0.240000	0.080906
0.350000	0.250000	0.084056
0.350000	0.260000	0.087196
0.350000	0.270000	0.090325
0.350000	0.280000	0.093443
0.350000	0.290000	0.096549
0.350000	0.300000	0.099642
0.350000	0.310000	0.102722
0.350000	0.320000	0.105788
0.350000	0.330000	0.108841
0.350000	0.340000	0.111879
0.350000	0.350000	0.114901
0.350000	0.360000	0.117908
0.350000	0.370000	0.120899
0.350000	0.380000	0.123872
0.350000	0.390000	0.126828
0.350000	0.400000	0.129765
0.350000	0.410000	0.132684
0.350000	0.420000	0.135583
0.350000	0.430000	0.138461
0.350000	0.440000	0.141319
0.350000	0.450000	0.144155
0.350000	0.460000	0.146969
0.350000	0.470000	0.149759
0.350000	0.480000	0.152526
0.350000	0.490000	0.155267
0.360000	0.000000	0.003372
0.360000	0.010000	0.006744
0.360000	0.020000	0.010115
0.360000	0.030000	0.013484
0.360000	0.040000	0.016853
0.360000	0.050000	0.020219
0.360000	0.060000	0.023583
0.360000	0.070000	0.026945
0.360000	0.080000	0.030303
0.360000	0.090000	0.033659
0.360000	0.100000	0.037010
0.360000	0.110000	0.040357
0.360000	0.120000	0.043700
0.360000	0.130000	0.047038
0.360000	0.140000	0.050370
0.360000	0.150000	0.053696
0.360000	0.160000	0.057017
0.360000	0.170000	0.060331
0.360000	0.180000	0.063637
0.360000	0.190000	0.066937
0.360000	0.200000	0.070228
0.360000	0.210000	0.073511
0.360000	0.220000	0.076785
0.360000	0.230000	0.080050
0.360000	0.240000	0.083305
0.360000	0.250000	0.086550
0.360000	0.260000	0.089785
0.360000	0.270000	0.093008
0.360000	0.280000	0.096220
0.360000	0.290000	0.099419
0.360000	0.300000	0.102606
0.360000	0.310000	0.105779
0.360000	0.320000	0.108939
0.360000	0.330000	0.112084
0.360000	0.340000	0.115214
0.360000	0.350000	0.118329
0.360000	0.360000	0.121428
0.360000	0.370000	0.124510
0.360000	0.380000	0.127575
0.360000	0.390000	0.130622
0.360000	0.400000	0.133650
0.360000	0.410000	0.136660
0.360000	0.420000	0.139649
0.360000	0.430000	0.142617
0.360000	0.440000	0.145564
0.360000	0.450000	0.148490
0.360000	0.460000	0.151392
0.360000	0.470000	0.154271
0.360000	0.480000	0.157125
0.360000	0.490000	0.159955
0.370000	0.000000	0.003469
0.370000	0.010000	0.006938
0.370000	0.020000	0.010406
0.370000	0.030000	0.013873
0.370000	0.040000	0.017338
0.370000	0.050000	0.020802
0.370000	0.060000	0.024263
0.370000	0.070000	0.027721
0.370000	0.080000	0.031177
0.370000	0.090000	0.034629
0.370000	0.100000	0.038077
0.370000	0.110000	0.041521
0.370000	0.120000	0.044960
0.370000	0.130000	0.048394
0.370000	0.140000	0.051823
0.370000	0.150000	0.055246
0.370000	0.160000	0.058663
0.370000	0.170000	0.062073
0.370000	0.180000	0.065475
0.370000	0.190000	0.068871
0.370000	0.200000	0.072258
0.370000	0.210000	0.075636
0.370000	0.220000	0.079006
0.370000	0.230000	0.082366
0.370000	0.240000	0.085717
0.370000	0.250000	0.089057
0.370000	0.260000	0.092386
0.370000	0.270000	0.095704
0.370000	0.280000	0.099010
0.370000	0.290000	0.102304
0.370000	0.300000	0.105585
0.370000	0.310000	0.108852
0.370000	0.320000	0.112105
0.370000	0.330000	0.115344
0.370000	0.340000	0.118567
0.370000	0.350000	0.121775
0.370000	0.360000	0.124967
0.370000	0.370000	0.128141
0.370000	0.380000	0.131298
0.370000	0.390000	0.134437
0.370000	0.400000	0.137557
0.370000	0.410000	0.140657
0.370000	0.420000	0.143737
0.370000	0.430000	0.146796
0.370000	0.440000	0.149834
0.370000	0.450000	0.152849
0.370000	0.460000	0.155841
0.370000	0.470000	0.158809
0.370000	0.480000	0.161753
0.370000	0.490000	0.164670
0.380000	0.000000	0.003567
0.380000	0.010000	0.007133
0.380000	0.020000	0.010699
0.380000	0.030000	0.014263
0.380000	0.040000	0.017826
0.380000	0.050000	0.021387
0.380000	0.060000	0.024945
0.380000	0.070000	0.028501
0.380000	0.080000	0.032054
0.380000	0.090000	0.035603
0.380000	0.100000	0.039149
0.380000	0.110000	0.042690
0.380000	0.120000	0.046226
0.380000	0.130000	0.049757
0.380000	0.140000	0.053283
0.380000	0.150000	0.056803
0.380000	0.160000	0.060316
0.380000	0.170000	0.063823
0.380000	0.180000	0.067322
0.380000	0.190000	0.070814
0.380000	0.200000	0.074297
0.380000	0.210000	0.077772
0.380000	0.220000	0.081238
0.380000	0.230000	0.084694
0.380000	0.240000	0.088140
0.380000	0.250000	0.091576
0.380000	0.260000	0.095001
0.380000	0.270000	0.098414
0.380000	0.280000	0.101815
0.380000	0.290000	0.105203
0.380000	0.300000	0.108579
0.380000	0.310000	0.111940
0.380000	0.320000	0.115288
0.380000	0.330000	0.118621
0.380000	0.340000	0.121938
0.380000	0.350000	0.125239
0.380000	0.360000	0.128524
0.380000	0.370000	0.131792
0.380000	0.380000	0.135042
0.380000	0.390000	0.138273
0.380000	0.400000	0.141485
0.380000	0.410000	0.144677
0.380000	0.420000	0.147849
0.380000	0.430000	0.150999
0.380000	0.440000	0.154128
0.380000	0.450000	0.157234
0.380000	0.460000	0.160316
0.380000	0.470000	0.163374
0.380000	0.480000	0.166407
0.380000	0.490000	0.169414
0.390000	0.000000	0.003665
0.390000	0.010000	0.007329
0.390000	0.020000	0.010993
0.390000	0.030000	0.014655
0.390000	0.040000	0.018316
0.390000	0.050000	0.021975
0.390000	0.060000	0.025631
0.390000	0.070000	0.029285
0.390000	0.080000	0.032935
0.390000	0.090000	0.036583
0.390000	0.100000	0.040226
0.390000	0.110000	0.043864
0.390000	0.120000	0.047498
0.390000	0.130000	0.051127
0.390000	0.140000	0.054750
0.390000	0.150000	0.058367
0.390000	0.160000	0.061978
0.390000	0.170000	0.065582
0.390000	0.180000	0.069178
0.390000	0.190000	0.072766
0.390000	0.200000	0.076347
0.390000	0.210000	0.079918
0.390000	0.220000	0.083481
0.390000	0.230000	0.087033
0.390000	0.240000	0.090576
0.390000	0.250000	0.094107
0.390000	0.260000	0.097628
0.390000	0.270000	0.101137
0.390000	0.280000	0.104634
0.390000	0.290000	0.108118
0.390000	0.300000	0.111588
0.390000	0.310000	0.115045
0.390000	0.320000	0.118487
0.390000	0.330000	0.121915
0.390000	0.340000	0.125326
0.390000	0.350000	0.128722
0.390000	0.360000	0.132101
0.390000	0.370000	0.135462
0.390000	0.380000	0.138805
0.390000	0.390000	0.142130
0.390000	0.400000	0.145435
0.390000	0.410000	0.148720
0.390000	0.420000	0.151984
0.390000	0.430000	0.155226
0.390000	0.440000	0.158447
0.390000	0.450000	0.161644
0.390000	0.460000	0.164817
0.390000	0.470000	0.167966
0.390000	0.480000	0.171090
0.390000	0.490000	0.174187
0.400000	0.000000	0.003763
0.400000	0.010000	0.007526
0.400000	0.020000	0.011288
0.400000	0.030000	0.015049
0.400000	0.040000	0.018808
0.400000	0.050000	0.022565
0.400000	0.060000	0.026320
0.400000	0.070000	0.030072
0.400000	0.080000	0.033821
0.400000	0.090000	0.037566
0.400000	0.100000	0.041308
0.400000	0.110000	0.045044
0.400000	0.120000	0.048776
0.400000	0.130000	0.052503
0.400000	0.140000	0.056224
0.400000	0.150000	0.059939
0.400000	0.160000	0.063648
0.400000	0.170000	0.067349
0.400000	0.180000	0.071043
0.400000	0.190000	0.074729
0.400000	0.200000	0.078406
0.400000	0.210000	0.082075
0.400000	0.220000	0.085734
0.400000	0.230000	0.089384
0.400000	0.240000	0.093023
0.400000	0.250000	0.096652
0.400000	0.260000	0.100269
0.400000	0.270000	0.103874
0.400000	0.280000	0.107467
0.400000	0.290000	0.111047
0.400000	0.300000	0.114613
0.400000	0.310000	0.118166
0.400000	0.320000	0.121704
0.400000	0.330000	0.125226
0.400000	0.340000	0.128733
0.400000	0.350000	0.132223
0.400000	0.360000	0.135697
0.400000	0.370000	0.139153
0.400000	0.380000	0.142590
0.400000	0.390000	0.146008
0.400000	0.400000	0.149407
0.400000	0.410000	0.152785
0.400000	0.420000	0.156142
0.400000	0.430000	0.159478
0.400000	0.440000	0.162791
0.400000	0.450000	0.166080
0.400000	0.460000	0.169346
0.400000	0.470000	0.172586
0.400000	0.480000	0.175801
0.400000	0.490000	0.178989
0.410000	0.000000	0.003862
0.410000	0.010000	0.007724
0.410000	0.020000	0.011585
0.410000	0.030000	0.015444
0.410000	0.040000	0.019303
0.410000	0.050000	0.023159
0.410000	0.060000	0.027012
0.410000	0.070000	0.030863
0.410000	0.080000	0.034711
0.410000	0.090000	0.038555
0.410000	0.100000	0.042395
0.410000	0.110000	0.046230
0.410000	0.120000	0.050061
0.410000	0.130000	0.053886
0.410000	0.140000	0.057705
0.410000	0.150000	0.061519
0.410000	0.160000	0.065325
0.410000	0.170000	0.069125
0.410000	0.180000	0.072917
0.410000	0.190000	0.076701
0.410000	0.200000	0.080476
0.410000	0.210000	0.084243
0.410000	0.220000	0.088000
0.410000	0.230000	0.091747
0.410000	0.240000	0.095483
0.410000	0.250000	0.099209
0.410000	0.260000	0.102923
0.410000	0.270000	0.106625
0.410000	0.280000	0.110315
0.410000	0.290000	0.113992
0.410000	0.300000	0.117654
0.410000	0.310000	0.121303
0.410000	0.320000	0.124937
0.410000	0.330000	0.128556
0.410000	0.340000	0.132158
0.410000	0.350000	0.135744
0.410000	0.360000	0.139313
0.410000	0.370000	0.142863
0.410000	0.380000	0.146396
0.410000	0.390000	0.149908
0.410000	0.400000	0.153402
0.410000	0.410000	0.156874
0.410000	0.420000	0.160325
0.410000	0.430000	0.163754
0.410000	0.440000	0.167160
0.410000	0.450000	0.170543
0.410000	0.460000	0.173901
0.410000	0.470000	0.177234
0.410000	0.480000	0.180541
0.410000	0.490000	0.183821
0.420000	0.000000	0.003962
0.420000	0.010000	0.007923
0.420000	0.020000	0.011883
0.420000	0.030000	0.015842
0.420000	0.040000	0.019800
0.420000	0.050000	0.023755
0.420000	0.060000	0.027708
0.420000	0.070000	0.031658
0.420000	0.080000	0.035605
0.420000	0.090000	0.039548
0.420000	0.100000	0.043487
0.420000	0.110000	0.047422
0.420000	0.120000	0.051351
0.420000	0.130000	0.055276
0.420000	0.140000	0.059194
0.420000	0.150000	0.063106
0.420000	0.160000	0.067011
0.420000	0.170000	0.070909
0.420000	0.180000	0.074800
0.420000	0.190000	0.078682
0.420000	0.200000	0.082556
0.420000	0.210000	0.086421
0.420000	0.220000	0.090276
0.420000	0.230000	0.094121
0.420000	0.240000	0.097956
0.420000	0.250000	0.101779
0.420000	0.260000	0.105591
0.420000	0.270000	0.109391
0.420000	0.280000	0.113178
0.420000	0.290000	0.116952
0.420000	0.300000	0.120712
0.420000	0.310000	0.124457
0.420000	0.320000	0.128188
0.420000	0.330000	0.131903
0.420000	0.340000	0.135602
0.420000	0.350000	0.139284
0.420000	0.360000	0.142948
0.420000	0.370000	0.146595
0.420000	0.380000	0.150223
0.420000	0.390000	0.153831
0.420000	0.400000	0.157419
0.420000	0.410000	0.160986
0.420000	0.420000	0.164532
0.420000	0.430000	0.168055
0.420000	0.440000	0.171556
0.420000	0.450000	0.175032
0.420000	0.460000	0.178484
0.420000	0.470000	0.181910
0.420000	0.480000	0.185310
0.420000	0.490000	0.188683
0.430000	0.000000	0.004061
0.430000	0.010000	0.008122
0.430000	0.020000	0.012183
0.430000	0.030000	0.016242
0.430000	0.040000	0.020299
0.430000	0.050000	0.024354
0.430000	0.060000	0.028407
0.430000	0.070000	0.032457
0.430000	0.080000	0.036503
0.430000	0.090000	0.040546
0.430000	0.100000	0.044585
0.430000	0.110000	0.048619
0.430000	0.120000	0.052648
0.430000	0.130000	0.056672
0.430000	0.140000	0.060690
0.430000	0.150000	0.064701
0.430000	0.160000	0.068706
0.430000	0.170000	0.072703
0.430000	0.180000	0.076693
0.430000	0.190000	0.080674
0.430000	0.200000	0.084647
0.430000	0.210000	0.088610
0.430000	0.220000	0.092564
0.430000	0.230000	0.096508
0.430000	0.240000	0.100441
0.430000	0.250000	0.104363
0.430000	0.260000	0.108273
0.430000	0.270000	0.112171
0.430000	0.280000	0.116056
0.430000	0.290000	0.119928
0.430000	0.300000	0.123785
0.430000	0.310000	0.127628
0.430000	0.320000	0.131456
0.430000	0.330000	0.135269
0.430000	0.340000	0.139064
0.430000	0.350000	0.142843
0.430000	0.360000	0.146605
0.430000	0.370000	0.150347
0.430000	0.380000	0.154071
0.430000	0.390000	0.157776
0.430000	0.400000	0.161460
0.430000	0.410000	0.165122
0.430000	0.420000	0.168763
0.430000	0.430000	0.172382
0.430000	0.440000	0.175977
0.430000	0.450000	0.179548
0.430000	0.460000	0.183094
0.430000	0.470000	0.186615
0.430000	0.480000	0.190108
0.430000	0.490000	0.193575
0.440000	0.000000	0.004162
0.440000	0.010000	0.008323
0.440000	0.020000	0.012484
0.440000	0.030000	0.016643
0.440000	0.040000	0.020801
0.440000	0.050000	0.024956
0.440000	0.060000	0.029109
0.440000	0.070000	0.033259
0.440000	0.080000	0.037406
0.440000	0.090000	0.041549
0.440000	0.100000	0.045688
0.440000	0.110000	0.049822
0.440000	0.120000	0.053952
0.440000	0.130000	0.058075
0.440000	0.140000	0.062193
0.440000	0.150000	0.066304
0.440000	0.160000	0.070409
0.440000	0.170000	0.074506
0.440000	0.180000	0.078595
0.440000	0.190000	0.082676
0.440000	0.200000	0.086748
0.440000	0.210000	0.090811
0.440000	0.220000	0.094864
0.440000	0.230000	0.098907
0.440000	0.240000	0.102939
0.440000	0.250000	0.106960
0.440000	0.260000	0.110969
0.440000	0.270000	0.114966
0.440000	0.280000	0.118949
0.440000	0.290000	0.122919
0.440000	0.300000	0.126875
0.440000	0.310000	0.130817
0.440000	0.320000	0.134743
0.440000	0.330000	0.138653
0.440000	0.340000	0.142546
0.440000	0.350000	0.146423
0.440000	0.360000	0.150281
0.440000	0.370000	0.154121
0.440000	0.380000	0.157942
0.440000	0.390000	0.161743
0.440000	0.400000	0.165524
0.440000	0.410000	0.169283
0.440000	0.420000	0.173020
0.440000	0.430000	0.176734
0.440000	0.440000	0.180425
0.440000	0.450000	0.184092
0.440000	0.460000	0.187733
0.440000	0.470000	0.191348
0.440000	0.480000	0.194937
0.440000	0.490000	0.198498
0.450000	0.000000	0.004263
0.450000	0.010000	0.008525
0.450000	0.020000	0.012786
0.450000	0.030000	0.017046
0.450000	0.040000	0.021305
0.450000	0.050000	0.025561
0.450000	0.060000	0.029815
0.450000	0.070000	0.034066
0.450000	0.080000	0.038314
0.450000	0.090000	0.042557
0.450000	0.100000	0.046797
0.450000	0.110000	0.051032
0.450000	0.120000	0.055261
0.450000	0.130000	0.059486
0.450000	0.140000	0.063704
0.450000	0.150000	0.067915
0.450000	0.160000	0.072120
0.450000	0.170000	0.076317
0.450000	0.180000	0.080507
0.450000	0.190000	0.084688
0.450000	0.200000	0.088860
0.450000	0.210000	0.093023
0.450000	0.220000	0.097176
0.450000	0.230000	0.101319
0.450000	0.240000	0.105451
0.450000	0.250000	0.109571
0.450000	0.260000	0.113679
0.450000	0.270000	0.117775
0.450000	0.280000	0.121858
0.450000	0.290000	0.125927
0.450000	0.300000	0.129982
0.450000	0.310000	0.134022
0.450000	0.320000	0.138047
0.450000	0.330000	0.142055
0.450000	0.340000	0.146047
0.450000	0.350000	0.150022
0.450000	0.360000	0.153978
0.450000	0.370000	0.157916
0.450000	0.380000	0.161835
0.450000	0.390000	0.165733
0.450000	0.400000	0.169611
0.450000	0.410000	0.173468
0.450000	0.420000	0.177302
0.450000	0.430000	0.181113
0.450000	0.440000	0.184900
0.450000	0.450000	0.188663
0.450000	0.460000	0.192400
0.450000	0.470000	0.196111
0.450000	0.480000	0.199795
0.450000	0.490000	0.203452
0.460000	0.000000	0.004364
0.460000	0.010000	0.008728
0.460000	0.020000	0.013090
0.460000	0.030000	0.017452
0.460000	0.040000	0.021812
0.460000	0.050000	0.026169
0.460000	0.060000	0.030524
0.460000	0.070000	0.034877
0.460000	0.080000	0.039225
0.460000	0.090000	0.043570
0.460000	0.100000	0.047911
0.460000	0.110000	0.052247
0.460000	0.120000	0.056578
0.460000	0.130000	0.060903
0.460000	0.140000	0.065222
0.460000	0.150000	0.069535
0.460000	0.160000	0.073840
0.460000	0.170000	0.078138
0.460000	0.180000	0.082429
0.460000	0.190000	0.086710
0.460000	0.200000	0.090983
0.460000	0.210000	0.095247
0.460000	0.220000	0.099500
0.460000	0.230000	0.103743
0.460000	0.240000	0.107975
0.460000	0.250000	0.112196
0.460000	0.260000	0.116404
0.460000	0.270000	0.120600
0.460000	0.280000	0.124782
0.460000	0.290000	0.128951
0.460000	0.300000	0.133106
0.460000	0.310000	0.137245
0.460000	0.320000	0.141369
0.460000	0.330000	0.145477
0.460000	0.340000	0.149568
0.460000	0.350000	0.153641
0.460000	0.360000	0.157697
0.460000	0.370000	0.161733
0.460000	0.380000	0.165750
0.460000	0.390000	0.169747
0.460000	0.400000	0.173723
0.460000	0.410000	0.177677
0.460000	0.420000	0.181609
0.460000	0.430000	0.185517
0.460000	0.440000	0.189402
0.460000	0.450000	0.193262
0.460000	0.460000	0.197096
0.460000	0.470000	0.200904
0.460000	0.480000	0.204684
0.460000	0.490000	0.208437
0.470000	0.000000	0.004466
0.470000	0.010000	0.008931
0.470000	0.020000	0.013396
0.470000	0.030000	0.017859
0.470000	0.040000	0.022321
0.470000	0.050000	0.026780
0.470000	0.060000	0.031237
0.470000	0.070000	0.035691
0.470000	0.080000	0.040142
0.470000	0.090000	0.044588
0.470000	0.100000	0.049031
0.470000	0.110000	0.053468
0.470000	0.120000	0.057901
0.470000	0.130000	0.062327
0.470000	0.140000	0.066748
0.470000	0.150000	0.071162
0.470000	0.160000	0.075569
0.470000	0.170000	0.079969
0.470000	0.180000	0.084360
0.470000	0.190000	0.088743
0.470000	0.200000	0.093117
0.470000	0.210000	0.097482
0.470000	0.220000	0.101836
0.470000	0.230000	0.106180
0.470000	0.240000	0.110513
0.470000	0.250000	0.114834
0.470000	0.260000	0.119143
0.470000	0.270000	0.123439
0.470000	0.280000	0.127723
0.470000	0.290000	0.131992
0.470000	0.300000	0.136246
0.470000	0.310000	0.140486
0.470000	0.320000	0.144710
0.470000	0.330000	0.148918
0.470000	0.340000	0.153108
0.470000	0.350000	0.157281
0.470000	0.360000	0.161436
0.470000	0.370000	0.165572
0.470000	0.380000	0.169688
0.470000	0.390000	0.173784
0.470000	0.400000	0.177858
0.470000	0.410000	0.181911
0.470000	0.420000	0.185941
0.470000	0.430000	0.189948
0.470000	0.440000	0.193931
0.470000	0.450000	0.197889
0.470000	0.460000	0.201821
0.470000	0.470000	0.205726
0.470000	0.480000	0.209604
0.470000	0.490000	0.213453
0.480000	0.000000	0.004568
0.480000	0.010000	0.009136
0.480000	0.020000	0.013703
0.480000	0.030000	0.018269
0.480000	0.040000	0.022832
0.480000	0.050000	0.027394
0.480000	0.060000	0.031954
0.480000	0.070000	0.036510
0.480000	0.080000	0.041062
0.480000	0.090000	0.045611
0.480000	0.100000	0.050156
0.480000	0.110000	0.054696
0.480000	0.120000	0.059230
0.480000	0.130000	0.063759
0.480000	0.140000	0.068282
0.480000	0.150000	0.072798
0.480000	0.160000	0.077307
0.480000	0.170000	0.081808
0.480000	0.180000	0.086302
0.480000	0.190000	0.090786
0.480000	0.200000	0.095262
0.480000	0.210000	0.099728
0.480000	0.220000	0.104184
0.480000	0.230000	0.108630
0.480000	0.240000	0.113064
0.480000	0.250000	0.117487
0.480000	0.260000	0.121897
0.480000	0.270000	0.126294
0.480000	0.280000	0.130679
0.480000	0.290000	0.135049
0.480000	0.300000	0.139404
0.480000	0.310000	0.143745
0.480000	0.320000	0.148069
0.480000	0.330000	0.152377
0.480000	0.340000	0.156669
0.480000	0.350000	0.160942
0.480000	0.360000	0.165197
0.480000	0.370000	0.169433
0.480000	0.380000	0.173649
0.480000	0.390000	0.177844
0.480000	0.400000	0.182018
0.480000	0.410000	0.186171
0.480000	0.420000	0.190300
0.480000	0.430000	0.194406
0.480000	0.440000	0.198488
0.480000	0.450000	0.202544
0.480000	0.460000	0.206575
0.480000	0.470000	0.210578
0.480000	0.480000	0.214554
0.480000	0.490000	0.218502
0.490000	0.000000	0.004671
0.490000	0.010000	0.009342
0.490000	0.020000	0.014012
0.490000	0.030000	0.018680
0.490000	0.040000	0.023347
0.490000	0.050000	0.028011
0.490000	0.060000	0.032673
0.490000	0.070000	0.037332
0.490000	0.080000	0.041988
0.490000	0.090000	0.046640
0.490000	0.100000	0.051287
0.490000	0.110000	0.055929
0.490000	0.120000	0.060567
0.490000	0.130000	0.065198
0.490000	0.140000	0.069823
0.490000	0.150000	0.074442
0.490000	0.160000	0.079053
0.490000	0.170000	0.083657
0.490000	0.180000	0.088253
0.490000	0.190000	0.092840
0.490000	0.200000	0.097418
0.490000	0.210000	0.101987
0.490000	0.220000	0.106545
0.490000	0.230000	0.111092
0.490000	0.240000	0.115629
0.490000	0.250000	0.120153
0.490000	0.260000	0.124665
0.490000	0.270000	0.129165
0.490000	0.280000	0.133651
0.490000	0.290000	0.138122
0.490000	0.300000	0.142580
0.490000	0.310000	0.147021
0.490000	0.320000	0.151447
0.490000	0.330000	0.155857
0.490000	0.340000	0.160249
0.490000	0.350000	0.164623
0.490000	0.360000	0.168979
0.490000	0.370000	0.173316
0.490000	0.380000	0.177632
0.490000	0.390000	0.181928
0.490000	0.400000	0.186203
0.490000	0.410000	0.190455
0.490000	0.420000	0.194685
0.490000	0.430000	0.198891
0.490000	0.440000	0.203072
0.490000	0.450000	0.207228
0.490000	0.460000	0.211358
0.490000	0.470000	0.215461
0.490000	0.480000	0.219536
0.490000	0.490000	0.223582
0.500000	0.000000	0.004774
0.500000	0.010000	0.009548
0.500000	0.020000	0.014322
0.500000	0.030000	0.019093
0.500000	0.040000	0.023864
0.500000	0.050000	0.028632
0.500000	0.060000	0.033397
0.500000	0.070000	0.038159
0.500000	0.080000	0.042918
0.500000	0.090000	0.047673
0.500000	0.100000	0.052424
0.500000	0.110000	0.057169
0.500000	0.120000	0.061910
0.500000	0.130000	0.066644
0.500000	0.140000	0.071373
0.500000	0.150000	0.076094
0.500000	0.160000	0.080809
0.500000	0.170000	0.085516
0.500000	0.180000	0.090215
0.500000	0.190000	0.094905
0.500000	0.200000	0.099586
0.500000	0.210000	0.104257
0.500000	0.220000	0.108918
0.500000	0.230000	0.113568
0.500000	0.240000	0.118207
0.500000	0.250000	0.122834
0.500000	0.260000	0.127449
0.500000	0.270000	0.132051
0.500000	0.280000	0.136639
0.500000	0.290000	0.141213
0.500000	0.300000	0.145772
0.500000	0.310000	0.150316
0.500000	0.320000	0.154844
0.500000	0.330000	0.159356
0.500000	0.340000	0.163850
0.500000	0.350000	0.168326
0.500000	0.360000	0.172783
0.500000	0.370000	0.177221
0.500000	0.380000	0.181639
0.500000	0.390000	0.186036
0.500000	0.400000	0.190412
0.500000	0.410000	0.194765
0.500000	0.420000	0.199096
0.500000	0.430000	0.203402
0.500000	0.440000	0.207684
0.500000	0.450000	0.211941
0.500000	0.460000	0.216171
0.500000	0.470000	0.220374
0.500000	0.480000	0.224549
0.500000	0.490000	0.228695
0.510000	0.000000	0.004878
0.510000	0.010000	0.009756
0.510000	0.020000	0.014633
0.510000	0.030000	0.019509
0.510000	0.040000	0.024383
0.510000	0.050000	0.029255
0.510000	0.060000	0.034124
0.510000	0.070000	0.038990
0.510000	0.080000	0.043853
0.510000	0.090000	0.048712
0.510000	0.100000	0.053566
0.510000	0.110000	0.058415
0.510000	0.120000	0.063260
0.510000	0.130000	0.068098
0.510000	0.140000	0.072930
0.510000	0.150000	0.077755
0.510000	0.160000	0.082574
0.510000	0.170000	0.087384
0.510000	0.180000	0.092186
0.510000	0.190000	0.096980
0.510000	0.200000	0.101764
0.510000	0.210000	0.106539
0.510000	0.220000	0.111303
0.510000	0.230000	0.116057
0.510000	0.240000	0.120799
0.510000	0.250000	0.125529
0.510000	0.260000	0.130247
0.510000	0.270000	0.134952
0.510000	0.280000	0.139643
0.510000	0.290000	0.144320
0.510000	0.300000	0.148983
0.510000	0.310000	0.153629
0.510000	0.320000	0.158260
0.510000	0.330000	0.162874
0.510000	0.340000	0.167470
0.510000	0.350000	0.172049
0.510000	0.360000	0.176609
0.510000	0.370000	0.181149
0.510000	0.380000	0.185669
0.510000	0.390000	0.190168
0.510000	0.400000	0.194646
0.510000	0.410000	0.199101
0.510000	0.420000	0.203533
0.510000	0.430000	0.207941
0.510000	0.440000	0.212325
0.510000	0.450000	0.216682
0.510000	0.460000	0.221014
0.510000	0.470000	0.225318
0.510000	0.480000	0.229594
0.510000	0.490000	0.233841
0.520000	0.000000	0.004983
0.520000	0.010000	0.009965
0.520000	0.020000	0.014947
0.520000	0.030000	0.019927
0.520000	0.040000	0.024905
0.520000	0.050000	0.029881
0.520000	0.060000	0.034855
0.520000	0.070000	0.039825
0.520000	0.080000	0.044792
0.520000	0.090000	0.049756
0.520000	0.100000	0.054714
0.520000	0.110000	0.059668
0.520000	0.120000	0.064616
0.520000	0.130000	0.069559
0.520000	0.140000	0.074495
0.520000	0.150000	0.079425
0.520000	0.160000	0.084347
0.520000	0.170000	0.089262
0.520000	0.180000	0.094168
0.520000	0.190000	0.099066
0.520000	0.200000	0.103954
0.520000	0.210000	0.108833
0.520000	0.220000	0.113701
0.520000	0.230000	0.118559
0.520000	0.240000	0.123405
0.520000	0.250000	0.128239
0.520000	0.260000	0.133061
0.520000	0.270000	0.137869
0.520000	0.280000	0.142664
0.520000	0.290000	0.147445
0.520000	0.300000	0.152211
0.520000	0.310000	0.156961
0.520000	0.320000	0.161695
0.520000	0.330000	0.166412
0.520000	0.340000	0.171112
0.520000	0.350000	0.175794
0.520000	0.360000	0.180456
0.520000	0.370000	0.185100
0.520000	0.380000	0.189723
0.520000	0.390000	0.194325
0.520000	0.400000	0.198905
0.520000	0.410000	0.203463
0.520000	0.420000	0.207997
0.520000	0.430000	0.212508
0.520000	0.440000	0.216993
0.520000	0.450000	0.221453
0.520000	0.460000	0.225887
0.520000	0.470000	0.230293
0.520000	0.480000	0.234670
0.520000	0.490000	0.239019
0.530000	0.000000	0.005088
0.530000	0.010000	0.010175
0.530000	0.020000	0.015261
0.530000	0.030000	0.020346
0.530000	0.040000	0.025430
0.530000	0.050000	0.030511
0.530000	0.060000	0.035589
0.530000	0.070000	0.040665
0.530000	0.080000	0.045737
0.530000	0.090000	0.050805
0.530000	0.100000	0.055868
0.530000	0.110000	0.060927
0.530000	0.120000	0.065980
0.530000	0.130000	0.071028
0.530000	0.140000	0.076069
0.530000	0.150000	0.081103
0.530000	0.160000	0.086130
0.530000	0.170000	0.091150
0.530000	0.180000	0.096161
0.530000	0.190000	0.101163
0.530000	0.200000	0.106156
0.530000	0.210000	0.111139
0.530000	0.220000	0.116112
0.530000	0.230000	0.121074
0.530000	0.240000	0.126025
0.530000	0.250000	0.130964
0.530000	0.260000	0.135890
0.530000	0.270000	0.140803
0.530000	0.280000	0.145702
0.530000	0.290000	0.150587
0.530000	0.300000	0.155457
0.530000	0.310000	0.160311
0.530000	0.320000	0.165149
0.530000	0.330000	0.169970
0.530000	0.340000	0.174774
0.530000	0.350000	0.179560
0.530000	0.360000	0.184326
0.530000	0.370000	0.189073
0.530000	0.380000	0.193800
0.530000	0.390000	0.198506
0.530000	0.400000	0.203189
0.530000	0.410000	0.207851
0.530000	0.420000	0.212488
0.530000	0.430000	0.217102
0.530000	0.440000	0.221691
0.530000	0.450000	0.226254
0.530000	0.460000	0.230790
0.530000	0.470000	0.235298
0.530000	0.480000	0.239779
0.530000	0.490000	0.244230
0.540000	0.000000	0.005193
0.540000	0.010000	0.010386
0.540000	0.020000	0.015578
0.540000	0.030000	0.020768
0.540000	0.040000	0.025957
0.540000	0.050000	0.031144
0.540000	0.060000	0.036328
0.540000	0.070000	0.041508
0.540000	0.080000	0.046686
0.540000	0.090000	0.051859
0.540000	0.100000	0.057028
0.540000	0.110000	0.062192
0.540000	0.120000	0.067351
0.540000	0.130000	0.072504
0.540000	0.140000	0.077650
0.540000	0.150000	0.082790
0.540000	0.160000	0.087922
0.540000	0.170000	0.093047
0.540000	0.180000	0.098163
0.540000	0.190000	0.103271
0.540000	0.200000	0.108369
0.540000	0.210000	0.113458
0.540000	0.220000	0.118536
0.540000	0.230000	0.123603
0.540000	0.240000	0.128659
0.540000	0.250000	0.133703
0.540000	0.260000	0.138734
0.540000	0.270000	0.143752
0.540000	0.280000	0.148756
0.540000	0.290000	0.153746
0.540000	0.300000	0.158720
0.540000	0.310000	0.163680
0.540000	0.320000	0.168623
0.540000	0.330000	0.173549
0.540000	0.340000	0.178457
0.540000	0.350000	0.183347
0.540000	0.360000	0.188218
0.540000	0.370000	0.193070
0.540000	0.380000	0.197901
0.540000	0.390000	0.202711
0.540000	0.400000	0.207499
0.540000	0.410000	0.212264
0.540000	0.420000	0.217006
0.540000	0.430000	0.221724
0.540000	0.440000	0.226417
0.540000	0.450000	0.231083
0.540000	0.460000	0.235723
0.540000	0.470000	0.240336
0.540000	0.480000	0.244919
0.540000	0.490000	0.249474
0.550000	0.000000	0.005299
0.550000	0.010000	0.010598
0.550000	0.020000	0.015896
0.550000	0.030000	0.021192
0.550000	0.040000	0.026487
0.550000	0.050000	0.031780
0.550000	0.060000	0.037069
0.550000	0.070000	0.042356
0.550000	0.080000	0.047640
0.550000	0.090000	0.052919
0.550000	0.100000	0.058194
0.550000	0.110000	0.063464
0.550000	0.120000	0.068728
0.550000	0.130000	0.073987
0.550000	0.140000	0.079240
0.550000	0.150000	0.084485
0.550000	0.160000	0.089724
0.550000	0.170000	0.094954
0.550000	0.180000	0.100176
0.550000	0.190000	0.105390
0.550000	0.200000	0.110594
0.550000	0.210000	0.115788
0.550000	0.220000	0.120972
0.550000	0.230000	0.126145
0.550000	0.240000	0.131307
0.550000	0.250000	0.136456
0.550000	0.260000	0.141593
0.550000	0.270000	0.146717
0.550000	0.280000	0.151826
0.550000	0.290000	0.156922
0.550000	0.300000	0.162002
0.550000	0.310000	0.167067
0.550000	0.320000	0.172115
0.550000	0.330000	0.177147
0.550000	0.340000	0.182161
0.550000	0.350000	0.187156
0.550000	0.360000	0.192133
0.550000	0.370000	0.197089
0.550000	0.380000	0.202026
0.550000	0.390000	0.206941
0.550000	0.400000	0.211834
0.550000	0.410000	0.216704
0.550000	0.420000	0.221551
0.550000	0.430000	0.226374
0.550000	0.440000	0.231171
0.550000	0.450000	0.235943
0.550000	0.460000	0.240687
0.550000	0.470000	0.245404
0.550000	0.480000	0.250092
0.550000	0.490000	0.254751
0.560000	0.000000	0.005406
0.560000	0.010000	0.010811
0.560000	0.020000	0.016215
0.560000	0.030000	0.021618
0.560000	0.040000	0.027020
0.560000	0.050000	0.032419
0.560000	0.060000	0.037815
0.560000	0.070000	0.043208
0.560000	0.080000	0.048598
0.560000	0.090000	0.053984
0.560000	0.100000	0.059365
0.560000	0.110000	0.064742
0.560000	0.120000	0.070113
0.560000	0.130000	0.075478
0.560000	0.140000	0.080837
0.560000	0.150000	0.086189
0.560000	0.160000	0.091534
0.560000	0.170000	0.096871
0.560000	0.180000	0.102200
0.560000	0.190000	0.107520
0.560000	0.200000	0.112830
0.560000	0.210000	0.118131
0.560000	0.220000	0.123421
0.560000	0.230000	0.128701
0.560000	0.240000	0.133969
0.560000	0.250000	0.139225
0.560000	0.260000	0.144468
0.560000	0.270000	0.149698
0.560000	0.280000	0.154914
0.560000	0.290000	0.160116
0.560000	0.300000	0.165302
0.560000	0.310000	0.170473
0.560000	0.320000	0.175628
0.560000	0.330000	0.180765
0.560000	0.340000	0.185885
0.560000	0.350000	0.190987
0.560000	0.360000	0.196069
0.560000	0.370000	0.201132
0.560000	0.380000	0.206174
0.560000	0.390000	0.211195
0.560000	0.400000	0.216194
0.560000	0.410000	0.221171
0.560000	0.420000	0.226123
0.560000	0.430000	0.231052
0.560000	0.440000	0.235955
0.560000	0.450000	0.240832
0.560000	0.460000	0.245682
0.560000	0.470000	0.250504
0.560000	0.480000	0.255298
0.560000	0.490000	0.260062
0.570000	0.000000	0.005513
0.570000	0.010000	0.011025
0.570000	0.020000	0.016536
0.570000	0.030000	0.022046
0.570000	0.040000	0.027555
0.570000	0.050000	0.033061
0.570000	0.060000	0.038564
0.570000	0.070000	0.044065
0.570000	0.080000	0.049562
0.570000	0.090000	0.055055
0.570000	0.100000	0.060543
0.570000	0.110000	0.066027
0.570000	0.120000	0.071505
0.570000	0.130000	0.076977
0.570000	0.140000	0.082443
0.570000	0.150000	0.087902
0.570000	0.160000	0.093354
0.570000	0.170000	0.098798
0.570000	0.180000	0.104234
0.570000	0.190000	0.109661
0.570000	0.200000	0.115078
0.570000	0.210000	0.120486
0.570000	0.220000	0.125884
0.570000	0.230000	0.131270
0.570000	0.240000	0.136645
0.570000	0.250000	0.142008
0.570000	0.260000	0.147358
0.570000	0.270000	0.152695
0.570000	0.280000	0.158018
0.570000	0.290000	0.163327
0.570000	0.300000	0.168620
0.570000	0.310000	0.173898
0.570000	0.320000	0.179160
0.570000	0.330000	0.184404
0.570000	0.340000	0.189631
0.570000	0.350000	0.194839
0.570000	0.360000	0.200029
0.570000	0.370000	0.205198
0.570000	0.380000	0.210347
0.570000	0.390000	0.215475
0.570000	0.400000	0.220581
0.570000	0.410000	0.225664
0.570000	0.420000	0.230723
0.570000	0.430000	0.235758
0.570000	0.440000	0.240767
0.570000	0.450000	0.245751
0.570000	0.460000	0.250707
0.570000	0.470000	0.255636
0.570000	0.480000	0.260536
0.570000	0.490000	0.265406
0.580000	0.000000	0.005620
0.580000	0.010000	0.011240
0.580000	0.020000	0.016859
0.580000	0.030000	0.022477
0.580000	0.040000	0.028093
0.580000	0.050000	0.033706
0.580000	0.060000	0.039318
0.580000	0.070000	0.044926
0.580000	0.080000	0.050530
0.580000	0.090000	0.056130
0.580000	0.100000	0.061727
0.580000	0.110000	0.067318
0.580000	0.120000	0.072903
0.580000	0.130000	0.078483
0.580000	0.140000	0.084057
0.580000	0.150000	0.089624
0.580000	0.160000	0.095183
0.580000	0.170000	0.100735
0.580000	0.180000	0.106278
0.580000	0.190000	0.111813
0.580000	0.200000	0.117338
0.580000	0.210000	0.122854
0.580000	0.220000	0.128359
0.580000	0.230000	0.133853
0.580000	0.240000	0.139335
0.580000	0.250000	0.144806
0.580000	0.260000	0.150264
0.580000	0.270000	0.155708
0.580000	0.280000	0.161139
0.580000	0.290000	0.166555
0.580000	0.300000	0.171956
0.580000	0.310000	0.177342
0.580000	0.320000	0.182711
0.580000	0.330000	0.188063
0.580000	0.340000	0.193398
0.580000	0.350000	0.198714
0.580000	0.360000	0.204011
0.580000	0.370000	0.209288
0.580000	0.380000	0.214544
0.580000	0.390000	0.219779
0.580000	0.400000	0.224993
0.580000	0.410000	0.230183
0.580000	0.420000	0.235350
0.580000	0.430000	0.240492
0.580000	0.440000	0.245609
0.580000	0.450000	0.250699
0.580000	0.460000	0.255763
0.580000	0.470000	0.260799
0.580000	0.480000	0.265806
0.580000	0.490000	0.270784
0.590000	0.000000	0.005728
0.590000	0.010000	0.011456
0.590000	0.020000	0.017183
0.590000	0.030000	0.022909
0.590000	0.040000	0.028633
0.590000	0.050000	0.034355
0.590000	0.060000	0.040074
0.590000	0.070000	0.045790
0.590000	0.080000	0.051503
0.590000	0.090000	0.057212
0.590000	0.100000	0.062916
0.590000	0.110000	0.068615
0.590000	0.120000	0.074309
0.590000	0.130000	0.079997
0.590000	0.140000	0.085679
0.590000	0.150000	0.091354
0.590000	0.160000	0.097022
0.590000	0.170000	0.102682
0.590000	0.180000	0.108333
0.590000	0.190000	0.113976
0.590000	0.200000	0.119610
0.590000	0.210000	0.125233
0.590000	0.220000	0.130847
0.590000	0.230000	0.136449
0.590000	0.240000	0.142040
0.590000	0.250000	0.147619
0.590000	0.260000	0.153185
0.590000	0.270000	0.158738
0.590000	0.280000	0.164277
0.590000	0.290000	0.169801
0.590000	0.300000	0.175311
0.590000	0.310000	0.180805
0.590000	0.320000	0.186282
0.590000	0.330000	0.191743
0.590000	0.340000	0.197185
0.590000	0.350000	0.202610
0.590000	0.360000	0.208015
0.590000	0.370000	0.213400
0.590000	0.380000	0.218765
0.590000	0.390000	0.224109
0.590000	0.400000	0.229430
0.590000	0.410000	0.234729
0.590000	0.420000	0.240004
0.590000	0.430000	0.245254
0.590000	0.440000	0.250479
0.590000	0.450000	0.255678
0.590000	0.460000	0.260850
0.590000	0.470000	0.265994
0.590000	0.480000	0.271110
0.590000	0.490000	0.276195
0.600000	0.000000	0.005837
0.600000	0.010000	0.011674
0.600000	0.020000	0.017509
0.600000	0.030000	0.023344
0.600000	0.040000	0.029177
0.600000	0.050000	0.035007
0.600000	0.060000	0.040835
0.600000	0.070000	0.046660
0.600000	0.080000	0.052481
0.600000	0.090000	0.058298
0.600000	0.100000	0.064111
0.600000	0.110000	0.069919
0.600000	0.120000	0.075722
0.600000	0.130000	0.081519
0.600000	0.140000	0.087309
0.600000	0.150000	0.093093
0.600000	0.160000	0.098870
0.600000	0.170000	0.104638
0.600000	0.180000	0.110399
0.600000	0.190000	0.116150
0.600000	0.200000	0.121893
0.600000	0.210000	0.127625
0.600000	0.220000	0.133348
0.600000	0.230000	0.139059
0.600000	0.240000	0.144759
0.600000	0.250000	0.150446
0.600000	0.260000	0.156121
0.600000	0.270000	0.161783
0.600000	0.280000	0.167431
0.600000	0.290000	0.173065
0.600000	0.300000	0.178684
0.600000	0.310000	0.184287
0.600000	0.320000	0.189873
0.600000	0.330000	0.195443
0.600000	0.340000	0.200994
0.600000	0.350000	0.206528
0.600000	0.360000	0.212042
0.600000	0.370000	0.217537
0.600000	0.380000	0.223011
0.600000	0.390000	0.228463
0.600000	0.400000	0.233894
0.600000	0.410000	0.239301
0.600000	0.420000	0.244685
0.600000	0.430000	0.250045
0.600000	0.440000	0.255379
0.600000	0.450000	0.260687
0.600000	0.460000	0.265968
0.600000	0.470000	0.271221
0.600000	0.480000	0.276446
0.600000	0.490000	0.281640
0.610000	0.000000	0.005946
0.610000	0.010000	0.011892
0.610000	0.020000	0.017837
0.610000	0.030000	0.023781
0.610000	0.040000	0.029722
0.610000	0.050000	0.035662
0.610000	0.060000	0.041599
0.610000	0.070000	0.047533
0.610000	0.080000	0.053464
0.610000	0.090000	0.059390
0.610000	0.100000	0.065313
0.610000	0.110000	0.071230
0.610000	0.120000	0.077142
0.610000	0.130000	0.083048
0.610000	0.140000	0.088948
0.610000	0.150000	0.094841
0.610000	0.160000	0.100727
0.610000	0.170000	0.106605
0.610000	0.180000	0.112475
0.610000	0.190000	0.118336
0.610000	0.200000	0.124188
0.610000	0.210000	0.130030
0.610000	0.220000	0.135861
0.610000	0.230000	0.141682
0.610000	0.240000	0.147492
0.610000	0.250000	0.153289
0.610000	0.260000	0.159074
0.610000	0.270000	0.164845
0.610000	0.280000	0.170603
0.610000	0.290000	0.176346
0.610000	0.300000	0.182075
0.610000	0.310000	0.187787
0.610000	0.320000	0.193484
0.610000	0.330000	0.199163
0.610000	0.340000	0.204824
0.610000	0.350000	0.210468
0.610000	0.360000	0.216092
0.610000	0.370000	0.221696
0.610000	0.380000	0.227280
0.610000	0.390000	0.232843
0.610000	0.400000	0.238383
0.610000	0.410000	0.243901
0.610000	0.420000	0.249395
0.610000	0.430000	0.254864
0.610000	0.440000	0.260308
0.610000	0.450000	0.265726
0.610000	0.460000	0.271117
0.610000	0.470000	0.276481
0.610000	0.480000	0.281815
0.610000	0.490000	0.287119
0.620000	0.000000	0.006056
0.620000	0.010000	0.012111
0.620000	0.020000	0.018166
0.620000	0.030000	0.024219
0.620000	0.040000	0.030271
0.620000	0.050000	0.036320
0.620000	0.060000	0.042367
0.620000	0.070000	0.048411
0.620000	0.080000	0.054451
0.620000	0.090000	0.060488
0.620000	0.100000	0.066520
0.620000	0.110000	0.072547
0.620000	0.120000	0.078569
0.620000	0.130000	0.084585
0.620000	0.140000	0.090594
0.620000	0.150000	0.096598
0.620000	0.160000	0.102593
0.620000	0.170000	0.108581
0.620000	0.180000	0.114561
0.620000	0.190000	0.120533
0.620000	0.200000	0.126494
0.620000	0.210000	0.132447
0.620000	0.220000	0.138388
0.620000	0.230000	0.144319
0.620000	0.240000	0.150239
0.620000	0.250000	0.156147
0.620000	0.260000	0.162042
0.620000	0.270000	0.167923
0.620000	0.280000	0.173791
0.620000	0.290000	0.179645
0.620000	0.300000	0.185484
0.620000	0.310000	0.191307
0.620000	0.320000	0.197114
0.620000	0.330000	0.202904
0.620000	0.340000	0.208676
0.620000	0.350000	0.214430
0.620000	0.360000	0.220164
0.620000	0.370000	0.225879
0.620000	0.380000	0.231574
0.620000	0.390000	0.237247
0.620000	0.400000	0.242898
0.620000	0.410000	0.248527
0.620000	0.420000	0.254131
0.620000	0.430000	0.259712
0.620000	0.440000	0.265267
0.620000	0.450000	0.270796
0.620000	0.460000	0.276298
0.620000	0.470000	0.281772
0.620000	0.480000	0.287217
0.620000	0.490000	0.292632
0.630000	0.000000	0.006166
0.630000	0.010000	0.012332
0.630000	0.020000	0.018497
0.630000	0.030000	0.024660
0.630000	0.040000	0.030822
0.630000	0.050000	0.036982
0.630000	0.060000	0.043139
0.630000	0.070000	0.049293
0.630000	0.080000	0.055444
0.630000	0.090000	0.061591
0.630000	0.100000	0.067733
0.630000	0.110000	0.073870
0.630000	0.120000	0.080003
0.630000	0.130000	0.086129
0.630000	0.140000	0.092249
0.630000	0.150000	0.098363
0.630000	0.160000	0.104469
0.630000	0.170000	0.110568
0.630000	0.180000	0.116658
0.630000	0.190000	0.122740
0.630000	0.200000	0.128813
0.630000	0.210000	0.134876
0.630000	0.220000	0.140928
0.630000	0.230000	0.146970
0.630000	0.240000	0.153000
0.630000	0.250000	0.159019
0.630000	0.260000	0.165025
0.630000	0.270000	0.171018
0.630000	0.280000	0.176997
0.630000	0.290000	0.182962
0.630000	0.300000	0.188911
0.630000	0.310000	0.194846
0.630000	0.320000	0.200764
0.630000	0.330000	0.206665
0.630000	0.340000	0.212548
0.630000	0.350000	0.218413
0.630000	0.360000	0.224260
0.630000	0.370000	0.230086
0.630000	0.380000	0.235892
0.630000	0.390000	0.241677
0.630000	0.400000	0.247439
0.630000	0.410000	0.253179
0.630000	0.420000	0.258896
0.630000	0.430000	0.264588
0.630000	0.440000	0.270254
0.630000	0.450000	0.275895
0.630000	0.460000	0.281509
0.630000	0.470000	0.287095
0.630000	0.480000	0.292652
0.630000	0.490000	0.298179
0.640000	0.000000	0.006277
0.640000	0.010000	0.012553
0.640000	0.020000	0.018829
0.640000	0.030000	0.025103
0.640000	0.040000	0.031376
0.640000	0.050000	0.037647
0.640000	0.060000	0.043915
0.640000	0.070000	0.050180
0.640000	0.080000	0.056441
0.640000	0.090000	0.062699
0.640000	0.100000	0.068952
0.640000	0.110000	0.075200
0.640000	0.120000	0.081444
0.640000	0.130000	0.087681
0.640000	0.140000	0.093912
0.640000	0.150000	0.100137
0.640000	0.160000	0.106354
0.640000	0.170000	0.112564
0.640000	0.180000	0.118766
0.640000	0.190000	0.124959
0.640000	0.200000	0.131143
0.640000	0.210000	0.137317
0.640000	0.220000	0.143481
0.640000	0.230000	0.149634
0.640000	0.240000	0.155776
0.640000	0.250000	0.161906
0.640000	0.260000	0.168024
0.640000	0.270000	0.174128
0.640000	0.280000	0.180219
0.640000	0.290000	0.186296
0.640000	0.300000	0.192357
0.640000	0.310000	0.198403
0.640000	0.320000	0.204433
0.640000	0.330000	0.210446
0.640000	0.340000	0.216442
0.640000	0.350000	0.222419
0.640000	0.360000	0.228377
0.640000	0.370000	0.234316
0.640000	0.380000	0.240234
0.640000	0.390000	0.246131
0.640000	0.400000	0.252006
0.640000	0.410000	0.257859
0.640000	0.420000	0.263688
0.640000	0.430000	0.269492
0.640000	0.440000	0.275271
0.640000	0.450000	0.281025
0.640000	0.460000	0.286751
0.640000	0.470000	0.292450
0.640000	0.480000	0.298119
0.640000	0.490000	0.303759
0.650000	0.000000	0.006388
0.650000	0.010000	0.012776
0.650000	0.020000	0.019163
0.650000	0.030000	0.025549
0.650000	0.040000	0.031933
0.650000	0.050000	0.038315
0.650000	0.060000	0.044694
0.650000	0.070000	0.051070
0.650000	0.080000	0.057443
0.650000	0.090000	0.063812
0.650000	0.100000	0.070177
0.650000	0.110000	0.076537
0.650000	0.120000	0.082892
0.650000	0.130000	0.089241
0.650000	0.140000	0.095583
0.650000	0.150000	0.101920
0.650000	0.160000	0.108249
0.650000	0.170000	0.114570
0.650000	0.180000	0.120884
0.650000	0.190000	0.127189
0.650000	0.200000	0.133485
0.650000	0.210000	0.139771
0.650000	0.220000	0.146047
0.650000	0.230000	0.152312
0.650000	0.240000	0.158566
0.650000	0.250000	0.164808
0.650000	0.260000	0.171038
0.650000	0.270000	0.177255
0.650000	0.280000	0.183458
0.650000	0.290000	0.189647
0.650000	0.300000	0.195821
0.650000	0.310000	0.201980
0.650000	0.320000	0.208122
0.650000	0.330000	0.214248
0.650000	0.340000	0.220357
0.650000	0.350000	0.226447
0.650000	0.360000	0.232518
0.650000	0.370000	0.238570
0.650000	0.380000	0.244601
0.650000	0.390000	0.250611
0.650000	0.400000	0.256599
0.650000	0.410000	0.262565
0.650000	0.420000	0.268507
0.650000	0.430000	0.274425
0.650000	0.440000	0.280318
0.650000	0.450000	0.286185
0.650000	0.460000	0.292024
0.650000	0.470000	0.297837
0.650000	0.480000	0.303620
0.650000	0.490000	0.309374
0.660000	0.000000	0.006500
0.660000	0.010000	0.013000
0.660000	0.020000	0.019499
0.660000	0.030000	0.025996
0.660000	0.040000	0.032492
0.660000	0.050000	0.038986
0.660000	0.060000	0.045477
0.660000	0.070000	0.051965
0.660000	0.080000	0.058450
0.660000	0.090000	0.064931
0.660000	0.100000	0.071408
0.660000	0.110000	0.077880
0.660000	0.120000	0.084346
0.660000	0.130000	0.090808
0.660000	0.140000	0.097263
0.660000	0.150000	0.103711
0.660000	0.160000	0.110153
0.660000	0.170000	0.116587
0.660000	0.180000	0.123012
0.660000	0.190000	0.129430
0.660000	0.200000	0.135838
0.660000	0.210000	0.142237
0.660000	0.220000	0.148625
0.660000	0.230000	0.155003
0.660000	0.240000	0.161370
0.660000	0.250000	0.167725
0.660000	0.260000	0.174068
0.660000	0.270000	0.180398
0.660000	0.280000	0.186714
0.660000	0.290000	0.193016
0.660000	0.300000	0.199303
0.660000	0.310000	0.205575
0.660000	0.320000	0.211831
0.660000	0.330000	0.218071
0.660000	0.340000	0.224292
0.660000	0.350000	0.230496
0.660000	0.360000	0.236681
0.660000	0.370000	0.242846
0.660000	0.380000	0.248992
0.660000	0.390000	0.255116
0.660000	0.400000	0.261218
0.660000	0.410000	0.267298
0.660000	0.420000	0.273354
0.660000	0.430000	0.279386
0.660000	0.440000	0.285393
0.660000	0.450000	0.291374
0.660000	0.460000	0.297329
0.660000	0.470000	0.303255
0.660000	0.480000	0.309154
0.660000	0.490000	0.315022
0.670000	0.000000	0.006612
0.670000	0.010000	0.013224
0.670000	0.020000	0.019836
0.670000	0.030000	0.026445
0.670000	0.040000	0.033054
0.670000	0.050000	0.039660
0.670000	0.060000	0.046264
0.670000	0.070000	0.052864
0.670000	0.080000	0.059462
0.670000	0.090000	0.066055
0.670000	0.100000	0.072644
0.670000	0.110000	0.079229
0.670000	0.120000	0.085808
0.670000	0.130000	0.092382
0.670000	0.140000	0.098950
0.670000	0.150000	0.105511
0.670000	0.160000	0.112066
0.670000	0.170000	0.118612
0.670000	0.180000	0.125151
0.670000	0.190000	0.131682
0.670000	0.200000	0.138203
0.670000	0.210000	0.144715
0.670000	0.220000	0.151217
0.670000	0.230000	0.157708
0.670000	0.240000	0.164188
0.670000	0.250000	0.170657
0.670000	0.260000	0.177113
0.670000	0.270000	0.183557
0.670000	0.280000	0.189987
0.670000	0.290000	0.196403
0.670000	0.300000	0.202804
0.670000	0.310000	0.209190
0.670000	0.320000	0.215560
0.670000	0.330000	0.221913
0.670000	0.340000	0.228249
0.670000	0.350000	0.234567
0.670000	0.360000	0.240867
0.670000	0.370000	0.247147
0.670000	0.380000	0.253407
0.670000	0.390000	0.259645
0.670000	0.400000	0.265863
0.670000	0.410000	0.272057
0.670000	0.420000	0.278229
0.670000	0.430000	0.284376
0.670000	0.440000	0.290498
0.670000	0.450000	0.296594
0.670000	0.460000	0.302664
0.670000	0.470000	0.308706
0.670000	0.480000	0.314720
0.670000	0.490000	0.320704
0.680000	0.000000	0.006725
0.680000	0.010000	0.013450
0.680000	0.020000	0.020174
0.680000	0.030000	0.026897
0.680000	0.040000	0.033618
0.680000	0.050000	0.040337
0.680000	0.060000	0.047054
0.680000	0.070000	0.053768
0.680000	0.080000	0.060478
0.680000	0.090000	0.067184
0.680000	0.100000	0.073887
0.680000	0.110000	0.080585
0.680000	0.120000	0.087277
0.680000	0.130000	0.093964
0.680000	0.140000	0.100645
0.680000	0.150000	0.107320
0.680000	0.160000	0.113988
0.680000	0.170000	0.120648
0.680000	0.180000	0.127301
0.680000	0.190000	0.133945
0.680000	0.200000	0.140580
0.680000	0.210000	0.147205
0.680000	0.220000	0.153821
0.680000	0.230000	0.160426
0.680000	0.240000	0.167021
0.680000	0.250000	0.173603
0.680000	0.260000	0.180174
0.680000	0.270000	0.186732
0.680000	0.280000	0.193276
0.680000	0.290000	0.199806
0.680000	0.300000	0.206322
0.680000	0.310000	0.212823
0.680000	0.320000	0.219308
0.680000	0.330000	0.225776
0.680000	0.340000	0.232227
0.680000	0.350000	0.238660
0.680000	0.360000	0.245075
0.680000	0.370000	0.251470
0.680000	0.380000	0.257846
0.680000	0.390000	0.264200
0.680000	0.400000	0.270533
0.680000	0.410000	0.276843
0.680000	0.420000	0.283130
0.680000	0.430000	0.289394
0.680000	0.440000	0.295632
0.680000	0.450000	0.301845
0.680000	0.460000	0.308031
0.680000	0.470000	0.314189
0.680000	0.480000	0.320319
0.680000	0.490000	0.326420
0.690000	0.000000	0.006839
0.690000	0.010000	0.013677
0.690000	0.020000	0.020514
0.690000	0.030000	0.027351
0.690000	0.040000	0.034185
0.690000	0.050000	0.041018
0.690000	0.060000	0.047848
0.690000	0.070000	0.054675
0.690000	0.080000	0.061499
0.690000	0.090000	0.068319
0.690000	0.100000	0.075135
0.690000	0.110000	0.081946
0.690000	0.120000	0.088753
0.690000	0.130000	0.095554
0.690000	0.140000	0.102349
0.690000	0.150000	0.109137
0.690000	0.160000	0.115919
0.690000	0.170000	0.122693
0.690000	0.180000	0.129460
0.690000	0.190000	0.136218
0.690000	0.200000	0.142968
0.690000	0.210000	0.149708
0.690000	0.220000	0.156438
0.690000	0.230000	0.163158
0.690000	0.240000	0.169867
0.690000	0.250000	0.176564
0.690000	0.260000	0.183250
0.690000	0.270000	0.189922
0.690000	0.280000	0.196582
0.690000	0.290000	0.203228
0.690000	0.300000	0.209859
0.690000	0.310000	0.216475
0.690000	0.320000	0.223075
0.690000	0.330000	0.229659
0.690000	0.340000	0.236226
0.690000	0.350000	0.242775
0.690000	0.360000	0.249306
0.690000	0.370000	0.255817
0.690000	0.380000	0.262309
0.690000	0.390000	0.268779
0.690000	0.400000	0.275229
0.690000	0.410000	0.281656
0.690000	0.420000	0.288060
0.690000	0.430000	0.294440
0.690000	0.440000	0.300795
0.690000	0.450000	0.307125
0.690000	0.460000	0.313428
0.690000	0.470000	0.319704
0.690000	0.480000	0.325951
0.690000	0.490000	0.332170
0.700000	0.000000	0.006953
0.700000	0.010000	0.013905
0.700000	0.020000	0.020856
0.700000	0.030000	0.027806
0.700000	0.040000	0.034755
0.700000	0.050000	0.041701
0.700000	0.060000	0.048645
0.700000	0.070000	0.055587
0.700000	0.080000	0.062525
0.700000	0.090000	0.069459
0.700000	0.100000	0.076389
0.700000	0.110000	0.083315
0.700000	0.120000	0.090235
0.700000	0.130000	0.097151
0.700000	0.140000	0.104060
0.700000	0.150000	0.110963
0.700000	0.160000	0.117859
0.700000	0.170000	0.124748
0.700000	0.180000	0.131630
0.700000	0.190000	0.138503
0.700000	0.200000	0.145367
0.700000	0.210000	0.152222
0.700000	0.220000	0.159068
0.700000	0.230000	0.165903
0.700000	0.240000	0.172727
0.700000	0.250000	0.179540
0.700000	0.260000	0.186341
0.700000	0.270000	0.193129
0.700000	0.280000	0.199904
0.700000	0.290000	0.206666
0.700000	0.300000	0.213413
0.700000	0.310000	0.220145
0.700000	0.320000	0.226862
0.700000	0.330000	0.233562
0.700000	0.340000	0.240246
0.700000	0.350000	0.246911
0.700000	0.360000	0.253559
0.700000	0.370000	0.260187
0.700000	0.380000	0.266796
0.700000	0.390000	0.273384
0.700000	0.400000	0.279950
0.700000	0.410000	0.286495
0.700000	0.420000	0.293016
0.700000	0.430000	0.299514
0.700000	0.440000	0.305987
0.700000	0.450000	0.312435
0.700000	0.460000	0.318856
0.700000	0.470000	0.325250
0.700000	0.480000	0.331616
0.700000	0.490000	0.337953
0.710000	0.000000	0.007067
0.710000	0.010000	0.014134
0.710000	0.020000	0.021199
0.710000	0.030000	0.028264
0.710000	0.040000	0.035327
0.710000	0.050000	0.042388
0.710000	0.060000	0.049447
0.710000	0.070000	0.056502
0.710000	0.080000	0.063555
0.710000	0.090000	0.070604
0.710000	0.100000	0.077649
0.710000	0.110000	0.084689
0.710000	0.120000	0.091725
0.710000	0.130000	0.098755
0.710000	0.140000	0.105779
0.710000	0.150000	0.112797
0.710000	0.160000	0.119809
0.710000	0.170000	0.126813
0.710000	0.180000	0.133810
0.710000	0.190000	0.140798
0.710000	0.200000	0.147778
0.710000	0.210000	0.154749
0.710000	0.220000	0.161710
0.710000	0.230000	0.168661
0.710000	0.240000	0.175601
0.710000	0.250000	0.182530
0.710000	0.260000	0.189447
0.710000	0.270000	0.196352
0.710000	0.280000	0.203243
0.710000	0.290000	0.210121
0.710000	0.300000	0.216985
0.710000	0.310000	0.223834
0.710000	0.320000	0.230668
0.710000	0.330000	0.237485
0.710000	0.340000	0.244286
0.710000	0.350000	0.251069
0.710000	0.360000	0.257834
0.710000	0.370000	0.264580
0.710000	0.380000	0.271306
0.710000	0.390000	0.278012
0.710000	0.400000	0.284697
0.710000	0.410000	0.291360
0.710000	0.420000	0.298000
0.710000	0.430000	0.304616
0.710000	0.440000	0.311208
0.710000	0.450000	0.317774
0.710000	0.460000	0.324315
0.710000	0.470000	0.330828
0.710000	0.480000	0.337313
0.710000	0.490000	0.343769
0.720000	0.000000	0.007182
0.720000	0.010000	0.014363
0.720000	0.020000	0.021544
0.720000	0.030000	0.028724
0.720000	0.040000	0.035902
0.720000	0.050000	0.043078
0.720000	0.060000	0.050251
0.720000	0.070000	0.057422
0.720000	0.080000	0.064590
0.720000	0.090000	0.071754
0.720000	0.100000	0.078914
0.720000	0.110000	0.086070
0.720000	0.120000	0.093221
0.720000	0.130000	0.100366
0.720000	0.140000	0.107506
0.720000	0.150000	0.114640
0.720000	0.160000	0.121767
0.720000	0.170000	0.128887
0.720000	0.180000	0.136000
0.720000	0.190000	0.143104
0.720000	0.200000	0.150200
0.720000	0.210000	0.157287
0.720000	0.220000	0.164364
0.720000	0.230000	0.171432
0.720000	0.240000	0.178489
0.720000	0.250000	0.185534
0.720000	0.260000	0.192568
0.720000	0.270000	0.199590
0.720000	0.280000	0.206599
0.720000	0.290000	0.213594
0.720000	0.300000	0.220575
0.720000	0.310000	0.227542
0.720000	0.320000	0.234493
0.720000	0.330000	0.241428
0.720000	0.340000	0.248347
0.720000	0.350000	0.255248
0.720000	0.360000	0.262131
0.720000	0.370000	0.268996
0.720000	0.380000	0.275841
0.720000	0.390000	0.282666
0.720000	0.400000	0.289469
0.720000	0.410000	0.296251
0.720000	0.420000	0.303010
0.720000	0.430000	0.309746
0.720000	0.440000	0.316457
0.720000	0.450000	0.323144
0.720000	0.460000	0.329804
0.720000	0.470000	0.336437
0.720000	0.480000	0.343043
0.720000	0.490000	0.349620
0.730000	0.000000	0.007297
0.730000	0.010000	0.014594
0.730000	0.020000	0.021890
0.730000	0.030000	0.029185
0.730000	0.040000	0.036479
0.730000	0.050000	0.043770
0.730000	0.060000	0.051060
0.730000	0.070000	0.058346
0.730000	0.080000	0.065629
0.730000	0.090000	0.072909
0.730000	0.100000	0.080185
0.730000	0.110000	0.087457
0.730000	0.120000	0.094723
0.730000	0.130000	0.101985
0.730000	0.140000	0.109241
0.730000	0.150000	0.116491
0.730000	0.160000	0.123734
0.730000	0.170000	0.130971
0.730000	0.180000	0.138200
0.730000	0.190000	0.145421
0.730000	0.200000	0.152633
0.730000	0.210000	0.159837
0.730000	0.220000	0.167031
0.730000	0.230000	0.174216
0.730000	0.240000	0.181390
0.730000	0.250000	0.188553
0.730000	0.260000	0.195704
0.730000	0.270000	0.202843
0.730000	0.280000	0.209970
0.730000	0.290000	0.217083
0.730000	0.300000	0.224183
0.730000	0.310000	0.231268
0.730000	0.320000	0.238337
0.730000	0.330000	0.245391
0.730000	0.340000	0.252428
0.730000	0.350000	0.259449
0.730000	0.360000	0.266451
0.730000	0.370000	0.273435
0.730000	0.380000	0.280399
0.730000	0.390000	0.287343
0.730000	0.400000	0.294267
0.730000	0.410000	0.301168
0.730000	0.420000	0.308048
0.730000	0.430000	0.314904
0.730000	0.440000	0.321736
0.730000	0.450000	0.328543
0.730000	0.460000	0.335324
0.730000	0.470000	0.342078
0.730000	0.480000	0.348805
0.730000	0.490000	0.355503
0.740000	0.000000	0.007413
0.740000	0.010000	0.014826
0.740000	0.020000	0.022238
0.740000	0.030000	0.029649
0.740000	0.040000	0.037059
0.740000	0.050000	0.044466
0.740000	0.060000	0.051871
0.740000	0.070000	0.059274
0.740000	0.080000	0.066673
0.740000	0.090000	0.074069
0.740000	0.100000	0.081462
0.740000	0.110000	0.088850
0.740000	0.120000	0.096233
0.740000	0.130000	0.103611
0.740000	0.140000	0.110983
0.740000	0.150000	0.118350
0.740000	0.160000	0.125710
0.740000	0.170000	0.133064
0.740000	0.180000	0.140410
0.740000	0.190000	0.147748
0.740000	0.200000	0.155078
0.740000	0.210000	0.162399
0.740000	0.220000	0.169711
0.740000	0.230000	0.177013
0.740000	0.240000	0.184305
0.740000	0.250000	0.191585
0.740000	0.260000	0.198855
0.740000	0.270000	0.206113
0.740000	0.280000	0.213358
0.740000	0.290000	0.220589
0.740000	0.300000	0.227808
0.740000	0.310000	0.235011
0.740000	0.320000	0.242200
0.740000	0.330000	0.249373
0.740000	0.340000	0.256530
0.740000	0.350000	0.263670
0.740000	0.360000	0.270792
0.740000	0.370000	0.277896
0.740000	0.380000	0.284980
0.740000	0.390000	0.292045
0.740000	0.400000	0.299089
0.740000	0.410000	0.306112
0.740000	0.420000	0.313112
0.740000	0.430000	0.320089
0.740000	0.440000	0.327042
0.740000	0.450000	0.333971
0.740000	0.460000	0.340874
0.740000	0.470000	0.347750
0.740000	0.480000	0.354599
0.740000	0.490000	0.361419
0.750000	0.000000	0.007530
0.750000	0.010000	0.015059
0.750000	0.020000	0.022587
0.750000	0.030000	0.030115
0.750000	0.040000	0.037641
0.750000	0.050000	0.045165
0.750000	0.060000	0.052687
0.750000	0.070000	0.060206
0.750000	0.080000	0.067722
0.750000	0.090000	0.075235
0.750000	0.100000	0.082744
0.750000	0.110000	0.090248
0.750000	0.120000	0.097749
0.750000	0.130000	0.105244
0.750000	0.140000	0.112733
0.750000	0.150000	0.120217
0.750000	0.160000	0.127695
0.750000	0.170000	0.135166
0.750000	0.180000	0.142629
0.750000	0.190000	0.150085
0.750000	0.200000	0.157533
0.750000	0.210000	0.164972
0.750000	0.220000	0.172402
0.750000	0.230000	0.179822
0.750000	0.240000	0.187233
0.750000	0.250000	0.194632
0.750000	0.260000	0.202020
0.750000	0.270000	0.209397
0.750000	0.280000	0.216761
0.750000	0.290000	0.224112
0.750000	0.300000	0.231450
0.750000	0.310000	0.238773
0.750000	0.320000	0.246082
0.750000	0.330000	0.253375
0.750000	0.340000	0.260652
0.750000	0.350000	0.267912
0.750000	0.360000	0.275155
0.750000	0.370000	0.282380
0.750000	0.380000	0.289585
0.750000	0.390000	0.296771
0.750000	0.400000	0.303936
0.750000	0.410000	0.311081
0.750000	0.420000	0.318203
0.750000	0.430000	0.325302
0.750000	0.440000	0.332378
0.750000	0.450000	0.339428
0.750000	0.460000	0.346454
0.750000	0.470000	0.353453
0.750000	0.480000	0.360425
0.750000	0.490000	0.367369
0.760000	0.000000	0.007647
0.760000	0.010000	0.015293
0.760000	0.020000	0.022938
0.760000	0.030000	0.030582
0.760000	0.040000	0.038225
0.760000	0.050000	0.045866
0.760000	0.060000	0.053505
0.760000	0.070000	0.061141
0.760000	0.080000	0.068775
0.760000	0.090000	0.076405
0.760000	0.100000	0.084031
0.760000	0.110000	0.091653
0.760000	0.120000	0.099271
0.760000	0.130000	0.106884
0.760000	0.140000	0.114491
0.760000	0.150000	0.122093
0.760000	0.160000	0.129688
0.760000	0.170000	0.137277
0.760000	0.180000	0.144859
0.760000	0.190000	0.152433
0.760000	0.200000	0.159999
0.760000	0.210000	0.167557
0.760000	0.220000	0.175105
0.760000	0.230000	0.182645
0.760000	0.240000	0.190174
0.760000	0.250000	0.197693
0.760000	0.260000	0.205200
0.760000	0.270000	0.212697
0.760000	0.280000	0.220180
0.760000	0.290000	0.227652
0.760000	0.300000	0.235109
0.760000	0.310000	0.242553
0.760000	0.320000	0.249982
0.760000	0.330000	0.257396
0.760000	0.340000	0.264794
0.760000	0.350000	0.272175
0.760000	0.360000	0.279540
0.760000	0.370000	0.286886
0.760000	0.380000	0.294213
0.760000	0.390000	0.301521
0.760000	0.400000	0.308809
0.760000	0.410000	0.316075
0.760000	0.420000	0.323320
0.760000	0.430000	0.330542
0.760000	0.440000	0.337741
0.760000	0.450000	0.344915
0.760000	0.460000	0.352064
0.760000	0.470000	0.359187
0.760000	0.480000	0.366283
0.760000	0.490000	0.373351
0.770000	0.000000	0.007764
0.770000	0.010000	0.015527
0.770000	0.020000	0.023290
0.770000	0.030000	0.031052
0.770000	0.040000	0.038812
0.770000	0.050000	0.046571
0.770000	0.060000	0.054327
0.770000	0.070000	0.062081
0.770000	0.080000	0.069832
0.770000	0.090000	0.077580
0.770000	0.100000	0.085324
0.770000	0.110000	0.093064
0.770000	0.120000	0.100799
0.770000	0.130000	0.108530
0.770000	0.140000	0.116256
0.770000	0.150000	0.123976
0.770000	0.160000	0.131690
0.770000	0.170000	0.139397
0.770000	0.180000	0.147098
0.770000	0.190000	0.154791
0.770000	0.200000	0.162476
0.770000	0.210000	0.170153
0.770000	0.220000	0.177821
0.770000	0.230000	0.185479
0.770000	0.240000	0.193128
0.770000	0.250000	0.200767
0.770000	0.260000	0.208395
0.770000	0.270000	0.216011
0.770000	0.280000	0.223615
0.770000	0.290000	0.231207
0.770000	0.300000	0.238786
0.770000	0.310000	0.246350
0.770000	0.320000	0.253901
0.770000	0.330000	0.261436
0.770000	0.340000	0.268956
0.770000	0.350000	0.276459
0.770000	0.360000	0.283945
0.770000	0.370000	0.291414
0.770000	0.380000	0.298864
0.770000	0.390000	0.306294
0.770000	0.400000	0.313705
0.770000	0.410000	0.321095
0.770000	0.420000	0.328463
0.770000	0.430000	0.335809
0.770000	0.440000	0.343132
0.770000	0.450000	0.350430
0.770000	0.460000	0.357704
0.770000	0.470000	0.364952
0.770000	0.480000	0.372173
0.770000	0.490000	0.379366
0.780000	0.000000	0.007882
0.780000	0.010000	0.015763
0.780000	0.020000	0.023644
0.780000	0.030000	0.031523
0.780000	0.040000	0.039402
0.780000	0.050000	0.047278
0.780000	0.060000	0.055152
0.780000	0.070000	0.063024
0.780000	0.080000	0.070893
0.780000	0.090000	0.078759
0.780000	0.100000	0.086622
0.780000	0.110000	0.094480
0.780000	0.120000	0.102334
0.780000	0.130000	0.110184
0.780000	0.140000	0.118028
0.780000	0.150000	0.125867
0.780000	0.160000	0.133700
0.780000	0.170000	0.141526
0.780000	0.180000	0.149346
0.780000	0.190000	0.157158
0.780000	0.200000	0.164963
0.780000	0.210000	0.172760
0.780000	0.220000	0.180548
0.780000	0.230000	0.188327
0.780000	0.240000	0.196096
0.780000	0.250000	0.203855
0.780000	0.260000	0.211603
0.780000	0.270000	0.219340
0.780000	0.280000	0.227066
0.780000	0.290000	0.234779
0.780000	0.300000	0.242479
0.780000	0.310000	0.250165
0.780000	0.320000	0.257838
0.780000	0.330000	0.265495
0.780000	0.340000	0.273137
0.780000	0.350000	0.280763
0.780000	0.360000	0.288372
0.780000	0.370000	0.295964
0.780000	0.380000	0.303537
0.780000	0.390000	0.311091
0.780000	0.400000	0.318626
0.780000	0.410000	0.326140
0.780000	0.420000	0.333633
0.780000	0.430000	0.341103
0.780000	0.440000	0.348551
0.780000	0.450000	0.355974
0.780000	0.460000	0.363373
0.780000	0.470000	0.370747
0.780000	0.480000	0.378093
0.780000	0.490000	0.385413
0.790000	0.000000	0.008000
0.790000	0.010000	0.016000
0.790000	0.020000	0.023999
0.790000	0.030000	0.031997
0.790000	0.040000	0.039993
0.790000	0.050000	0.047988
0.790000	0.060000	0.055981
0.790000	0.070000	0.063971
0.790000	0.080000	0.071959
0.790000	0.090000	0.079944
0.790000	0.100000	0.087925
0.790000	0.110000	0.095902
0.790000	0.120000	0.103875
0.790000	0.130000	0.111844
0.790000	0.140000	0.119807
0.790000	0.150000	0.127766
0.790000	0.160000	0.135718
0.790000	0.170000	0.143664
0.790000	0.180000	0.151604
0.790000	0.190000	0.159536
0.790000	0.200000	0.167461
0.790000	0.210000	0.175378
0.790000	0.220000	0.183286
0.790000	0.230000	0.191186
0.790000	0.240000	0.199076
0.790000	0.250000	0.206956
0.790000	0.260000	0.214826
0.790000	0.270000	0.222684
0.790000	0.280000	0.230531
0.790000	0.290000	0.238366
0.790000	0.300000	0.246188
0.790000	0.310000	0.253997
0.790000	0.320000	0.261792
0.790000	0.330000	0.269573
0.790000	0.340000	0.277338
0.790000	0.350000	0.285087
0.790000	0.360000	0.292820
0.790000	0.370000	0.300535
0.790000	0.380000	0.308233
0.790000	0.390000	0.315912
0.790000	0.400000	0.323571
0.790000	0.410000	0.331210
0.790000	0.420000	0.338828
0.790000	0.430000	0.346424
0.790000	0.440000	0.353997
0.790000	0.450000	0.361547
0.790000	0.460000	0.369072
0.790000	0.470000	0.376572
0.790000	0.480000	0.384046
0.790000	0.490000	0.391492
0.800000	0.000000	0.008119
0.800000	0.010000	0.016237
0.800000	0.020000	0.024355
0.800000	0.030000	0.032472
0.800000	0.040000	0.040587
0.800000	0.050000	0.048701
0.800000	0.060000	0.056813
0.800000	0.070000	0.064922
0.800000	0.080000	0.073029
0.800000	0.090000	0.081133
0.800000	0.100000	0.089233
0.800000	0.110000	0.097330
0.800000	0.120000	0.105422
0.800000	0.130000	0.113511
0.800000	0.140000	0.121594
0.800000	0.150000	0.129672
0.800000	0.160000	0.137744
0.800000	0.170000	0.145810
0.800000	0.180000	0.153870
0.800000	0.190000	0.161923
0.800000	0.200000	0.169969
0.800000	0.210000	0.178007
0.800000	0.220000	0.186036
0.800000	0.230000	0.194057
0.800000	0.240000	0.202068
0.800000	0.250000	0.210070
0.800000	0.260000	0.218062
0.800000	0.270000	0.226043
0.800000	0.280000	0.234012
0.800000	0.290000	0.241970
0.800000	0.300000	0.249915
0.800000	0.310000	0.257847
0.800000	0.320000	0.265765
0.800000	0.330000	0.273669
0.800000	0.340000	0.281558
0.800000	0.350000	0.289431
0.800000	0.360000	0.297288
0.800000	0.370000	0.305129
0.800000	0.380000	0.312951
0.800000	0.390000	0.320755
0.800000	0.400000	0.328540
0.800000	0.410000	0.336304
0.800000	0.420000	0.344048
0.800000	0.430000	0.351771
0.800000	0.440000	0.359471
0.800000	0.450000	0.367147
0.800000	0.460000	0.374800
0.800000	0.470000	0.382427
0.800000	0.480000	0.390029
0.800000	0.490000	0.397603
0.810000	0.000000	0.008238
0.810000	0.010000	0.016475
0.810000	0.020000	0.024712
0.810000	0.030000	0.032948
0.810000	0.040000	0.041183
0.810000	0.050000	0.049416
0.810000	0.060000	0.057647
0.810000	0.070000	0.065876
0.810000	0.080000	0.074103
0.810000	0.090000	0.082326
0.810000	0.100000	0.090546
0.810000	0.110000	0.098763
0.810000	0.120000	0.106975
0.810000	0.130000	0.115184
0.810000	0.140000	0.123387
0.810000	0.150000	0.131586
0.810000	0.160000	0.139778
0.810000	0.170000	0.147965
0.810000	0.180000	0.156146
0.810000	0.190000	0.164320
0.810000	0.200000	0.172487
0.810000	0.210000	0.180646
0.810000	0.220000	0.188797
0.810000	0.230000	0.196940
0.810000	0.240000	0.205073
0.810000	0.250000	0.213197
0.810000	0.260000	0.221312
0.810000	0.270000	0.229415
0.810000	0.280000	0.237507
0.810000	0.290000	0.245588
0.810000	0.300000	0.253657
0.810000	0.310000	0.261713
0.810000	0.320000	0.269755
0.810000	0.330000	0.277783
0.810000	0.340000	0.285797
0.810000	0.350000	0.293795
0.810000	0.360000	0.301777
0.810000	0.370000	0.309743
0.810000	0.380000	0.317691
0.810000	0.390000	0.325621
0.810000	0.400000	0.333532
0.810000	0.410000	0.341423
0.810000	0.420000	0.349294
0.810000	0.430000	0.357144
0.810000	0.440000	0.364971
0.810000	0.450000	0.372776
0.810000	0.460000	0.380556
0.810000	0.470000	0.388312
0.810000	0.480000	0.396042
0.810000	0.490000	0.403746
0.820000	0.000000	0.008358
0.820000	0.010000	0.016715
0.820000	0.020000	0.025071
0.820000	0.030000	0.033427
0.820000	0.040000	0.041781
0.820000	0.050000	0.050134
0.820000	0.060000	0.058485
0.820000	0.070000	0.066834
0.820000	0.080000	0.075181
0.820000	0.090000	0.083524
0.820000	0.100000	0.091864
0.820000	0.110000	0.100201
0.820000	0.120000	0.108534
0.820000	0.130000	0.116863
0.820000	0.140000	0.125187
0.820000	0.150000	0.133507
0.820000	0.160000	0.141820
0.820000	0.170000	0.150129
0.820000	0.180000	0.158431
0.820000	0.190000	0.166726
0.820000	0.200000	0.175015
0.820000	0.210000	0.183296
0.820000	0.220000	0.191569
0.820000	0.230000	0.199834
0.820000	0.240000	0.208091
0.820000	0.250000	0.216337
0.820000	0.260000	0.224575
0.820000	0.270000	0.232802
0.820000	0.280000	0.241018
0.820000	0.290000	0.249222
0.820000	0.300000	0.257415
0.820000	0.310000	0.265595
0.820000	0.320000	0.273762
0.820000	0.330000	0.281915
0.820000	0.340000	0.290054
0.820000	0.350000	0.298178
0.820000	0.360000	0.306286
0.820000	0.370000	0.314378
0.820000	0.380000	0.322453
0.820000	0.390000	0.330509
0.820000	0.400000	0.338548
0.820000	0.410000	0.346566
0.820000	0.420000	0.354565
0.820000	0.430000	0.362543
0.820000	0.440000	0.370498
0.820000	0.450000	0.378432
0.820000	0.460000	0.386341
0.820000	0.470000	0.394226
0.820000	0.480000	0.402086
0.820000	0.490000	0.409920
0.830000	0.000000	0.008478
0.830000	0.010000	0.016955
0.830000	0.020000	0.025431
0.830000	0.030000	0.033907
0.830000	0.040000	0.042382
0.830000	0.050000	0.050855
0.830000	0.060000	0.059326
0.830000	0.070000	0.067795
0.830000	0.080000	0.076262
0.830000	0.090000	0.084726
0.830000	0.100000	0.093187
0.830000	0.110000	0.101645
0.830000	0.120000	0.110099
0.830000	0.130000	0.118549
0.830000	0.140000	0.126994
0.830000	0.150000	0.135435
0.830000	0.160000	0.143870
0.830000	0.170000	0.152300
0.830000	0.180000	0.160724
0.830000	0.190000	0.169142
0.830000	0.200000	0.177552
0.830000	0.210000	0.185956
0.830000	0.220000	0.194352
0.830000	0.230000	0.202740
0.830000	0.240000	0.211120
0.830000	0.250000	0.219490
0.830000	0.260000	0.227851
0.830000	0.270000	0.236202
0.830000	0.280000	0.244542
0.830000	0.290000	0.252871
0.830000	0.300000	0.261189
0.830000	0.310000	0.269494
0.830000	0.320000	0.277786
0.830000	0.330000	0.286065
0.830000	0.340000	0.294330
0.830000	0.350000	0.302580
0.830000	0.360000	0.310815
0.830000	0.370000	0.319034
0.830000	0.380000	0.327236
0.830000	0.390000	0.335420
0.830000	0.400000	0.343586
0.830000	0.410000	0.351733
0.830000	0.420000	0.359860
0.830000	0.430000	0.367967
0.830000	0.440000	0.376052
0.830000	0.450000	0.384115
0.830000	0.460000	0.392154
0.830000	0.470000	0.400170
0.830000	0.480000	0.408160
0.830000	0.490000	0.416125
0.840000	0.000000	0.008598
0.840000	0.010000	0.017196
0.840000	0.020000	0.025793
0.840000	0.030000	0.034389
0.840000	0.040000	0.042984
0.840000	0.050000	0.051578
0.840000	0.060000	0.060170
0.840000	0.070000	0.068760
0.840000	0.080000	0.077348
0.840000	0.090000	0.085933
0.840000	0.100000	0.094515
0.840000	0.110000	0.103094
0.840000	0.120000	0.111669
0.840000	0.130000	0.120240
0.840000	0.140000	0.128807
0.840000	0.150000	0.137370
0.840000	0.160000	0.145927
0.840000	0.170000	0.154479
0.840000	0.180000	0.163026
0.840000	0.190000	0.171566
0.840000	0.200000	0.180100
0.840000	0.210000	0.188626
0.840000	0.220000	0.197146
0.840000	0.230000	0.205657
0.840000	0.240000	0.214160
0.840000	0.250000	0.222655
0.840000	0.260000	0.231140
0.840000	0.270000	0.239615
0.840000	0.280000	0.248081
0.840000	0.290000	0.256535
0.840000	0.300000	0.264978
0.840000	0.310000	0.273409
0.840000	0.320000	0.281827
0.840000	0.330000	0.290233
0.840000	0.340000	0.298624
0.840000	0.350000	0.307002
0.840000	0.360000	0.315364
0.840000	0.370000	0.323710
0.840000	0.380000	0.332040
0.840000	0.390000	0.340353
0.840000	0.400000	0.348647
0.840000	0.410000	0.356923
0.840000	0.420000	0.365180
0.840000	0.430000	0.373416
0.840000	0.440000	0.381632
0.840000	0.450000	0.389825
0.840000	0.460000	0.397995
0.840000	0.470000	0.406142
0.840000	0.480000	0.414264
0.840000	0.490000	0.422361
0.850000	0.000000	0.008719
0.850000	0.010000	0.017437
0.850000	0.020000	0.026156
0.850000	0.030000	0.034873
0.850000	0.040000	0.043589
0.850000	0.050000	0.052304
0.850000	0.060000	0.061017
0.850000	0.070000	0.069728
0.850000	0.080000	0.078437
0.850000	0.090000	0.087143
0.850000	0.100000	0.095847
0.850000	0.110000	0.104547
0.850000	0.120000	0.113244
0.850000	0.130000	0.121938
0.850000	0.140000	0.130627
0.850000	0.150000	0.139312
0.850000	0.160000	0.147992
0.850000	0.170000	0.156666
0.850000	0.180000	0.165336
0.850000	0.190000	0.173999
0.850000	0.200000	0.182656
0.850000	0.210000	0.191306
0.850000	0.220000	0.199949
0.850000	0.230000	0.208585
0.850000	0.240000	0.217212
0.850000	0.250000	0.225832
0.850000	0.260000	0.234442
0.850000	0.270000	0.243042
0.850000	0.280000	0.251633
0.850000	0.290000	0.260213
0.850000	0.300000	0.268782
0.850000	0.310000	0.277339
0.850000	0.320000	0.285885
0.850000	0.330000	0.294417
0.850000	0.340000	0.302936
0.850000	0.350000	0.311441
0.850000	0.360000	0.319931
0.850000	0.370000	0.328406
0.850000	0.380000	0.336865
0.850000	0.390000	0.345307
0.850000	0.400000	0.353731
0.850000	0.410000	0.362137
0.850000	0.420000	0.370524
0.850000	0.430000	0.378891
0.850000	0.440000	0.387237
0.850000	0.450000	0.395562
0.850000	0.460000	0.403864
0.850000	0.470000	0.412143
0.850000	0.480000	0.420397
0.850000	0.490000	0.428627
0.860000	0.000000	0.008840
0.860000	0.010000	0.017680
0.860000	0.020000	0.026519
0.860000	0.030000	0.035358
0.860000	0.040000	0.044195
0.860000	0.050000	0.053032
0.860000	0.060000	0.061866
0.860000	0.070000	0.070699
0.860000	0.080000	0.079530
0.860000	0.090000	0.088358
0.860000	0.100000	0.097183
0.860000	0.110000	0.106006
0.860000	0.120000	0.114825
0.860000	0.130000	0.123641
0.860000	0.140000	0.132453
0.860000	0.150000	0.141260
0.860000	0.160000	0.150063
0.860000	0.170000	0.158861
0.860000	0.180000	0.167654
0.860000	0.190000	0.176440
0.860000	0.200000	0.185221
0.860000	0.210000	0.193996
0.860000	0.220000	0.202763
0.860000	0.230000	0.211523
0.860000	0.240000	0.220276
0.860000	0.250000	0.229020
0.860000	0.260000	0.237756
0.860000	0.270000	0.246482
0.860000	0.280000	0.255199
0.860000	0.290000	0.263905
0.860000	0.300000	0.272601
0.860000	0.310000	0.281286
0.860000	0.320000	0.289958
0.860000	0.330000	0.298618
0.860000	0.340000	0.307265
0.860000	0.350000	0.315899
0.860000	0.360000	0.324518
0.860000	0.370000	0.333122
0.860000	0.380000	0.341710
0.860000	0.390000	0.350282
0.860000	0.400000	0.358837
0.860000	0.410000	0.367373
0.860000	0.420000	0.375891
0.860000	0.430000	0.384390
0.860000	0.440000	0.392868
0.860000	0.450000	0.401325
0.860000	0.460000	0.409760
0.860000	0.470000	0.418171
0.860000	0.480000	0.426560
0.860000	0.490000	0.434923
0.870000	0.000000	0.008962
0.870000	0.010000	0.017923
0.870000	0.020000	0.026884
0.870000	0.030000	0.035844
0.870000	0.040000	0.044804
0.870000	0.050000	0.053762
0.870000	0.060000	0.062718
0.870000	0.070000	0.071673
0.870000	0.080000	0.080626
0.870000	0.090000	0.089576
0.870000	0.100000	0.098524
0.870000	0.110000	0.107469
0.870000	0.120000	0.116411
0.870000	0.130000	0.125350
0.870000	0.140000	0.134284
0.870000	0.150000	0.143215
0.870000	0.160000	0.152141
0.870000	0.170000	0.161063
0.870000	0.180000	0.169979
0.870000	0.190000	0.178890
0.870000	0.200000	0.187796
0.870000	0.210000	0.196695
0.870000	0.220000	0.205587
0.870000	0.230000	0.214472
0.870000	0.240000	0.223350
0.870000	0.250000	0.232220
0.870000	0.260000	0.241082
0.870000	0.270000	0.249934
0.870000	0.280000	0.258778
0.870000	0.290000	0.267611
0.870000	0.300000	0.276434
0.870000	0.310000	0.285247
0.870000	0.320000	0.294047
0.870000	0.330000	0.302836
0.870000	0.340000	0.311612
0.870000	0.350000	0.320374
0.870000	0.360000	0.329123
0.870000	0.370000	0.337857
0.870000	0.380000	0.346575
0.870000	0.390000	0.355278
0.870000	0.400000	0.363964
0.870000	0.410000	0.372632
0.870000	0.420000	0.381282
0.870000	0.430000	0.389913
0.870000	0.440000	0.398524
0.870000	0.450000	0.407114
0.870000	0.460000	0.415682
0.870000	0.470000	0.424228
0.870000	0.480000	0.432750
0.870000	0.490000	0.441248
0.880000	0.000000	0.009084
0.880000	0.010000	0.018167
0.880000	0.020000	0.027250
0.880000	0.030000	0.036333
0.880000	0.040000	0.045414
0.880000	0.050000	0.054494
0.880000	0.060000	0.063573
0.880000	0.070000	0.072650
0.880000	0.080000	0.081725
0.880000	0.090000	0.090799
0.880000	0.100000	0.099869
0.880000	0.110000	0.108937
0.880000	0.120000	0.118002
0.880000	0.130000	0.127064
0.880000	0.140000	0.136122
0.880000	0.150000	0.145176
0.880000	0.160000	0.154226
0.880000	0.170000	0.163272
0.880000	0.180000	0.172313
0.880000	0.190000	0.181348
0.880000	0.200000	0.190378
0.880000	0.210000	0.199402
0.880000	0.220000	0.208420
0.880000	0.230000	0.217431
0.880000	0.240000	0.226435
0.880000	0.250000	0.235431
0.880000	0.260000	0.244419
0.880000	0.270000	0.253399
0.880000	0.280000	0.262370
0.880000	0.290000	0.271331
0.880000	0.300000	0.280282
0.880000	0.310000	0.289223
0.880000	0.320000	0.298152
0.880000	0.330000	0.307070
0.880000	0.340000	0.315975
0.880000	0.350000	0.324867
0.880000	0.360000	0.333746
0.880000	0.370000	0.342611
0.880000	0.380000	0.351460
0.880000	0.390000	0.360295
0.880000	0.400000	0.369112
0.880000	0.410000	0.377913
0.880000	0.420000	0.386695
0.880000	0.430000	0.395459
0.880000	0.440000	0.404204
0.880000	0.450000	0.412928
0.880000	0.460000	0.421631
0.880000	0.470000	0.430312
0.880000	0.480000	0.438969
0.880000	0.490000	0.447603
0.890000	0.000000	0.009206
0.890000	0.010000	0.018412
0.890000	0.020000	0.027617
0.890000	0.030000	0.036822
0.890000	0.040000	0.046026
0.890000	0.050000	0.055229
0.890000	0.060000	0.064430
0.890000	0.070000	0.073630
0.890000	0.080000	0.082828
0.890000	0.090000	0.092024
0.890000	0.100000	0.101218
0.890000	0.110000	0.110409
0.890000	0.120000	0.119598
0.890000	0.130000	0.128783
0.890000	0.140000	0.137965
0.890000	0.150000	0.147144
0.890000	0.160000	0.156318
0.890000	0.170000	0.165488
0.890000	0.180000	0.174654
0.890000	0.190000	0.183814
0.890000	0.200000	0.192969
0.890000	0.210000	0.202119
0.890000	0.220000	0.211263
0.890000	0.230000	0.220400
0.890000	0.240000	0.229530
0.890000	0.250000	0.238653
0.890000	0.260000	0.247769
0.890000	0.270000	0.256876
0.890000	0.280000	0.265974
0.890000	0.290000	0.275064
0.890000	0.300000	0.284143
0.890000	0.310000	0.293213
0.890000	0.320000	0.302272
0.890000	0.330000	0.311319
0.890000	0.340000	0.320355
0.890000	0.350000	0.329378
0.890000	0.360000	0.338387
0.890000	0.370000	0.347383
0.890000	0.380000	0.356365
0.890000	0.390000	0.365331
0.890000	0.400000	0.374281
0.890000	0.410000	0.383215
0.890000	0.420000	0.392131
0.890000	0.430000	0.401029
0.890000	0.440000	0.409908
0.890000	0.450000	0.418767
0.890000	0.460000	0.427606
0.890000	0.470000	0.436422
0.890000	0.480000	0.445216
0.890000	0.490000	0.453987
0.900000	0.000000	0.009329
0.900000	0.010000	0.018657
0.900000	0.020000	0.027985
0.900000	0.030000	0.037313
0.900000	0.040000	0.046640
0.900000	0.050000	0.055965
0.900000	0.060000	0.065290
0.900000	0.070000	0.074613
0.900000	0.080000	0.083934
0.900000	0.090000	0.093254
0.900000	0.100000	0.102571
0.900000	0.110000	0.111886
0.900000	0.120000	0.121198
0.900000	0.130000	0.130508
0.900000	0.140000	0.139814
0.900000	0.150000	0.149117
0.900000	0.160000	0.158416
0.900000	0.170000	0.167711
0.900000	0.180000	0.177001
0.900000	0.190000	0.186287
0.900000	0.200000	0.195569
0.900000	0.210000	0.204844
0.900000	0.220000	0.214114
0.900000	0.230000	0.223378
0.900000	0.240000	0.232635
0.900000	0.250000	0.241886
0.900000	0.260000	0.251129
0.900000	0.270000	0.260364
0.900000	0.280000	0.269591
0.900000	0.290000	0.278809
0.900000	0.300000	0.288018
0.900000	0.310000	0.297217
0.900000	0.320000	0.306406
0.900000	0.330000	0.315584
0.900000	0.340000	0.324750
0.900000	0.350000	0.333904
0.900000	0.360000	0.343046
0.900000	0.370000	0.352174
0.900000	0.380000	0.361288
0.900000	0.390000	0.370387
0.900000	0.400000	0.379471
0.900000	0.410000	0.388539
0.900000	0.420000	0.397589
0.900000	0.430000	0.406622
0.900000	0.440000	0.415636
0.900000	0.450000	0.424631
0.900000	0.460000	0.433606
0.900000	0.470000	0.442559
0.900000	0.480000	0.451491
0.900000	0.490000	0.460399
0.910000	0.000000	0.009452
0.910000	0.010000	0.018903
0.910000	0.020000	0.028354
0.910000	0.030000	0.037805
0.910000	0.040000	0.047255
0.910000	0.050000	0.056704
0.910000	0.060000	0.066152
0.910000	0.070000	0.075598
0.910000	0.080000	0.085043
0.910000	0.090000	0.094486
0.910000	0.100000	0.103927
0.910000	0.110000	0.113366
0.910000	0.120000	0.122803
0.910000	0.130000	0.132237
0.910000	0.140000	0.141668
0.910000	0.150000	0.151095
0.910000	0.160000	0.160519
0.910000	0.170000	0.169940
0.910000	0.180000	0.179356
0.910000	0.190000	0.188768
0.910000	0.200000	0.198175
0.910000	0.210000	0.207578
0.910000	0.220000	0.216974
0.910000	0.230000	0.226365
0.910000	0.240000	0.235750
0.910000	0.250000	0.245128
0.910000	0.260000	0.254500
0.910000	0.270000	0.263864
0.910000	0.280000	0.273219
0.910000	0.290000	0.282567
0.910000	0.300000	0.291906
0.910000	0.310000	0.301235
0.910000	0.320000	0.310554
0.910000	0.330000	0.319863
0.910000	0.340000	0.329161
0.910000	0.350000	0.338447
0.910000	0.360000	0.347721
0.910000	0.370000	0.356982
0.910000	0.380000	0.366230
0.910000	0.390000	0.375463
0.910000	0.400000	0.384681
0.910000	0.410000	0.393883
0.910000	0.420000	0.403069
0.910000	0.430000	0.412238
0.910000	0.440000	0.421388
0.910000	0.450000	0.430520
0.910000	0.460000	0.439631
0.910000	0.470000	0.448722
0.910000	0.480000	0.457792
0.910000	0.490000	0.466839
0.920000	0.000000	0.009575
0.920000	0.010000	0.019150
0.920000	0.020000	0.028724
0.920000	0.030000	0.038299
0.920000	0.040000	0.047872
0.920000	0.050000	0.057444
0.920000	0.060000	0.067016
0.920000	0.070000	0.076586
0.920000	0.080000	0.086155
0.920000	0.090000	0.095722
0.920000	0.100000	0.105287
0.920000	0.110000	0.114851
0.920000	0.120000	0.124412
0.920000	0.130000	0.133970
0.920000	0.140000	0.143526
0.920000	0.150000	0.153079
0.920000	0.160000	0.162629
0.920000	0.170000	0.172175
0.920000	0.180000	0.181717
0.920000	0.190000	0.191256
0.920000	0.200000	0.200790
0.920000	0.210000	0.210319
0.920000	0.220000	0.219843
0.920000	0.230000	0.229362
0.920000	0.240000	0.238874
0.920000	0.250000	0.248381
0.920000	0.260000	0.257881
0.920000	0.270000	0.267374
0.920000	0.280000	0.276859
0.920000	0.290000	0.286337
0.920000	0.300000	0.295806
0.920000	0.310000	0.305266
0.920000	0.320000	0.314717
0.920000	0.330000	0.324157
0.920000	0.340000	0.333587
0.920000	0.350000	0.343006
0.920000	0.360000	0.352413
0.920000	0.370000	0.361808
0.920000	0.380000	0.371189
0.920000	0.390000	0.380557
0.920000	0.400000	0.389910
0.920000	0.410000	0.399248
0.920000	0.420000	0.408570
0.920000	0.430000	0.417875
0.920000	0.440000	0.427162
0.920000	0.450000	0.436431
0.920000	0.460000	0.445681
0.920000	0.470000	0.454911
0.920000	0.480000	0.464120
0.920000	0.490000	0.473306
0.930000	0.000000	0.009699
0.930000	0.010000	0.019397
0.930000	0.020000	0.029095
0.930000	0.030000	0.038793
0.930000	0.040000	0.048490
0.930000	0.050000	0.058187
0.930000	0.060000	0.067882
0.930000	0.070000	0.077576
0.930000	0.080000	0.087269
0.930000	0.090000	0.096961
0.930000	0.100000	0.106651
0.930000	0.110000	0.116339
0.930000	0.120000	0.126025
0.930000	0.130000	0.135709
0.930000	0.140000	0.145390
0.930000	0.150000	0.155068
0.930000	0.160000	0.164744
0.930000	0.170000	0.174416
0.930000	0.180000	0.184085
0.930000	0.190000	0.193750
0.930000	0.200000	0.203411
0.930000	0.210000	0.213068
0.930000	0.220000	0.222719
0.930000	0.230000	0.232366
0.930000	0.240000	0.242008
0.930000	0.250000	0.251643
0.930000	0.260000	0.261272
0.930000	0.270000	0.270895
0.930000	0.280000	0.280510
0.930000	0.290000	0.290119
0.930000	0.300000	0.299719
0.930000	0.310000	0.309310
0.930000	0.320000	0.318893
0.930000	0.330000	0.328465
0.930000	0.340000	0.338028
0.930000	0.350000	0.347580
0.930000	0.360000	0.357121
0.930000	0.370000	0.366650
0.930000	0.380000	0.376166
0.930000	0.390000	0.385669
0.930000	0.400000	0.395158
0.930000	0.410000	0.404632
0.930000	0.420000	0.414091
0.930000	0.430000	0.423533
0.930000	0.440000	0.432959
0.930000	0.450000	0.442366
0.930000	0.460000	0.451755
0.930000	0.470000	0.461124
0.930000	0.480000	0.470473
0.930000	0.490000	0.479800
0.940000	0.000000	0.009823
0.940000	0.010000	0.019645
0.940000	0.020000	0.029467
0.940000	0.030000	0.039289
0.940000	0.040000	0.049110
0.940000	0.050000	0.058930
0.940000	0.060000	0.068750
0.940000	0.070000	0.078569
0.940000	0.080000	0.088386
0.940000	0.090000	0.098203
0.940000	0.100000	0.108017
0.940000	0.110000	0.117830
0.940000	0.120000	0.127642
0.940000	0.130000	0.137451
0.940000	0.140000	0.147258
0.940000	0.150000	0.157062
0.940000	0.160000	0.166864
0.940000	0.170000	0.176663
0.940000	0.180000	0.186459
0.940000	0.190000	0.196251
0.940000	0.200000	0.206039
0.940000	0.210000	0.215824
0.940000	0.220000	0.225604
0.940000	0.230000	0.235379
0.940000	0.240000	0.245149
0.940000	0.250000	0.254914
0.940000	0.260000	0.264673
0.940000	0.270000	0.274426
0.940000	0.280000	0.284172
0.940000	0.290000	0.293911
0.940000	0.300000	0.303643
0.940000	0.310000	0.313366
0.940000	0.320000	0.323081
0.940000	0.330000	0.332787
0.940000	0.340000	0.342483
0.940000	0.350000	0.352169
0.940000	0.360000	0.361845
0.940000	0.370000	0.371508
0.940000	0.380000	0.381160
0.940000	0.390000	0.390799
0.940000	0.400000	0.400425
0.940000	0.410000	0.410036
0.940000	0.420000	0.419632
0.940000	0.430000	0.429213
0.940000	0.440000	0.438777
0.940000	0.450000	0.448324
0.940000	0.460000	0.457853
0.940000	0.470000	0.467362
0.940000	0.480000	0.476852
0.940000	0.490000	0.486321
0.950000	0.000000	0.009947
0.950000	0.010000	0.019893
0.950000	0.020000	0.029840
0.950000	0.030000	0.039786
0.950000	0.040000	0.049731
0.950000	0.050000	0.059676
0.950000	0.060000	0.069620
0.950000	0.070000	0.079563
0.950000	0.080000	0.089506
0.950000	0.090000	0.099447
0.950000	0.100000	0.109387
0.950000	0.110000	0.119325
0.950000	0.120000	0.129262
0.950000	0.130000	0.139197
0.950000	0.140000	0.149130
0.950000	0.150000	0.159061
0.950000	0.160000	0.168989
0.950000	0.170000	0.178915
0.950000	0.180000	0.188838
0.950000	0.190000	0.198758
0.950000	0.200000	0.208674
0.950000	0.210000	0.218587
0.950000	0.220000	0.228495
0.950000	0.230000	0.238400
0.950000	0.240000	0.248299
0.950000	0.250000	0.258194
0.950000	0.260000	0.268083
0.950000	0.270000	0.277967
0.950000	0.280000	0.287844
0.950000	0.290000	0.297715
0.950000	0.300000	0.307578
0.950000	0.310000	0.317434
0.950000	0.320000	0.327282
0.950000	0.330000	0.337122
0.950000	0.340000	0.346952
0.950000	0.350000	0.356773
0.950000	0.360000	0.366583
0.950000	0.370000	0.376383
0.950000	0.380000	0.386171
0.950000	0.390000	0.395946
0.950000	0.400000	0.405709
0.950000	0.410000	0.415458
0.950000	0.420000	0.425193
0.950000	0.430000	0.434913
0.950000	0.440000	0.444617
0.950000	0.450000	0.454304
0.950000	0.460000	0.463973
0.950000	0.470000	0.473624
0.950000	0.480000	0.483256
0.950000	0.490000	0.492867
0.960000	0.000000	0.010071
0.960000	0.010000	0.020142
0.960000	0.020000	0.030213
0.960000	0.030000	0.040283
0.960000	0.040000	0.050353
0.960000	0.050000	0.060423
0.960000	0.060000	0.070492
0.960000	0.070000	0.080560
0.960000	0.080000	0.090627
0.960000	0.090000	0.100694
0.960000	0.100000	0.110759
0.960000	0.110000	0.120823
0.960000	0.120000	0.130886
0.960000	0.130000	0.140947
0.960000	0.140000	0.151006
0.960000	0.150000	0.161064
0.960000	0.160000	0.171119
0.960000	0.170000	0.181172
0.960000	0.180000	0.191222
0.960000	0.190000	0.201270
0.960000	0.200000	0.211315
0.960000	0.210000	0.221356
0.960000	0.220000	0.231394
0.960000	0.230000	0.241427
0.960000	0.240000	0.251457
0.960000	0.250000	0.261482
0.960000	0.260000	0.271502
0.960000	0.270000	0.281517
0.960000	0.280000	0.291526
0.960000	0.290000	0.301528
0.960000	0.300000	0.311525
0.960000	0.310000	0.321514
0.960000	0.320000	0.331496
0.960000	0.330000	0.341469
0.960000	0.340000	0.351434
0.960000	0.350000	0.361390
0.960000	0.360000	0.371336
0.960000	0.370000	0.381272
0.960000	0.380000	0.391197
0.960000	0.390000	0.401110
0.960000	0.400000	0.411011
0.960000	0.410000	0.420899
0.960000	0.420000	0.430773
0.960000	0.430000	0.440633
0.960000	0.440000	0.450477
0.960000	0.450000	0.460305
0.960000	0.460000	0.470116
0.960000	0.470000	0.479909
0.960000	0.480000	0.489684
0.960000	0.490000	0.499439
0.970000	0.000000	0.010196
0.970000	0.010000	0.020391
0.970000	0.020000	0.030587
0.970000	0.030000	0.040782
0.970000	0.040000	0.050977
0.970000	0.050000	0.061171
0.970000	0.060000	0.071365
0.970000	0.070000	0.081558
0.970000	0.080000	0.091751
0.970000	0.090000	0.101943
0.970000	0.100000	0.112134
0.970000	0.110000	0.122324
0.970000	0.120000	0.132513
0.970000	0.130000	0.142700
0.970000	0.140000	0.152886
0.970000	0.150000	0.163071
0.970000	0.160000	0.173253
0.970000	0.170000	0.183434
0.970000	0.180000	0.193612
0.970000	0.190000	0.203788
0.970000	0.200000	0.213961
0.970000	0.210000	0.224131
0.970000	0.220000	0.234299
0.970000	0.230000	0.244462
0.970000	0.240000	0.254622
0.970000	0.250000	0.264778
0.970000	0.260000	0.274929
0.970000	0.270000	0.285075
0.970000	0.280000	0.295216
0.970000	0.290000	0.305352
0.970000	0.300000	0.315481
0.970000	0.310000	0.325604
0.970000	0.320000	0.335720
0.970000	0.330000	0.345829
0.970000	0.340000	0.355929
0.970000	0.350000	0.366021
0.970000	0.360000	0.376103
0.970000	0.370000	0.386176
0.970000	0.380000	0.396239
0.970000	0.390000	0.406290
0.970000	0.400000	0.416330
0.970000	0.410000	0.426357
0.970000	0.420000	0.436371
0.970000	0.430000	0.446372
0.970000	0.440000	0.456357
0.970000	0.450000	0.466327
0.970000	0.460000	0.476281
0.970000	0.470000	0.486217
0.970000	0.480000	0.496136
0.970000	0.490000	0.506035
0.980000	0.000000	0.010320
0.980000	0.010000	0.020641
0.980000	0.020000	0.030961
0.980000	0.030000	0.041281
0.980000	0.040000	0.051601
0.980000	0.050000	0.061921
0.980000	0.060000	0.072240
0.980000	0.070000	0.082558
0.980000	0.080000	0.092877
0.980000	0.090000	0.103194
0.980000	0.100000	0.113511
0.980000	0.110000	0.123827
0.980000	0.120000	0.134142
0.980000	0.130000	0.144457
0.980000	0.140000	0.154770
0.980000	0.150000	0.165081
0.980000	0.160000	0.175391
0.980000	0.170000	0.185700
0.980000	0.180000	0.196006
0.980000	0.190000	0.206311
0.980000	0.200000	0.216613
0.980000	0.210000	0.226913
0.980000	0.220000	0.237210
0.980000	0.230000	0.247503
0.980000	0.240000	0.257794
0.980000	0.250000	0.268081
0.980000	0.260000	0.278364
0.980000	0.270000	0.288642
0.980000	0.280000	0.298916
0.980000	0.290000	0.309185
0.980000	0.300000	0.319448
0.980000	0.310000	0.329705
0.980000	0.320000	0.339956
0.980000	0.330000	0.350199
0.980000	0.340000	0.360436
0.980000	0.350000	0.370664
0.980000	0.360000	0.380884
0.980000	0.370000	0.391094
0.980000	0.380000	0.401295
0.980000	0.390000	0.411486
0.980000	0.400000	0.421665
0.980000	0.410000	0.431832
0.980000	0.420000	0.441987
0.980000	0.430000	0.452129
0.980000	0.440000	0.462257
0.980000	0.450000	0.472370
0.980000	0.460000	0.482467
0.980000	0.470000	0.492547
0.980000	0.480000	0.502610
0.980000	0.490000	0.512655
0.990000	0.000000	0.010445
0.990000	0.010000	0.020891
0.990000	0.020000	0.031336
0.990000	0.030000	0.041781
0.990000	0.040000	0.052226
0.990000	0.050000	0.062671
0.990000	0.060000	0.073116
0.990000	0.070000	0.083560
0.990000	0.080000	0.094004
0.990000	0.090000	0.104448
0.990000	0.100000	0.114891
0.990000	0.110000	0.125333
0.990000	0.120000	0.135775
0.990000	0.130000	0.146216
0.990000	0.140000	0.156656
0.990000	0.150000	0.167095
0.990000	0.160000	0.177533
0.990000	0.170000	0.187970
0.990000	0.180000	0.198405
0.990000	0.190000	0.208838
0.990000	0.200000	0.219270
0.990000	0.210000	0.229699
0.990000	0.220000	0.240126
0.990000	0.230000	0.250551
0.990000	0.240000	0.260972
0.990000	0.250000	0.271391
0.990000	0.260000	0.281806
0.990000	0.270000	0.292217
0.990000	0.280000	0.302624
0.990000	0.290000	0.313026
0.990000	0.300000	0.323424
0.990000	0.310000	0.333815
0.990000	0.320000	0.344201
0.990000	0.330000	0.354581
0.990000	0.340000	0.364954
0.990000	0.350000	0.375319
0.990000	0.360000	0.385677
0.990000	0.370000	0.396026
0.990000	0.380000	0.406366
0.990000	0.390000	0.416696
0.990000	0.400000	0.427015
0.990000	0.410000	0.437324
0.990000	0.420000	0.447621
0.990000	0.430000	0.457905
0.990000	0.440000	0.468175
0.990000	0.450000	0.478432
0.990000	0.460000	0.488673
0.990000	0.470000	0.498899
0.990000	0.480000	0.509107
0.990000	0.490000	0.519298
0.000000	0.500000	0.004189
0.000000	0.510000	0.004257
0.000000	0.520000	0.004324
0.000000	0.530000	0.004390
0.000000	0.540000	0.004456
0.000000	0.550000	0.004520
0.000000	0.560000	0.004582
0.000000	0.570000	0.004644
0.000000	0.580000	0.004705
0.000000	0.590000	0.004764
0.000000	0.600000	0.004822
0.000000	0.610000	0.004878
0.000000	0.620000	0.004933
0.000000	0.630000	0.004987
0.000000	0.640000	0.005039
0.000000	0.650000	0.005090
0.000000	0.660000	0.005138
0.000000	0.670000	0.005185
0.000000	0.680000	0.005231
0.000000	0.690000	0.005274
0.000000	0.700000	0.005315
0.000000	0.710000	0.005354
0.000000	0.720000	0.005391
0.000000	0.730000	0.005426
0.000000	0.740000	0.005458
0.000000	0.750000	0.005488
0.000000	0.760000	0.005515
0.000000	0.770000	0.005539
0.000000	0.780000	0.005560
0.000000	0.790000	0.005577
0.000000	0.800000	0.005591
0.000000	0.810000	0.005602
0.000000	0.820000	0.005608
0.000000	0.830000	0.005609
0.000000	0.840000	0.005606
0.000000	0.850000	0.005598
0.000000	0.860000	0.005583
0.000000	0.870000	0.005562
0.000000	0.880000	0.005533
0.000000	0.890000	0.005495
0.000000	0.900000	0.005447
0.000000	0.910000	0.005386
0.000000	0.920000	0.005309
0.000000	0.930000	0.005212
0.000000	0.940000	0.005087
0.000000	0.950000	0.004923
0.000000	0.960000	0.004694
0.000000	0.970000	0.004353
0.000000	0.980000	0.003783
0.000000	0.990000	0.002665
0.010000	0.500000	0.008379
0.010000	0.510000	0.008515
0.010000	0.520000	0.008650
0.010000	0.530000	0.008782
0.010000	0.540000	0.008912
0.010000	0.550000	0.009040
0.010000	0.560000	0.009166
0.010000	0.570000	0.009289
0.010000	0.580000	0.009410
0.010000	0.590000	0.009529
0.010000	0.600000	0.009645
0.010000	0.610000	0.009758
0.010000	0.620000	0.009868
0.010000	0.630000	0.009976
0.010000	0.640000	0.010080
0.010000	0.650000	0.010181
0.010000	0.660000	0.010279
0.010000	0.670000	0.010373
0.010000	0.680000	0.010463
0.010000	0.690000	0.010550
0.010000	0.700000	0.010633
0.010000	0.710000	0.010711
0.010000	0.720000	0.010785
0.010000	0.730000	0.010855
0.010000	0.740000	0.010919
0.010000	0.750000	0.010979
0.010000	0.760000	0.011033
0.010000	0.770000	0.011081
0.010000	0.780000	0.011123
0.010000	0.790000	0.011158
0.010000	0.800000	0.011187
0.010000	0.810000	0.011207
0.010000	0.820000	0.011220
0.010000	0.830000	0.011224
0.010000	0.840000	0.011218
0.010000	0.850000	0.011201
0.010000	0.860000	0.011173
0.010000	0.870000	0.011131
0.010000	0.880000	0.011075
0.010000	0.890000	0.011000
0.010000	0.900000	0.010906
0.010000	0.910000	0.010787
0.010000	0.920000	0.010638
0.010000	0.930000	0.010452
0.010000	0.940000	0.010215
0.010000	0.950000	0.009909
0.010000	0.960000	0.009501
0.010000	0.970000	0.008936
0.010000	0.980000	0.008115
0.010000	0.990000	0.006877
0.020000	0.500000	0.012571
0.020000	0.510000	0.012776
0.020000	0.520000	0.012977
0.020000	0.530000	0.013176
0.020000	0.540000	0.013371
0.020000	0.550000	0.013563
0.020000	0.560000	0.013752
0.020000	0.570000	0.013937
0.020000	0.580000	0.014119
0.020000	0.590000	0.014297
0.020000	0.600000	0.014471
0.020000	0.610000	0.014641
0.020000	0.620000	0.014806
0.020000	0.630000	0.014967
0.020000	0.640000	0.015124
0.020000	0.650000	0.015276
0.020000	0.660000	0.015422
0.020000	0.670000	0.015564
0.020000	0.680000	0.015700
0.020000	0.690000	0.015830
0.020000	0.700000	0.015954
0.020000	0.710000	0.016072
0.020000	0.720000	0.016184
0.020000	0.730000	0.016288
0.020000	0.740000	0.016385
0.020000	0.750000	0.016475
0.020000	0.760000	0.016556
0.020000	0.770000	0.016629
0.020000	0.780000	0.016692
0.020000	0.790000	0.016746
0.020000	0.800000	0.016789
0.020000	0.810000	0.016821
0.020000	0.820000	0.016841
0.020000	0.830000	0.016848
0.020000	0.840000	0.016840
0.020000	0.850000	0.016817
0.020000	0.860000	0.016776
0.020000	0.870000	0.016716
0.020000	0.880000	0.016634
0.020000	0.890000	0.016526
0.020000	0.900000	0.016390
0.020000	0.910000	0.016219
0.020000	0.920000	0.016006
0.020000	0.930000	0.015742
0.020000	0.940000	0.015412
0.020000	0.950000	0.014996
0.020000	0.960000	0.014465
0.020000	0.970000	0.013774
0.020000	0.980000	0.012865
0.020000	0.990000	0.011676
0.030000	0.500000	0.016766
0.030000	0.510000	0.017039
0.030000	0.520000	0.017308
0.030000	0.530000	0.017573
0.030000	0.540000	0.017834
0.030000	0.550000	0.018090
0.030000	0.560000	0.018342
0.030000	0.570000	0.018589
0.030000	0.580000	0.018832
0.030000	0.590000	0.019069
0.030000	0.600000	0.019301
0.030000	0.610000	0.019528
0.030000	0.620000	0.019749
0.030000	0.630000	0.019964
0.030000	0.640000	0.020173
0.030000	0.650000	0.020376
0.030000	0.660000	0.020572
0.030000	0.670000	0.020761
0.030000	0.680000	0.020942
0.030000	0.690000	0.021116
0.030000	0.700000	0.021283
0.030000	0.710000	0.021440
0.030000	0.720000	0.021589
0.030000	0.730000	0.021729
0.030000	0.740000	0.021860
0.030000	0.750000	0.021980
0.030000	0.760000	0.022089
0.030000	0.770000	0.022186
0.030000	0.780000	0.022272
0.030000	0.790000	0.022345
0.030000	0.800000	0.022404
0.030000	0.810000	0.022448
0.030000	0.820000	0.022476
0.030000	0.830000	0.022486
0.030000	0.840000	0.022479
0.030000	0.850000	0.022450
0.030000	0.860000	0.022399
0.030000	0.870000	0.022323
0.030000	0.880000	0.022218
0.030000	0.890000	0.022081
0.030000	0.900000	0.021908
0.030000	0.910000	0.021692
0.030000	0.920000	0.021425
0.030000	0.930000	0.021097
0.030000	0.940000	0.020695
0.030000	0.950000	0.020199
0.030000	0.960000	0.019588
0.030000	0.970000	0.018830
0.030000	0.980000	0.017895
0.030000	0.990000	0.016763
0.040000	0.500000	0.020965
0.040000	0.510000	0.021306
0.040000	0.520000	0.021643
0.040000	0.530000	0.021974
0.040000	0.540000	0.022300
0.040000	0.550000	0.022621
0.040000	0.560000	0.022937
0.040000	0.570000	0.023246
0.040000	0.580000	0.023549
0.040000	0.590000	0.023846
0.040000	0.600000	0.024137
0.040000	0.610000	0.024421
0.040000	0.620000	0.024697
0.040000	0.630000	0.024967
0.040000	0.640000	0.025229
0.040000	0.650000	0.025482
0.040000	0.660000	0.025728
0.040000	0.670000	0.025965
0.040000	0.680000	0.026193
0.040000	0.690000	0.026411
0.040000	0.700000	0.026619
0.040000	0.710000	0.026817
0.040000	0.720000	0.027004
0.040000	0.730000	0.027180
0.040000	0.740000	0.027344
0.040000	0.750000	0.027495
0.040000	0.760000	0.027633
0.040000	0.770000	0.027756
0.040000	0.780000	0.027865
0.040000	0.790000	0.027957
0.040000	0.800000	0.028033
0.040000	0.810000	0.028090
0.040000	0.820000	0.028128
0.040000	0.830000	0.028144
0.040000	0.840000	0.028137
0.040000	0.850000	0.028106
0.040000	0.860000	0.028047
0.040000	0.870000	0.027958
0.040000	0.880000	0.027834
0.040000	0.890000	0.027673
0.040000	0.900000	0.027469
0.040000	0.910000	0.027216
0.040000	0.920000	0.026905
0.040000	0.930000	0.026527
0.040000	0.940000	0.026070
0.040000	0.950000	0.025519
0.040000	0.960000	0.024857
0.040000	0.970000	0.024063
0.040000	0.980000	0.023123
0.040000	0.990000	0.022031
0.050000	0.500000	0.025169
0.050000	0.510000	0.025579
0.050000	0.520000	0.025983
0.050000	0.530000	0.026381
0.050000	0.540000	0.026773
0.050000	0.550000	0.027159
0.050000	0.560000	0.027537
0.050000	0.570000	0.027909
0.050000	0.580000	0.028274
0.050000	0.590000	0.028631
0.050000	0.600000	0.028980
0.050000	0.610000	0.029321
0.050000	0.620000	0.029654
0.050000	0.630000	0.029978
0.050000	0.640000	0.030292
0.050000	0.650000	0.030598
0.050000	0.660000	0.030893
0.050000	0.670000	0.031178
0.050000	0.680000	0.031452
0.050000	0.690000	0.031715
0.050000	0.700000	0.031967
0.050000	0.710000	0.032205
0.050000	0.720000	0.032431
0.050000	0.730000	0.032643
0.050000	0.740000	0.032841
0.050000	0.750000	0.033024
0.050000	0.760000	0.033191
0.050000	0.770000	0.033341
0.050000	0.780000	0.033474
0.050000	0.790000	0.033587
0.050000	0.800000	0.033680
0.050000	0.810000	0.033752
0.050000	0.820000	0.033801
0.050000	0.830000	0.033824
0.050000	0.840000	0.033821
0.050000	0.850000	0.033789
0.050000	0.860000	0.033725
0.050000	0.870000	0.033626
0.050000	0.880000	0.033489
0.050000	0.890000	0.033308
0.050000	0.900000	0.033080
0.050000	0.910000	0.032797
0.050000	0.920000	0.032452
0.050000	0.930000	0.032037
0.050000	0.940000	0.031540
0.050000	0.950000	0.030951
0.050000	0.960000	0.030256
0.050000	0.970000	0.029443
0.050000	0.980000	0.028504
0.050000	0.990000	0.027436
0.060000	0.500000	0.029379
0.060000	0.510000	0.029858
0.060000	0.520000	0.030330
0.060000	0.530000	0.030795
0.060000	0.540000	0.031253
0.060000	0.550000	0.031703
0.060000	0.560000	0.032145
0.060000	0.570000	0.032580
0.060000	0.580000	0.033006
0.060000	0.590000	0.033423
0.060000	0.600000	0.033831
0.060000	0.610000	0.034230
0.060000	0.620000	0.034619
0.060000	0.630000	0.034998
0.060000	0.640000	0.035366
0.060000	0.650000	0.035723
0.060000	0.660000	0.036069
0.060000	0.670000	0.036403
0.060000	0.680000	0.036724
0.060000	0.690000	0.037032
0.060000	0.700000	0.037326
0.060000	0.710000	0.037607
0.060000	0.720000	0.037872
0.060000	0.730000	0.038121
0.060000	0.740000	0.038354
0.060000	0.750000	0.038569
0.060000	0.760000	0.038766
0.060000	0.770000	0.038944
0.060000	0.780000	0.039102
0.060000	0.790000	0.039237
0.060000	0.800000	0.039350
0.060000	0.810000	0.039437
0.060000	0.820000	0.039499
0.060000	0.830000	0.039532
0.060000	0.840000	0.039535
0.060000	0.850000	0.039505
0.060000	0.860000	0.039439
0.060000	0.870000	0.039334
0.060000	0.880000	0.039186
0.060000	0.890000	0.038992
0.060000	0.900000	0.038745
0.060000	0.910000	0.038440
0.060000	0.920000	0.038070
0.060000	0.930000	0.037627
0.060000	0.940000	0.037103
0.060000	0.950000	0.036488
0.060000	0.960000	0.035773
0.060000	0.970000	0.034950
0.060000	0.980000	0.034013
0.060000	0.990000	0.032961
0.070000	0.500000	0.033596
0.070000	0.510000	0.034143
0.070000	0.520000	0.034684
0.070000	0.530000	0.035216
0.070000	0.540000	0.035740
0.070000	0.550000	0.036255
0.070000	0.560000	0.036762
0.070000	0.570000	0.037259
0.070000	0.580000	0.037747
0.070000	0.590000	0.038225
0.070000	0.600000	0.038693
0.070000	0.610000	0.039149
0.070000	0.620000	0.039595
0.070000	0.630000	0.040029
0.070000	0.640000	0.040451
0.070000	0.650000	0.040861
0.070000	0.660000	0.041257
0.070000	0.670000	0.041640
0.070000	0.680000	0.042009
0.070000	0.690000	0.042363
0.070000	0.700000	0.042701
0.070000	0.710000	0.043023
0.070000	0.720000	0.043328
0.070000	0.730000	0.043616
0.070000	0.740000	0.043884
0.070000	0.750000	0.044133
0.070000	0.760000	0.044362
0.070000	0.770000	0.044568
0.070000	0.780000	0.044751
0.070000	0.790000	0.044911
0.070000	0.800000	0.045044
0.070000	0.810000	0.045149
0.070000	0.820000	0.045225
0.070000	0.830000	0.045270
0.070000	0.840000	0.045281
0.070000	0.850000	0.045256
0.070000	0.860000	0.045192
0.070000	0.870000	0.045085
0.070000	0.880000	0.044931
0.070000	0.890000	0.044727
0.070000	0.900000	0.044468
0.070000	0.910000	0.044148
0.070000	0.920000	0.043760
0.070000	0.930000	0.043299
0.070000	0.940000	0.042757
0.070000	0.950000	0.042126
0.070000	0.960000	0.041399
0.070000	0.970000	0.040571
0.070000	0.980000	0.039636
0.070000	0.990000	0.038595
0.080000	0.500000	0.037820
0.080000	0.510000	0.038437
0.080000	0.520000	0.039046
0.080000	0.530000	0.039646
0.080000	0.540000	0.040236
0.080000	0.550000	0.040817
0.080000	0.560000	0.041388
0.080000	0.570000	0.041949
0.080000	0.580000	0.042499
0.080000	0.590000	0.043038
0.080000	0.600000	0.043565
0.080000	0.610000	0.044080
0.080000	0.620000	0.044583
0.080000	0.630000	0.045073
0.080000	0.640000	0.045549
0.080000	0.650000	0.046012
0.080000	0.660000	0.046460
0.080000	0.670000	0.046892
0.080000	0.680000	0.047309
0.080000	0.690000	0.047709
0.080000	0.700000	0.048092
0.080000	0.710000	0.048457
0.080000	0.720000	0.048803
0.080000	0.730000	0.049129
0.080000	0.740000	0.049434
0.080000	0.750000	0.049718
0.080000	0.760000	0.049979
0.080000	0.770000	0.050215
0.080000	0.780000	0.050426
0.080000	0.790000	0.050610
0.080000	0.800000	0.050766
0.080000	0.810000	0.050891
0.080000	0.820000	0.050984
0.080000	0.830000	0.051042
0.080000	0.840000	0.051064
0.080000	0.850000	0.051047
0.080000	0.860000	0.050987
0.080000	0.870000	0.050882
0.080000	0.880000	0.050727
0.080000	0.890000	0.050519
0.080000	0.900000	0.050252
0.080000	0.910000	0.049923
0.080000	0.920000	0.049525
0.080000	0.930000	0.049053
0.080000	0.940000	0.048499
0.080000	0.950000	0.047859
0.080000	0.960000	0.047127
0.080000	0.970000	0.046297
0.080000	0.980000	0.045366
0.080000	0.990000	0.044334
0.090000	0.500000	0.042054
0.090000	0.510000	0.042741
0.090000	0.520000	0.043418
0.090000	0.530000	0.044085
0.090000	0.540000	0.044743
0.090000	0.550000	0.045389
0.090000	0.560000	0.046025
0.090000	0.570000	0.046650
0.090000	0.580000	0.047262
0.090000	0.590000	0.047862
0.090000	0.600000	0.048450
0.090000	0.610000	0.049024
0.090000	0.620000	0.049584
0.090000	0.630000	0.050131
0.090000	0.640000	0.050662
0.090000	0.650000	0.051178
0.090000	0.660000	0.051678
0.090000	0.670000	0.052161
0.090000	0.680000	0.052626
0.090000	0.690000	0.053073
0.090000	0.700000	0.053502
0.090000	0.710000	0.053910
0.090000	0.720000	0.054298
0.090000	0.730000	0.054664
0.090000	0.740000	0.055007
0.090000	0.750000	0.055326
0.090000	0.760000	0.055620
0.090000	0.770000	0.055888
0.090000	0.780000	0.056128
0.090000	0.790000	0.056339
0.090000	0.800000	0.056518
0.090000	0.810000	0.056665
0.090000	0.820000	0.056777
0.090000	0.830000	0.056852
0.090000	0.840000	0.056887
0.090000	0.850000	0.056880
0.090000	0.860000	0.056828
0.090000	0.870000	0.056728
0.090000	0.880000	0.056576
0.090000	0.890000	0.056368
0.090000	0.900000	0.056100
0.090000	0.910000	0.055767
0.090000	0.920000	0.055364
0.090000	0.930000	0.054887
0.090000	0.940000	0.054329
0.090000	0.950000	0.053685
0.090000	0.960000	0.052952
0.090000	0.970000	0.052124
0.090000	0.980000	0.051199
0.090000	0.990000	0.050174
0.100000	0.500000	0.046297
0.100000	0.510000	0.047054
0.100000	0.520000	0.047800
0.100000	0.530000	0.048536
0.100000	0.540000	0.049260
0.100000	0.550000	0.049973
0.100000	0.560000	0.050674
0.100000	0.570000	0.051363
0.100000	0.580000	0.052038
0.100000	0.590000	0.052700
0.100000	0.600000	0.053348
0.100000	0.610000	0.053982
0.100000	0.620000	0.054601
0.100000	0.630000	0.055204
0.100000	0.640000	0.055790
0.100000	0.650000	0.056360
0.100000	0.660000	0.056913
0.100000	0.670000	0.057447
0.100000	0.680000	0.057962
0.100000	0.690000	0.058457
0.100000	0.700000	0.058932
0.100000	0.710000	0.059385
0.100000	0.720000	0.059815
0.100000	0.730000	0.060222
0.100000	0.740000	0.060604
0.100000	0.750000	0.060960
0.100000	0.760000	0.061289
0.100000	0.770000	0.061589
0.100000	0.780000	0.061860
0.100000	0.790000	0.062099
0.100000	0.800000	0.062304
0.100000	0.810000	0.062474
0.100000	0.820000	0.062607
0.100000	0.830000	0.062700
0.100000	0.840000	0.062752
0.100000	0.850000	0.062759
0.100000	0.860000	0.062718
0.100000	0.870000	0.062627
0.100000	0.880000	0.062481
0.100000	0.890000	0.062278
0.100000	0.900000	0.062013
0.100000	0.910000	0.061681
0.100000	0.920000	0.061279
0.100000	0.930000	0.060801
0.100000	0.940000	0.060244
0.100000	0.950000	0.059602
0.100000	0.960000	0.058871
0.100000	0.970000	0.058048
0.100000	0.980000	0.057130
0.100000	0.990000	0.056114
0.110000	0.500000	0.050551
0.110000	0.510000	0.051378
0.110000	0.520000	0.052194
0.110000	0.530000	0.052998
0.110000	0.540000	0.053790
0.110000	0.550000	0.054570
0.110000	0.560000	0.055336
0.110000	0.570000	0.056089
0.110000	0.580000	0.056828
0.110000	0.590000	0.057553
0.110000	0.600000	0.058262
0.110000	0.610000	0.058956
0.110000	0.620000	0.059633
0.110000	0.630000	0.060294
0.110000	0.640000	0.060936
0.110000	0.650000	0.061561
0.110000	0.660000	0.062167
0.110000	0.670000	0.062753
0.110000	0.680000	0.063318
0.110000	0.690000	0.063862
0.110000	0.700000	0.064384
0.110000	0.710000	0.064882
0.110000	0.720000	0.065356
0.110000	0.730000	0.065805
0.110000	0.740000	0.066227
0.110000	0.750000	0.066621
0.110000	0.760000	0.066986
0.110000	0.770000	0.067321
0.110000	0.780000	0.067623
0.110000	0.790000	0.067892
0.110000	0.800000	0.068125
0.110000	0.810000	0.068321
0.110000	0.820000	0.068477
0.110000	0.830000	0.068592
0.110000	0.840000	0.068662
0.110000	0.850000	0.068685
0.110000	0.860000	0.068659
0.110000	0.870000	0.068580
0.110000	0.880000	0.068445
0.110000	0.890000	0.068250
0.110000	0.900000	0.067991
0.110000	0.910000	0.067666
0.110000	0.920000	0.067269
0.110000	0.930000	0.066796
0.110000	0.940000	0.066243
0.110000	0.950000	0.065607
0.110000	0.960000	0.064883
0.110000	0.970000	0.064068
0.110000	0.980000	0.063159
0.110000	0.990000	0.062153
0.120000	0.500000	0.054816
0.120000	0.510000	0.055714
0.120000	0.520000	0.056600
0.120000	0.530000	0.057473
0.120000	0.540000	0.058333
0.120000	0.550000	0.059180
0.120000	0.560000	0.060013
0.120000	0.570000	0.060831
0.120000	0.580000	0.061634
0.120000	0.590000	0.062421
0.120000	0.600000	0.063192
0.120000	0.610000	0.063946
0.120000	0.620000	0.064683
0.120000	0.630000	0.065402
0.120000	0.640000	0.066101
0.120000	0.650000	0.066781
0.120000	0.660000	0.067441
0.120000	0.670000	0.068080
0.120000	0.680000	0.068696
0.120000	0.690000	0.069290
0.120000	0.700000	0.069860
0.120000	0.710000	0.070405
0.120000	0.720000	0.070923
0.120000	0.730000	0.071415
0.120000	0.740000	0.071878
0.120000	0.750000	0.072312
0.120000	0.760000	0.072715
0.120000	0.770000	0.073085
0.120000	0.780000	0.073421
0.120000	0.790000	0.073722
0.120000	0.800000	0.073985
0.120000	0.810000	0.074208
0.120000	0.820000	0.074390
0.120000	0.830000	0.074527
0.120000	0.840000	0.074619
0.120000	0.850000	0.074662
0.120000	0.860000	0.074653
0.120000	0.870000	0.074589
0.120000	0.880000	0.074468
0.120000	0.890000	0.074285
0.120000	0.900000	0.074038
0.120000	0.910000	0.073722
0.120000	0.920000	0.073334
0.120000	0.930000	0.072871
0.120000	0.940000	0.072327
0.120000	0.950000	0.071700
0.120000	0.960000	0.070986
0.120000	0.970000	0.070181
0.120000	0.980000	0.069284
0.120000	0.990000	0.068291
0.130000	0.500000	0.059094
0.130000	0.510000	0.060063
0.130000	0.520000	0.061019
0.130000	0.530000	0.061962
0.130000	0.540000	0.062891
0.130000	0.550000	0.063805
0.130000	0.560000	0.064704
0.130000	0.570000	0.065588
0.130000	0.580000	0.066455
0.130000	0.590000	0.067306
0.130000	0.600000	0.068140
0.130000	0.610000	0.068955
0.130000	0.620000	0.069752
0.130000	0.630000	0.070529
0.130000	0.640000	0.071286
0.130000	0.650000	0.072023
0.130000	0.660000	0.072737
0.130000	0.670000	0.073430
0.130000	0.680000	0.074098
0.130000	0.690000	0.074742
0.130000	0.700000	0.075361
0.130000	0.710000	0.075954
0.130000	0.720000	0.076518
0.130000	0.730000	0.077054
0.130000	0.740000	0.077560
0.130000	0.750000	0.078035
0.130000	0.760000	0.078476
0.130000	0.770000	0.078884
0.130000	0.780000	0.079255
0.130000	0.790000	0.079589
0.130000	0.800000	0.079884
0.130000	0.810000	0.080137
0.130000	0.820000	0.080346
0.130000	0.830000	0.080510
0.130000	0.840000	0.080625
0.130000	0.850000	0.080690
0.130000	0.860000	0.080702
0.130000	0.870000	0.080657
0.130000	0.880000	0.080553
0.130000	0.890000	0.080386
0.130000	0.900000	0.080153
0.130000	0.910000	0.079851
0.130000	0.920000	0.079476
0.130000	0.930000	0.079025
0.130000	0.940000	0.078494
0.130000	0.950000	0.077880
0.130000	0.960000	0.077179
0.130000	0.970000	0.076388
0.130000	0.980000	0.075505
0.130000	0.990000	0.074526
0.140000	0.500000	0.063385
0.140000	0.510000	0.064426
0.140000	0.520000	0.065453
0.140000	0.530000	0.066466
0.140000	0.540000	0.067464
0.140000	0.550000	0.068446
0.140000	0.560000	0.069412
0.140000	0.570000	0.070362
0.140000	0.580000	0.071295
0.140000	0.590000	0.072210
0.140000	0.600000	0.073106
0.140000	0.610000	0.073983
0.140000	0.620000	0.074841
0.140000	0.630000	0.075678
0.140000	0.640000	0.076493
0.140000	0.650000	0.077287
0.140000	0.660000	0.078057
0.140000	0.670000	0.078803
0.140000	0.680000	0.079525
0.140000	0.690000	0.080221
0.140000	0.700000	0.080890
0.140000	0.710000	0.081531
0.140000	0.720000	0.082142
0.140000	0.730000	0.082724
0.140000	0.740000	0.083274
0.140000	0.750000	0.083790
0.140000	0.760000	0.084273
0.140000	0.770000	0.084719
0.140000	0.780000	0.085128
0.140000	0.790000	0.085497
0.140000	0.800000	0.085825
0.140000	0.810000	0.086109
0.140000	0.820000	0.086349
0.140000	0.830000	0.086541
0.140000	0.840000	0.086683
0.140000	0.850000	0.086773
0.140000	0.860000	0.086807
0.140000	0.870000	0.086784
0.140000	0.880000	0.086700
0.140000	0.890000	0.086552
0.140000	0.900000	0.086338
0.140000	0.910000	0.086053
0.140000	0.920000	0.085695
0.140000	0.930000	0.085260
0.140000	0.940000	0.084745
0.140000	0.950000	0.084146
0.140000	0.960000	0.083461
0.140000	0.970000	0.082687
0.140000	0.980000	0.081821
0.140000	0.990000	0.080859
0.150000	0.500000	0.067691
0.150000	0.510000	0.068804
0.150000	0.520000	0.069902
0.150000	0.530000	0.070985
0.150000	0.540000	0.072053
0.150000	0.550000	0.073104
0.150000	0.560000	0.074138
0.150000	0.570000	0.075154
0.150000	0.580000	0.076153
0.150000	0.590000	0.077132
0.150000	0.600000	0.078092
0.150000	0.610000	0.079032
0.150000	0.620000	0.079951
0.150000	0.630000	0.080848
0.150000	0.640000	0.081723
0.150000	0.650000	0.082574
0.150000	0.660000	0.083401
0.150000	0.670000	0.084203
0.150000	0.680000	0.084979
0.150000	0.690000	0.085727
0.150000	0.700000	0.086447
0.150000	0.710000	0.087138
0.150000	0.720000	0.087798
0.150000	0.730000	0.088426
0.150000	0.740000	0.089021
0.150000	0.750000	0.089581
0.150000	0.760000	0.090106
0.150000	0.770000	0.090592
0.150000	0.780000	0.091040
0.150000	0.790000	0.091446
0.150000	0.800000	0.091810
0.150000	0.810000	0.092128
0.150000	0.820000	0.092400
0.150000	0.830000	0.092622
0.150000	0.840000	0.092793
0.150000	0.850000	0.092910
0.150000	0.860000	0.092971
0.150000	0.870000	0.092972
0.150000	0.880000	0.092912
0.150000	0.890000	0.092786
0.150000	0.900000	0.092593
0.150000	0.910000	0.092329
0.150000	0.920000	0.091990
0.150000	0.930000	0.091575
0.150000	0.940000	0.091079
0.150000	0.950000	0.090500
0.150000	0.960000	0.089834
0.150000	0.970000	0.089079
0.150000	0.980000	0.088231
0.150000	0.990000	0.087289
0.160000	0.500000	0.072012
0.160000	0.510000	0.073197
0.160000	0.520000	0.074367
0.160000	0.530000	0.075521
0.160000	0.540000	0.076659
0.160000	0.550000	0.077779
0.160000	0.560000	0.078881
0.160000	0.570000	0.079965
0.160000	0.580000	0.081030
0.160000	0.590000	0.082075
0.160000	0.600000	0.083100
0.160000	0.610000	0.084103
0.160000	0.620000	0.085084
0.160000	0.630000	0.086042
0.160000	0.640000	0.086977
0.160000	0.650000	0.087887
0.160000	0.660000	0.088771
0.160000	0.670000	0.089629
0.160000	0.680000	0.090460
0.160000	0.690000	0.091262
0.160000	0.700000	0.092034
0.160000	0.710000	0.092776
0.160000	0.720000	0.093486
0.160000	0.730000	0.094162
0.160000	0.740000	0.094803
0.160000	0.750000	0.095409
0.160000	0.760000	0.095977
0.160000	0.770000	0.096506
0.160000	0.780000	0.096994
0.160000	0.790000	0.097439
0.160000	0.800000	0.097840
0.160000	0.810000	0.098194
0.160000	0.820000	0.098500
0.160000	0.830000	0.098755
0.160000	0.840000	0.098958
0.160000	0.850000	0.099105
0.160000	0.860000	0.099194
0.160000	0.870000	0.099223
0.160000	0.880000	0.099189
0.160000	0.890000	0.099088
0.160000	0.900000	0.098920
0.160000	0.910000	0.098679
0.160000	0.920000	0.098363
0.160000	0.930000	0.097970
0.160000	0.940000	0.097497
0.160000	0.950000	0.096939
0.160000	0.960000	0.096296
0.160000	0.970000	0.095562
0.160000	0.980000	0.094737
0.160000	0.990000	0.093817
0.170000	0.500000	0.076348
0.170000	0.510000	0.077607
0.170000	0.520000	0.078849
0.170000	0.530000	0.080075
0.170000	0.540000	0.081283
0.170000	0.550000	0.082473
0.170000	0.560000	0.083645
0.170000	0.570000	0.084797
0.170000	0.580000	0.085929
0.170000	0.590000	0.087040
0.170000	0.600000	0.088129
0.170000	0.610000	0.089196
0.170000	0.620000	0.090241
0.170000	0.630000	0.091261
0.170000	0.640000	0.092256
0.170000	0.650000	0.093226
0.170000	0.660000	0.094169
0.170000	0.670000	0.095084
0.170000	0.680000	0.095971
0.170000	0.690000	0.096828
0.170000	0.700000	0.097653
0.170000	0.710000	0.098447
0.170000	0.720000	0.099208
0.170000	0.730000	0.099933
0.170000	0.740000	0.100623
0.170000	0.750000	0.101275
0.170000	0.760000	0.101888
0.170000	0.770000	0.102460
0.170000	0.780000	0.102991
0.170000	0.790000	0.103477
0.170000	0.800000	0.103917
0.170000	0.810000	0.104309
0.170000	0.820000	0.104652
0.170000	0.830000	0.104942
0.170000	0.840000	0.105178
0.170000	0.850000	0.105358
0.170000	0.860000	0.105478
0.170000	0.870000	0.105537
0.170000	0.880000	0.105532
0.170000	0.890000	0.105460
0.170000	0.900000	0.105318
0.170000	0.910000	0.105104
0.170000	0.920000	0.104814
0.170000	0.930000	0.104447
0.170000	0.940000	0.103998
0.170000	0.950000	0.103466
0.170000	0.960000	0.102847
0.170000	0.970000	0.102138
0.170000	0.980000	0.101338
0.170000	0.990000	0.100443
0.180000	0.500000	0.080702
0.180000	0.510000	0.082034
0.180000	0.520000	0.083349
0.180000	0.530000	0.084647
0.180000	0.540000	0.085927
0.180000	0.550000	0.087187
0.180000	0.560000	0.088428
0.180000	0.570000	0.089649
0.180000	0.580000	0.090849
0.180000	0.590000	0.092027
0.180000	0.600000	0.093182
0.180000	0.610000	0.094314
0.180000	0.620000	0.095422
0.180000	0.630000	0.096505
0.180000	0.640000	0.097562
0.180000	0.650000	0.098593
0.180000	0.660000	0.099595
0.180000	0.670000	0.100569
0.180000	0.680000	0.101512
0.180000	0.690000	0.102425
0.180000	0.700000	0.103305
0.180000	0.710000	0.104153
0.180000	0.720000	0.104965
0.180000	0.730000	0.105741
0.180000	0.740000	0.106480
0.180000	0.750000	0.107181
0.180000	0.760000	0.107840
0.180000	0.770000	0.108458
0.180000	0.780000	0.109032
0.180000	0.790000	0.109561
0.180000	0.800000	0.110043
0.180000	0.810000	0.110475
0.180000	0.820000	0.110856
0.180000	0.830000	0.111184
0.180000	0.840000	0.111456
0.180000	0.850000	0.111670
0.180000	0.860000	0.111824
0.180000	0.870000	0.111916
0.180000	0.880000	0.111942
0.180000	0.890000	0.111901
0.180000	0.900000	0.111789
0.180000	0.910000	0.111604
0.180000	0.920000	0.111344
0.180000	0.930000	0.111004
0.180000	0.940000	0.110584
0.180000	0.950000	0.110079
0.180000	0.960000	0.109487
0.180000	0.970000	0.108806
0.180000	0.980000	0.108033
0.180000	0.990000	0.107165
0.190000	0.500000	0.085073
0.190000	0.510000	0.086479
0.190000	0.520000	0.087868
0.190000	0.530000	0.089239
0.190000	0.540000	0.090590
0.190000	0.550000	0.091922
0.190000	0.560000	0.093233
0.190000	0.570000	0.094523
0.190000	0.580000	0.095792
0.190000	0.590000	0.097037
0.190000	0.600000	0.098259
0.190000	0.610000	0.099457
0.190000	0.620000	0.100630
0.190000	0.630000	0.101776
0.190000	0.640000	0.102896
0.190000	0.650000	0.103988
0.190000	0.660000	0.105051
0.190000	0.670000	0.106084
0.190000	0.680000	0.107086
0.190000	0.690000	0.108055
0.190000	0.700000	0.108992
0.190000	0.710000	0.109893
0.190000	0.720000	0.110759
0.190000	0.730000	0.111588
0.190000	0.740000	0.112378
0.190000	0.750000	0.113127
0.190000	0.760000	0.113836
0.190000	0.770000	0.114500
0.190000	0.780000	0.115120
0.190000	0.790000	0.115693
0.190000	0.800000	0.116218
0.190000	0.810000	0.116692
0.190000	0.820000	0.117114
0.190000	0.830000	0.117481
0.190000	0.840000	0.117792
0.190000	0.850000	0.118043
0.190000	0.860000	0.118233
0.190000	0.870000	0.118360
0.190000	0.880000	0.118421
0.190000	0.890000	0.118413
0.190000	0.900000	0.118334
0.190000	0.910000	0.118181
0.190000	0.920000	0.117952
0.190000	0.930000	0.117643
0.190000	0.940000	0.117254
0.190000	0.950000	0.116779
0.190000	0.960000	0.116218
0.190000	0.970000	0.115567
0.190000	0.980000	0.114824
0.190000	0.990000	0.113986
0.200000	0.500000	0.089462
0.200000	0.510000	0.090944
0.200000	0.520000	0.092407
0.200000	0.530000	0.093851
0.200000	0.540000	0.095275
0.200000	0.550000	0.096678
0.200000	0.560000	0.098061
0.200000	0.570000	0.099421
0.200000	0.580000	0.100758
0.200000	0.590000	0.102072
0.200000	0.600000	0.103362
0.200000	0.610000	0.104626
0.200000	0.620000	0.105864
0.200000	0.630000	0.107076
0.200000	0.640000	0.108259
0.200000	0.650000	0.109413
0.200000	0.660000	0.110538
0.200000	0.670000	0.111631
0.200000	0.680000	0.112692
0.200000	0.690000	0.113720
0.200000	0.700000	0.114713
0.200000	0.710000	0.115671
0.200000	0.720000	0.116592
0.200000	0.730000	0.117474
0.200000	0.740000	0.118316
0.200000	0.750000	0.119117
0.200000	0.760000	0.119875
0.200000	0.770000	0.120588
0.200000	0.780000	0.121256
0.200000	0.790000	0.121875
0.200000	0.800000	0.122445
0.200000	0.810000	0.122963
0.200000	0.820000	0.123427
0.200000	0.830000	0.123836
0.200000	0.840000	0.124187
0.200000	0.850000	0.124478
0.200000	0.860000	0.124707
0.200000	0.870000	0.124871
0.200000	0.880000	0.124968
0.200000	0.890000	0.124996
0.200000	0.900000	0.124953
0.200000	0.910000	0.124834
0.200000	0.920000	0.124639
0.200000	0.930000	0.124365
0.200000	0.940000	0.124008
0.200000	0.950000	0.123567
0.200000	0.960000	0.123038
0.200000	0.970000	0.122420
0.200000	0.980000	0.121709
0.200000	0.990000	0.120903
0.210000	0.500000	0.093870
0.210000	0.510000	0.095428
0.210000	0.520000	0.096965
0.210000	0.530000	0.098484
0.210000	0.540000	0.099981
0.210000	0.550000	0.101457
0.210000	0.560000	0.102911
0.210000	0.570000	0.104342
0.210000	0.580000	0.105750
0.210000	0.590000	0.107133
0.210000	0.600000	0.108491
0.210000	0.610000	0.109823
0.210000	0.620000	0.111127
0.210000	0.630000	0.112404
0.210000	0.640000	0.113652
0.210000	0.650000	0.114870
0.210000	0.660000	0.116057
0.210000	0.670000	0.117212
0.210000	0.680000	0.118333
0.210000	0.690000	0.119420
0.210000	0.700000	0.120472
0.210000	0.710000	0.121487
0.210000	0.720000	0.122463
0.210000	0.730000	0.123400
0.210000	0.740000	0.124296
0.210000	0.750000	0.125150
0.210000	0.760000	0.125959
0.210000	0.770000	0.126723
0.210000	0.780000	0.127440
0.210000	0.790000	0.128107
0.210000	0.800000	0.128724
0.210000	0.810000	0.129287
0.210000	0.820000	0.129797
0.210000	0.830000	0.130249
0.210000	0.840000	0.130643
0.210000	0.850000	0.130975
0.210000	0.860000	0.131245
0.210000	0.870000	0.131449
0.210000	0.880000	0.131586
0.210000	0.890000	0.131652
0.210000	0.900000	0.131646
0.210000	0.910000	0.131565
0.210000	0.920000	0.131406
0.210000	0.930000	0.131168
0.210000	0.940000	0.130847
0.210000	0.950000	0.130441
0.210000	0.960000	0.129948
0.210000	0.970000	0.129365
0.210000	0.980000	0.128689
0.210000	0.990000	0.127918
0.220000	0.500000	0.098299
0.220000	0.510000	0.099932
0.220000	0.520000	0.101545
0.220000	0.530000	0.103138
0.220000	0.540000	0.104710
0.220000	0.550000	0.106259
0.220000	0.560000	0.107785
0.220000	0.570000	0.109288
0.220000	0.580000	0.110767
0.220000	0.590000	0.112220
0.220000	0.600000	0.113647
0.220000	0.610000	0.115047
0.220000	0.620000	0.116419
0.220000	0.630000	0.117763
0.220000	0.640000	0.119076
0.220000	0.650000	0.120358
0.220000	0.660000	0.121609
0.220000	0.670000	0.122826
0.220000	0.680000	0.124009
0.220000	0.690000	0.125157
0.220000	0.700000	0.126268
0.220000	0.710000	0.127342
0.220000	0.720000	0.128376
0.220000	0.730000	0.129369
0.220000	0.740000	0.130320
0.220000	0.750000	0.131228
0.220000	0.760000	0.132090
0.220000	0.770000	0.132906
0.220000	0.780000	0.133673
0.220000	0.790000	0.134391
0.220000	0.800000	0.135056
0.220000	0.810000	0.135668
0.220000	0.820000	0.136223
0.220000	0.830000	0.136722
0.220000	0.840000	0.137160
0.220000	0.850000	0.137537
0.220000	0.860000	0.137849
0.220000	0.870000	0.138096
0.220000	0.880000	0.138274
0.220000	0.890000	0.138381
0.220000	0.900000	0.138415
0.220000	0.910000	0.138373
0.220000	0.920000	0.138254
0.220000	0.930000	0.138054
0.220000	0.940000	0.137772
0.220000	0.950000	0.137404
0.220000	0.960000	0.136948
0.220000	0.970000	0.136403
0.220000	0.980000	0.135764
0.220000	0.990000	0.135031
0.230000	0.500000	0.102748
0.230000	0.510000	0.104458
0.230000	0.520000	0.106147
0.230000	0.530000	0.107816
0.230000	0.540000	0.109462
0.230000	0.550000	0.111085
0.230000	0.560000	0.112685
0.230000	0.570000	0.114260
0.230000	0.580000	0.115810
0.230000	0.590000	0.117334
0.230000	0.600000	0.118832
0.230000	0.610000	0.120301
0.230000	0.620000	0.121741
0.230000	0.630000	0.123152
0.230000	0.640000	0.124532
0.230000	0.650000	0.125880
0.230000	0.660000	0.127195
0.230000	0.670000	0.128476
0.230000	0.680000	0.129722
0.230000	0.690000	0.130932
0.230000	0.700000	0.132104
0.230000	0.710000	0.133237
0.230000	0.720000	0.134329
0.230000	0.730000	0.135380
0.230000	0.740000	0.136388
0.230000	0.750000	0.137352
0.230000	0.760000	0.138269
0.230000	0.770000	0.139138
0.230000	0.780000	0.139958
0.230000	0.790000	0.140727
0.230000	0.800000	0.141443
0.230000	0.810000	0.142104
0.230000	0.820000	0.142709
0.230000	0.830000	0.143255
0.230000	0.840000	0.143740
0.230000	0.850000	0.144162
0.230000	0.860000	0.144520
0.230000	0.870000	0.144811
0.230000	0.880000	0.145033
0.230000	0.890000	0.145183
0.230000	0.900000	0.145260
0.230000	0.910000	0.145260
0.230000	0.920000	0.145182
0.230000	0.930000	0.145023
0.230000	0.940000	0.144782
0.230000	0.950000	0.144454
0.230000	0.960000	0.144039
0.230000	0.970000	0.143533
0.230000	0.980000	0.142935
0.230000	0.990000	0.142241
0.240000	0.500000	0.107218
0.240000	0.510000	0.109006
0.240000	0.520000	0.110772
0.240000	0.530000	0.112516
0.240000	0.540000	0.114238
0.240000	0.550000	0.115936
0.240000	0.560000	0.117610
0.240000	0.570000	0.119259
0.240000	0.580000	0.120881
0.240000	0.590000	0.122477
0.240000	0.600000	0.124045
0.240000	0.610000	0.125585
0.240000	0.620000	0.127094
0.240000	0.630000	0.128574
0.240000	0.640000	0.130021
0.240000	0.650000	0.131436
0.240000	0.660000	0.132817
0.240000	0.670000	0.134163
0.240000	0.680000	0.135473
0.240000	0.690000	0.136745
0.240000	0.700000	0.137979
0.240000	0.710000	0.139173
0.240000	0.720000	0.140326
0.240000	0.730000	0.141436
0.240000	0.740000	0.142502
0.240000	0.750000	0.143523
0.240000	0.760000	0.144496
0.240000	0.770000	0.145421
0.240000	0.780000	0.146295
0.240000	0.790000	0.147117
0.240000	0.800000	0.147886
0.240000	0.810000	0.148598
0.240000	0.820000	0.149253
0.240000	0.830000	0.149849
0.240000	0.840000	0.150383
0.240000	0.850000	0.150854
0.240000	0.860000	0.151259
0.240000	0.870000	0.151596
0.240000	0.880000	0.151864
0.240000	0.890000	0.152059
0.240000	0.900000	0.152181
0.240000	0.910000	0.152226
0.240000	0.920000	0.152191
0.240000	0.930000	0.152076
0.240000	0.940000	0.151877
0.240000	0.950000	0.151593
0.240000	0.960000	0.151220
0.240000	0.970000	0.150757
0.240000	0.980000	0.150201
0.240000	0.990000	0.149549
0.250000	0.500000	0.111710
0.250000	0.510000	0.113576
0.250000	0.520000	0.115420
0.250000	0.530000	0.117242
0.250000	0.540000	0.119039
0.250000	0.550000	0.120813
0.250000	0.560000	0.122562
0.250000	0.570000	0.124285
0.250000	0.580000	0.125981
0.250000	0.590000	0.127649
0.250000	0.600000	0.129289
0.250000	0.610000	0.130899
0.250000	0.620000	0.132479
0.250000	0.630000	0.134028
0.250000	0.640000	0.135544
0.250000	0.650000	0.137027
0.250000	0.660000	0.138475
0.250000	0.670000	0.139887
0.250000	0.680000	0.141262
0.250000	0.690000	0.142598
0.250000	0.700000	0.143896
0.250000	0.710000	0.145152
0.250000	0.720000	0.146366
0.250000	0.730000	0.147537
0.250000	0.740000	0.148663
0.250000	0.750000	0.149742
0.250000	0.760000	0.150773
0.250000	0.770000	0.151755
0.250000	0.780000	0.152685
0.250000	0.790000	0.153562
0.250000	0.800000	0.154385
0.250000	0.810000	0.155151
0.250000	0.820000	0.155858
0.250000	0.830000	0.156505
0.250000	0.840000	0.157090
0.250000	0.850000	0.157611
0.250000	0.860000	0.158066
0.250000	0.870000	0.158452
0.250000	0.880000	0.158768
0.250000	0.890000	0.159011
0.250000	0.900000	0.159179
0.250000	0.910000	0.159270
0.250000	0.920000	0.159282
0.250000	0.930000	0.159213
0.250000	0.940000	0.159059
0.250000	0.950000	0.158820
0.250000	0.960000	0.158492
0.250000	0.970000	0.158073
0.250000	0.980000	0.157562
0.250000	0.990000	0.156955
0.260000	0.500000	0.116225
0.260000	0.510000	0.118170
0.260000	0.520000	0.120092
0.260000	0.530000	0.121991
0.260000	0.540000	0.123866
0.260000	0.550000	0.125716
0.260000	0.560000	0.127541
0.260000	0.570000	0.129338
0.260000	0.580000	0.131109
0.260000	0.590000	0.132851
0.260000	0.600000	0.134564
0.260000	0.610000	0.136246
0.260000	0.620000	0.137897
0.260000	0.630000	0.139516
0.260000	0.640000	0.141102
0.260000	0.650000	0.142654
0.260000	0.660000	0.144169
0.260000	0.670000	0.145649
0.260000	0.680000	0.147090
0.260000	0.690000	0.148492
0.260000	0.700000	0.149854
0.260000	0.710000	0.151174
0.260000	0.720000	0.152452
0.260000	0.730000	0.153684
0.260000	0.740000	0.154871
0.260000	0.750000	0.156010
0.260000	0.760000	0.157101
0.260000	0.770000	0.158141
0.260000	0.780000	0.159129
0.260000	0.790000	0.160063
0.260000	0.800000	0.160941
0.260000	0.810000	0.161762
0.260000	0.820000	0.162524
0.260000	0.830000	0.163225
0.260000	0.840000	0.163863
0.260000	0.850000	0.164435
0.260000	0.860000	0.164941
0.260000	0.870000	0.165378
0.260000	0.880000	0.165744
0.260000	0.890000	0.166037
0.260000	0.900000	0.166255
0.260000	0.910000	0.166395
0.260000	0.920000	0.166455
0.260000	0.930000	0.166433
0.260000	0.940000	0.166328
0.260000	0.950000	0.166135
0.260000	0.960000	0.165855
0.260000	0.970000	0.165483
0.260000	0.980000	0.165018
0.260000	0.990000	0.164458
0.270000	0.500000	0.120764
0.270000	0.510000	0.122788
0.270000	0.520000	0.124790
0.270000	0.530000	0.126767
0.270000	0.540000	0.128720
0.270000	0.550000	0.130647
0.270000	0.560000	0.132548
0.270000	0.570000	0.134421
0.270000	0.580000	0.136267
0.270000	0.590000	0.138083
0.270000	0.600000	0.139870
0.270000	0.610000	0.141625
0.270000	0.620000	0.143349
0.270000	0.630000	0.145039
0.270000	0.640000	0.146696
0.270000	0.650000	0.148317
0.270000	0.660000	0.149902
0.270000	0.670000	0.151450
0.270000	0.680000	0.152959
0.270000	0.690000	0.154428
0.270000	0.700000	0.155856
0.270000	0.710000	0.157241
0.270000	0.720000	0.158582
0.270000	0.730000	0.159878
0.270000	0.740000	0.161128
0.270000	0.750000	0.162329
0.270000	0.760000	0.163480
0.270000	0.770000	0.164580
0.270000	0.780000	0.165627
0.270000	0.790000	0.166620
0.270000	0.800000	0.167556
0.270000	0.810000	0.168434
0.270000	0.820000	0.169252
0.270000	0.830000	0.170008
0.270000	0.840000	0.170700
0.270000	0.850000	0.171327
0.270000	0.860000	0.171887
0.270000	0.870000	0.172377
0.270000	0.880000	0.172795
0.270000	0.890000	0.173139
0.270000	0.900000	0.173408
0.270000	0.910000	0.173599
0.270000	0.920000	0.173710
0.270000	0.930000	0.173738
0.270000	0.940000	0.173682
0.270000	0.950000	0.173540
0.270000	0.960000	0.173308
0.270000	0.970000	0.172986
0.270000	0.980000	0.172570
0.270000	0.990000	0.172059
0.280000	0.500000	0.125326
0.280000	0.510000	0.127431
0.280000	0.520000	0.129512
0.280000	0.530000	0.131569
0.280000	0.540000	0.133600
0.280000	0.550000	0.135605
0.280000	0.560000	0.137584
0.280000	0.570000	0.139534
0.280000	0.580000	0.141456
0.280000	0.590000	0.143347
0.280000	0.600000	0.145209
0.280000	0.610000	0.147038
0.280000	0.620000	0.148835
0.280000	0.630000	0.150598
0.280000	0.640000	0.152326
0.280000	0.650000	0.154019
0.280000	0.660000	0.155674
0.280000	0.670000	0.157291
0.280000	0.680000	0.158869
0.280000	0.690000	0.160406
0.280000	0.700000	0.161901
0.280000	0.710000	0.163352
0.280000	0.720000	0.164759
0.280000	0.730000	0.166120
0.280000	0.740000	0.167434
0.280000	0.750000	0.168698
0.280000	0.760000	0.169912
0.280000	0.770000	0.171074
0.280000	0.780000	0.172182
0.280000	0.790000	0.173234
0.280000	0.800000	0.174229
0.280000	0.810000	0.175166
0.280000	0.820000	0.176042
0.280000	0.830000	0.176856
0.280000	0.840000	0.177605
0.280000	0.850000	0.178288
0.280000	0.860000	0.178903
0.280000	0.870000	0.179447
0.280000	0.880000	0.179920
0.280000	0.890000	0.180318
0.280000	0.900000	0.180640
0.280000	0.910000	0.180884
0.280000	0.920000	0.181047
0.280000	0.930000	0.181128
0.280000	0.940000	0.181124
0.280000	0.950000	0.181033
0.280000	0.960000	0.180854
0.280000	0.970000	0.180583
0.280000	0.980000	0.180218
0.280000	0.990000	0.179758
0.290000	0.500000	0.129913
0.290000	0.510000	0.132099
0.290000	0.520000	0.134261
0.290000	0.530000	0.136398
0.290000	0.540000	0.138508
0.290000	0.550000	0.140593
0.290000	0.560000	0.142649
0.290000	0.570000	0.144677
0.290000	0.580000	0.146676
0.290000	0.590000	0.148644
0.290000	0.600000	0.150581
0.290000	0.610000	0.152485
0.290000	0.620000	0.154356
0.290000	0.630000	0.156193
0.290000	0.640000	0.157994
0.290000	0.650000	0.159759
0.290000	0.660000	0.161486
0.290000	0.670000	0.163173
0.290000	0.680000	0.164821
0.290000	0.690000	0.166427
0.290000	0.700000	0.167991
0.290000	0.710000	0.169510
0.290000	0.720000	0.170984
0.290000	0.730000	0.172411
0.290000	0.740000	0.173790
0.290000	0.750000	0.175119
0.290000	0.760000	0.176397
0.290000	0.770000	0.177622
0.290000	0.780000	0.178792
0.290000	0.790000	0.179906
0.290000	0.800000	0.180963
0.290000	0.810000	0.181960
0.290000	0.820000	0.182896
0.290000	0.830000	0.183768
0.290000	0.840000	0.184576
0.290000	0.850000	0.185317
0.290000	0.860000	0.185989
0.290000	0.870000	0.186591
0.290000	0.880000	0.187119
0.290000	0.890000	0.187574
0.290000	0.900000	0.187951
0.290000	0.910000	0.188250
0.290000	0.920000	0.188468
0.290000	0.930000	0.188603
0.290000	0.940000	0.188653
0.290000	0.950000	0.188616
0.290000	0.960000	0.188490
0.290000	0.970000	0.188273
0.290000	0.980000	0.187961
0.290000	0.990000	0.187555
0.300000	0.500000	0.134525
0.300000	0.510000	0.136793
0.300000	0.520000	0.139036
0.300000	0.530000	0.141254
0.300000	0.540000	0.143445
0.300000	0.550000	0.145609
0.300000	0.560000	0.147744
0.300000	0.570000	0.149851
0.300000	0.580000	0.151927
0.300000	0.590000	0.153973
0.300000	0.600000	0.155986
0.300000	0.610000	0.157967
0.300000	0.620000	0.159913
0.300000	0.630000	0.161825
0.300000	0.640000	0.163700
0.300000	0.650000	0.165538
0.300000	0.660000	0.167337
0.300000	0.670000	0.169097
0.300000	0.680000	0.170816
0.300000	0.690000	0.172493
0.300000	0.700000	0.174126
0.300000	0.710000	0.175714
0.300000	0.720000	0.177257
0.300000	0.730000	0.178751
0.300000	0.740000	0.180197
0.300000	0.750000	0.181593
0.300000	0.760000	0.182936
0.300000	0.770000	0.184225
0.300000	0.780000	0.185460
0.300000	0.790000	0.186638
0.300000	0.800000	0.187757
0.300000	0.810000	0.188816
0.300000	0.820000	0.189813
0.300000	0.830000	0.190747
0.300000	0.840000	0.191615
0.300000	0.850000	0.192416
0.300000	0.860000	0.193147
0.300000	0.870000	0.193807
0.300000	0.880000	0.194394
0.300000	0.890000	0.194906
0.300000	0.900000	0.195341
0.300000	0.910000	0.195697
0.300000	0.920000	0.195972
0.300000	0.930000	0.196163
0.300000	0.940000	0.196270
0.300000	0.950000	0.196289
0.300000	0.960000	0.196218
0.300000	0.970000	0.196056
0.300000	0.980000	0.195801
0.300000	0.990000	0.195449
0.310000	0.500000	0.139163
0.310000	0.510000	0.141514
0.310000	0.520000	0.143839
0.310000	0.530000	0.146139
0.310000	0.540000	0.148411
0.310000	0.550000	0.150655
0.310000	0.560000	0.152871
0.310000	0.570000	0.155057
0.310000	0.580000	0.157212
0.310000	0.590000	0.159336
0.310000	0.600000	0.161427
0.310000	0.610000	0.163485
0.310000	0.620000	0.165507
0.310000	0.630000	0.167495
0.310000	0.640000	0.169445
0.310000	0.650000	0.171357
0.310000	0.660000	0.173230
0.310000	0.670000	0.175063
0.310000	0.680000	0.176855
0.310000	0.690000	0.178603
0.310000	0.700000	0.180307
0.310000	0.710000	0.181966
0.310000	0.720000	0.183578
0.310000	0.730000	0.185142
0.310000	0.740000	0.186656
0.310000	0.750000	0.188119
0.310000	0.760000	0.189529
0.310000	0.770000	0.190886
0.310000	0.780000	0.192186
0.310000	0.790000	0.193429
0.310000	0.800000	0.194612
0.310000	0.810000	0.195735
0.310000	0.820000	0.196796
0.310000	0.830000	0.197792
0.310000	0.840000	0.198722
0.310000	0.850000	0.199584
0.310000	0.860000	0.200377
0.310000	0.870000	0.201098
0.310000	0.880000	0.201745
0.310000	0.890000	0.202317
0.310000	0.900000	0.202811
0.310000	0.910000	0.203226
0.310000	0.920000	0.203559
0.310000	0.930000	0.203809
0.310000	0.940000	0.203974
0.310000	0.950000	0.204051
0.310000	0.960000	0.204038
0.310000	0.970000	0.203934
0.310000	0.980000	0.203736
0.310000	0.990000	0.203442
0.320000	0.500000	0.143827
0.320000	0.510000	0.146262
0.320000	0.520000	0.148670
0.320000	0.530000	0.151052
0.320000	0.540000	0.153406
0.320000	0.550000	0.155732
0.320000	0.560000	0.158029
0.320000	0.570000	0.160295
0.320000	0.580000	0.162530
0.320000	0.590000	0.164733
0.320000	0.600000	0.166903
0.320000	0.610000	0.169038
0.320000	0.620000	0.171139
0.320000	0.630000	0.173203
0.320000	0.640000	0.175229
0.320000	0.650000	0.177217
0.320000	0.660000	0.179165
0.320000	0.670000	0.181073
0.320000	0.680000	0.182938
0.320000	0.690000	0.184759
0.320000	0.700000	0.186536
0.320000	0.710000	0.188266
0.320000	0.720000	0.189950
0.320000	0.730000	0.191584
0.320000	0.740000	0.193168
0.320000	0.750000	0.194700
0.320000	0.760000	0.196179
0.320000	0.770000	0.197603
0.320000	0.780000	0.198970
0.320000	0.790000	0.200280
0.320000	0.800000	0.201529
0.320000	0.810000	0.202718
0.320000	0.820000	0.203843
0.320000	0.830000	0.204904
0.320000	0.840000	0.205898
0.320000	0.850000	0.206824
0.320000	0.860000	0.207679
0.320000	0.870000	0.208462
0.320000	0.880000	0.209172
0.320000	0.890000	0.209805
0.320000	0.900000	0.210361
0.320000	0.910000	0.210837
0.320000	0.920000	0.211231
0.320000	0.930000	0.211541
0.320000	0.940000	0.211766
0.320000	0.950000	0.211903
0.320000	0.960000	0.211950
0.320000	0.970000	0.211905
0.320000	0.980000	0.211767
0.320000	0.990000	0.211532
0.330000	0.500000	0.148519
0.330000	0.510000	0.151037
0.330000	0.520000	0.153529
0.330000	0.530000	0.155995
0.330000	0.540000	0.158432
0.330000	0.550000	0.160840
0.330000	0.560000	0.163218
0.330000	0.570000	0.165566
0.330000	0.580000	0.167882
0.330000	0.590000	0.170165
0.330000	0.600000	0.172415
0.330000	0.610000	0.174629
0.330000	0.620000	0.176808
0.330000	0.630000	0.178950
0.330000	0.640000	0.181054
0.330000	0.650000	0.183119
0.330000	0.660000	0.185143
0.330000	0.670000	0.187126
0.330000	0.680000	0.189066
0.330000	0.690000	0.190961
0.330000	0.700000	0.192812
0.330000	0.710000	0.194616
0.330000	0.720000	0.196371
0.330000	0.730000	0.198077
0.330000	0.740000	0.199732
0.330000	0.750000	0.201335
0.330000	0.760000	0.202884
0.330000	0.770000	0.204377
0.330000	0.780000	0.205814
0.330000	0.790000	0.207191
0.330000	0.800000	0.208509
0.330000	0.810000	0.209765
0.330000	0.820000	0.210957
0.330000	0.830000	0.212083
0.330000	0.840000	0.213143
0.330000	0.850000	0.214134
0.330000	0.860000	0.215054
0.330000	0.870000	0.215902
0.330000	0.880000	0.216675
0.330000	0.890000	0.217372
0.330000	0.900000	0.217991
0.330000	0.910000	0.218529
0.330000	0.920000	0.218986
0.330000	0.930000	0.219359
0.330000	0.940000	0.219646
0.330000	0.950000	0.219845
0.330000	0.960000	0.219954
0.330000	0.970000	0.219971
0.330000	0.980000	0.219894
0.330000	0.990000	0.219721
0.340000	0.500000	0.153237
0.340000	0.510000	0.155841
0.340000	0.520000	0.158418
0.340000	0.530000	0.160967
0.340000	0.540000	0.163488
0.340000	0.550000	0.165980
0.340000	0.560000	0.168441
0.340000	0.570000	0.170871
0.340000	0.580000	0.173268
0.340000	0.590000	0.175633
0.340000	0.600000	0.177963
0.340000	0.610000	0.180258
0.340000	0.620000	0.182516
0.340000	0.630000	0.184737
0.340000	0.640000	0.186920
0.340000	0.650000	0.189062
0.340000	0.660000	0.191164
0.340000	0.670000	0.193223
0.340000	0.680000	0.195239
0.340000	0.690000	0.197211
0.340000	0.700000	0.199136
0.340000	0.710000	0.201014
0.340000	0.720000	0.202844
0.340000	0.730000	0.204623
0.340000	0.740000	0.206351
0.340000	0.750000	0.208025
0.340000	0.760000	0.209646
0.340000	0.770000	0.211210
0.340000	0.780000	0.212717
0.340000	0.790000	0.214165
0.340000	0.800000	0.215551
0.340000	0.810000	0.216876
0.340000	0.820000	0.218136
0.340000	0.830000	0.219331
0.340000	0.840000	0.220458
0.340000	0.850000	0.221516
0.340000	0.860000	0.222502
0.340000	0.870000	0.223416
0.340000	0.880000	0.224255
0.340000	0.890000	0.225018
0.340000	0.900000	0.225701
0.340000	0.910000	0.226305
0.340000	0.920000	0.226826
0.340000	0.930000	0.227263
0.340000	0.940000	0.227614
0.340000	0.950000	0.227877
0.340000	0.960000	0.228050
0.340000	0.970000	0.228130
0.340000	0.980000	0.228117
0.340000	0.990000	0.228007
0.350000	0.500000	0.157983
0.350000	0.510000	0.160673
0.350000	0.520000	0.163336
0.350000	0.530000	0.165970
0.350000	0.540000	0.168576
0.350000	0.550000	0.171152
0.350000	0.560000	0.173697
0.350000	0.570000	0.176210
0.350000	0.580000	0.178690
0.350000	0.590000	0.181137
0.350000	0.600000	0.183549
0.350000	0.610000	0.185925
0.350000	0.620000	0.188264
0.350000	0.630000	0.190565
0.350000	0.640000	0.192827
0.350000	0.650000	0.195048
0.350000	0.660000	0.197229
0.350000	0.670000	0.199366
0.350000	0.680000	0.201459
0.350000	0.690000	0.203508
0.350000	0.700000	0.205509
0.350000	0.710000	0.207463
0.350000	0.720000	0.209368
0.350000	0.730000	0.211222
0.350000	0.740000	0.213023
0.350000	0.750000	0.214772
0.350000	0.760000	0.216465
0.350000	0.770000	0.218102
0.350000	0.780000	0.219681
0.350000	0.790000	0.221200
0.350000	0.800000	0.222658
0.350000	0.810000	0.224052
0.350000	0.820000	0.225383
0.350000	0.830000	0.226647
0.350000	0.840000	0.227843
0.350000	0.850000	0.228969
0.350000	0.860000	0.230024
0.350000	0.870000	0.231006
0.350000	0.880000	0.231913
0.350000	0.890000	0.232742
0.350000	0.900000	0.233493
0.350000	0.910000	0.234163
0.350000	0.920000	0.234751
0.350000	0.930000	0.235254
0.350000	0.940000	0.235671
0.350000	0.950000	0.236000
0.350000	0.960000	0.236238
0.350000	0.970000	0.236384
0.350000	0.980000	0.236436
0.350000	0.990000	0.236392
0.360000	0.500000	0.162758
0.360000	0.510000	0.165535
0.360000	0.520000	0.168284
0.360000	0.530000	0.171005
0.360000	0.540000	0.173696
0.360000	0.550000	0.176356
0.360000	0.560000	0.178986
0.360000	0.570000	0.181583
0.360000	0.580000	0.184147
0.360000	0.590000	0.186677
0.360000	0.600000	0.189172
0.360000	0.610000	0.191630
0.360000	0.620000	0.194051
0.360000	0.630000	0.196433
0.360000	0.640000	0.198776
0.360000	0.650000	0.201078
0.360000	0.660000	0.203338
0.360000	0.670000	0.205554
0.360000	0.680000	0.207726
0.360000	0.690000	0.209853
0.360000	0.700000	0.211932
0.360000	0.710000	0.213963
0.360000	0.720000	0.215944
0.360000	0.730000	0.217874
0.360000	0.740000	0.219751
0.360000	0.750000	0.221575
0.360000	0.760000	0.223342
0.360000	0.770000	0.225053
0.360000	0.780000	0.226705
0.360000	0.790000	0.228297
0.360000	0.800000	0.229828
0.360000	0.810000	0.231295
0.360000	0.820000	0.232697
0.360000	0.830000	0.234032
0.360000	0.840000	0.235299
0.360000	0.850000	0.236496
0.360000	0.860000	0.237621
0.360000	0.870000	0.238672
0.360000	0.880000	0.239648
0.360000	0.890000	0.240547
0.360000	0.900000	0.241366
0.360000	0.910000	0.242105
0.360000	0.920000	0.242761
0.360000	0.930000	0.243332
0.360000	0.940000	0.243817
0.360000	0.950000	0.244213
0.360000	0.960000	0.244519
0.360000	0.970000	0.244732
0.360000	0.980000	0.244852
0.360000	0.990000	0.244875
0.370000	0.500000	0.167562
0.370000	0.510000	0.170426
0.370000	0.520000	0.173263
0.370000	0.530000	0.176070
0.370000	0.540000	0.178848
0.370000	0.550000	0.181595
0.370000	0.560000	0.184310
0.370000	0.570000	0.186992
0.370000	0.580000	0.189641
0.370000	0.590000	0.192255
0.370000	0.600000	0.194833
0.370000	0.610000	0.197375
0.370000	0.620000	0.199879
0.370000	0.630000	0.202343
0.370000	0.640000	0.204768
0.370000	0.650000	0.207151
0.370000	0.660000	0.209492
0.370000	0.670000	0.211789
0.370000	0.680000	0.214041
0.370000	0.690000	0.216247
0.370000	0.700000	0.218405
0.370000	0.710000	0.220514
0.370000	0.720000	0.222573
0.370000	0.730000	0.224580
0.370000	0.740000	0.226534
0.370000	0.750000	0.228434
0.370000	0.760000	0.230278
0.370000	0.770000	0.232064
0.370000	0.780000	0.233791
0.370000	0.790000	0.235458
0.370000	0.800000	0.237062
0.370000	0.810000	0.238603
0.370000	0.820000	0.240078
0.370000	0.830000	0.241486
0.370000	0.840000	0.242826
0.370000	0.850000	0.244095
0.370000	0.860000	0.245291
0.370000	0.870000	0.246414
0.370000	0.880000	0.247461
0.370000	0.890000	0.248431
0.370000	0.900000	0.249321
0.370000	0.910000	0.250130
0.370000	0.920000	0.250855
0.370000	0.930000	0.251497
0.370000	0.940000	0.252051
0.370000	0.950000	0.252517
0.370000	0.960000	0.252892
0.370000	0.970000	0.253175
0.370000	0.980000	0.253363
0.370000	0.990000	0.253456
0.380000	0.500000	0.172395
0.380000	0.510000	0.175348
0.380000	0.520000	0.178272
0.380000	0.530000	0.181168
0.380000	0.540000	0.184033
0.380000	0.550000	0.186866
0.380000	0.560000	0.189668
0.380000	0.570000	0.192437
0.380000	0.580000	0.195171
0.380000	0.590000	0.197871
0.380000	0.600000	0.200534
0.380000	0.610000	0.203160
0.380000	0.620000	0.205747
0.380000	0.630000	0.208296
0.380000	0.640000	0.210803
0.380000	0.650000	0.213269
0.380000	0.660000	0.215692
0.380000	0.670000	0.218070
0.380000	0.680000	0.220403
0.380000	0.690000	0.222690
0.380000	0.700000	0.224928
0.380000	0.710000	0.227117
0.380000	0.720000	0.229255
0.380000	0.730000	0.231341
0.380000	0.740000	0.233374
0.380000	0.750000	0.235351
0.380000	0.760000	0.237273
0.380000	0.770000	0.239136
0.380000	0.780000	0.240939
0.380000	0.790000	0.242682
0.380000	0.800000	0.244362
0.380000	0.810000	0.245978
0.380000	0.820000	0.247528
0.380000	0.830000	0.249011
0.380000	0.840000	0.250424
0.380000	0.850000	0.251767
0.380000	0.860000	0.253037
0.380000	0.870000	0.254233
0.380000	0.880000	0.255353
0.380000	0.890000	0.256395
0.380000	0.900000	0.257357
0.380000	0.910000	0.258238
0.380000	0.920000	0.259036
0.380000	0.930000	0.259748
0.380000	0.940000	0.260374
0.380000	0.950000	0.260911
0.380000	0.960000	0.261358
0.380000	0.970000	0.261712
0.380000	0.980000	0.261971
0.380000	0.990000	0.262135
0.390000	0.500000	0.177258
0.390000	0.510000	0.180300
0.390000	0.520000	0.183314
0.390000	0.530000	0.186297
0.390000	0.540000	0.189251
0.390000	0.550000	0.192173
0.390000	0.560000	0.195062
0.390000	0.570000	0.197917
0.390000	0.580000	0.200739
0.390000	0.590000	0.203524
0.390000	0.600000	0.206274
0.390000	0.610000	0.208985
0.390000	0.620000	0.211658
0.390000	0.630000	0.214290
0.390000	0.640000	0.216882
0.390000	0.650000	0.219432
0.390000	0.660000	0.221938
0.390000	0.670000	0.224399
0.390000	0.680000	0.226814
0.390000	0.690000	0.229183
0.390000	0.700000	0.231503
0.390000	0.710000	0.233772
0.390000	0.720000	0.235991
0.390000	0.730000	0.238157
0.390000	0.740000	0.240270
0.390000	0.750000	0.242327
0.390000	0.760000	0.244326
0.390000	0.770000	0.246268
0.390000	0.780000	0.248150
0.390000	0.790000	0.249970
0.390000	0.800000	0.251727
0.390000	0.810000	0.253420
0.390000	0.820000	0.255047
0.390000	0.830000	0.256605
0.390000	0.840000	0.258094
0.390000	0.850000	0.259513
0.390000	0.860000	0.260858
0.390000	0.870000	0.262128
0.390000	0.880000	0.263323
0.390000	0.890000	0.264439
0.390000	0.900000	0.265475
0.390000	0.910000	0.266430
0.390000	0.920000	0.267301
0.390000	0.930000	0.268088
0.390000	0.940000	0.268787
0.390000	0.950000	0.269397
0.390000	0.960000	0.269916
0.390000	0.970000	0.270343
0.390000	0.980000	0.270676
0.390000	0.990000	0.270912
0.400000	0.500000	0.182150
0.400000	0.510000	0.185283
0.400000	0.520000	0.188387
0.400000	0.530000	0.191460
0.400000	0.540000	0.194503
0.400000	0.550000	0.197513
0.400000	0.560000	0.200491
0.400000	0.570000	0.203435
0.400000	0.580000	0.206344
0.400000	0.590000	0.209217
0.400000	0.600000	0.212053
0.400000	0.610000	0.214851
0.400000	0.620000	0.217610
0.400000	0.630000	0.220328
0.400000	0.640000	0.223005
0.400000	0.650000	0.225640
0.400000	0.660000	0.228230
0.400000	0.670000	0.230775
0.400000	0.680000	0.233275
0.400000	0.690000	0.235726
0.400000	0.700000	0.238129
0.400000	0.710000	0.240481
0.400000	0.720000	0.242782
0.400000	0.730000	0.245029
0.400000	0.740000	0.247223
0.400000	0.750000	0.249360
0.400000	0.760000	0.251440
0.400000	0.770000	0.253462
0.400000	0.780000	0.255423
0.400000	0.790000	0.257322
0.400000	0.800000	0.259158
0.400000	0.810000	0.260929
0.400000	0.820000	0.262634
0.400000	0.830000	0.264270
0.400000	0.840000	0.265837
0.400000	0.850000	0.267332
0.400000	0.860000	0.268754
0.400000	0.870000	0.270101
0.400000	0.880000	0.271372
0.400000	0.890000	0.272564
0.400000	0.900000	0.273676
0.400000	0.910000	0.274706
0.400000	0.920000	0.275653
0.400000	0.930000	0.276514
0.400000	0.940000	0.277288
0.400000	0.950000	0.277974
0.400000	0.960000	0.278568
0.400000	0.970000	0.279069
0.400000	0.980000	0.279477
0.400000	0.990000	0.279787
0.410000	0.500000	0.187074
0.410000	0.510000	0.190297
0.410000	0.520000	0.193492
0.410000	0.530000	0.196656
0.410000	0.540000	0.199789
0.410000	0.550000	0.202889
0.410000	0.560000	0.205956
0.410000	0.570000	0.208989
0.410000	0.580000	0.211987
0.410000	0.590000	0.214949
0.410000	0.600000	0.217873
0.410000	0.610000	0.220758
0.410000	0.620000	0.223604
0.410000	0.630000	0.226410
0.410000	0.640000	0.229173
0.410000	0.650000	0.231893
0.410000	0.660000	0.234570
0.410000	0.670000	0.237200
0.410000	0.680000	0.239784
0.410000	0.690000	0.242320
0.410000	0.700000	0.244807
0.410000	0.710000	0.247243
0.410000	0.720000	0.249627
0.410000	0.730000	0.251957
0.410000	0.740000	0.254233
0.410000	0.750000	0.256453
0.410000	0.760000	0.258614
0.410000	0.770000	0.260717
0.410000	0.780000	0.262759
0.410000	0.790000	0.264739
0.410000	0.800000	0.266656
0.410000	0.810000	0.268507
0.410000	0.820000	0.270291
0.410000	0.830000	0.272006
0.410000	0.840000	0.273652
0.410000	0.850000	0.275226
0.410000	0.860000	0.276726
0.410000	0.870000	0.278151
0.410000	0.880000	0.279500
0.410000	0.890000	0.280770
0.410000	0.900000	0.281959
0.410000	0.910000	0.283067
0.410000	0.920000	0.284091
0.410000	0.930000	0.285029
0.410000	0.940000	0.285880
0.410000	0.950000	0.286641
0.410000	0.960000	0.287312
0.410000	0.970000	0.287890
0.410000	0.980000	0.288374
0.410000	0.990000	0.288761
0.420000	0.500000	0.192028
0.420000	0.510000	0.195344
0.420000	0.520000	0.198630
0.420000	0.530000	0.201885
0.420000	0.540000	0.205109
0.420000	0.550000	0.208301
0.420000	0.560000	0.211458
0.420000	0.570000	0.214581
0.420000	0.580000	0.217669
0.420000	0.590000	0.220720
0.420000	0.600000	0.223733
0.420000	0.610000	0.226707
0.420000	0.620000	0.229642
0.420000	0.630000	0.232535
0.420000	0.640000	0.235386
0.420000	0.650000	0.238194
0.420000	0.660000	0.240957
0.420000	0.670000	0.243674
0.420000	0.680000	0.246344
0.420000	0.690000	0.248965
0.420000	0.700000	0.251537
0.420000	0.710000	0.254058
0.420000	0.720000	0.256527
0.420000	0.730000	0.258942
0.420000	0.740000	0.261301
0.420000	0.750000	0.263604
0.420000	0.760000	0.265849
0.420000	0.770000	0.268035
0.420000	0.780000	0.270159
0.420000	0.790000	0.272222
0.420000	0.800000	0.274220
0.420000	0.810000	0.276152
0.420000	0.820000	0.278017
0.420000	0.830000	0.279814
0.420000	0.840000	0.281540
0.420000	0.850000	0.283194
0.420000	0.860000	0.284774
0.420000	0.870000	0.286279
0.420000	0.880000	0.287707
0.420000	0.890000	0.289056
0.420000	0.900000	0.290325
0.420000	0.910000	0.291512
0.420000	0.920000	0.292614
0.420000	0.930000	0.293631
0.420000	0.940000	0.294560
0.420000	0.950000	0.295401
0.420000	0.960000	0.296150
0.420000	0.970000	0.296806
0.420000	0.980000	0.297368
0.420000	0.990000	0.297833
0.430000	0.500000	0.197013
0.430000	0.510000	0.200422
0.430000	0.520000	0.203801
0.430000	0.530000	0.207149
0.430000	0.540000	0.210465
0.430000	0.550000	0.213748
0.430000	0.560000	0.216997
0.430000	0.570000	0.220211
0.430000	0.580000	0.223390
0.430000	0.590000	0.226531
0.430000	0.600000	0.229634
0.430000	0.610000	0.232698
0.430000	0.620000	0.235722
0.430000	0.630000	0.238705
0.430000	0.640000	0.241644
0.430000	0.650000	0.244540
0.430000	0.660000	0.247391
0.430000	0.670000	0.250196
0.430000	0.680000	0.252954
0.430000	0.690000	0.255662
0.430000	0.700000	0.258321
0.430000	0.710000	0.260928
0.430000	0.720000	0.263483
0.430000	0.730000	0.265983
0.430000	0.740000	0.268428
0.430000	0.750000	0.270816
0.430000	0.760000	0.273145
0.430000	0.770000	0.275415
0.430000	0.780000	0.277624
0.430000	0.790000	0.279769
0.430000	0.800000	0.281850
0.430000	0.810000	0.283866
0.430000	0.820000	0.285814
0.430000	0.830000	0.287693
0.430000	0.840000	0.289501
0.430000	0.850000	0.291237
0.430000	0.860000	0.292899
0.430000	0.870000	0.294485
0.430000	0.880000	0.295994
0.430000	0.890000	0.297425
0.430000	0.900000	0.298774
0.430000	0.910000	0.300041
0.430000	0.920000	0.301224
0.430000	0.930000	0.302321
0.430000	0.940000	0.303331
0.430000	0.950000	0.304251
0.430000	0.960000	0.305080
0.430000	0.970000	0.305816
0.430000	0.980000	0.306458
0.430000	0.990000	0.307003
0.440000	0.500000	0.202030
0.440000	0.510000	0.205533
0.440000	0.520000	0.209006
0.440000	0.530000	0.212447
0.440000	0.540000	0.215856
0.440000	0.550000	0.219232
0.440000	0.560000	0.222573
0.440000	0.570000	0.225880
0.440000	0.580000	0.229150
0.440000	0.590000	0.232383
0.440000	0.600000	0.235577
0.440000	0.610000	0.238732
0.440000	0.620000	0.241846
0.440000	0.630000	0.244919
0.440000	0.640000	0.247949
0.440000	0.650000	0.250934
0.440000	0.660000	0.253875
0.440000	0.670000	0.256768
0.440000	0.680000	0.259614
0.440000	0.690000	0.262411
0.440000	0.700000	0.265158
0.440000	0.710000	0.267852
0.440000	0.720000	0.270494
0.440000	0.730000	0.273081
0.440000	0.740000	0.275613
0.440000	0.750000	0.278087
0.440000	0.760000	0.280503
0.440000	0.770000	0.282858
0.440000	0.780000	0.285152
0.440000	0.790000	0.287383
0.440000	0.800000	0.289549
0.440000	0.810000	0.291649
0.440000	0.820000	0.293681
0.440000	0.830000	0.295644
0.440000	0.840000	0.297535
0.440000	0.850000	0.299355
0.440000	0.860000	0.301100
0.440000	0.870000	0.302769
0.440000	0.880000	0.304361
0.440000	0.890000	0.305874
0.440000	0.900000	0.307306
0.440000	0.910000	0.308655
0.440000	0.920000	0.309921
0.440000	0.930000	0.311100
0.440000	0.940000	0.312191
0.440000	0.950000	0.313193
0.440000	0.960000	0.314104
0.440000	0.970000	0.314922
0.440000	0.980000	0.315645
0.440000	0.990000	0.316272
0.450000	0.500000	0.207079
0.450000	0.510000	0.210677
0.450000	0.520000	0.214244
0.450000	0.530000	0.217779
0.450000	0.540000	0.221282
0.450000	0.550000	0.224752
0.450000	0.560000	0.228187
0.450000	0.570000	0.231587
0.450000	0.580000	0.234950
0.450000	0.590000	0.238275
0.450000	0.600000	0.241562
0.450000	0.610000	0.244809
0.450000	0.620000	0.248015
0.450000	0.630000	0.251179
0.450000	0.640000	0.254300
0.450000	0.650000	0.257376
0.450000	0.660000	0.260407
0.450000	0.670000	0.263390
0.450000	0.680000	0.266326
0.450000	0.690000	0.269213
0.450000	0.700000	0.272048
0.450000	0.710000	0.274832
0.450000	0.720000	0.277562
0.450000	0.730000	0.280238
0.450000	0.740000	0.282857
0.450000	0.750000	0.285419
0.450000	0.760000	0.287922
0.450000	0.770000	0.290364
0.450000	0.780000	0.292745
0.450000	0.790000	0.295062
0.450000	0.800000	0.297314
0.450000	0.810000	0.299500
0.450000	0.820000	0.301618
0.450000	0.830000	0.303666
0.450000	0.840000	0.305644
0.450000	0.850000	0.307548
0.450000	0.860000	0.309378
0.450000	0.870000	0.311132
0.450000	0.880000	0.312808
0.450000	0.890000	0.314405
0.450000	0.900000	0.315921
0.450000	0.910000	0.317355
0.450000	0.920000	0.318704
0.450000	0.930000	0.319966
0.450000	0.940000	0.321141
0.450000	0.950000	0.322227
0.450000	0.960000	0.323221
0.450000	0.970000	0.324122
0.450000	0.980000	0.324928
0.450000	0.990000	0.325638
0.460000	0.500000	0.212160
0.460000	0.510000	0.215853
0.460000	0.520000	0.219516
0.460000	0.530000	0.223147
0.460000	0.540000	0.226745
0.460000	0.550000	0.230309
0.460000	0.560000	0.233839
0.460000	0.570000	0.237332
0.460000	0.580000	0.240789
0.460000	0.590000	0.244208
0.460000	0.600000	0.247588
0.460000	0.610000	0.250929
0.460000	0.620000	0.254227
0.460000	0.630000	0.257484
0.460000	0.640000	0.260697
0.460000	0.650000	0.263865
0.460000	0.660000	0.266988
0.460000	0.670000	0.270063
0.460000	0.680000	0.273090
0.460000	0.690000	0.276067
0.460000	0.700000	0.278993
0.460000	0.710000	0.281867
0.460000	0.720000	0.284687
0.460000	0.730000	0.287452
0.460000	0.740000	0.290161
0.460000	0.750000	0.292812
0.460000	0.760000	0.295403
0.460000	0.770000	0.297934
0.460000	0.780000	0.300403
0.460000	0.790000	0.302808
0.460000	0.800000	0.305148
0.460000	0.810000	0.307421
0.460000	0.820000	0.309627
0.460000	0.830000	0.311762
0.460000	0.840000	0.313826
0.460000	0.850000	0.315817
0.460000	0.860000	0.317733
0.460000	0.870000	0.319573
0.460000	0.880000	0.321336
0.460000	0.890000	0.323018
0.460000	0.900000	0.324620
0.460000	0.910000	0.326139
0.460000	0.920000	0.327573
0.460000	0.930000	0.328921
0.460000	0.940000	0.330182
0.460000	0.950000	0.331352
0.460000	0.960000	0.332431
0.460000	0.970000	0.333417
0.460000	0.980000	0.334309
0.460000	0.990000	0.335103
0.470000	0.500000	0.217273
0.470000	0.510000	0.221064
0.470000	0.520000	0.224823
0.470000	0.530000	0.228550
0.470000	0.540000	0.232244
0.470000	0.550000	0.235904
0.470000	0.560000	0.239529
0.470000	0.570000	0.243117
0.470000	0.580000	0.246669
0.470000	0.590000	0.250183
0.470000	0.600000	0.253658
0.470000	0.610000	0.257092
0.470000	0.620000	0.260485
0.470000	0.630000	0.263835
0.470000	0.640000	0.267141
0.470000	0.650000	0.270403
0.470000	0.660000	0.273618
0.470000	0.670000	0.276786
0.470000	0.680000	0.279905
0.470000	0.690000	0.282974
0.470000	0.700000	0.285992
0.470000	0.710000	0.288957
0.470000	0.720000	0.291868
0.470000	0.730000	0.294724
0.470000	0.740000	0.297524
0.470000	0.750000	0.300265
0.470000	0.760000	0.302947
0.470000	0.770000	0.305568
0.470000	0.780000	0.308126
0.470000	0.790000	0.310621
0.470000	0.800000	0.313050
0.470000	0.810000	0.315412
0.470000	0.820000	0.317706
0.470000	0.830000	0.319930
0.470000	0.840000	0.322082
0.470000	0.850000	0.324161
0.470000	0.860000	0.326165
0.470000	0.870000	0.328093
0.470000	0.880000	0.329943
0.470000	0.890000	0.331714
0.470000	0.900000	0.333402
0.470000	0.910000	0.335008
0.470000	0.920000	0.336530
0.470000	0.930000	0.337965
0.470000	0.940000	0.339312
0.470000	0.950000	0.340569
0.470000	0.960000	0.341735
0.470000	0.970000	0.342808
0.470000	0.980000	0.343786
0.470000	0.990000	0.344667
0.480000	0.500000	0.222420
0.480000	0.510000	0.226307
0.480000	0.520000	0.230164
0.480000	0.530000	0.233988
0.480000	0.540000	0.237779
0.480000	0.550000	0.241536
0.480000	0.560000	0.245257
0.480000	0.570000	0.248942
0.480000	0.580000	0.252590
0.480000	0.590000	0.256200
0.480000	0.600000	0.259770
0.480000	0.610000	0.263299
0.480000	0.620000	0.266787
0.480000	0.630000	0.270232
0.480000	0.640000	0.273633
0.480000	0.650000	0.276989
0.480000	0.660000	0.280298
0.480000	0.670000	0.283559
0.480000	0.680000	0.286772
0.480000	0.690000	0.289934
0.480000	0.700000	0.293045
0.480000	0.710000	0.296103
0.480000	0.720000	0.299107
0.480000	0.730000	0.302056
0.480000	0.740000	0.304947
0.480000	0.750000	0.307780
0.480000	0.760000	0.310553
0.480000	0.770000	0.313266
0.480000	0.780000	0.315915
0.480000	0.790000	0.318501
0.480000	0.800000	0.321020
0.480000	0.810000	0.323473
0.480000	0.820000	0.325857
0.480000	0.830000	0.328171
0.480000	0.840000	0.330413
0.480000	0.850000	0.332582
0.480000	0.860000	0.334675
0.480000	0.870000	0.336692
0.480000	0.880000	0.338632
0.480000	0.890000	0.340491
0.480000	0.900000	0.342269
0.480000	0.910000	0.343963
0.480000	0.920000	0.345573
0.480000	0.930000	0.347097
0.480000	0.940000	0.348532
0.480000	0.950000	0.349878
0.480000	0.960000	0.351132
0.480000	0.970000	0.352293
0.480000	0.980000	0.353359
0.480000	0.990000	0.354329
0.490000	0.500000	0.227599
0.490000	0.510000	0.231585
0.490000	0.520000	0.235540
0.490000	0.530000	0.239462
0.490000	0.540000	0.243351
0.490000	0.550000	0.247205
0.490000	0.560000	0.251024
0.490000	0.570000	0.254807
0.490000	0.580000	0.258552
0.490000	0.590000	0.262258
0.490000	0.600000	0.265925
0.490000	0.610000	0.269551
0.490000	0.620000	0.273135
0.490000	0.630000	0.276676
0.490000	0.640000	0.280172
0.490000	0.650000	0.283623
0.490000	0.660000	0.287028
0.490000	0.670000	0.290384
0.490000	0.680000	0.293692
0.490000	0.690000	0.296949
0.490000	0.700000	0.300154
0.490000	0.710000	0.303306
0.490000	0.720000	0.306404
0.490000	0.730000	0.309446
0.490000	0.740000	0.312430
0.490000	0.750000	0.315357
0.490000	0.760000	0.318223
0.490000	0.770000	0.321028
0.490000	0.780000	0.323770
0.490000	0.790000	0.326447
0.490000	0.800000	0.329059
0.490000	0.810000	0.331604
0.490000	0.820000	0.334079
0.490000	0.830000	0.336485
0.490000	0.840000	0.338818
0.490000	0.850000	0.341078
0.490000	0.860000	0.343263
0.490000	0.870000	0.345371
0.490000	0.880000	0.347401
0.490000	0.890000	0.349350
0.490000	0.900000	0.351219
0.490000	0.910000	0.353004
0.490000	0.920000	0.354704
0.490000	0.930000	0.356318
0.490000	0.940000	0.357843
0.490000	0.950000	0.359279
0.490000	0.960000	0.360623
0.490000	0.970000	0.361874
0.490000	0.980000	0.363030
0.490000	0.990000	0.364089
0.500000	0.500000	0.232811
0.500000	0.510000	0.236897
0.500000	0.520000	0.240951
0.500000	0.530000	0.244972
0.500000	0.540000	0.248960
0.500000	0.550000	0.252913
0.500000	0.560000	0.256831
0.500000	0.570000	0.260712
0.500000	0.580000	0.264555
0.500000	0.590000	0.268359
0.500000	0.600000	0.272123
0.500000	0.610000	0.275847
0.500000	0.620000	0.279528
0.500000	0.630000	0.283166
0.500000	0.640000	0.286759
0.500000	0.650000	0.290307
0.500000	0.660000	0.293808
0.500000	0.670000	0.297261
0.500000	0.680000	0.300664
0.500000	0.690000	0.304017
0.500000	0.700000	0.307318
0.500000	0.710000	0.310565
0.500000	0.720000	0.313758
0.500000	0.730000	0.316895
0.500000	0.740000	0.319974
0.500000	0.750000	0.322995
0.500000	0.760000	0.325955
0.500000	0.770000	0.328854
0.500000	0.780000	0.331690
0.500000	0.790000	0.334462
0.500000	0.800000	0.337167
0.500000	0.810000	0.339805
0.500000	0.820000	0.342374
0.500000	0.830000	0.344872
0.500000	0.840000	0.347298
0.500000	0.850000	0.349651
0.500000	0.860000	0.351928
0.500000	0.870000	0.354128
0.500000	0.880000	0.356250
0.500000	0.890000	0.358292
0.500000	0.900000	0.360253
0.500000	0.910000	0.362130
0.500000	0.920000	0.363922
0.500000	0.930000	0.365627
0.500000	0.940000	0.367244
0.500000	0.950000	0.368771
0.500000	0.960000	0.370207
0.500000	0.970000	0.371549
0.500000	0.980000	0.372797
0.500000	0.990000	0.373948
0.510000	0.500000	0.238057
0.510000	0.510000	0.242243
0.510000	0.520000	0.246398
0.510000	0.530000	0.250519
0.510000	0.540000	0.254607
0.510000	0.550000	0.258659
0.510000	0.560000	0.262676
0.510000	0.570000	0.266657
0.510000	0.580000	0.270599
0.510000	0.590000	0.274502
0.510000	0.600000	0.278365
0.510000	0.610000	0.282187
0.510000	0.620000	0.285967
0.510000	0.630000	0.289703
0.510000	0.640000	0.293395
0.510000	0.650000	0.297040
0.510000	0.660000	0.300639
0.510000	0.670000	0.304189
0.510000	0.680000	0.307690
0.510000	0.690000	0.311139
0.510000	0.700000	0.314537
0.510000	0.710000	0.317881
0.510000	0.720000	0.321170
0.510000	0.730000	0.324403
0.510000	0.740000	0.327579
0.510000	0.750000	0.330695
0.510000	0.760000	0.333752
0.510000	0.770000	0.336746
0.510000	0.780000	0.339677
0.510000	0.790000	0.342544
0.510000	0.800000	0.345344
0.510000	0.810000	0.348077
0.510000	0.820000	0.350740
0.510000	0.830000	0.353333
0.510000	0.840000	0.355853
0.510000	0.850000	0.358300
0.510000	0.860000	0.360671
0.510000	0.870000	0.362966
0.510000	0.880000	0.365181
0.510000	0.890000	0.367317
0.510000	0.900000	0.369371
0.510000	0.910000	0.371341
0.510000	0.920000	0.373227
0.510000	0.930000	0.375025
0.510000	0.940000	0.376736
0.510000	0.950000	0.378356
0.510000	0.960000	0.379885
0.510000	0.970000	0.381320
0.510000	0.980000	0.382661
0.510000	0.990000	0.383905
0.520000	0.500000	0.243337
0.520000	0.510000	0.247624
0.520000	0.520000	0.251880
0.520000	0.530000	0.256102
0.520000	0.540000	0.260291
0.520000	0.550000	0.264444
0.520000	0.560000	0.268562
0.520000	0.570000	0.272642
0.520000	0.580000	0.276685
0.520000	0.590000	0.280688
0.520000	0.600000	0.284651
0.520000	0.610000	0.288573
0.520000	0.620000	0.292452
0.520000	0.630000	0.296288
0.520000	0.640000	0.300078
0.520000	0.650000	0.303823
0.520000	0.660000	0.307520
0.520000	0.670000	0.311169
0.520000	0.680000	0.314768
0.520000	0.690000	0.318316
0.520000	0.700000	0.321812
0.520000	0.710000	0.325254
0.520000	0.720000	0.328641
0.520000	0.730000	0.331971
0.520000	0.740000	0.335244
0.520000	0.750000	0.338458
0.520000	0.760000	0.341611
0.520000	0.770000	0.344703
0.520000	0.780000	0.347731
0.520000	0.790000	0.350694
0.520000	0.800000	0.353590
0.520000	0.810000	0.356419
0.520000	0.820000	0.359179
0.520000	0.830000	0.361867
0.520000	0.840000	0.364484
0.520000	0.850000	0.367026
0.520000	0.860000	0.369493
0.520000	0.870000	0.371883
0.520000	0.880000	0.374194
0.520000	0.890000	0.376424
0.520000	0.900000	0.378573
0.520000	0.910000	0.380639
0.520000	0.920000	0.382619
0.520000	0.930000	0.384513
0.520000	0.940000	0.386318
0.520000	0.950000	0.388033
0.520000	0.960000	0.389656
0.520000	0.970000	0.391186
0.520000	0.980000	0.392622
0.520000	0.990000	0.393960
0.530000	0.500000	0.248650
0.530000	0.510000	0.253040
0.530000	0.520000	0.257398
0.530000	0.530000	0.261722
0.530000	0.540000	0.266012
0.530000	0.550000	0.270268
0.530000	0.560000	0.274487
0.530000	0.570000	0.278669
0.530000	0.580000	0.282813
0.530000	0.590000	0.286917
0.530000	0.600000	0.290981
0.530000	0.610000	0.295004
0.530000	0.620000	0.298984
0.530000	0.630000	0.302920
0.530000	0.640000	0.306811
0.530000	0.650000	0.310655
0.530000	0.660000	0.314453
0.530000	0.670000	0.318201
0.530000	0.680000	0.321900
0.530000	0.690000	0.325548
0.530000	0.700000	0.329143
0.530000	0.710000	0.332684
0.530000	0.720000	0.336170
0.530000	0.730000	0.339599
0.530000	0.740000	0.342971
0.530000	0.750000	0.346283
0.530000	0.760000	0.349535
0.530000	0.770000	0.352725
0.530000	0.780000	0.355850
0.530000	0.790000	0.358911
0.530000	0.800000	0.361906
0.530000	0.810000	0.364832
0.530000	0.820000	0.367690
0.530000	0.830000	0.370476
0.530000	0.840000	0.373189
0.530000	0.850000	0.375829
0.530000	0.860000	0.378392
0.530000	0.870000	0.380879
0.530000	0.880000	0.383287
0.530000	0.890000	0.385615
0.530000	0.900000	0.387860
0.530000	0.910000	0.390022
0.530000	0.920000	0.392099
0.530000	0.930000	0.394089
0.530000	0.940000	0.395990
0.530000	0.950000	0.397802
0.530000	0.960000	0.399522
0.530000	0.970000	0.401148
0.530000	0.980000	0.402679
0.530000	0.990000	0.404114
0.540000	0.500000	0.253998
0.540000	0.510000	0.258491
0.540000	0.520000	0.262951
0.540000	0.530000	0.267379
0.540000	0.540000	0.271772
0.540000	0.550000	0.276130
0.540000	0.560000	0.280452
0.540000	0.570000	0.284736
0.540000	0.580000	0.288982
0.540000	0.590000	0.293189
0.540000	0.600000	0.297355
0.540000	0.610000	0.301480
0.540000	0.620000	0.305561
0.540000	0.630000	0.309599
0.540000	0.640000	0.313592
0.540000	0.650000	0.317538
0.540000	0.660000	0.321436
0.540000	0.670000	0.325286
0.540000	0.680000	0.329086
0.540000	0.690000	0.332834
0.540000	0.700000	0.336530
0.540000	0.710000	0.340171
0.540000	0.720000	0.343758
0.540000	0.730000	0.347287
0.540000	0.740000	0.350759
0.540000	0.750000	0.354171
0.540000	0.760000	0.357523
0.540000	0.770000	0.360812
0.540000	0.780000	0.364037
0.540000	0.790000	0.367198
0.540000	0.800000	0.370291
0.540000	0.810000	0.373317
0.540000	0.820000	0.376273
0.540000	0.830000	0.379158
0.540000	0.840000	0.381970
0.540000	0.850000	0.384708
0.540000	0.860000	0.387371
0.540000	0.870000	0.389956
0.540000	0.880000	0.392462
0.540000	0.890000	0.394888
0.540000	0.900000	0.397231
0.540000	0.910000	0.399491
0.540000	0.920000	0.401666
0.540000	0.930000	0.403754
0.540000	0.940000	0.405754
0.540000	0.950000	0.407663
0.540000	0.960000	0.409480
0.540000	0.970000	0.411205
0.540000	0.980000	0.412834
0.540000	0.990000	0.414366
0.550000	0.500000	0.259380
0.550000	0.510000	0.263977
0.550000	0.520000	0.268541
0.550000	0.530000	0.273073
0.550000	0.540000	0.277570
0.550000	0.550000	0.282031
0.550000	0.560000	0.286457
0.550000	0.570000	0.290845
0.550000	0.580000	0.295194
0.550000	0.590000	0.299504
0.550000	0.600000	0.303774
0.550000	0.610000	0.308001
0.550000	0.620000	0.312186
0.550000	0.630000	0.316326
0.550000	0.640000	0.320422
0.550000	0.650000	0.324470
0.550000	0.660000	0.328471
0.550000	0.670000	0.332423
0.550000	0.680000	0.336325
0.550000	0.690000	0.340176
0.550000	0.700000	0.343973
0.550000	0.710000	0.347716
0.550000	0.720000	0.351404
0.550000	0.730000	0.355036
0.550000	0.740000	0.358609
0.550000	0.750000	0.362122
0.550000	0.760000	0.365575
0.550000	0.770000	0.368965
0.550000	0.780000	0.372291
0.550000	0.790000	0.375552
0.550000	0.800000	0.378746
0.550000	0.810000	0.381873
0.550000	0.820000	0.384929
0.550000	0.830000	0.387914
0.550000	0.840000	0.390827
0.550000	0.850000	0.393665
0.550000	0.860000	0.396427
0.550000	0.870000	0.399112
0.550000	0.880000	0.401718
0.550000	0.890000	0.404244
0.550000	0.900000	0.406687
0.550000	0.910000	0.409047
0.550000	0.920000	0.411321
0.550000	0.930000	0.413509
0.550000	0.940000	0.415608
0.550000	0.950000	0.417616
0.550000	0.960000	0.419533
0.550000	0.970000	0.421357
0.550000	0.980000	0.423085
0.550000	0.990000	0.424717
0.560000	0.500000	0.264795
0.560000	0.510000	0.269498
0.560000	0.520000	0.274167
0.560000	0.530000	0.278804
0.560000	0.540000	0.283406
0.560000	0.550000	0.287972
0.560000	0.560000	0.292502
0.560000	0.570000	0.296995
0.560000	0.580000	0.301449
0.560000	0.590000	0.305863
0.560000	0.600000	0.310237
0.560000	0.610000	0.314569
0.560000	0.620000	0.318857
0.560000	0.630000	0.323102
0.560000	0.640000	0.327301
0.560000	0.650000	0.331453
0.560000	0.660000	0.335558
0.560000	0.670000	0.339613
0.560000	0.680000	0.343619
0.560000	0.690000	0.347572
0.560000	0.700000	0.351473
0.560000	0.710000	0.355319
0.560000	0.720000	0.359110
0.560000	0.730000	0.362844
0.560000	0.740000	0.366520
0.560000	0.750000	0.370136
0.560000	0.760000	0.373691
0.560000	0.770000	0.377183
0.560000	0.780000	0.380612
0.560000	0.790000	0.383975
0.560000	0.800000	0.387271
0.560000	0.810000	0.390499
0.560000	0.820000	0.393658
0.560000	0.830000	0.396745
0.560000	0.840000	0.399759
0.560000	0.850000	0.402699
0.560000	0.860000	0.405562
0.560000	0.870000	0.408349
0.560000	0.880000	0.411056
0.560000	0.890000	0.413683
0.560000	0.900000	0.416228
0.560000	0.910000	0.418688
0.560000	0.920000	0.421064
0.560000	0.930000	0.423352
0.560000	0.940000	0.425552
0.560000	0.950000	0.427662
0.560000	0.960000	0.429680
0.560000	0.970000	0.431604
0.560000	0.980000	0.433433
0.560000	0.990000	0.435166
0.570000	0.500000	0.270246
0.570000	0.510000	0.275054
0.570000	0.520000	0.279830
0.570000	0.530000	0.284572
0.570000	0.540000	0.289280
0.570000	0.550000	0.293952
0.570000	0.560000	0.298588
0.570000	0.570000	0.303186
0.570000	0.580000	0.307746
0.570000	0.590000	0.312266
0.570000	0.600000	0.316745
0.570000	0.610000	0.321182
0.570000	0.620000	0.325576
0.570000	0.630000	0.329925
0.570000	0.640000	0.334229
0.570000	0.650000	0.338487
0.570000	0.660000	0.342696
0.570000	0.670000	0.346856
0.570000	0.680000	0.350966
0.570000	0.690000	0.355024
0.570000	0.700000	0.359029
0.570000	0.710000	0.362980
0.570000	0.720000	0.366875
0.570000	0.730000	0.370713
0.570000	0.740000	0.374493
0.570000	0.750000	0.378213
0.570000	0.760000	0.381872
0.570000	0.770000	0.385468
0.570000	0.780000	0.389000
0.570000	0.790000	0.392467
0.570000	0.800000	0.395866
0.570000	0.810000	0.399198
0.570000	0.820000	0.402459
0.570000	0.830000	0.405650
0.570000	0.840000	0.408767
0.570000	0.850000	0.411809
0.570000	0.860000	0.414776
0.570000	0.870000	0.417666
0.570000	0.880000	0.420476
0.570000	0.890000	0.423205
0.570000	0.900000	0.425853
0.570000	0.910000	0.428416
0.570000	0.920000	0.430894
0.570000	0.930000	0.433285
0.570000	0.940000	0.435588
0.570000	0.950000	0.437800
0.570000	0.960000	0.439920
0.570000	0.970000	0.441947
0.570000	0.980000	0.443878
0.570000	0.990000	0.445713
0.580000	0.500000	0.275731
0.580000	0.510000	0.280646
0.580000	0.520000	0.285529
0.580000	0.530000	0.290378
0.580000	0.540000	0.295193
0.580000	0.550000	0.299972
0.580000	0.560000	0.304714
0.580000	0.570000	0.309419
0.580000	0.580000	0.314086
0.580000	0.590000	0.318712
0.580000	0.600000	0.323297
0.580000	0.610000	0.327841
0.580000	0.620000	0.332341
0.580000	0.630000	0.336797
0.580000	0.640000	0.341207
0.580000	0.650000	0.345571
0.580000	0.660000	0.349886
0.580000	0.670000	0.354152
0.580000	0.680000	0.358368
0.580000	0.690000	0.362532
0.580000	0.700000	0.366642
0.580000	0.710000	0.370699
0.580000	0.720000	0.374699
0.580000	0.730000	0.378643
0.580000	0.740000	0.382528
0.580000	0.750000	0.386353
0.580000	0.760000	0.390117
0.580000	0.770000	0.393818
0.580000	0.780000	0.397455
0.580000	0.790000	0.401027
0.580000	0.800000	0.404532
0.580000	0.810000	0.407968
0.580000	0.820000	0.411334
0.580000	0.830000	0.414629
0.580000	0.840000	0.417851
0.580000	0.850000	0.420998
0.580000	0.860000	0.424069
0.580000	0.870000	0.427063
0.580000	0.880000	0.429977
0.580000	0.890000	0.432811
0.580000	0.900000	0.435562
0.580000	0.910000	0.438230
0.580000	0.920000	0.440812
0.580000	0.930000	0.443307
0.580000	0.940000	0.445714
0.580000	0.950000	0.448030
0.580000	0.960000	0.450254
0.580000	0.970000	0.452385
0.580000	0.980000	0.454421
0.580000	0.990000	0.456359
0.590000	0.500000	0.281250
0.590000	0.510000	0.286273
0.590000	0.520000	0.291264
0.590000	0.530000	0.296221
0.590000	0.540000	0.301144
0.590000	0.550000	0.306031
0.590000	0.560000	0.310881
0.590000	0.570000	0.315694
0.590000	0.580000	0.320468
0.590000	0.590000	0.325202
0.590000	0.600000	0.329895
0.590000	0.610000	0.334546
0.590000	0.620000	0.339154
0.590000	0.630000	0.343717
0.590000	0.640000	0.348235
0.590000	0.650000	0.352705
0.590000	0.660000	0.357128
0.590000	0.670000	0.361501
0.590000	0.680000	0.365824
0.590000	0.690000	0.370095
0.590000	0.700000	0.374312
0.590000	0.710000	0.378476
0.590000	0.720000	0.382583
0.590000	0.730000	0.386633
0.590000	0.740000	0.390625
0.590000	0.750000	0.394557
0.590000	0.760000	0.398427
0.590000	0.770000	0.402235
0.590000	0.780000	0.405978
0.590000	0.790000	0.409656
0.590000	0.800000	0.413267
0.590000	0.810000	0.416810
0.590000	0.820000	0.420282
0.590000	0.830000	0.423683
0.590000	0.840000	0.427010
0.590000	0.850000	0.430264
0.590000	0.860000	0.433441
0.590000	0.870000	0.436540
0.590000	0.880000	0.439560
0.590000	0.890000	0.442500
0.590000	0.900000	0.445357
0.590000	0.910000	0.448130
0.590000	0.920000	0.450818
0.590000	0.930000	0.453419
0.590000	0.940000	0.455931
0.590000	0.950000	0.458352
0.590000	0.960000	0.460682
0.590000	0.970000	0.462919
0.590000	0.980000	0.465060
0.590000	0.990000	0.467104
0.600000	0.500000	0.286804
0.600000	0.510000	0.291937
0.600000	0.520000	0.297036
0.600000	0.530000	0.302102
0.600000	0.540000	0.307134
0.600000	0.550000	0.312130
0.600000	0.560000	0.317089
0.600000	0.570000	0.322011
0.600000	0.580000	0.326893
0.600000	0.590000	0.331736
0.600000	0.600000	0.336538
0.600000	0.610000	0.341297
0.600000	0.620000	0.346014
0.600000	0.630000	0.350685
0.600000	0.640000	0.355312
0.600000	0.650000	0.359891
0.600000	0.660000	0.364422
0.600000	0.670000	0.368903
0.600000	0.680000	0.373334
0.600000	0.690000	0.377714
0.600000	0.700000	0.382039
0.600000	0.710000	0.386311
0.600000	0.720000	0.390526
0.600000	0.730000	0.394685
0.600000	0.740000	0.398784
0.600000	0.750000	0.402824
0.600000	0.760000	0.406802
0.600000	0.770000	0.410718
0.600000	0.780000	0.414569
0.600000	0.790000	0.418355
0.600000	0.800000	0.422073
0.600000	0.810000	0.425723
0.600000	0.820000	0.429303
0.600000	0.830000	0.432811
0.600000	0.840000	0.436246
0.600000	0.850000	0.439607
0.600000	0.860000	0.442891
0.600000	0.870000	0.446098
0.600000	0.880000	0.449225
0.600000	0.890000	0.452272
0.600000	0.900000	0.455237
0.600000	0.910000	0.458117
0.600000	0.920000	0.460912
0.600000	0.930000	0.463620
0.600000	0.940000	0.466239
0.600000	0.950000	0.468767
0.600000	0.960000	0.471204
0.600000	0.970000	0.473548
0.600000	0.980000	0.475796
0.600000	0.990000	0.477947
0.610000	0.500000	0.292393
0.610000	0.510000	0.297635
0.610000	0.520000	0.302845
0.610000	0.530000	0.308021
0.610000	0.540000	0.313163
0.610000	0.550000	0.318268
0.610000	0.560000	0.323338
0.610000	0.570000	0.328369
0.610000	0.580000	0.333361
0.610000	0.590000	0.338314
0.610000	0.600000	0.343226
0.610000	0.610000	0.348095
0.610000	0.620000	0.352921
0.610000	0.630000	0.357703
0.610000	0.640000	0.362438
0.610000	0.650000	0.367127
0.610000	0.660000	0.371768
0.610000	0.670000	0.376359
0.610000	0.680000	0.380900
0.610000	0.690000	0.385388
0.610000	0.700000	0.389824
0.610000	0.710000	0.394204
0.610000	0.720000	0.398529
0.610000	0.730000	0.402797
0.610000	0.740000	0.407006
0.610000	0.750000	0.411155
0.610000	0.760000	0.415242
0.610000	0.770000	0.419267
0.610000	0.780000	0.423227
0.610000	0.790000	0.427122
0.610000	0.800000	0.430949
0.610000	0.810000	0.434708
0.610000	0.820000	0.438397
0.610000	0.830000	0.442014
0.610000	0.840000	0.445558
0.610000	0.850000	0.449027
0.610000	0.860000	0.452421
0.610000	0.870000	0.455736
0.610000	0.880000	0.458972
0.610000	0.890000	0.462128
0.610000	0.900000	0.465201
0.610000	0.910000	0.468190
0.610000	0.920000	0.471093
0.610000	0.930000	0.473910
0.610000	0.940000	0.476637
0.610000	0.950000	0.479275
0.610000	0.960000	0.481820
0.610000	0.970000	0.484272
0.610000	0.980000	0.486629
0.610000	0.990000	0.488888
0.620000	0.500000	0.298017
0.620000	0.510000	0.303370
0.620000	0.520000	0.308691
0.620000	0.530000	0.313978
0.620000	0.540000	0.319230
0.620000	0.550000	0.324447
0.620000	0.560000	0.329627
0.620000	0.570000	0.334769
0.620000	0.580000	0.339873
0.620000	0.590000	0.344936
0.620000	0.600000	0.349959
0.620000	0.610000	0.354939
0.620000	0.620000	0.359876
0.620000	0.630000	0.364768
0.620000	0.640000	0.369615
0.620000	0.650000	0.374415
0.620000	0.660000	0.379166
0.620000	0.670000	0.383868
0.620000	0.680000	0.388519
0.620000	0.690000	0.393119
0.620000	0.700000	0.397665
0.620000	0.710000	0.402156
0.620000	0.720000	0.406592
0.620000	0.730000	0.410970
0.620000	0.740000	0.415289
0.620000	0.750000	0.419549
0.620000	0.760000	0.423747
0.620000	0.770000	0.427882
0.620000	0.780000	0.431953
0.620000	0.790000	0.435958
0.620000	0.800000	0.439896
0.620000	0.810000	0.443765
0.620000	0.820000	0.447564
0.620000	0.830000	0.451292
0.620000	0.840000	0.454946
0.620000	0.850000	0.458526
0.620000	0.860000	0.462029
0.620000	0.870000	0.465455
0.620000	0.880000	0.468801
0.620000	0.890000	0.472067
0.620000	0.900000	0.475250
0.620000	0.910000	0.478349
0.620000	0.920000	0.481363
0.620000	0.930000	0.484289
0.620000	0.940000	0.487127
0.620000	0.950000	0.489875
0.620000	0.960000	0.492530
0.620000	0.970000	0.495092
0.620000	0.980000	0.497559
0.620000	0.990000	0.499928
0.630000	0.500000	0.303676
0.630000	0.510000	0.309141
0.630000	0.520000	0.314573
0.630000	0.530000	0.319972
0.630000	0.540000	0.325336
0.630000	0.550000	0.330665
0.630000	0.560000	0.335957
0.630000	0.570000	0.341211
0.630000	0.580000	0.346427
0.630000	0.590000	0.351603
0.630000	0.600000	0.356737
0.630000	0.610000	0.361829
0.630000	0.620000	0.366878
0.630000	0.630000	0.371883
0.630000	0.640000	0.376841
0.630000	0.650000	0.381753
0.630000	0.660000	0.386616
0.630000	0.670000	0.391430
0.630000	0.680000	0.396194
0.630000	0.690000	0.400905
0.630000	0.700000	0.405563
0.630000	0.710000	0.410167
0.630000	0.720000	0.414714
0.630000	0.730000	0.419204
0.630000	0.740000	0.423636
0.630000	0.750000	0.428007
0.630000	0.760000	0.432317
0.630000	0.770000	0.436564
0.630000	0.780000	0.440747
0.630000	0.790000	0.444863
0.630000	0.800000	0.448913
0.630000	0.810000	0.452894
0.630000	0.820000	0.456805
0.630000	0.830000	0.460644
0.630000	0.840000	0.464410
0.630000	0.850000	0.468102
0.630000	0.860000	0.471717
0.630000	0.870000	0.475254
0.630000	0.880000	0.478712
0.630000	0.890000	0.482090
0.630000	0.900000	0.485384
0.630000	0.910000	0.488595
0.630000	0.920000	0.491721
0.630000	0.930000	0.494759
0.630000	0.940000	0.497708
0.630000	0.950000	0.500567
0.630000	0.960000	0.503334
0.630000	0.970000	0.506007
0.630000	0.980000	0.508585
0.630000	0.990000	0.511067
0.640000	0.500000	0.309369
0.640000	0.510000	0.314947
0.640000	0.520000	0.320492
0.640000	0.530000	0.326004
0.640000	0.540000	0.331481
0.640000	0.550000	0.336923
0.640000	0.560000	0.342328
0.640000	0.570000	0.347696
0.640000	0.580000	0.353024
0.640000	0.590000	0.358313
0.640000	0.600000	0.363561
0.640000	0.610000	0.368766
0.640000	0.620000	0.373928
0.640000	0.630000	0.379046
0.640000	0.640000	0.384117
0.640000	0.650000	0.389142
0.640000	0.660000	0.394119
0.640000	0.670000	0.399046
0.640000	0.680000	0.403923
0.640000	0.690000	0.408747
0.640000	0.700000	0.413519
0.640000	0.710000	0.418235
0.640000	0.720000	0.422896
0.640000	0.730000	0.427499
0.640000	0.740000	0.432044
0.640000	0.750000	0.436529
0.640000	0.760000	0.440952
0.640000	0.770000	0.445312
0.640000	0.780000	0.449608
0.640000	0.790000	0.453838
0.640000	0.800000	0.458001
0.640000	0.810000	0.462095
0.640000	0.820000	0.466119
0.640000	0.830000	0.470072
0.640000	0.840000	0.473951
0.640000	0.850000	0.477755
0.640000	0.860000	0.481484
0.640000	0.870000	0.485134
0.640000	0.880000	0.488706
0.640000	0.890000	0.492196
0.640000	0.900000	0.495604
0.640000	0.910000	0.498928
0.640000	0.920000	0.502166
0.640000	0.930000	0.505317
0.640000	0.940000	0.508379
0.640000	0.950000	0.511351
0.640000	0.960000	0.514232
0.640000	0.970000	0.517018
0.640000	0.980000	0.519709
0.640000	0.990000	0.522304
0.650000	0.500000	0.315097
0.650000	0.510000	0.320789
0.650000	0.520000	0.326448
0.650000	0.530000	0.332074
0.650000	0.540000	0.337665
0.650000	0.550000	0.343221
0.650000	0.560000	0.348740
0.650000	0.570000	0.354222
0.650000	0.580000	0.359665
0.650000	0.590000	0.365068
0.650000	0.600000	0.370429
0.650000	0.610000	0.375749
0.650000	0.620000	0.381026
0.650000	0.630000	0.386257
0.650000	0.640000	0.391444
0.650000	0.650000	0.396583
0.650000	0.660000	0.401674
0.650000	0.670000	0.406716
0.650000	0.680000	0.411707
0.650000	0.690000	0.416646
0.650000	0.700000	0.421532
0.650000	0.710000	0.426363
0.650000	0.720000	0.431138
0.650000	0.730000	0.435856
0.650000	0.740000	0.440515
0.650000	0.750000	0.445114
0.650000	0.760000	0.449652
0.650000	0.770000	0.454127
0.650000	0.780000	0.458537
0.650000	0.790000	0.462882
0.650000	0.800000	0.467159
0.650000	0.810000	0.471368
0.650000	0.820000	0.475507
0.650000	0.830000	0.479574
0.650000	0.840000	0.483568
0.650000	0.850000	0.487487
0.650000	0.860000	0.491330
0.650000	0.870000	0.495095
0.650000	0.880000	0.498781
0.650000	0.890000	0.502386
0.650000	0.900000	0.505908
0.650000	0.910000	0.509347
0.650000	0.920000	0.512699
0.650000	0.930000	0.515965
0.650000	0.940000	0.519142
0.650000	0.950000	0.522229
0.650000	0.960000	0.525223
0.650000	0.970000	0.528124
0.650000	0.980000	0.530930
0.650000	0.990000	0.533639
0.660000	0.500000	0.320860
0.660000	0.510000	0.326667
0.660000	0.520000	0.332441
0.660000	0.530000	0.338182
0.660000	0.540000	0.343888
0.660000	0.550000	0.349559
0.660000	0.560000	0.355193
0.660000	0.570000	0.360790
0.660000	0.580000	0.366348
0.660000	0.590000	0.371866
0.660000	0.600000	0.377344
0.660000	0.610000	0.382779
0.660000	0.620000	0.388171
0.660000	0.630000	0.393518
0.660000	0.640000	0.398820
0.660000	0.650000	0.404075
0.660000	0.660000	0.409281
0.660000	0.670000	0.414439
0.660000	0.680000	0.419545
0.660000	0.690000	0.424600
0.660000	0.700000	0.429602
0.660000	0.710000	0.434549
0.660000	0.720000	0.439440
0.660000	0.730000	0.444273
0.660000	0.740000	0.449049
0.660000	0.750000	0.453764
0.660000	0.760000	0.458417
0.660000	0.770000	0.463008
0.660000	0.780000	0.467534
0.660000	0.790000	0.471995
0.660000	0.800000	0.476389
0.660000	0.810000	0.480713
0.660000	0.820000	0.484968
0.660000	0.830000	0.489151
0.660000	0.840000	0.493261
0.660000	0.850000	0.497296
0.660000	0.860000	0.501255
0.660000	0.870000	0.505136
0.660000	0.880000	0.508938
0.660000	0.890000	0.512659
0.660000	0.900000	0.516297
0.660000	0.910000	0.519852
0.660000	0.920000	0.523321
0.660000	0.930000	0.526703
0.660000	0.940000	0.529996
0.660000	0.950000	0.533198
0.660000	0.960000	0.536309
0.660000	0.970000	0.539326
0.660000	0.980000	0.542248
0.660000	0.990000	0.545073
0.670000	0.500000	0.326658
0.670000	0.510000	0.332580
0.670000	0.520000	0.338471
0.670000	0.530000	0.344327
0.670000	0.540000	0.350150
0.670000	0.550000	0.355937
0.670000	0.560000	0.361687
0.670000	0.570000	0.367400
0.670000	0.580000	0.373075
0.670000	0.590000	0.378709
0.670000	0.600000	0.384303
0.670000	0.610000	0.389855
0.670000	0.620000	0.395363
0.670000	0.630000	0.400827
0.670000	0.640000	0.406246
0.670000	0.650000	0.411617
0.670000	0.660000	0.416941
0.670000	0.670000	0.422215
0.670000	0.680000	0.427439
0.670000	0.690000	0.432611
0.670000	0.700000	0.437729
0.670000	0.710000	0.442793
0.670000	0.720000	0.447801
0.670000	0.730000	0.452752
0.670000	0.740000	0.457644
0.670000	0.750000	0.462477
0.670000	0.760000	0.467248
0.670000	0.770000	0.471956
0.670000	0.780000	0.476599
0.670000	0.790000	0.481177
0.670000	0.800000	0.485688
0.670000	0.810000	0.490130
0.670000	0.820000	0.494502
0.670000	0.830000	0.498803
0.670000	0.840000	0.503030
0.670000	0.850000	0.507183
0.670000	0.860000	0.511259
0.670000	0.870000	0.515258
0.670000	0.880000	0.519177
0.670000	0.890000	0.523016
0.670000	0.900000	0.526772
0.670000	0.910000	0.530444
0.670000	0.920000	0.534030
0.670000	0.930000	0.537530
0.670000	0.940000	0.540940
0.670000	0.950000	0.544260
0.670000	0.960000	0.547489
0.670000	0.970000	0.550623
0.670000	0.980000	0.553663
0.670000	0.990000	0.556606
0.680000	0.500000	0.332491
0.680000	0.510000	0.338530
0.680000	0.520000	0.344537
0.680000	0.530000	0.350511
0.680000	0.540000	0.356450
0.680000	0.550000	0.362354
0.680000	0.560000	0.368222
0.680000	0.570000	0.374052
0.680000	0.580000	0.379844
0.680000	0.590000	0.385596
0.680000	0.600000	0.391308
0.680000	0.610000	0.396977
0.680000	0.620000	0.402603
0.680000	0.630000	0.408185
0.680000	0.640000	0.413721
0.680000	0.650000	0.419211
0.680000	0.660000	0.424653
0.680000	0.670000	0.430045
0.680000	0.680000	0.435387
0.680000	0.690000	0.440677
0.680000	0.700000	0.445914
0.680000	0.710000	0.451096
0.680000	0.720000	0.456223
0.680000	0.730000	0.461292
0.680000	0.740000	0.466303
0.680000	0.750000	0.471254
0.680000	0.760000	0.476143
0.680000	0.770000	0.480970
0.680000	0.780000	0.485732
0.680000	0.790000	0.490429
0.680000	0.800000	0.495059
0.680000	0.810000	0.499620
0.680000	0.820000	0.504110
0.680000	0.830000	0.508530
0.680000	0.840000	0.512876
0.680000	0.850000	0.517147
0.680000	0.860000	0.521343
0.680000	0.870000	0.525460
0.680000	0.880000	0.529499
0.680000	0.890000	0.533456
0.680000	0.900000	0.537331
0.680000	0.910000	0.541122
0.680000	0.920000	0.544828
0.680000	0.930000	0.548446
0.680000	0.940000	0.551976
0.680000	0.950000	0.555415
0.680000	0.960000	0.558762
0.680000	0.970000	0.562016
0.680000	0.980000	0.565175
0.680000	0.990000	0.568237
0.690000	0.500000	0.338358
0.690000	0.510000	0.344515
0.690000	0.520000	0.350640
0.690000	0.530000	0.356731
0.690000	0.540000	0.362789
0.690000	0.550000	0.368811
0.690000	0.560000	0.374797
0.690000	0.570000	0.380746
0.690000	0.580000	0.386657
0.690000	0.590000	0.392527
0.690000	0.600000	0.398357
0.690000	0.610000	0.404146
0.690000	0.620000	0.409891
0.690000	0.630000	0.415592
0.690000	0.640000	0.421247
0.690000	0.650000	0.426856
0.690000	0.660000	0.432417
0.690000	0.670000	0.437928
0.690000	0.680000	0.443390
0.690000	0.690000	0.448799
0.690000	0.700000	0.454156
0.690000	0.710000	0.459458
0.690000	0.720000	0.464704
0.690000	0.730000	0.469893
0.690000	0.740000	0.475024
0.690000	0.750000	0.480094
0.690000	0.760000	0.485104
0.690000	0.770000	0.490050
0.690000	0.780000	0.494933
0.690000	0.790000	0.499750
0.690000	0.800000	0.504499
0.690000	0.810000	0.509181
0.690000	0.820000	0.513792
0.690000	0.830000	0.518331
0.690000	0.840000	0.522798
0.690000	0.850000	0.527190
0.690000	0.860000	0.531505
0.690000	0.870000	0.535743
0.690000	0.880000	0.539902
0.690000	0.890000	0.543980
0.690000	0.900000	0.547975
0.690000	0.910000	0.551887
0.690000	0.920000	0.555713
0.690000	0.930000	0.559452
0.690000	0.940000	0.563102
0.690000	0.950000	0.566662
0.690000	0.960000	0.570130
0.690000	0.970000	0.573504
0.690000	0.980000	0.576784
0.690000	0.990000	0.579966
0.700000	0.500000	0.344260
0.700000	0.510000	0.350535
0.700000	0.520000	0.356779
0.700000	0.530000	0.362990
0.700000	0.540000	0.369167
0.700000	0.550000	0.375308
0.700000	0.560000	0.381414
0.700000	0.570000	0.387482
0.700000	0.580000	0.393512
0.700000	0.590000	0.399502
0.700000	0.600000	0.405452
0.700000	0.610000	0.411360
0.700000	0.620000	0.417226
0.700000	0.630000	0.423047
0.700000	0.640000	0.428822
0.700000	0.650000	0.434552
0.700000	0.660000	0.440233
0.700000	0.670000	0.445865
0.700000	0.680000	0.451447
0.700000	0.690000	0.456977
0.700000	0.700000	0.462455
0.700000	0.710000	0.467878
0.700000	0.720000	0.473245
0.700000	0.730000	0.478555
0.700000	0.740000	0.483807
0.700000	0.750000	0.488999
0.700000	0.760000	0.494129
0.700000	0.770000	0.499197
0.700000	0.780000	0.504201
0.700000	0.790000	0.509140
0.700000	0.800000	0.514011
0.700000	0.810000	0.518814
0.700000	0.820000	0.523546
0.700000	0.830000	0.528208
0.700000	0.840000	0.532796
0.700000	0.850000	0.537309
0.700000	0.860000	0.541747
0.700000	0.870000	0.546107
0.700000	0.880000	0.550388
0.700000	0.890000	0.554587
0.700000	0.900000	0.558705
0.700000	0.910000	0.562738
0.700000	0.920000	0.566687
0.700000	0.930000	0.570547
0.700000	0.940000	0.574320
0.700000	0.950000	0.578002
0.700000	0.960000	0.581592
0.700000	0.970000	0.585088
0.700000	0.980000	0.588489
0.700000	0.990000	0.591794
0.710000	0.500000	0.350196
0.710000	0.510000	0.356591
0.710000	0.520000	0.362955
0.710000	0.530000	0.369286
0.710000	0.540000	0.375583
0.710000	0.550000	0.381845
0.710000	0.560000	0.388071
0.710000	0.570000	0.394259
0.710000	0.580000	0.400410
0.710000	0.590000	0.406521
0.710000	0.600000	0.412592
0.710000	0.610000	0.418621
0.710000	0.620000	0.424608
0.710000	0.630000	0.430550
0.710000	0.640000	0.436448
0.710000	0.650000	0.442298
0.710000	0.660000	0.448101
0.710000	0.670000	0.453855
0.710000	0.680000	0.459559
0.710000	0.690000	0.465211
0.710000	0.700000	0.470811
0.710000	0.710000	0.476356
0.710000	0.720000	0.481845
0.710000	0.730000	0.487278
0.710000	0.740000	0.492652
0.710000	0.750000	0.497967
0.710000	0.760000	0.503220
0.710000	0.770000	0.508411
0.710000	0.780000	0.513538
0.710000	0.790000	0.518599
0.710000	0.800000	0.523593
0.710000	0.810000	0.528519
0.710000	0.820000	0.533375
0.710000	0.830000	0.538159
0.710000	0.840000	0.542870
0.710000	0.850000	0.547507
0.710000	0.860000	0.552068
0.710000	0.870000	0.556551
0.710000	0.880000	0.560955
0.710000	0.890000	0.565278
0.710000	0.900000	0.569519
0.710000	0.910000	0.573676
0.710000	0.920000	0.577748
0.710000	0.930000	0.581732
0.710000	0.940000	0.585628
0.710000	0.950000	0.589434
0.710000	0.960000	0.593147
0.710000	0.970000	0.596767
0.710000	0.980000	0.600292
0.710000	0.990000	0.603720
0.720000	0.500000	0.356166
0.720000	0.510000	0.362683
0.720000	0.520000	0.369167
0.720000	0.530000	0.375619
0.720000	0.540000	0.382037
0.720000	0.550000	0.388421
0.720000	0.560000	0.394768
0.720000	0.570000	0.401078
0.720000	0.580000	0.407351
0.720000	0.590000	0.413584
0.720000	0.600000	0.419777
0.720000	0.610000	0.425929
0.720000	0.620000	0.432037
0.720000	0.630000	0.438102
0.720000	0.640000	0.444122
0.720000	0.650000	0.450096
0.720000	0.660000	0.456022
0.720000	0.670000	0.461899
0.720000	0.680000	0.467726
0.720000	0.690000	0.473501
0.720000	0.700000	0.479224
0.720000	0.710000	0.484893
0.720000	0.720000	0.490506
0.720000	0.730000	0.496062
0.720000	0.740000	0.501560
0.720000	0.750000	0.506998
0.720000	0.760000	0.512376
0.720000	0.770000	0.517691
0.720000	0.780000	0.522941
0.720000	0.790000	0.528127
0.720000	0.800000	0.533245
0.720000	0.810000	0.538296
0.720000	0.820000	0.543276
0.720000	0.830000	0.548185
0.720000	0.840000	0.553021
0.720000	0.850000	0.557782
0.720000	0.860000	0.562468
0.720000	0.870000	0.567076
0.720000	0.880000	0.571605
0.720000	0.890000	0.576053
0.720000	0.900000	0.580419
0.720000	0.910000	0.584701
0.720000	0.920000	0.588897
0.720000	0.930000	0.593007
0.720000	0.940000	0.597028
0.720000	0.950000	0.600958
0.720000	0.960000	0.604797
0.720000	0.970000	0.608542
0.720000	0.980000	0.612192
0.720000	0.990000	0.615745
0.730000	0.500000	0.362171
0.730000	0.510000	0.368809
0.730000	0.520000	0.375416
0.730000	0.530000	0.381990
0.730000	0.540000	0.388530
0.730000	0.550000	0.395036
0.730000	0.560000	0.401506
0.730000	0.570000	0.407939
0.730000	0.580000	0.414334
0.730000	0.590000	0.420691
0.730000	0.600000	0.427007
0.730000	0.610000	0.433282
0.730000	0.620000	0.439514
0.730000	0.630000	0.445703
0.730000	0.640000	0.451846
0.730000	0.650000	0.457944
0.730000	0.660000	0.463994
0.730000	0.670000	0.469995
0.730000	0.680000	0.475947
0.730000	0.690000	0.481847
0.730000	0.700000	0.487694
0.730000	0.710000	0.493488
0.730000	0.720000	0.499226
0.730000	0.730000	0.504907
0.730000	0.740000	0.510530
0.730000	0.750000	0.516094
0.730000	0.760000	0.521596
0.730000	0.770000	0.527037
0.730000	0.780000	0.532413
0.730000	0.790000	0.537724
0.730000	0.800000	0.542968
0.730000	0.810000	0.548144
0.730000	0.820000	0.553251
0.730000	0.830000	0.558286
0.730000	0.840000	0.563248
0.730000	0.850000	0.568135
0.730000	0.860000	0.572947
0.730000	0.870000	0.577681
0.730000	0.880000	0.582336
0.730000	0.890000	0.586911
0.730000	0.900000	0.591403
0.730000	0.910000	0.595811
0.730000	0.920000	0.600134
0.730000	0.930000	0.604370
0.730000	0.940000	0.608518
0.730000	0.950000	0.612575
0.730000	0.960000	0.616540
0.730000	0.970000	0.620412
0.730000	0.980000	0.624189
0.730000	0.990000	0.627868
0.740000	0.500000	0.368210
0.740000	0.510000	0.374971
0.740000	0.520000	0.381700
0.740000	0.530000	0.388397
0.740000	0.540000	0.395061
0.740000	0.550000	0.401690
0.740000	0.560000	0.408284
0.740000	0.570000	0.414841
0.740000	0.580000	0.421360
0.740000	0.590000	0.427841
0.740000	0.600000	0.434281
0.740000	0.610000	0.440681
0.740000	0.620000	0.447038
0.740000	0.630000	0.453351
0.740000	0.640000	0.459620
0.740000	0.650000	0.465843
0.740000	0.660000	0.472018
0.740000	0.670000	0.478145
0.740000	0.680000	0.484222
0.740000	0.690000	0.490248
0.740000	0.700000	0.496221
0.740000	0.710000	0.502141
0.740000	0.720000	0.508005
0.740000	0.730000	0.513812
0.740000	0.740000	0.519562
0.740000	0.750000	0.525252
0.740000	0.760000	0.530882
0.740000	0.770000	0.536449
0.740000	0.780000	0.541952
0.740000	0.790000	0.547390
0.740000	0.800000	0.552762
0.740000	0.810000	0.558065
0.740000	0.820000	0.563299
0.740000	0.830000	0.568461
0.740000	0.840000	0.573550
0.740000	0.850000	0.578566
0.740000	0.860000	0.583505
0.740000	0.870000	0.588367
0.740000	0.880000	0.593150
0.740000	0.890000	0.597852
0.740000	0.900000	0.602472
0.740000	0.910000	0.607009
0.740000	0.920000	0.611460
0.740000	0.930000	0.615824
0.740000	0.940000	0.620099
0.740000	0.950000	0.624284
0.740000	0.960000	0.628378
0.740000	0.970000	0.632377
0.740000	0.980000	0.636282
0.740000	0.990000	0.640090
0.750000	0.500000	0.374283
0.750000	0.510000	0.381168
0.750000	0.520000	0.388021
0.750000	0.530000	0.394842
0.750000	0.540000	0.401630
0.750000	0.550000	0.408384
0.750000	0.560000	0.415102
0.750000	0.570000	0.421784
0.750000	0.580000	0.428428
0.750000	0.590000	0.435034
0.750000	0.600000	0.441600
0.750000	0.610000	0.448125
0.750000	0.620000	0.454608
0.750000	0.630000	0.461048
0.750000	0.640000	0.467443
0.750000	0.650000	0.473792
0.750000	0.660000	0.480094
0.750000	0.670000	0.486348
0.750000	0.680000	0.492551
0.750000	0.690000	0.498704
0.750000	0.700000	0.504805
0.750000	0.710000	0.510852
0.750000	0.720000	0.516843
0.750000	0.730000	0.522779
0.750000	0.740000	0.528656
0.750000	0.750000	0.534474
0.750000	0.760000	0.540232
0.750000	0.770000	0.545927
0.750000	0.780000	0.551559
0.750000	0.790000	0.557125
0.750000	0.800000	0.562625
0.750000	0.810000	0.568057
0.750000	0.820000	0.573420
0.750000	0.830000	0.578711
0.750000	0.840000	0.583929
0.750000	0.850000	0.589073
0.750000	0.860000	0.594142
0.750000	0.870000	0.599133
0.750000	0.880000	0.604045
0.750000	0.890000	0.608877
0.750000	0.900000	0.613626
0.750000	0.910000	0.618292
0.750000	0.920000	0.622873
0.750000	0.930000	0.627366
0.750000	0.940000	0.631771
0.750000	0.950000	0.636086
0.750000	0.960000	0.640309
0.750000	0.970000	0.644438
0.750000	0.980000	0.648473
0.750000	0.990000	0.652411
0.760000	0.500000	0.380390
0.760000	0.510000	0.387399
0.760000	0.520000	0.394377
0.760000	0.530000	0.401323
0.760000	0.540000	0.408237
0.760000	0.550000	0.415116
0.760000	0.560000	0.421960
0.760000	0.570000	0.428768
0.760000	0.580000	0.435539
0.760000	0.590000	0.442271
0.760000	0.600000	0.448964
0.760000	0.610000	0.455616
0.760000	0.620000	0.462226
0.760000	0.630000	0.468792
0.760000	0.640000	0.475315
0.760000	0.650000	0.481791
0.760000	0.660000	0.488221
0.760000	0.670000	0.494603
0.760000	0.680000	0.500935
0.760000	0.690000	0.507216
0.760000	0.700000	0.513445
0.760000	0.710000	0.519621
0.760000	0.720000	0.525741
0.760000	0.730000	0.531806
0.760000	0.740000	0.537812
0.760000	0.750000	0.543760
0.760000	0.760000	0.549647
0.760000	0.770000	0.555471
0.760000	0.780000	0.561233
0.760000	0.790000	0.566929
0.760000	0.800000	0.572559
0.760000	0.810000	0.578121
0.760000	0.820000	0.583614
0.760000	0.830000	0.589035
0.760000	0.840000	0.594384
0.760000	0.850000	0.599659
0.760000	0.860000	0.604858
0.760000	0.870000	0.609979
0.760000	0.880000	0.615022
0.760000	0.890000	0.619985
0.760000	0.900000	0.624865
0.760000	0.910000	0.629662
0.760000	0.920000	0.634373
0.760000	0.930000	0.638998
0.760000	0.940000	0.643534
0.760000	0.950000	0.647980
0.760000	0.960000	0.652334
0.760000	0.970000	0.656595
0.760000	0.980000	0.660761
0.760000	0.990000	0.664829
0.770000	0.500000	0.386530
0.770000	0.510000	0.393665
0.770000	0.520000	0.400769
0.770000	0.530000	0.407841
0.770000	0.540000	0.414881
0.770000	0.550000	0.421887
0.770000	0.560000	0.428858
0.770000	0.570000	0.435793
0.770000	0.580000	0.442691
0.770000	0.590000	0.449551
0.770000	0.600000	0.456371
0.770000	0.610000	0.463151
0.770000	0.620000	0.469889
0.770000	0.630000	0.476585
0.770000	0.640000	0.483236
0.770000	0.650000	0.489841
0.770000	0.660000	0.496400
0.770000	0.670000	0.502911
0.770000	0.680000	0.509372
0.770000	0.690000	0.515783
0.770000	0.700000	0.522142
0.770000	0.710000	0.528448
0.770000	0.720000	0.534698
0.770000	0.730000	0.540893
0.770000	0.740000	0.547030
0.770000	0.750000	0.553108
0.770000	0.760000	0.559126
0.770000	0.770000	0.565082
0.770000	0.780000	0.570974
0.770000	0.790000	0.576802
0.770000	0.800000	0.582563
0.770000	0.810000	0.588257
0.770000	0.820000	0.593881
0.770000	0.830000	0.599434
0.770000	0.840000	0.604915
0.770000	0.850000	0.610321
0.770000	0.860000	0.615652
0.770000	0.870000	0.620906
0.770000	0.880000	0.626081
0.770000	0.890000	0.631176
0.770000	0.900000	0.636189
0.770000	0.910000	0.641118
0.770000	0.920000	0.645962
0.770000	0.930000	0.650719
0.770000	0.940000	0.655388
0.770000	0.950000	0.659966
0.770000	0.960000	0.664453
0.770000	0.970000	0.668847
0.770000	0.980000	0.673145
0.770000	0.990000	0.677347
0.780000	0.500000	0.392704
0.780000	0.510000	0.399965
0.780000	0.520000	0.407196
0.780000	0.530000	0.414396
0.780000	0.540000	0.421563
0.780000	0.550000	0.428696
0.780000	0.560000	0.435795
0.780000	0.570000	0.442859
0.780000	0.580000	0.449885
0.780000	0.590000	0.456874
0.780000	0.600000	0.463823
0.780000	0.610000	0.470732
0.780000	0.620000	0.477600
0.780000	0.630000	0.484424
0.780000	0.640000	0.491205
0.780000	0.650000	0.497941
0.780000	0.660000	0.504630
0.780000	0.670000	0.511271
0.780000	0.680000	0.517863
0.780000	0.690000	0.524405
0.780000	0.700000	0.530895
0.780000	0.710000	0.537332
0.780000	0.720000	0.543714
0.780000	0.730000	0.550040
0.780000	0.740000	0.556309
0.780000	0.750000	0.562520
0.780000	0.760000	0.568669
0.780000	0.770000	0.574758
0.780000	0.780000	0.580783
0.780000	0.790000	0.586743
0.780000	0.800000	0.592637
0.780000	0.810000	0.598463
0.780000	0.820000	0.604221
0.780000	0.830000	0.609907
0.780000	0.840000	0.615521
0.780000	0.850000	0.621061
0.780000	0.860000	0.626526
0.780000	0.870000	0.631913
0.780000	0.880000	0.637222
0.780000	0.890000	0.642451
0.780000	0.900000	0.647597
0.780000	0.910000	0.652661
0.780000	0.920000	0.657639
0.780000	0.930000	0.662530
0.780000	0.940000	0.667333
0.780000	0.950000	0.672045
0.780000	0.960000	0.676666
0.780000	0.970000	0.681194
0.780000	0.980000	0.685626
0.780000	0.990000	0.689962
0.790000	0.500000	0.398910
0.790000	0.510000	0.406299
0.790000	0.520000	0.413658
0.790000	0.530000	0.420986
0.790000	0.540000	0.428282
0.790000	0.550000	0.435544
0.790000	0.560000	0.442772
0.790000	0.570000	0.449965
0.790000	0.580000	0.457121
0.790000	0.590000	0.464239
0.790000	0.600000	0.471318
0.790000	0.610000	0.478358
0.790000	0.620000	0.485356
0.790000	0.630000	0.492311
0.790000	0.640000	0.499223
0.790000	0.650000	0.506090
0.790000	0.660000	0.512911
0.790000	0.670000	0.519684
0.790000	0.680000	0.526408
0.790000	0.690000	0.533082
0.790000	0.700000	0.539704
0.790000	0.710000	0.546274
0.790000	0.720000	0.552789
0.790000	0.730000	0.559248
0.790000	0.740000	0.565650
0.790000	0.750000	0.571994
0.790000	0.760000	0.578277
0.790000	0.770000	0.584499
0.790000	0.780000	0.590658
0.790000	0.790000	0.596752
0.790000	0.800000	0.602781
0.790000	0.810000	0.608742
0.790000	0.820000	0.614633
0.790000	0.830000	0.620454
0.790000	0.840000	0.626203
0.790000	0.850000	0.631878
0.790000	0.860000	0.637478
0.790000	0.870000	0.643000
0.790000	0.880000	0.648444
0.790000	0.890000	0.653808
0.790000	0.900000	0.659090
0.790000	0.910000	0.664289
0.790000	0.920000	0.669403
0.790000	0.930000	0.674429
0.790000	0.940000	0.679368
0.790000	0.950000	0.684216
0.790000	0.960000	0.688973
0.790000	0.970000	0.693636
0.790000	0.980000	0.698205
0.790000	0.990000	0.702677
0.800000	0.500000	0.405150
0.800000	0.510000	0.412668
0.800000	0.520000	0.420155
0.800000	0.530000	0.427613
0.800000	0.540000	0.435038
0.800000	0.550000	0.442430
0.800000	0.560000	0.449788
0.800000	0.570000	0.457111
0.800000	0.580000	0.464398
0.800000	0.590000	0.471647
0.800000	0.600000	0.478857
0.800000	0.610000	0.486028
0.800000	0.620000	0.493158
0.800000	0.630000	0.500246
0.800000	0.640000	0.507290
0.800000	0.650000	0.514289
0.800000	0.660000	0.521243
0.800000	0.670000	0.528149
0.800000	0.680000	0.535006
0.800000	0.690000	0.541813
0.800000	0.700000	0.548569
0.800000	0.710000	0.555273
0.800000	0.720000	0.561922
0.800000	0.730000	0.568516
0.800000	0.740000	0.575052
0.800000	0.750000	0.581531
0.800000	0.760000	0.587949
0.800000	0.770000	0.594306
0.800000	0.780000	0.600600
0.800000	0.790000	0.606830
0.800000	0.800000	0.612994
0.800000	0.810000	0.619091
0.800000	0.820000	0.625119
0.800000	0.830000	0.631076
0.800000	0.840000	0.636961
0.800000	0.850000	0.642772
0.800000	0.860000	0.648508
0.800000	0.870000	0.654168
0.800000	0.880000	0.659748
0.800000	0.890000	0.665249
0.800000	0.900000	0.670668
0.800000	0.910000	0.676004
0.800000	0.920000	0.681254
0.800000	0.930000	0.686418
0.800000	0.940000	0.691494
0.800000	0.950000	0.696480
0.800000	0.960000	0.701374
0.800000	0.970000	0.706174
0.800000	0.980000	0.710880
0.800000	0.990000	0.715489
0.810000	0.500000	0.411422
0.810000	0.510000	0.419069
0.810000	0.520000	0.426687
0.810000	0.530000	0.434274
0.810000	0.540000	0.441830
0.810000	0.550000	0.449353
0.810000	0.560000	0.456843
0.810000	0.570000	0.464297
0.810000	0.580000	0.471715
0.810000	0.590000	0.479097
0.810000	0.600000	0.486440
0.810000	0.610000	0.493743
0.810000	0.620000	0.501006
0.810000	0.630000	0.508227
0.810000	0.640000	0.515404
0.810000	0.650000	0.522537
0.810000	0.660000	0.529625
0.810000	0.670000	0.536665
0.810000	0.680000	0.543657
0.810000	0.690000	0.550599
0.810000	0.700000	0.557490
0.810000	0.710000	0.564329
0.810000	0.720000	0.571114
0.810000	0.730000	0.577843
0.810000	0.740000	0.584516
0.810000	0.750000	0.591130
0.810000	0.760000	0.597685
0.810000	0.770000	0.604179
0.810000	0.780000	0.610609
0.810000	0.790000	0.616976
0.810000	0.800000	0.623277
0.810000	0.810000	0.629511
0.810000	0.820000	0.635676
0.810000	0.830000	0.641771
0.810000	0.840000	0.647794
0.810000	0.850000	0.653743
0.810000	0.860000	0.659617
0.810000	0.870000	0.665415
0.810000	0.880000	0.671134
0.810000	0.890000	0.676773
0.810000	0.900000	0.682330
0.810000	0.910000	0.687804
0.810000	0.920000	0.693194
0.810000	0.930000	0.698496
0.810000	0.940000	0.703711
0.810000	0.950000	0.708835
0.810000	0.960000	0.713868
0.810000	0.970000	0.718808
0.810000	0.980000	0.723652
0.810000	0.990000	0.728400
0.820000	0.500000	0.417726
0.820000	0.510000	0.425504
0.820000	0.520000	0.433253
0.820000	0.530000	0.440972
0.820000	0.540000	0.448659
0.820000	0.550000	0.456314
0.820000	0.560000	0.463936
0.820000	0.570000	0.471523
0.820000	0.580000	0.479074
0.820000	0.590000	0.486589
0.820000	0.600000	0.494065
0.820000	0.610000	0.501502
0.820000	0.620000	0.508899
0.820000	0.630000	0.516254
0.820000	0.640000	0.523567
0.820000	0.650000	0.530835
0.820000	0.660000	0.538057
0.820000	0.670000	0.545233
0.820000	0.680000	0.552361
0.820000	0.690000	0.559439
0.820000	0.700000	0.566467
0.820000	0.710000	0.573442
0.820000	0.720000	0.580363
0.820000	0.730000	0.587230
0.820000	0.740000	0.594040
0.820000	0.750000	0.600792
0.820000	0.760000	0.607484
0.820000	0.770000	0.614116
0.820000	0.780000	0.620685
0.820000	0.790000	0.627190
0.820000	0.800000	0.633630
0.820000	0.810000	0.640002
0.820000	0.820000	0.646306
0.820000	0.830000	0.652540
0.820000	0.840000	0.658702
0.820000	0.850000	0.664791
0.820000	0.860000	0.670805
0.820000	0.870000	0.676742
0.820000	0.880000	0.682600
0.820000	0.890000	0.688379
0.820000	0.900000	0.694077
0.820000	0.910000	0.699691
0.820000	0.920000	0.705220
0.820000	0.930000	0.710663
0.820000	0.940000	0.716018
0.820000	0.950000	0.721283
0.820000	0.960000	0.726456
0.820000	0.970000	0.731536
0.820000	0.980000	0.736521
0.820000	0.990000	0.741410
0.830000	0.500000	0.424063
0.830000	0.510000	0.431972
0.830000	0.520000	0.439853
0.830000	0.530000	0.447704
0.830000	0.540000	0.455524
0.830000	0.550000	0.463312
0.830000	0.560000	0.471067
0.830000	0.570000	0.478788
0.830000	0.580000	0.486473
0.830000	0.590000	0.494122
0.830000	0.600000	0.501733
0.830000	0.610000	0.509305
0.830000	0.620000	0.516838
0.830000	0.630000	0.524328
0.830000	0.640000	0.531777
0.830000	0.650000	0.539181
0.830000	0.660000	0.546540
0.830000	0.670000	0.553853
0.830000	0.680000	0.561118
0.830000	0.690000	0.568333
0.830000	0.700000	0.575498
0.830000	0.710000	0.582611
0.830000	0.720000	0.589671
0.830000	0.730000	0.596676
0.830000	0.740000	0.603625
0.830000	0.750000	0.610516
0.830000	0.760000	0.617347
0.830000	0.770000	0.624118
0.830000	0.780000	0.630827
0.830000	0.790000	0.637472
0.830000	0.800000	0.644052
0.830000	0.810000	0.650564
0.830000	0.820000	0.657009
0.830000	0.830000	0.663383
0.830000	0.840000	0.669686
0.830000	0.850000	0.675915
0.830000	0.860000	0.682070
0.830000	0.870000	0.688148
0.830000	0.880000	0.694148
0.830000	0.890000	0.700069
0.830000	0.900000	0.705908
0.830000	0.910000	0.711664
0.830000	0.920000	0.717335
0.830000	0.930000	0.722919
0.830000	0.940000	0.728416
0.830000	0.950000	0.733823
0.830000	0.960000	0.739138
0.830000	0.970000	0.744360
0.830000	0.980000	0.749487
0.830000	0.990000	0.754518
0.840000	0.500000	0.430431
0.840000	0.510000	0.438473
0.840000	0.520000	0.446487
0.840000	0.530000	0.454471
0.840000	0.540000	0.462425
0.840000	0.550000	0.470347
0.840000	0.560000	0.478237
0.840000	0.570000	0.486092
0.840000	0.580000	0.493912
0.840000	0.590000	0.501697
0.840000	0.600000	0.509444
0.840000	0.610000	0.517152
0.840000	0.620000	0.524821
0.840000	0.630000	0.532449
0.840000	0.640000	0.540034
0.840000	0.650000	0.547576
0.840000	0.660000	0.555073
0.840000	0.670000	0.562523
0.840000	0.680000	0.569927
0.840000	0.690000	0.577281
0.840000	0.700000	0.584585
0.840000	0.710000	0.591837
0.840000	0.720000	0.599037
0.840000	0.730000	0.606181
0.840000	0.740000	0.613270
0.840000	0.750000	0.620301
0.840000	0.760000	0.627274
0.840000	0.770000	0.634185
0.840000	0.780000	0.641035
0.840000	0.790000	0.647821
0.840000	0.800000	0.654542
0.840000	0.810000	0.661197
0.840000	0.820000	0.667783
0.840000	0.830000	0.674300
0.840000	0.840000	0.680745
0.840000	0.850000	0.687116
0.840000	0.860000	0.693414
0.840000	0.870000	0.699635
0.840000	0.880000	0.705778
0.840000	0.890000	0.711841
0.840000	0.900000	0.717823
0.840000	0.910000	0.723722
0.840000	0.920000	0.729536
0.840000	0.930000	0.735264
0.840000	0.940000	0.740904
0.840000	0.950000	0.746455
0.840000	0.960000	0.751913
0.840000	0.970000	0.757279
0.840000	0.980000	0.762550
0.840000	0.990000	0.767724
0.850000	0.500000	0.436830
0.850000	0.510000	0.445006
0.850000	0.520000	0.453154
0.850000	0.530000	0.461273
0.850000	0.540000	0.469361
0.850000	0.550000	0.477419
0.850000	0.560000	0.485443
0.850000	0.570000	0.493435
0.850000	0.580000	0.501392
0.850000	0.590000	0.509313
0.850000	0.600000	0.517197
0.850000	0.610000	0.525042
0.850000	0.620000	0.532849
0.850000	0.630000	0.540614
0.850000	0.640000	0.548338
0.850000	0.650000	0.556019
0.850000	0.660000	0.563655
0.850000	0.670000	0.571245
0.850000	0.680000	0.578788
0.850000	0.690000	0.586282
0.850000	0.700000	0.593726
0.850000	0.710000	0.601119
0.850000	0.720000	0.608460
0.850000	0.730000	0.615746
0.850000	0.740000	0.622976
0.850000	0.750000	0.630149
0.850000	0.760000	0.637263
0.850000	0.770000	0.644317
0.850000	0.780000	0.651309
0.850000	0.790000	0.658238
0.850000	0.800000	0.665102
0.850000	0.810000	0.671900
0.850000	0.820000	0.678629
0.850000	0.830000	0.685289
0.850000	0.840000	0.691878
0.850000	0.850000	0.698394
0.850000	0.860000	0.704835
0.850000	0.870000	0.711200
0.850000	0.880000	0.717488
0.850000	0.890000	0.723695
0.850000	0.900000	0.729822
0.850000	0.910000	0.735866
0.850000	0.920000	0.741825
0.850000	0.930000	0.747698
0.850000	0.940000	0.753483
0.850000	0.950000	0.759178
0.850000	0.960000	0.764782
0.850000	0.970000	0.770293
0.850000	0.980000	0.775709
0.850000	0.990000	0.781029
0.860000	0.500000	0.443260
0.860000	0.510000	0.451571
0.860000	0.520000	0.459854
0.860000	0.530000	0.468108
0.860000	0.540000	0.476333
0.860000	0.550000	0.484526
0.860000	0.560000	0.492688
0.860000	0.570000	0.500816
0.860000	0.580000	0.508910
0.860000	0.590000	0.516969
0.860000	0.600000	0.524991
0.860000	0.610000	0.532975
0.860000	0.620000	0.540921
0.860000	0.630000	0.548826
0.860000	0.640000	0.556689
0.860000	0.650000	0.564510
0.860000	0.660000	0.572286
0.860000	0.670000	0.580017
0.860000	0.680000	0.587701
0.860000	0.690000	0.595336
0.860000	0.700000	0.602922
0.860000	0.710000	0.610457
0.860000	0.720000	0.617940
0.860000	0.730000	0.625368
0.860000	0.740000	0.632741
0.860000	0.750000	0.640057
0.860000	0.760000	0.647315
0.860000	0.770000	0.654513
0.860000	0.780000	0.661649
0.860000	0.790000	0.668722
0.860000	0.800000	0.675731
0.860000	0.810000	0.682673
0.860000	0.820000	0.689547
0.860000	0.830000	0.696352
0.860000	0.840000	0.703086
0.860000	0.850000	0.709748
0.860000	0.860000	0.716335
0.860000	0.870000	0.722845
0.860000	0.880000	0.729279
0.860000	0.890000	0.735633
0.860000	0.900000	0.741905
0.860000	0.910000	0.748096
0.860000	0.920000	0.754201
0.860000	0.930000	0.760221
0.860000	0.940000	0.766152
0.860000	0.950000	0.771994
0.860000	0.960000	0.777745
0.860000	0.970000	0.783403
0.860000	0.980000	0.788966
0.860000	0.990000	0.794432
0.870000	0.500000	0.449721
0.870000	0.510000	0.458168
0.870000	0.520000	0.466587
0.870000	0.530000	0.474977
0.870000	0.540000	0.483339
0.870000	0.550000	0.491670
0.870000	0.560000	0.499969
0.870000	0.570000	0.508235
0.870000	0.580000	0.516468
0.870000	0.590000	0.524666
0.870000	0.600000	0.532827
0.870000	0.610000	0.540951
0.870000	0.620000	0.549037
0.870000	0.630000	0.557082
0.870000	0.640000	0.565086
0.870000	0.650000	0.573048
0.870000	0.660000	0.580966
0.870000	0.670000	0.588839
0.870000	0.680000	0.596665
0.870000	0.690000	0.604443
0.870000	0.700000	0.612172
0.870000	0.710000	0.619851
0.870000	0.720000	0.627477
0.870000	0.730000	0.635049
0.870000	0.740000	0.642567
0.870000	0.750000	0.650027
0.870000	0.760000	0.657430
0.870000	0.770000	0.664773
0.870000	0.780000	0.672054
0.870000	0.790000	0.679273
0.870000	0.800000	0.686427
0.870000	0.810000	0.693516
0.870000	0.820000	0.700537
0.870000	0.830000	0.707488
0.870000	0.840000	0.714369
0.870000	0.850000	0.721177
0.870000	0.860000	0.727911
0.870000	0.870000	0.734570
0.870000	0.880000	0.741150
0.870000	0.890000	0.747652
0.870000	0.900000	0.754073
0.870000	0.910000	0.760411
0.870000	0.920000	0.766664
0.870000	0.930000	0.772832
0.870000	0.940000	0.778912
0.870000	0.950000	0.784902
0.870000	0.960000	0.790801
0.870000	0.970000	0.796607
0.870000	0.980000	0.802319
0.870000	0.990000	0.807933
0.880000	0.500000	0.456212
0.880000	0.510000	0.464795
0.880000	0.520000	0.473352
0.880000	0.530000	0.481880
0.880000	0.540000	0.490379
0.880000	0.550000	0.498848
0.880000	0.560000	0.507286
0.880000	0.570000	0.515692
0.880000	0.580000	0.524065
0.880000	0.590000	0.532402
0.880000	0.600000	0.540704
0.880000	0.610000	0.548969
0.880000	0.620000	0.557196
0.880000	0.630000	0.565383
0.880000	0.640000	0.573530
0.880000	0.650000	0.581634
0.880000	0.660000	0.589695
0.880000	0.670000	0.597711
0.880000	0.680000	0.605681
0.880000	0.690000	0.613603
0.880000	0.700000	0.621476
0.880000	0.710000	0.629299
0.880000	0.720000	0.637070
0.880000	0.730000	0.644788
0.880000	0.740000	0.652451
0.880000	0.750000	0.660058
0.880000	0.760000	0.667607
0.880000	0.770000	0.675096
0.880000	0.780000	0.682525
0.880000	0.790000	0.689891
0.880000	0.800000	0.697192
0.880000	0.810000	0.704429
0.880000	0.820000	0.711597
0.880000	0.830000	0.718697
0.880000	0.840000	0.725726
0.880000	0.850000	0.732683
0.880000	0.860000	0.739566
0.880000	0.870000	0.746373
0.880000	0.880000	0.753103
0.880000	0.890000	0.759754
0.880000	0.900000	0.766324
0.880000	0.910000	0.772811
0.880000	0.920000	0.779215
0.880000	0.930000	0.785532
0.880000	0.940000	0.791762
0.880000	0.950000	0.797902
0.880000	0.960000	0.803951
0.880000	0.970000	0.809907
0.880000	0.980000	0.815768
0.880000	0.990000	0.821533
0.890000	0.500000	0.462733
0.890000	0.510000	0.471454
0.890000	0.520000	0.480148
0.890000	0.530000	0.488815
0.890000	0.540000	0.497453
0.890000	0.550000	0.506062
0.890000	0.560000	0.514640
0.890000	0.570000	0.523186
0.890000	0.580000	0.531699
0.890000	0.590000	0.540178
0.890000	0.600000	0.548622
0.890000	0.610000	0.557029
0.890000	0.620000	0.565398
0.890000	0.630000	0.573729
0.890000	0.640000	0.582018
0.890000	0.650000	0.590266
0.890000	0.660000	0.598471
0.890000	0.670000	0.606632
0.890000	0.680000	0.614747
0.890000	0.690000	0.622815
0.890000	0.700000	0.630834
0.890000	0.710000	0.638803
0.890000	0.720000	0.646720
0.890000	0.730000	0.654585
0.890000	0.740000	0.662395
0.890000	0.750000	0.670149
0.890000	0.760000	0.677846
0.890000	0.770000	0.685483
0.890000	0.780000	0.693060
0.890000	0.790000	0.700575
0.890000	0.800000	0.708026
0.890000	0.810000	0.715411
0.890000	0.820000	0.722729
0.890000	0.830000	0.729978
0.890000	0.840000	0.737157
0.890000	0.850000	0.744264
0.890000	0.860000	0.751298
0.890000	0.870000	0.758255
0.890000	0.880000	0.765136
0.890000	0.890000	0.771937
0.890000	0.900000	0.778658
0.890000	0.910000	0.785297
0.890000	0.920000	0.791852
0.890000	0.930000	0.798320
0.890000	0.940000	0.804702
0.890000	0.950000	0.810993
0.890000	0.960000	0.817194
0.890000	0.970000	0.823302
0.890000	0.980000	0.829315
0.890000	0.990000	0.835232
0.900000	0.500000	0.469283
0.900000	0.510000	0.478143
0.900000	0.520000	0.486976
0.900000	0.530000	0.495783
0.900000	0.540000	0.504561
0.900000	0.550000	0.513310
0.900000	0.560000	0.522029
0.900000	0.570000	0.530717
0.900000	0.580000	0.539372
0.900000	0.590000	0.547994
0.900000	0.600000	0.556580
0.900000	0.610000	0.565131
0.900000	0.620000	0.573644
0.900000	0.630000	0.582118
0.900000	0.640000	0.590552
0.900000	0.650000	0.598946
0.900000	0.660000	0.607296
0.900000	0.670000	0.615603
0.900000	0.680000	0.623864
0.900000	0.690000	0.632078
0.900000	0.700000	0.640244
0.900000	0.710000	0.648361
0.900000	0.720000	0.656426
0.900000	0.730000	0.664439
0.900000	0.740000	0.672398
0.900000	0.750000	0.680301
0.900000	0.760000	0.688147
0.900000	0.770000	0.695934
0.900000	0.780000	0.703660
0.900000	0.790000	0.711325
0.900000	0.800000	0.718926
0.900000	0.810000	0.726462
0.900000	0.820000	0.733931
0.900000	0.830000	0.741332
0.900000	0.840000	0.748663
0.900000	0.850000	0.755921
0.900000	0.860000	0.763106
0.900000	0.870000	0.770216
0.900000	0.880000	0.777249
0.900000	0.890000	0.784203
0.900000	0.900000	0.791077
0.900000	0.910000	0.797868
0.900000	0.920000	0.804576
0.900000	0.930000	0.811197
0.900000	0.940000	0.817732
0.900000	0.950000	0.824177
0.900000	0.960000	0.830531
0.900000	0.970000	0.836792
0.900000	0.980000	0.842958
0.900000	0.990000	0.849028
0.910000	0.500000	0.475862
0.910000	0.510000	0.484862
0.910000	0.520000	0.493835
0.910000	0.530000	0.502782
0.910000	0.540000	0.511702
0.910000	0.550000	0.520593
0.910000	0.560000	0.529454
0.910000	0.570000	0.538284
0.910000	0.580000	0.547082
0.910000	0.590000	0.555848
0.910000	0.600000	0.564578
0.910000	0.610000	0.573273
0.910000	0.620000	0.581931
0.910000	0.630000	0.590551
0.910000	0.640000	0.599131
0.910000	0.650000	0.607671
0.910000	0.660000	0.616168
0.910000	0.670000	0.624622
0.910000	0.680000	0.633031
0.910000	0.690000	0.641393
0.910000	0.700000	0.649708
0.910000	0.710000	0.657973
0.910000	0.720000	0.666188
0.910000	0.730000	0.674350
0.910000	0.740000	0.682459
0.910000	0.750000	0.690512
0.910000	0.760000	0.698509
0.910000	0.770000	0.706447
0.910000	0.780000	0.714325
0.910000	0.790000	0.722141
0.910000	0.800000	0.729895
0.910000	0.810000	0.737583
0.910000	0.820000	0.745205
0.910000	0.830000	0.752758
0.910000	0.840000	0.760242
0.910000	0.850000	0.767653
0.910000	0.860000	0.774992
0.910000	0.870000	0.782256
0.910000	0.880000	0.789442
0.910000	0.890000	0.796550
0.910000	0.900000	0.803578
0.910000	0.910000	0.810524
0.910000	0.920000	0.817386
0.910000	0.930000	0.824163
0.910000	0.940000	0.830852
0.910000	0.950000	0.837451
0.910000	0.960000	0.843960
0.910000	0.970000	0.850376
0.910000	0.980000	0.856698
0.910000	0.990000	0.862923
0.920000	0.500000	0.482470
0.920000	0.510000	0.491610
0.920000	0.520000	0.500724
0.920000	0.530000	0.509813
0.920000	0.540000	0.518875
0.920000	0.550000	0.527909
0.920000	0.560000	0.536913
0.920000	0.570000	0.545887
0.920000	0.580000	0.554830
0.920000	0.590000	0.563740
0.920000	0.600000	0.572615
0.920000	0.610000	0.581456
0.920000	0.620000	0.590260
0.920000	0.630000	0.599027
0.920000	0.640000	0.607754
0.920000	0.650000	0.616442
0.920000	0.660000	0.625087
0.920000	0.670000	0.633689
0.920000	0.680000	0.642247
0.920000	0.690000	0.650759
0.920000	0.700000	0.659224
0.920000	0.710000	0.667639
0.920000	0.720000	0.676005
0.920000	0.730000	0.684318
0.920000	0.740000	0.692578
0.920000	0.750000	0.700783
0.920000	0.760000	0.708932
0.920000	0.770000	0.717023
0.920000	0.780000	0.725054
0.920000	0.790000	0.733023
0.920000	0.800000	0.740930
0.920000	0.810000	0.748772
0.920000	0.820000	0.756548
0.920000	0.830000	0.764256
0.920000	0.840000	0.771894
0.920000	0.850000	0.779461
0.920000	0.860000	0.786954
0.920000	0.870000	0.794373
0.920000	0.880000	0.801716
0.920000	0.890000	0.808979
0.920000	0.900000	0.816163
0.920000	0.910000	0.823265
0.920000	0.920000	0.830283
0.920000	0.930000	0.837216
0.920000	0.940000	0.844062
0.920000	0.950000	0.850818
0.920000	0.960000	0.857483
0.920000	0.970000	0.864056
0.920000	0.980000	0.870534
0.920000	0.990000	0.876916
0.930000	0.500000	0.489105
0.930000	0.510000	0.498387
0.930000	0.520000	0.507644
0.930000	0.530000	0.516875
0.930000	0.540000	0.526080
0.930000	0.550000	0.535258
0.930000	0.560000	0.544407
0.930000	0.570000	0.553526
0.930000	0.580000	0.562614
0.930000	0.590000	0.571669
0.930000	0.600000	0.580692
0.930000	0.610000	0.589679
0.930000	0.620000	0.598631
0.930000	0.630000	0.607546
0.930000	0.640000	0.616422
0.930000	0.650000	0.625258
0.930000	0.660000	0.634052
0.930000	0.670000	0.642805
0.930000	0.680000	0.651513
0.930000	0.690000	0.660176
0.930000	0.700000	0.668791
0.930000	0.710000	0.677359
0.930000	0.720000	0.685876
0.930000	0.730000	0.694342
0.930000	0.740000	0.702755
0.930000	0.750000	0.711114
0.930000	0.760000	0.719416
0.930000	0.770000	0.727661
0.930000	0.780000	0.735846
0.930000	0.790000	0.743971
0.930000	0.800000	0.752032
0.930000	0.810000	0.760030
0.930000	0.820000	0.767961
0.930000	0.830000	0.775825
0.930000	0.840000	0.783620
0.930000	0.850000	0.791343
0.930000	0.860000	0.798993
0.930000	0.870000	0.806569
0.930000	0.880000	0.814069
0.930000	0.890000	0.821490
0.930000	0.900000	0.828831
0.930000	0.910000	0.836091
0.930000	0.920000	0.843267
0.930000	0.930000	0.850358
0.930000	0.940000	0.857361
0.930000	0.950000	0.864276
0.930000	0.960000	0.871100
0.930000	0.970000	0.877831
0.930000	0.980000	0.884467
0.930000	0.990000	0.891008
0.940000	0.500000	0.495768
0.940000	0.510000	0.505192
0.940000	0.520000	0.514592
0.940000	0.530000	0.523968
0.940000	0.540000	0.533317
0.940000	0.550000	0.542640
0.940000	0.560000	0.551934
0.940000	0.570000	0.561199
0.940000	0.580000	0.570433
0.940000	0.590000	0.579636
0.940000	0.600000	0.588806
0.940000	0.610000	0.597942
0.940000	0.620000	0.607043
0.940000	0.630000	0.616106
0.940000	0.640000	0.625132
0.940000	0.650000	0.634118
0.940000	0.660000	0.643064
0.940000	0.670000	0.651968
0.940000	0.680000	0.660827
0.940000	0.690000	0.669642
0.940000	0.700000	0.678411
0.940000	0.710000	0.687131
0.940000	0.720000	0.695802
0.940000	0.730000	0.704422
0.940000	0.740000	0.712990
0.940000	0.750000	0.721503
0.940000	0.760000	0.729961
0.940000	0.770000	0.738361
0.940000	0.780000	0.746702
0.940000	0.790000	0.754983
0.940000	0.800000	0.763201
0.940000	0.810000	0.771356
0.940000	0.820000	0.779445
0.940000	0.830000	0.787466
0.940000	0.840000	0.795418
0.940000	0.850000	0.803300
0.940000	0.860000	0.811109
0.940000	0.870000	0.818843
0.940000	0.880000	0.826501
0.940000	0.890000	0.834082
0.940000	0.900000	0.841582
0.940000	0.910000	0.849001
0.940000	0.920000	0.856337
0.940000	0.930000	0.863587
0.940000	0.940000	0.870751
0.940000	0.950000	0.877825
0.940000	0.960000	0.884809
0.940000	0.970000	0.891700
0.940000	0.980000	0.898497
0.940000	0.990000	0.905198
0.950000	0.500000	0.502457
0.950000	0.510000	0.512025
0.950000	0.520000	0.521570
0.950000	0.530000	0.531090
0.950000	0.540000	0.540585
0.950000	0.550000	0.550053
0.950000	0.560000	0.559494
0.950000	0.570000	0.568906
0.950000	0.580000	0.578289
0.950000	0.590000	0.587640
0.950000	0.600000	0.596959
0.950000	0.610000	0.606244
0.950000	0.620000	0.615494
0.950000	0.630000	0.624709
0.950000	0.640000	0.633885
0.950000	0.650000	0.643023
0.950000	0.660000	0.652121
0.950000	0.670000	0.661177
0.950000	0.680000	0.670190
0.950000	0.690000	0.679159
0.950000	0.700000	0.688081
0.950000	0.710000	0.696956
0.950000	0.720000	0.705782
0.950000	0.730000	0.714558
0.950000	0.740000	0.723281
0.950000	0.750000	0.731951
0.950000	0.760000	0.740565
0.950000	0.770000	0.749123
0.950000	0.780000	0.757621
0.950000	0.790000	0.766060
0.950000	0.800000	0.774437
0.950000	0.810000	0.782750
0.950000	0.820000	0.790997
0.950000	0.830000	0.799178
0.950000	0.840000	0.807290
0.950000	0.850000	0.815331
0.950000	0.860000	0.823300
0.950000	0.870000	0.831195
0.950000	0.880000	0.839013
0.950000	0.890000	0.846754
0.950000	0.900000	0.854416
0.950000	0.910000	0.861996
0.950000	0.920000	0.869493
0.950000	0.930000	0.876905
0.950000	0.940000	0.884230
0.950000	0.950000	0.891466
0.950000	0.960000	0.898612
0.950000	0.970000	0.905665
0.950000	0.980000	0.912623
0.950000	0.990000	0.919486
0.960000	0.500000	0.509173
0.960000	0.510000	0.518885
0.960000	0.520000	0.528575
0.960000	0.530000	0.538241
0.960000	0.540000	0.547883
0.960000	0.550000	0.557498
0.960000	0.560000	0.567087
0.960000	0.570000	0.576648
0.960000	0.580000	0.586179
0.960000	0.590000	0.595679
0.960000	0.600000	0.605148
0.960000	0.610000	0.614584
0.960000	0.620000	0.623986
0.960000	0.630000	0.633352
0.960000	0.640000	0.642681
0.960000	0.650000	0.651972
0.960000	0.660000	0.661223
0.960000	0.670000	0.670433
0.960000	0.680000	0.679601
0.960000	0.690000	0.688724
0.960000	0.700000	0.697803
0.960000	0.710000	0.706834
0.960000	0.720000	0.715816
0.960000	0.730000	0.724748
0.960000	0.740000	0.733629
0.960000	0.750000	0.742457
0.960000	0.760000	0.751229
0.960000	0.770000	0.759945
0.960000	0.780000	0.768603
0.960000	0.790000	0.777201
0.960000	0.800000	0.785738
0.960000	0.810000	0.794211
0.960000	0.820000	0.802619
0.960000	0.830000	0.810961
0.960000	0.840000	0.819234
0.960000	0.850000	0.827436
0.960000	0.860000	0.835567
0.960000	0.870000	0.843624
0.960000	0.880000	0.851605
0.960000	0.890000	0.859508
0.960000	0.900000	0.867332
0.960000	0.910000	0.875075
0.960000	0.920000	0.882735
0.960000	0.930000	0.890310
0.960000	0.940000	0.897798
0.960000	0.950000	0.905198
0.960000	0.960000	0.912507
0.960000	0.970000	0.919724
0.960000	0.980000	0.926846
0.960000	0.990000	0.933872
0.970000	0.500000	0.515914
0.970000	0.510000	0.525772
0.970000	0.520000	0.535609
0.970000	0.530000	0.545422
0.970000	0.540000	0.555211
0.970000	0.550000	0.564975
0.970000	0.560000	0.574712
0.970000	0.570000	0.584422
0.970000	0.580000	0.594103
0.970000	0.590000	0.603755
0.970000	0.600000	0.613375
0.970000	0.610000	0.622963
0.970000	0.620000	0.632517
0.970000	0.630000	0.642036
0.970000	0.640000	0.651519
0.970000	0.650000	0.660964
0.970000	0.660000	0.670370
0.970000	0.670000	0.679736
0.970000	0.680000	0.689059
0.970000	0.690000	0.698339
0.970000	0.700000	0.707574
0.970000	0.710000	0.716762
0.970000	0.720000	0.725903
0.970000	0.730000	0.734994
0.970000	0.740000	0.744033
0.970000	0.750000	0.753020
0.970000	0.760000	0.761953
0.970000	0.770000	0.770829
0.970000	0.780000	0.779647
0.970000	0.790000	0.788407
0.970000	0.800000	0.797104
0.970000	0.810000	0.805739
0.970000	0.820000	0.814310
0.970000	0.830000	0.822814
0.970000	0.840000	0.831250
0.970000	0.850000	0.839615
0.970000	0.860000	0.847909
0.970000	0.870000	0.856130
0.970000	0.880000	0.864275
0.970000	0.890000	0.872342
0.970000	0.900000	0.880331
0.970000	0.910000	0.888239
0.970000	0.920000	0.896063
0.970000	0.930000	0.903803
0.970000	0.940000	0.911456
0.970000	0.950000	0.919021
0.970000	0.960000	0.926495
0.970000	0.970000	0.933877
0.970000	0.980000	0.941165
0.970000	0.990000	0.948357
0.980000	0.500000	0.522680
0.980000	0.510000	0.532685
0.980000	0.520000	0.542669
0.980000	0.530000	0.552630
0.980000	0.540000	0.562568
0.980000	0.550000	0.572481
0.980000	0.560000	0.582368
0.980000	0.570000	0.592229
0.980000	0.580000	0.602062
0.980000	0.590000	0.611865
0.980000	0.600000	0.621638
0.980000	0.610000	0.631379
0.980000	0.620000	0.641087
0.980000	0.630000	0.650760
0.980000	0.640000	0.660398
0.980000	0.650000	0.669999
0.980000	0.660000	0.679561
0.980000	0.670000	0.689083
0.980000	0.680000	0.698564
0.980000	0.690000	0.708002
0.980000	0.700000	0.717395
0.980000	0.710000	0.726742
0.980000	0.720000	0.736042
0.980000	0.730000	0.745293
0.980000	0.740000	0.754493
0.980000	0.750000	0.763641
0.980000	0.760000	0.772735
0.980000	0.770000	0.781773
0.980000	0.780000	0.790754
0.980000	0.790000	0.799675
0.980000	0.800000	0.808536
0.980000	0.810000	0.817335
0.980000	0.820000	0.826069
0.980000	0.830000	0.834737
0.980000	0.840000	0.843337
0.980000	0.850000	0.851868
0.980000	0.860000	0.860327
0.980000	0.870000	0.868713
0.980000	0.880000	0.877024
0.980000	0.890000	0.885257
0.980000	0.900000	0.893412
0.980000	0.910000	0.901486
0.980000	0.920000	0.909477
0.980000	0.930000	0.917384
0.980000	0.940000	0.925204
0.980000	0.950000	0.932935
0.980000	0.960000	0.940577
0.980000	0.970000	0.948126
0.980000	0.980000	0.955581
0.980000	0.990000	0.962939
0.990000	0.500000	0.529471
0.990000	0.510000	0.539623
0.990000	0.520000	0.549755
0.990000	0.530000	0.559866
0.990000	0.540000	0.569953
0.990000	0.550000	0.580017
0.990000	0.560000	0.590056
0.990000	0.570000	0.600068
0.990000	0.580000	0.610053
0.990000	0.590000	0.620009
0.990000	0.600000	0.629936
0.990000	0.610000	0.639831
0.990000	0.620000	0.649694
0.990000	0.630000	0.659524
0.990000	0.640000	0.669318
0.990000	0.650000	0.679075
0.990000	0.660000	0.688795
0.990000	0.670000	0.698475
0.990000	0.680000	0.708115
0.990000	0.690000	0.717712
0.990000	0.700000	0.727265
0.990000	0.710000	0.736773
0.990000	0.720000	0.746234
0.990000	0.730000	0.755646
0.990000	0.740000	0.765008
0.990000	0.750000	0.774318
0.990000	0.760000	0.783575
0.990000	0.770000	0.792777
0.990000	0.780000	0.801921
0.990000	0.790000	0.811007
0.990000	0.800000	0.820033
0.990000	0.810000	0.828997
0.990000	0.820000	0.837896
0.990000	0.830000	0.846730
0.990000	0.840000	0.855497
0.990000	0.850000	0.864194
0.990000	0.860000	0.872820
0.990000	0.870000	0.881373
0.990000	0.880000	0.889851
0.990000	0.890000	0.898252
0.990000	0.900000	0.906575
0.990000	0.910000	0.914817
0.990000	0.920000	0.922976
0.990000	0.930000	0.931051
0.990000	0.940000	0.939040
0.990000	0.950000	0.946941
0.990000	0.960000	0.954751
0.990000	0.970000	0.962469
0.990000	0.980000	0.970093
0.990000	0.990000	0.977620
1.000000	0.000000	0.010571
1.000000	0.010000	0.021141
1.000000	0.020000	0.031712
1.000000	0.030000	0.042282
1.000000	0.040000	0.052852
1.000000	0.050000	0.063423
1.000000	0.060000	0.073993
1.000000	0.070000	0.084563
1.000000	0.080000	0.095133
1.000000	0.090000	0.105702
1.000000	0.100000	0.116272
1.000000	0.110000	0.126841
1.000000	0.120000	0.137410
1.000000	0.130000	0.147978
1.000000	0.140000	0.158545
1.000000	0.150000	0.169112
1.000000	0.160000	0.179678
1.000000	0.170000	0.190243
1.000000	0.180000	0.200807
1.000000	0.190000	0.211370
1.000000	0.200000	0.221931
1.000000	0.210000	0.232491
1.000000	0.220000	0.243048
1.000000	0.230000	0.253604
1.000000	0.240000	0.264157
1.000000	0.250000	0.274707
1.000000	0.260000	0.285255
1.000000	0.270000	0.295799
1.000000	0.280000	0.306339
1.000000	0.290000	0.316876
1.000000	0.300000	0.327408
1.000000	0.310000	0.337935
1.000000	0.320000	0.348457
1.000000	0.330000	0.358973
1.000000	0.340000	0.369483
1.000000	0.350000	0.379986
1.000000	0.360000	0.390482
1.000000	0.370000	0.400970
1.000000	0.380000	0.411450
1.000000	0.390000	0.421920
1.000000	0.400000	0.432381
1.000000	0.410000	0.442831
1.000000	0.420000	0.453270
1.000000	0.430000	0.463697
1.000000	0.440000	0.474112
1.000000	0.450000	0.484513
1.000000	0.460000	0.494899
1.000000	0.470000	0.505271
1.000000	0.480000	0.515626
1.000000	0.490000	0.525965
1.010000	0.000000	0.010696
1.010000	0.010000	0.021392
1.010000	0.020000	0.032087
1.010000	0.030000	0.042783
1.010000	0.040000	0.053479
1.010000	0.050000	0.064175
1.010000	0.060000	0.074871
1.010000	0.070000	0.085567
1.010000	0.080000	0.096263
1.010000	0.090000	0.106959
1.010000	0.100000	0.117655
1.010000	0.110000	0.128351
1.010000	0.120000	0.139046
1.010000	0.130000	0.149742
1.010000	0.140000	0.160437
1.010000	0.150000	0.171132
1.010000	0.160000	0.181826
1.010000	0.170000	0.192520
1.010000	0.180000	0.203213
1.010000	0.190000	0.213905
1.010000	0.200000	0.224597
1.010000	0.210000	0.235286
1.010000	0.220000	0.245975
1.010000	0.230000	0.256662
1.010000	0.240000	0.267347
1.010000	0.250000	0.278030
1.010000	0.260000	0.288710
1.010000	0.270000	0.299388
1.010000	0.280000	0.310062
1.010000	0.290000	0.320733
1.010000	0.300000	0.331400
1.010000	0.310000	0.342063
1.010000	0.320000	0.352722
1.010000	0.330000	0.363375
1.010000	0.340000	0.374023
1.010000	0.350000	0.384664
1.010000	0.360000	0.395299
1.010000	0.370000	0.405927
1.010000	0.380000	0.416547
1.010000	0.390000	0.427158
1.010000	0.400000	0.437761
1.010000	0.410000	0.448354
1.010000	0.420000	0.458936
1.010000	0.430000	0.469507
1.010000	0.440000	0.480066
1.010000	0.450000	0.490612
1.010000	0.460000	0.501145
1.010000	0.470000	0.511663
1.010000	0.480000	0.522166
1.010000	0.490000	0.532653
1.020000	0.000000	0.010821
1.020000	0.010000	0.021642
1.020000	0.020000	0.032464
1.020000	0.030000	0.043285
1.020000	0.040000	0.054107
1.020000	0.050000	0.064928
1.020000	0.060000	0.075750
1.020000	0.070000	0.086572
1.020000	0.080000	0.097394
1.020000	0.090000	0.108217
1.020000	0.100000	0.119039
1.020000	0.110000	0.129862
1.020000	0.120000	0.140685
1.020000	0.130000	0.151508
1.020000	0.140000	0.162331
1.020000	0.150000	0.173154
1.020000	0.160000	0.183977
1.020000	0.170000	0.194800
1.020000	0.180000	0.205622
1.020000	0.190000	0.216444
1.020000	0.200000	0.227266
1.020000	0.210000	0.238086
1.020000	0.220000	0.248906
1.020000	0.230000	0.259724
1.020000	0.240000	0.270542
1.020000	0.250000	0.281357
1.020000	0.260000	0.292171
1.020000	0.270000	0.302982
1.020000	0.280000	0.313791
1.020000	0.290000	0.324598
1.020000	0.300000	0.335400
1.020000	0.310000	0.346200
1.020000	0.320000	0.356995
1.020000	0.330000	0.367786
1.020000	0.340000	0.378572
1.020000	0.350000	0.389352
1.020000	0.360000	0.400127
1.020000	0.370000	0.410895
1.020000	0.380000	0.421656
1.020000	0.390000	0.432409
1.020000	0.400000	0.443154
1.020000	0.410000	0.453890
1.020000	0.420000	0.464616
1.020000	0.430000	0.475332
1.020000	0.440000	0.486037
1.020000	0.450000	0.496729
1.020000	0.460000	0.507409
1.020000	0.470000	0.518075
1.020000	0.480000	0.528726
1.020000	0.490000	0.539362
1.030000	0.000000	0.010947
1.030000	0.010000	0.021893
1.030000	0.020000	0.032840
1.030000	0.030000	0.043787
1.030000	0.040000	0.054734
1.030000	0.050000	0.065682
1.030000	0.060000	0.076630
1.030000	0.070000	0.087578
1.030000	0.080000	0.098526
1.030000	0.090000	0.109475
1.030000	0.100000	0.120425
1.030000	0.110000	0.131375
1.030000	0.120000	0.142325
1.030000	0.130000	0.153276
1.030000	0.140000	0.164227
1.030000	0.150000	0.175178
1.030000	0.160000	0.186130
1.030000	0.170000	0.197082
1.030000	0.180000	0.208034
1.030000	0.190000	0.218986
1.030000	0.200000	0.229938
1.030000	0.210000	0.240889
1.030000	0.220000	0.251841
1.030000	0.230000	0.262791
1.030000	0.240000	0.273741
1.030000	0.250000	0.284690
1.030000	0.260000	0.295637
1.030000	0.270000	0.306583
1.030000	0.280000	0.317527
1.030000	0.290000	0.328468
1.030000	0.300000	0.339407
1.030000	0.310000	0.350344
1.030000	0.320000	0.361276
1.030000	0.330000	0.372205
1.030000	0.340000	0.383130
1.030000	0.350000	0.394050
1.030000	0.360000	0.404965
1.030000	0.370000	0.415874
1.030000	0.380000	0.426777
1.030000	0.390000	0.437672
1.030000	0.400000	0.448561
1.030000	0.410000	0.459440
1.030000	0.420000	0.470311
1.030000	0.430000	0.481173
1.030000	0.440000	0.492023
1.030000	0.450000	0.502863
1.030000	0.460000	0.513690
1.030000	0.470000	0.524505
1.030000	0.480000	0.535306
1.030000	0.490000	0.546092
1.040000	0.000000	0.011072
1.040000	0.010000	0.022144
1.040000	0.020000	0.033217
1.040000	0.030000	0.044290
1.040000	0.040000	0.055363
1.040000	0.050000	0.066436
1.040000	0.060000	0.077510
1.040000	0.070000	0.088584
1.040000	0.080000	0.099659
1.040000	0.090000	0.110735
1.040000	0.100000	0.121811
1.040000	0.110000	0.132888
1.040000	0.120000	0.143966
1.040000	0.130000	0.155045
1.040000	0.140000	0.166124
1.040000	0.150000	0.177204
1.040000	0.160000	0.188285
1.040000	0.170000	0.199366
1.040000	0.180000	0.210448
1.040000	0.190000	0.221530
1.040000	0.200000	0.232613
1.040000	0.210000	0.243696
1.040000	0.220000	0.254779
1.040000	0.230000	0.265862
1.040000	0.240000	0.276944
1.040000	0.250000	0.288026
1.040000	0.260000	0.299108
1.040000	0.270000	0.310188
1.040000	0.280000	0.321267
1.040000	0.290000	0.332345
1.040000	0.300000	0.343421
1.040000	0.310000	0.354494
1.040000	0.320000	0.365565
1.040000	0.330000	0.376632
1.040000	0.340000	0.387697
1.040000	0.350000	0.398757
1.040000	0.360000	0.409812
1.040000	0.370000	0.420863
1.040000	0.380000	0.431908
1.040000	0.390000	0.442947
1.040000	0.400000	0.453979
1.040000	0.410000	0.465003
1.040000	0.420000	0.476020
1.040000	0.430000	0.487027
1.040000	0.440000	0.498025
1.040000	0.450000	0.509013
1.040000	0.460000	0.519989
1.040000	0.470000	0.530953
1.040000	0.480000	0.541904
1.040000	0.490000	0.552841
1.050000	0.000000	0.011198
1.050000	0.010000	0.022396
1.050000	0.020000	0.033594
1.050000	0.030000	0.044792
1.050000	0.040000	0.055991
1.050000	0.050000	0.067190
1.050000	0.060000	0.078390
1.050000	0.070000	0.089591
1.050000	0.080000	0.100793
1.050000	0.090000	0.111995
1.050000	0.100000	0.123198
1.050000	0.110000	0.134403
1.050000	0.120000	0.145608
1.050000	0.130000	0.156815
1.050000	0.140000	0.168022
1.050000	0.150000	0.179231
1.050000	0.160000	0.190441
1.050000	0.170000	0.201652
1.050000	0.180000	0.212864
1.050000	0.190000	0.224076
1.050000	0.200000	0.235290
1.050000	0.210000	0.246504
1.050000	0.220000	0.257719
1.050000	0.230000	0.268935
1.050000	0.240000	0.280151
1.050000	0.250000	0.291366
1.050000	0.260000	0.302582
1.050000	0.270000	0.313798
1.050000	0.280000	0.325013
1.050000	0.290000	0.336226
1.050000	0.300000	0.347439
1.050000	0.310000	0.358650
1.050000	0.320000	0.369860
1.050000	0.330000	0.381066
1.050000	0.340000	0.392270
1.050000	0.350000	0.403471
1.050000	0.360000	0.414668
1.050000	0.370000	0.425861
1.050000	0.380000	0.437049
1.050000	0.390000	0.448232
1.050000	0.400000	0.459409
1.050000	0.410000	0.470578
1.050000	0.420000	0.481741
1.050000	0.430000	0.492896
1.050000	0.440000	0.504041
1.050000	0.450000	0.515178
1.050000	0.460000	0.526303
1.050000	0.470000	0.537418
1.050000	0.480000	0.548520
1.050000	0.490000	0.559609
1.060000	0.000000	0.011323
1.060000	0.010000	0.022647
1.060000	0.020000	0.033971
1.060000	0.030000	0.045295
1.060000	0.040000	0.056619
1.060000	0.050000	0.067945
1.060000	0.060000	0.079271
1.060000	0.070000	0.090598
1.060000	0.080000	0.101926
1.060000	0.090000	0.113255
1.060000	0.100000	0.124586
1.060000	0.110000	0.135918
1.060000	0.120000	0.147251
1.060000	0.130000	0.158585
1.060000	0.140000	0.169921
1.060000	0.150000	0.181259
1.060000	0.160000	0.192598
1.060000	0.170000	0.203939
1.060000	0.180000	0.215281
1.060000	0.190000	0.226624
1.060000	0.200000	0.237969
1.060000	0.210000	0.249315
1.060000	0.220000	0.260662
1.060000	0.230000	0.272010
1.060000	0.240000	0.283360
1.060000	0.250000	0.294710
1.060000	0.260000	0.306060
1.060000	0.270000	0.317411
1.060000	0.280000	0.328762
1.060000	0.290000	0.340113
1.060000	0.300000	0.351463
1.060000	0.310000	0.362812
1.060000	0.320000	0.374160
1.060000	0.330000	0.385507
1.060000	0.340000	0.396851
1.060000	0.350000	0.408193
1.060000	0.360000	0.419532
1.060000	0.370000	0.430868
1.060000	0.380000	0.442200
1.060000	0.390000	0.453527
1.060000	0.400000	0.464849
1.060000	0.410000	0.476165
1.060000	0.420000	0.487474
1.060000	0.430000	0.498777
1.060000	0.440000	0.510071
1.060000	0.450000	0.521357
1.060000	0.460000	0.532633
1.060000	0.470000	0.543899
1.060000	0.480000	0.555153
1.060000	0.490000	0.566396
1.070000	0.000000	0.011449
1.070000	0.010000	0.022898
1.070000	0.020000	0.034347
1.070000	0.030000	0.045797
1.070000	0.040000	0.057248
1.070000	0.050000	0.068699
1.070000	0.060000	0.080151
1.070000	0.070000	0.091605
1.070000	0.080000	0.103060
1.070000	0.090000	0.114516
1.070000	0.100000	0.125973
1.070000	0.110000	0.137433
1.070000	0.120000	0.148894
1.070000	0.130000	0.160356
1.070000	0.140000	0.171821
1.070000	0.150000	0.183287
1.070000	0.160000	0.194756
1.070000	0.170000	0.206226
1.070000	0.180000	0.217698
1.070000	0.190000	0.229173
1.070000	0.200000	0.240649
1.070000	0.210000	0.252127
1.070000	0.220000	0.263607
1.070000	0.230000	0.275088
1.070000	0.240000	0.286571
1.070000	0.250000	0.298055
1.070000	0.260000	0.309541
1.070000	0.270000	0.321027
1.070000	0.280000	0.332515
1.070000	0.290000	0.344002
1.070000	0.300000	0.355490
1.070000	0.310000	0.366978
1.070000	0.320000	0.378466
1.070000	0.330000	0.389952
1.070000	0.340000	0.401438
1.070000	0.350000	0.412922
1.070000	0.360000	0.424403
1.070000	0.370000	0.435882
1.070000	0.380000	0.447358
1.070000	0.390000	0.458831
1.070000	0.400000	0.470298
1.070000	0.410000	0.481761
1.070000	0.420000	0.493219
1.070000	0.430000	0.504670
1.070000	0.440000	0.516114
1.070000	0.450000	0.527550
1.070000	0.460000	0.538977
1.070000	0.470000	0.550395
1.070000	0.480000	0.561803
1.070000	0.490000	0.573199
1.080000	0.000000	0.011574
1.080000	0.010000	0.023149
1.080000	0.020000	0.034724
1.080000	0.030000	0.046300
1.080000	0.040000	0.057876
1.080000	0.050000	0.069453
1.080000	0.060000	0.081032
1.080000	0.070000	0.092612
1.080000	0.080000	0.104193
1.080000	0.090000	0.115776
1.080000	0.100000	0.127361
1.080000	0.110000	0.138947
1.080000	0.120000	0.150536
1.080000	0.130000	0.162127
1.080000	0.140000	0.173720
1.080000	0.150000	0.185315
1.080000	0.160000	0.196913
1.080000	0.170000	0.208514
1.080000	0.180000	0.220116
1.080000	0.190000	0.231722
1.080000	0.200000	0.243329
1.080000	0.210000	0.254939
1.080000	0.220000	0.266552
1.080000	0.230000	0.278167
1.080000	0.240000	0.289784
1.080000	0.250000	0.301403
1.080000	0.260000	0.313023
1.080000	0.270000	0.324646
1.080000	0.280000	0.336270
1.080000	0.290000	0.347895
1.080000	0.300000	0.359521
1.080000	0.310000	0.371148
1.080000	0.320000	0.382776
1.080000	0.330000	0.394403
1.080000	0.340000	0.406030
1.080000	0.350000	0.417656
1.080000	0.360000	0.429281
1.080000	0.370000	0.440904
1.080000	0.380000	0.452525
1.080000	0.390000	0.464142
1.080000	0.400000	0.475757
1.080000	0.410000	0.487367
1.080000	0.420000	0.498973
1.080000	0.430000	0.510574
1.080000	0.440000	0.522168
1.080000	0.450000	0.533755
1.080000	0.460000	0.545335
1.080000	0.470000	0.556906
1.080000	0.480000	0.568467
1.080000	0.490000	0.580019
1.090000	0.000000	0.011700
1.090000	0.010000	0.023400
1.090000	0.020000	0.035100
1.090000	0.030000	0.046802
1.090000	0.040000	0.058504
1.090000	0.050000	0.070207
1.090000	0.060000	0.081912
1.090000	0.070000	0.093618
1.090000	0.080000	0.105326
1.090000	0.090000	0.117035
1.090000	0.100000	0.128747
1.090000	0.110000	0.140461
1.090000	0.120000	0.152178
1.090000	0.130000	0.163897
1.090000	0.140000	0.175619
1.090000	0.150000	0.187343
1.090000	0.160000	0.199071
1.090000	0.170000	0.210801
1.090000	0.180000	0.222534
1.090000	0.190000	0.234271
1.090000	0.200000	0.246010
1.090000	0.210000	0.257752
1.090000	0.220000	0.269498
1.090000	0.230000	0.281246
1.090000	0.240000	0.292997
1.090000	0.250000	0.304751
1.090000	0.260000	0.316507
1.090000	0.270000	0.328266
1.090000	0.280000	0.340027
1.090000	0.290000	0.351790
1.090000	0.300000	0.363555
1.090000	0.310000	0.375321
1.090000	0.320000	0.387089
1.090000	0.330000	0.398857
1.090000	0.340000	0.410626
1.090000	0.350000	0.422395
1.090000	0.360000	0.434163
1.090000	0.370000	0.445931
1.090000	0.380000	0.457697
1.090000	0.390000	0.469462
1.090000	0.400000	0.481223
1.090000	0.410000	0.492982
1.090000	0.420000	0.504737
1.090000	0.430000	0.516487
1.090000	0.440000	0.528233
1.090000	0.450000	0.539972
1.090000	0.460000	0.551705
1.090000	0.470000	0.563430
1.090000	0.480000	0.575146
1.090000	0.490000	0.586854
1.100000	0.000000	0.011825
1.100000	0.010000	0.023651
1.100000	0.020000	0.035477
1.100000	0.030000	0.047303
1.100000	0.040000	0.059131
1.100000	0.050000	0.070960
1.100000	0.060000	0.082791
1.100000	0.070000	0.094623
1.100000	0.080000	0.106457
1.100000	0.090000	0.118294
1.100000	0.100000	0.130133
1.100000	0.110000	0.141974
1.100000	0.120000	0.153819
1.100000	0.130000	0.165666
1.100000	0.140000	0.177516
1.100000	0.150000	0.189370
1.100000	0.160000	0.201227
1.100000	0.170000	0.213087
1.100000	0.180000	0.224951
1.100000	0.190000	0.236819
1.100000	0.200000	0.248690
1.100000	0.210000	0.260565
1.100000	0.220000	0.272443
1.100000	0.230000	0.284325
1.100000	0.240000	0.296210
1.100000	0.250000	0.308099
1.100000	0.260000	0.319992
1.100000	0.270000	0.331887
1.100000	0.280000	0.343785
1.100000	0.290000	0.355687
1.100000	0.300000	0.367591
1.100000	0.310000	0.379497
1.100000	0.320000	0.391405
1.100000	0.330000	0.403315
1.100000	0.340000	0.415226
1.100000	0.350000	0.427138
1.100000	0.360000	0.439051
1.100000	0.370000	0.450963
1.100000	0.380000	0.462876
1.100000	0.390000	0.474787
1.100000	0.400000	0.486697
1.100000	0.410000	0.498604
1.100000	0.420000	0.510509
1.100000	0.430000	0.522410
1.100000	0.440000	0.534308
1.100000	0.450000	0.546200
1.100000	0.460000	0.558086
1.100000	0.470000	0.569966
1.100000	0.480000	0.581839
1.100000	0.490000	0.593703
1.110000	0.000000	0.011950
1.110000	0.010000	0.023901
1.110000	0.020000	0.035852
1.110000	0.030000	0.047805
1.110000	0.040000	0.059758
1.110000	0.050000	0.071713
1.110000	0.060000	0.083669
1.110000	0.070000	0.095628
1.110000	0.080000	0.107588
1.110000	0.090000	0.119551
1.110000	0.100000	0.131517
1.110000	0.110000	0.143486
1.110000	0.120000	0.155458
1.110000	0.130000	0.167434
1.110000	0.140000	0.179413
1.110000	0.150000	0.191395
1.110000	0.160000	0.203382
1.110000	0.170000	0.215372
1.110000	0.180000	0.227367
1.110000	0.190000	0.239366
1.110000	0.200000	0.251369
1.110000	0.210000	0.263376
1.110000	0.220000	0.275387
1.110000	0.230000	0.287403
1.110000	0.240000	0.299423
1.110000	0.250000	0.311447
1.110000	0.260000	0.323476
1.110000	0.270000	0.335508
1.110000	0.280000	0.347544
1.110000	0.290000	0.359584
1.110000	0.300000	0.371627
1.110000	0.310000	0.383673
1.110000	0.320000	0.395722
1.110000	0.330000	0.407774
1.110000	0.340000	0.419828
1.110000	0.350000	0.431884
1.110000	0.360000	0.443942
1.110000	0.370000	0.456000
1.110000	0.380000	0.468059
1.110000	0.390000	0.480118
1.110000	0.400000	0.492176
1.110000	0.410000	0.504233
1.110000	0.420000	0.516289
1.110000	0.430000	0.528342
1.110000	0.440000	0.540391
1.110000	0.450000	0.552437
1.110000	0.460000	0.564478
1.110000	0.470000	0.576514
1.110000	0.480000	0.588543
1.110000	0.490000	0.600565
1.120000	0.000000	0.012075
1.120000	0.010000	0.024151
1.120000	0.020000	0.036228
1.120000	0.030000	0.048305
1.120000	0.040000	0.060384
1.120000	0.050000	0.072464
1.120000	0.060000	0.084546
1.120000	0.070000	0.096631
1.120000	0.080000	0.108718
1.120000	0.090000	0.120807
1.120000	0.100000	0.132900
1.120000	0.110000	0.144996
1.120000	0.120000	0.157096
1.120000	0.130000	0.169200
1.120000	0.140000	0.181307
1.120000	0.150000	0.193419
1.120000	0.160000	0.205535
1.120000	0.170000	0.217655
1.120000	0.180000	0.229781
1.120000	0.190000	0.241911
1.120000	0.200000	0.254045
1.120000	0.210000	0.266185
1.120000	0.220000	0.278330
1.120000	0.230000	0.290480
1.120000	0.240000	0.302635
1.120000	0.250000	0.314794
1.120000	0.260000	0.326959
1.120000	0.270000	0.339128
1.120000	0.280000	0.351302
1.120000	0.290000	0.363481
1.120000	0.300000	0.375663
1.120000	0.310000	0.387850
1.120000	0.320000	0.400041
1.120000	0.330000	0.412235
1.120000	0.340000	0.424432
1.120000	0.350000	0.436632
1.120000	0.360000	0.448835
1.120000	0.370000	0.461040
1.120000	0.380000	0.473246
1.120000	0.390000	0.485453
1.120000	0.400000	0.497660
1.120000	0.410000	0.509868
1.120000	0.420000	0.522074
1.120000	0.430000	0.534280
1.120000	0.440000	0.546483
1.120000	0.450000	0.558683
1.120000	0.460000	0.570880
1.120000	0.470000	0.583072
1.120000	0.480000	0.595259
1.120000	0.490000	0.607440
1.130000	0.000000	0.012200
1.130000	0.010000	0.024401
1.130000	0.020000	0.036602
1.130000	0.030000	0.048805
1.130000	0.040000	0.061009
1.130000	0.050000	0.073214
1.130000	0.060000	0.085422
1.130000	0.070000	0.097632
1.130000	0.080000	0.109845
1.130000	0.090000	0.122061
1.130000	0.100000	0.134281
1.130000	0.110000	0.146504
1.130000	0.120000	0.158732
1.130000	0.130000	0.170963
1.130000	0.140000	0.183199
1.130000	0.150000	0.195440
1.130000	0.160000	0.207685
1.130000	0.170000	0.219936
1.130000	0.180000	0.232192
1.130000	0.190000	0.244453
1.130000	0.200000	0.256720
1.130000	0.210000	0.268992
1.130000	0.220000	0.281270
1.130000	0.230000	0.293554
1.130000	0.240000	0.305844
1.130000	0.250000	0.318139
1.130000	0.260000	0.330440
1.130000	0.270000	0.342747
1.130000	0.280000	0.355059
1.130000	0.290000	0.367376
1.130000	0.300000	0.379699
1.130000	0.310000	0.392027
1.130000	0.320000	0.404359
1.130000	0.330000	0.416696
1.130000	0.340000	0.429037
1.130000	0.350000	0.441382
1.130000	0.360000	0.453730
1.130000	0.370000	0.466081
1.130000	0.380000	0.478435
1.130000	0.390000	0.490791
1.130000	0.400000	0.503148
1.130000	0.410000	0.515507
1.130000	0.420000	0.527865
1.130000	0.430000	0.540224
1.130000	0.440000	0.552581
1.130000	0.450000	0.564937
1.130000	0.460000	0.577290
1.130000	0.470000	0.589640
1.130000	0.480000	0.601985
1.130000	0.490000	0.614326
1.140000	0.000000	0.012325
1.140000	0.010000	0.024650
1.140000	0.020000	0.036976
1.140000	0.030000	0.049303
1.140000	0.040000	0.061632
1.140000	0.050000	0.073963
1.140000	0.060000	0.086296
1.140000	0.070000	0.098632
1.140000	0.080000	0.110971
1.140000	0.090000	0.123313
1.140000	0.100000	0.135659
1.140000	0.110000	0.148010
1.140000	0.120000	0.160364
1.140000	0.130000	0.172724
1.140000	0.140000	0.185088
1.140000	0.150000	0.197457
1.140000	0.160000	0.209832
1.140000	0.170000	0.222213
1.140000	0.180000	0.234600
1.140000	0.190000	0.246992
1.140000	0.200000	0.259391
1.140000	0.210000	0.271796
1.140000	0.220000	0.284208
1.140000	0.230000	0.296626
1.140000	0.240000	0.309050
1.140000	0.250000	0.321481
1.140000	0.260000	0.333919
1.140000	0.270000	0.346363
1.140000	0.280000	0.358813
1.140000	0.290000	0.371270
1.140000	0.300000	0.383733
1.140000	0.310000	0.396202
1.140000	0.320000	0.408676
1.140000	0.330000	0.421156
1.140000	0.340000	0.433641
1.140000	0.350000	0.446131
1.140000	0.360000	0.458626
1.140000	0.370000	0.471124
1.140000	0.380000	0.483626
1.140000	0.390000	0.496132
1.140000	0.400000	0.508639
1.140000	0.410000	0.521149
1.140000	0.420000	0.533661
1.140000	0.430000	0.546173
1.140000	0.440000	0.558685
1.140000	0.450000	0.571197
1.140000	0.460000	0.583707
1.140000	0.470000	0.596215
1.140000	0.480000	0.608720
1.140000	0.490000	0.621221
1.150000	0.000000	0.012449
1.150000	0.010000	0.024899
1.150000	0.020000	0.037349
1.150000	0.030000	0.049801
1.150000	0.040000	0.062255
1.150000	0.050000	0.074710
1.150000	0.060000	0.087168
1.150000	0.070000	0.099630
1.150000	0.080000	0.112094
1.150000	0.090000	0.124563
1.150000	0.100000	0.137035
1.150000	0.110000	0.149512
1.150000	0.120000	0.161994
1.150000	0.130000	0.174481
1.150000	0.140000	0.186973
1.150000	0.150000	0.199472
1.150000	0.160000	0.211976
1.150000	0.170000	0.224487
1.150000	0.180000	0.237004
1.150000	0.190000	0.249528
1.150000	0.200000	0.262058
1.150000	0.210000	0.274596
1.150000	0.220000	0.287141
1.150000	0.230000	0.299693
1.150000	0.240000	0.312253
1.150000	0.250000	0.324820
1.150000	0.260000	0.337394
1.150000	0.270000	0.349976
1.150000	0.280000	0.362565
1.150000	0.290000	0.375161
1.150000	0.300000	0.387764
1.150000	0.310000	0.400374
1.150000	0.320000	0.412991
1.150000	0.330000	0.425615
1.150000	0.340000	0.438244
1.150000	0.350000	0.450880
1.150000	0.360000	0.463521
1.150000	0.370000	0.476167
1.150000	0.380000	0.488818
1.150000	0.390000	0.501473
1.150000	0.400000	0.514132
1.150000	0.410000	0.526794
1.150000	0.420000	0.539459
1.150000	0.430000	0.552126
1.150000	0.440000	0.564794
1.150000	0.450000	0.577462
1.150000	0.460000	0.590130
1.150000	0.470000	0.602798
1.150000	0.480000	0.615463
1.150000	0.490000	0.628126
1.160000	0.000000	0.012573
1.160000	0.010000	0.025147
1.160000	0.020000	0.037721
1.160000	0.030000	0.050297
1.160000	0.040000	0.062875
1.160000	0.050000	0.075456
1.160000	0.060000	0.088039
1.160000	0.070000	0.100625
1.160000	0.080000	0.113215
1.160000	0.090000	0.125809
1.160000	0.100000	0.138408
1.160000	0.110000	0.151011
1.160000	0.120000	0.163620
1.160000	0.130000	0.176235
1.160000	0.140000	0.188855
1.160000	0.150000	0.201482
1.160000	0.160000	0.214115
1.160000	0.170000	0.226756
1.160000	0.180000	0.239403
1.160000	0.190000	0.252058
1.160000	0.200000	0.264721
1.160000	0.210000	0.277391
1.160000	0.220000	0.290070
1.160000	0.230000	0.302756
1.160000	0.240000	0.315451
1.160000	0.250000	0.328154
1.160000	0.260000	0.340865
1.160000	0.270000	0.353584
1.160000	0.280000	0.366312
1.160000	0.290000	0.379048
1.160000	0.300000	0.391792
1.160000	0.310000	0.404544
1.160000	0.320000	0.417303
1.160000	0.330000	0.430070
1.160000	0.340000	0.442845
1.160000	0.350000	0.455626
1.160000	0.360000	0.468414
1.160000	0.370000	0.481209
1.160000	0.380000	0.494009
1.160000	0.390000	0.506815
1.160000	0.400000	0.519625
1.160000	0.410000	0.532440
1.160000	0.420000	0.545259
1.160000	0.430000	0.558081
1.160000	0.440000	0.570905
1.160000	0.450000	0.583732
1.160000	0.460000	0.596559
1.160000	0.470000	0.609386
1.160000	0.480000	0.622213
1.160000	0.490000	0.635038
1.170000	0.000000	0.012697
1.170000	0.010000	0.025394
1.170000	0.020000	0.038093
1.170000	0.030000	0.050792
1.170000	0.040000	0.063494
1.170000	0.050000	0.076199
1.170000	0.060000	0.088906
1.170000	0.070000	0.101618
1.170000	0.080000	0.114333
1.170000	0.090000	0.127052
1.170000	0.100000	0.139777
1.170000	0.110000	0.152506
1.170000	0.120000	0.165242
1.170000	0.130000	0.177984
1.170000	0.140000	0.190732
1.170000	0.150000	0.203487
1.170000	0.160000	0.216250
1.170000	0.170000	0.229020
1.170000	0.180000	0.241798
1.170000	0.190000	0.254584
1.170000	0.200000	0.267378
1.170000	0.210000	0.280181
1.170000	0.220000	0.292993
1.170000	0.230000	0.305813
1.170000	0.240000	0.318643
1.170000	0.250000	0.331482
1.170000	0.260000	0.344330
1.170000	0.270000	0.357187
1.170000	0.280000	0.370054
1.170000	0.290000	0.382930
1.170000	0.300000	0.395815
1.170000	0.310000	0.408708
1.170000	0.320000	0.421611
1.170000	0.330000	0.434522
1.170000	0.340000	0.447442
1.170000	0.350000	0.460370
1.170000	0.360000	0.473305
1.170000	0.370000	0.486248
1.170000	0.380000	0.499199
1.170000	0.390000	0.512155
1.170000	0.400000	0.525118
1.170000	0.410000	0.538086
1.170000	0.420000	0.551060
1.170000	0.430000	0.564038
1.170000	0.440000	0.577019
1.170000	0.450000	0.590004
1.170000	0.460000	0.602991
1.170000	0.470000	0.615979
1.170000	0.480000	0.628968
1.170000	0.490000	0.641957
1.180000	0.000000	0.012820
1.180000	0.010000	0.025641
1.180000	0.020000	0.038462
1.180000	0.030000	0.051286
1.180000	0.040000	0.064111
1.180000	0.050000	0.076940
1.180000	0.060000	0.089772
1.180000	0.070000	0.102607
1.180000	0.080000	0.115447
1.180000	0.090000	0.128292
1.180000	0.100000	0.141141
1.180000	0.110000	0.153997
1.180000	0.120000	0.166859
1.180000	0.130000	0.179728
1.180000	0.140000	0.192604
1.180000	0.150000	0.205487
1.180000	0.160000	0.218378
1.180000	0.170000	0.231278
1.180000	0.180000	0.244186
1.180000	0.190000	0.257103
1.180000	0.200000	0.270029
1.180000	0.210000	0.282964
1.180000	0.220000	0.295909
1.180000	0.230000	0.308864
1.180000	0.240000	0.321829
1.180000	0.250000	0.334804
1.180000	0.260000	0.347789
1.180000	0.270000	0.360784
1.180000	0.280000	0.373790
1.180000	0.290000	0.386806
1.180000	0.300000	0.399832
1.180000	0.310000	0.412868
1.180000	0.320000	0.425914
1.180000	0.330000	0.438969
1.180000	0.340000	0.452034
1.180000	0.350000	0.465109
1.180000	0.360000	0.478192
1.180000	0.370000	0.491285
1.180000	0.380000	0.504385
1.180000	0.390000	0.517493
1.180000	0.400000	0.530609
1.180000	0.410000	0.543731
1.180000	0.420000	0.556860
1.180000	0.430000	0.569995
1.180000	0.440000	0.583134
1.180000	0.450000	0.596278
1.180000	0.460000	0.609425
1.180000	0.470000	0.622575
1.180000	0.480000	0.635727
1.180000	0.490000	0.648880
1.190000	0.000000	0.012943
1.190000	0.010000	0.025886
1.190000	0.020000	0.038831
1.190000	0.030000	0.051778
1.190000	0.040000	0.064726
1.190000	0.050000	0.077678
1.190000	0.060000	0.090634
1.190000	0.070000	0.103593
1.190000	0.080000	0.116557
1.190000	0.090000	0.129527
1.190000	0.100000	0.142502
1.190000	0.110000	0.155483
1.190000	0.120000	0.168471
1.190000	0.130000	0.181467
1.190000	0.140000	0.194470
1.190000	0.150000	0.207481
1.190000	0.160000	0.220501
1.190000	0.170000	0.233530
1.190000	0.180000	0.246568
1.190000	0.190000	0.259615
1.190000	0.200000	0.272673
1.190000	0.210000	0.285741
1.190000	0.220000	0.298819
1.190000	0.230000	0.311908
1.190000	0.240000	0.325008
1.190000	0.250000	0.338119
1.190000	0.260000	0.351241
1.190000	0.270000	0.364374
1.190000	0.280000	0.377519
1.190000	0.290000	0.390675
1.190000	0.300000	0.403842
1.190000	0.310000	0.417020
1.190000	0.320000	0.430210
1.190000	0.330000	0.443410
1.190000	0.340000	0.456621
1.190000	0.350000	0.469843
1.190000	0.360000	0.483074
1.190000	0.370000	0.496316
1.190000	0.380000	0.509567
1.190000	0.390000	0.522828
1.190000	0.400000	0.536097
1.190000	0.410000	0.549374
1.190000	0.420000	0.562658
1.190000	0.430000	0.575950
1.190000	0.440000	0.589248
1.190000	0.450000	0.602552
1.190000	0.460000	0.615861
1.190000	0.470000	0.629173
1.190000	0.480000	0.642489
1.190000	0.490000	0.655808
1.200000	0.000000	0.013065
1.200000	0.010000	0.026131
1.200000	0.020000	0.039198
1.200000	0.030000	0.052267
1.200000	0.040000	0.065339
1.200000	0.050000	0.078414
1.200000	0.060000	0.091492
1.200000	0.070000	0.104576
1.200000	0.080000	0.117664
1.200000	0.090000	0.130757
1.200000	0.100000	0.143857
1.200000	0.110000	0.156964
1.200000	0.120000	0.170078
1.200000	0.130000	0.183200
1.200000	0.140000	0.196330
1.200000	0.150000	0.209468
1.200000	0.160000	0.222616
1.200000	0.170000	0.235774
1.200000	0.180000	0.248942
1.200000	0.190000	0.262120
1.200000	0.200000	0.275309
1.200000	0.210000	0.288509
1.200000	0.220000	0.301720
1.200000	0.230000	0.314943
1.200000	0.240000	0.328178
1.200000	0.250000	0.341425
1.200000	0.260000	0.354684
1.200000	0.270000	0.367956
1.200000	0.280000	0.381239
1.200000	0.290000	0.394536
1.200000	0.300000	0.407844
1.200000	0.310000	0.421165
1.200000	0.320000	0.434498
1.200000	0.330000	0.447843
1.200000	0.340000	0.461201
1.200000	0.350000	0.474570
1.200000	0.360000	0.487950
1.200000	0.370000	0.501342
1.200000	0.380000	0.514744
1.200000	0.390000	0.528157
1.200000	0.400000	0.541580
1.200000	0.410000	0.555012
1.200000	0.420000	0.568453
1.200000	0.430000	0.581903
1.200000	0.440000	0.595361
1.200000	0.450000	0.608825
1.200000	0.460000	0.622296
1.200000	0.470000	0.635772
1.200000	0.480000	0.649253
1.200000	0.490000	0.662738
1.210000	0.000000	0.013187
1.210000	0.010000	0.026375
1.210000	0.020000	0.039564
1.210000	0.030000	0.052755
1.210000	0.040000	0.065949
1.210000	0.050000	0.079146
1.210000	0.060000	0.092348
1.210000	0.070000	0.105554
1.210000	0.080000	0.118765
1.210000	0.090000	0.131983
1.210000	0.100000	0.145207
1.210000	0.110000	0.158439
1.210000	0.120000	0.171678
1.210000	0.130000	0.184926
1.210000	0.140000	0.198182
1.210000	0.150000	0.211448
1.210000	0.160000	0.224724
1.210000	0.170000	0.238011
1.210000	0.180000	0.251308
1.210000	0.190000	0.264616
1.210000	0.200000	0.277936
1.210000	0.210000	0.291268
1.210000	0.220000	0.304613
1.210000	0.230000	0.317969
1.210000	0.240000	0.331339
1.210000	0.250000	0.344722
1.210000	0.260000	0.358118
1.210000	0.270000	0.371528
1.210000	0.280000	0.384951
1.210000	0.290000	0.398387
1.210000	0.300000	0.411837
1.210000	0.310000	0.425301
1.210000	0.320000	0.438778
1.210000	0.330000	0.452268
1.210000	0.340000	0.465772
1.210000	0.350000	0.479289
1.210000	0.360000	0.492818
1.210000	0.370000	0.506360
1.210000	0.380000	0.519914
1.210000	0.390000	0.533480
1.210000	0.400000	0.547057
1.210000	0.410000	0.560645
1.210000	0.420000	0.574244
1.210000	0.430000	0.587852
1.210000	0.440000	0.601470
1.210000	0.450000	0.615096
1.210000	0.460000	0.628729
1.210000	0.470000	0.642370
1.210000	0.480000	0.656017
1.210000	0.490000	0.669669
1.220000	0.000000	0.013308
1.220000	0.010000	0.026617
1.220000	0.020000	0.039928
1.220000	0.030000	0.053240
1.220000	0.040000	0.066556
1.220000	0.050000	0.079875
1.220000	0.060000	0.093199
1.220000	0.070000	0.106528
1.220000	0.080000	0.119862
1.220000	0.090000	0.133203
1.220000	0.100000	0.146551
1.220000	0.110000	0.159907
1.220000	0.120000	0.173271
1.220000	0.130000	0.186644
1.220000	0.140000	0.200027
1.220000	0.150000	0.213420
1.220000	0.160000	0.226824
1.220000	0.170000	0.240238
1.220000	0.180000	0.253665
1.220000	0.190000	0.267103
1.220000	0.200000	0.280554
1.220000	0.210000	0.294018
1.220000	0.220000	0.307495
1.220000	0.230000	0.320985
1.220000	0.240000	0.334490
1.220000	0.250000	0.348009
1.220000	0.260000	0.361542
1.220000	0.270000	0.375089
1.220000	0.280000	0.388651
1.220000	0.290000	0.402228
1.220000	0.300000	0.415820
1.220000	0.310000	0.429426
1.220000	0.320000	0.443047
1.220000	0.330000	0.456683
1.220000	0.340000	0.470333
1.220000	0.350000	0.483998
1.220000	0.360000	0.497677
1.220000	0.370000	0.511370
1.220000	0.380000	0.525076
1.220000	0.390000	0.538795
1.220000	0.400000	0.552528
1.220000	0.410000	0.566272
1.220000	0.420000	0.580028
1.220000	0.430000	0.593796
1.220000	0.440000	0.607574
1.220000	0.450000	0.621362
1.220000	0.460000	0.635160
1.220000	0.470000	0.648965
1.220000	0.480000	0.662779
1.220000	0.490000	0.676599
1.230000	0.000000	0.013429
1.230000	0.010000	0.026859
1.230000	0.020000	0.040290
1.230000	0.030000	0.053723
1.230000	0.040000	0.067160
1.230000	0.050000	0.080601
1.230000	0.060000	0.094046
1.230000	0.070000	0.107497
1.230000	0.080000	0.120954
1.230000	0.090000	0.134418
1.230000	0.100000	0.147889
1.230000	0.110000	0.161369
1.230000	0.120000	0.174857
1.230000	0.130000	0.188355
1.230000	0.140000	0.201864
1.230000	0.150000	0.215383
1.230000	0.160000	0.228914
1.230000	0.170000	0.242456
1.230000	0.180000	0.256011
1.230000	0.190000	0.269579
1.230000	0.200000	0.283161
1.230000	0.210000	0.296756
1.230000	0.220000	0.310366
1.230000	0.230000	0.323990
1.230000	0.240000	0.337629
1.230000	0.250000	0.351284
1.230000	0.260000	0.364953
1.230000	0.270000	0.378639
1.230000	0.280000	0.392340
1.230000	0.290000	0.406057
1.230000	0.300000	0.419791
1.230000	0.310000	0.433540
1.230000	0.320000	0.447305
1.230000	0.330000	0.461087
1.230000	0.340000	0.474884
1.230000	0.350000	0.488697
1.230000	0.360000	0.502526
1.230000	0.370000	0.516369
1.230000	0.380000	0.530228
1.230000	0.390000	0.544102
1.230000	0.400000	0.557989
1.230000	0.410000	0.571891
1.230000	0.420000	0.585805
1.230000	0.430000	0.599733
1.230000	0.440000	0.613672
1.230000	0.450000	0.627624
1.230000	0.460000	0.641585
1.230000	0.470000	0.655557
1.230000	0.480000	0.669538
1.230000	0.490000	0.683527
1.240000	0.000000	0.013549
1.240000	0.010000	0.027099
1.240000	0.020000	0.040650
1.240000	0.030000	0.054204
1.240000	0.040000	0.067761
1.240000	0.050000	0.081322
1.240000	0.060000	0.094889
1.240000	0.070000	0.108461
1.240000	0.080000	0.122039
1.240000	0.090000	0.135625
1.240000	0.100000	0.149220
1.240000	0.110000	0.162822
1.240000	0.120000	0.176435
1.240000	0.130000	0.190058
1.240000	0.140000	0.203691
1.240000	0.150000	0.217336
1.240000	0.160000	0.230994
1.240000	0.170000	0.244664
1.240000	0.180000	0.258347
1.240000	0.190000	0.272045
1.240000	0.200000	0.285756
1.240000	0.210000	0.299483
1.240000	0.220000	0.313225
1.240000	0.230000	0.326982
1.240000	0.240000	0.340756
1.240000	0.250000	0.354546
1.240000	0.260000	0.368352
1.240000	0.270000	0.382176
1.240000	0.280000	0.396016
1.240000	0.290000	0.409874
1.240000	0.300000	0.423749
1.240000	0.310000	0.437641
1.240000	0.320000	0.451551
1.240000	0.330000	0.465478
1.240000	0.340000	0.479422
1.240000	0.350000	0.493384
1.240000	0.360000	0.507362
1.240000	0.370000	0.521358
1.240000	0.380000	0.535369
1.240000	0.390000	0.549397
1.240000	0.400000	0.563441
1.240000	0.410000	0.577500
1.240000	0.420000	0.591573
1.240000	0.430000	0.605661
1.240000	0.440000	0.619763
1.240000	0.450000	0.633878
1.240000	0.460000	0.648005
1.240000	0.470000	0.662143
1.240000	0.480000	0.676293
1.240000	0.490000	0.690452
1.250000	0.000000	0.013668
1.250000	0.010000	0.027337
1.250000	0.020000	0.041008
1.250000	0.030000	0.054681
1.250000	0.040000	0.068358
1.250000	0.050000	0.082040
1.250000	0.060000	0.095726
1.250000	0.070000	0.109419
1.250000	0.080000	0.123119
1.250000	0.090000	0.136826
1.250000	0.100000	0.150543
1.250000	0.110000	0.164268
1.250000	0.120000	0.178004
1.250000	0.130000	0.191750
1.250000	0.140000	0.205509
1.250000	0.150000	0.219279
1.250000	0.160000	0.233063
1.250000	0.170000	0.246860
1.250000	0.180000	0.260672
1.250000	0.190000	0.274498
1.250000	0.200000	0.288339
1.250000	0.210000	0.302197
1.250000	0.220000	0.316071
1.250000	0.230000	0.329961
1.250000	0.240000	0.343869
1.250000	0.250000	0.357794
1.250000	0.260000	0.371737
1.250000	0.270000	0.385698
1.250000	0.280000	0.399678
1.250000	0.290000	0.413676
1.250000	0.300000	0.427693
1.250000	0.310000	0.441728
1.250000	0.320000	0.455782
1.250000	0.330000	0.469855
1.250000	0.340000	0.483947
1.250000	0.350000	0.498057
1.250000	0.360000	0.512186
1.250000	0.370000	0.526333
1.250000	0.380000	0.540498
1.250000	0.390000	0.554681
1.250000	0.400000	0.568880
1.250000	0.410000	0.583097
1.250000	0.420000	0.597331
1.250000	0.430000	0.611580
1.250000	0.440000	0.625844
1.250000	0.450000	0.640123
1.250000	0.460000	0.654417
1.250000	0.470000	0.668723
1.250000	0.480000	0.683042
1.250000	0.490000	0.697372
1.260000	0.000000	0.013787
1.260000	0.010000	0.027574
1.260000	0.020000	0.041363
1.260000	0.030000	0.055156
1.260000	0.040000	0.068951
1.260000	0.050000	0.082752
1.260000	0.060000	0.096558
1.260000	0.070000	0.110371
1.260000	0.080000	0.124191
1.260000	0.090000	0.138020
1.260000	0.100000	0.151857
1.260000	0.110000	0.165705
1.260000	0.120000	0.179563
1.260000	0.130000	0.193433
1.260000	0.140000	0.207316
1.260000	0.150000	0.221211
1.260000	0.160000	0.235120
1.260000	0.170000	0.249044
1.260000	0.180000	0.262983
1.260000	0.190000	0.276938
1.260000	0.200000	0.290909
1.260000	0.210000	0.304897
1.260000	0.220000	0.318902
1.260000	0.230000	0.332925
1.260000	0.240000	0.346967
1.260000	0.250000	0.361027
1.260000	0.260000	0.375107
1.260000	0.270000	0.389206
1.260000	0.280000	0.403324
1.260000	0.290000	0.417462
1.260000	0.300000	0.431621
1.260000	0.310000	0.445799
1.260000	0.320000	0.459998
1.260000	0.330000	0.474217
1.260000	0.340000	0.488456
1.260000	0.350000	0.502715
1.260000	0.360000	0.516995
1.260000	0.370000	0.531294
1.260000	0.380000	0.545612
1.260000	0.390000	0.559950
1.260000	0.400000	0.574307
1.260000	0.410000	0.588682
1.260000	0.420000	0.603076
1.260000	0.430000	0.617487
1.260000	0.440000	0.631915
1.260000	0.450000	0.646359
1.260000	0.460000	0.660819
1.260000	0.470000	0.675294
1.260000	0.480000	0.689782
1.260000	0.490000	0.704285
1.270000	0.000000	0.013904
1.270000	0.010000	0.027809
1.270000	0.020000	0.041716
1.270000	0.030000	0.055627
1.270000	0.040000	0.069541
1.270000	0.050000	0.083460
1.270000	0.060000	0.097385
1.270000	0.070000	0.111317
1.270000	0.080000	0.125257
1.270000	0.090000	0.139205
1.270000	0.100000	0.153164
1.270000	0.110000	0.167133
1.270000	0.120000	0.181113
1.270000	0.130000	0.195105
1.270000	0.140000	0.209111
1.270000	0.150000	0.223131
1.270000	0.160000	0.237165
1.270000	0.170000	0.251215
1.270000	0.180000	0.265281
1.270000	0.190000	0.279364
1.270000	0.200000	0.293464
1.270000	0.210000	0.307582
1.270000	0.220000	0.321718
1.270000	0.230000	0.335874
1.270000	0.240000	0.350049
1.270000	0.250000	0.364244
1.270000	0.260000	0.378460
1.270000	0.270000	0.392696
1.270000	0.280000	0.406953
1.270000	0.290000	0.421232
1.270000	0.300000	0.435532
1.270000	0.310000	0.449853
1.270000	0.320000	0.464197
1.270000	0.330000	0.478562
1.270000	0.340000	0.492948
1.270000	0.350000	0.507357
1.270000	0.360000	0.521787
1.270000	0.370000	0.536238
1.270000	0.380000	0.550711
1.270000	0.390000	0.565204
1.270000	0.400000	0.579719
1.270000	0.410000	0.594253
1.270000	0.420000	0.608807
1.270000	0.430000	0.623380
1.270000	0.440000	0.637972
1.270000	0.450000	0.652582
1.270000	0.460000	0.667210
1.270000	0.470000	0.681854
1.270000	0.480000	0.696514
1.270000	0.490000	0.711189
1.280000	0.000000	0.014021
1.280000	0.010000	0.028043
1.280000	0.020000	0.042067
1.280000	0.030000	0.056094
1.280000	0.040000	0.070126
1.280000	0.050000	0.084162
1.280000	0.060000	0.098205
1.280000	0.070000	0.112256
1.280000	0.080000	0.126314
1.280000	0.090000	0.140382
1.280000	0.100000	0.154460
1.280000	0.110000	0.168550
1.280000	0.120000	0.182651
1.280000	0.130000	0.196766
1.280000	0.140000	0.210895
1.280000	0.150000	0.225038
1.280000	0.160000	0.239197
1.280000	0.170000	0.253372
1.280000	0.180000	0.267564
1.280000	0.190000	0.281774
1.280000	0.200000	0.296003
1.280000	0.210000	0.310250
1.280000	0.220000	0.324518
1.280000	0.230000	0.338805
1.280000	0.240000	0.353114
1.280000	0.250000	0.367444
1.280000	0.260000	0.381795
1.280000	0.270000	0.396169
1.280000	0.280000	0.410564
1.280000	0.290000	0.424983
1.280000	0.300000	0.439425
1.280000	0.310000	0.453889
1.280000	0.320000	0.468377
1.280000	0.330000	0.482888
1.280000	0.340000	0.497423
1.280000	0.350000	0.511980
1.280000	0.360000	0.526561
1.280000	0.370000	0.541165
1.280000	0.380000	0.555792
1.280000	0.390000	0.570442
1.280000	0.400000	0.585114
1.280000	0.410000	0.599807
1.280000	0.420000	0.614523
1.280000	0.430000	0.629259
1.280000	0.440000	0.644016
1.280000	0.450000	0.658792
1.280000	0.460000	0.673588
1.280000	0.470000	0.688402
1.280000	0.480000	0.703234
1.280000	0.490000	0.718083
1.290000	0.000000	0.014137
1.290000	0.010000	0.028274
1.290000	0.020000	0.042414
1.290000	0.030000	0.056558
1.290000	0.040000	0.070706
1.290000	0.050000	0.084859
1.290000	0.060000	0.099019
1.290000	0.070000	0.113187
1.290000	0.080000	0.127364
1.290000	0.090000	0.141550
1.290000	0.100000	0.155747
1.290000	0.110000	0.169956
1.290000	0.120000	0.184178
1.290000	0.130000	0.198414
1.290000	0.140000	0.212665
1.290000	0.150000	0.226931
1.290000	0.160000	0.241213
1.290000	0.170000	0.255513
1.290000	0.180000	0.269831
1.290000	0.190000	0.284168
1.290000	0.200000	0.298525
1.290000	0.210000	0.312902
1.290000	0.220000	0.327299
1.290000	0.230000	0.341719
1.290000	0.240000	0.356160
1.290000	0.250000	0.370624
1.290000	0.260000	0.385111
1.290000	0.270000	0.399621
1.290000	0.280000	0.414156
1.290000	0.290000	0.428714
1.290000	0.300000	0.443297
1.290000	0.310000	0.457905
1.290000	0.320000	0.472537
1.290000	0.330000	0.487194
1.290000	0.340000	0.501877
1.290000	0.350000	0.516584
1.290000	0.360000	0.531316
1.290000	0.370000	0.546073
1.290000	0.380000	0.560854
1.290000	0.390000	0.575660
1.290000	0.400000	0.590490
1.290000	0.410000	0.605344
1.290000	0.420000	0.620221
1.290000	0.430000	0.635121
1.290000	0.440000	0.650043
1.290000	0.450000	0.664986
1.290000	0.460000	0.679951
1.290000	0.470000	0.694936
1.290000	0.480000	0.709941
1.290000	0.490000	0.724964
1.300000	0.000000	0.014251
1.300000	0.010000	0.028504
1.300000	0.020000	0.042759
1.300000	0.030000	0.057018
1.300000	0.040000	0.071281
1.300000	0.050000	0.085550
1.300000	0.060000	0.099826
1.300000	0.070000	0.114110
1.300000	0.080000	0.128404
1.300000	0.090000	0.142708
1.300000	0.100000	0.157024
1.300000	0.110000	0.171352
1.300000	0.120000	0.185693
1.300000	0.130000	0.200049
1.300000	0.140000	0.214421
1.300000	0.150000	0.228809
1.300000	0.160000	0.243215
1.300000	0.170000	0.257639
1.300000	0.180000	0.272082
1.300000	0.190000	0.286545
1.300000	0.200000	0.301029
1.300000	0.210000	0.315534
1.300000	0.220000	0.330062
1.300000	0.230000	0.344612
1.300000	0.240000	0.359186
1.300000	0.250000	0.373784
1.300000	0.260000	0.388406
1.300000	0.270000	0.403053
1.300000	0.280000	0.417726
1.300000	0.290000	0.432424
1.300000	0.300000	0.447148
1.300000	0.310000	0.461898
1.300000	0.320000	0.476675
1.300000	0.330000	0.491479
1.300000	0.340000	0.506309
1.300000	0.350000	0.521166
1.300000	0.360000	0.536049
1.300000	0.370000	0.550959
1.300000	0.380000	0.565895
1.300000	0.390000	0.580858
1.300000	0.400000	0.595846
1.300000	0.410000	0.610860
1.300000	0.420000	0.625900
1.300000	0.430000	0.640964
1.300000	0.440000	0.656052
1.300000	0.450000	0.671163
1.300000	0.460000	0.686298
1.300000	0.470000	0.701455
1.300000	0.480000	0.716633
1.300000	0.490000	0.731832
1.310000	0.000000	0.014365
1.310000	0.010000	0.028732
1.310000	0.020000	0.043100
1.310000	0.030000	0.057473
1.310000	0.040000	0.071851
1.310000	0.050000	0.086235
1.310000	0.060000	0.100626
1.310000	0.070000	0.115026
1.310000	0.080000	0.129435
1.310000	0.090000	0.143856
1.310000	0.100000	0.158289
1.310000	0.110000	0.172734
1.310000	0.120000	0.187195
1.310000	0.130000	0.201670
1.310000	0.140000	0.216162
1.310000	0.150000	0.230672
1.310000	0.160000	0.245200
1.310000	0.170000	0.259747
1.310000	0.180000	0.274315
1.310000	0.190000	0.288903
1.310000	0.200000	0.303514
1.310000	0.210000	0.318147
1.310000	0.220000	0.332804
1.310000	0.230000	0.347485
1.310000	0.240000	0.362191
1.310000	0.250000	0.376922
1.310000	0.260000	0.391679
1.310000	0.270000	0.406462
1.310000	0.280000	0.421273
1.310000	0.290000	0.436110
1.310000	0.300000	0.450976
1.310000	0.310000	0.465869
1.310000	0.320000	0.480790
1.310000	0.330000	0.495740
1.310000	0.340000	0.510718
1.310000	0.350000	0.525724
1.310000	0.360000	0.540759
1.310000	0.370000	0.555822
1.310000	0.380000	0.570914
1.310000	0.390000	0.586033
1.310000	0.400000	0.601181
1.310000	0.410000	0.616356
1.310000	0.420000	0.631557
1.310000	0.430000	0.646786
1.310000	0.440000	0.662041
1.310000	0.450000	0.677321
1.310000	0.460000	0.692626
1.310000	0.470000	0.707955
1.310000	0.480000	0.723308
1.310000	0.490000	0.738683
1.320000	0.000000	0.014478
1.320000	0.010000	0.028957
1.320000	0.020000	0.043438
1.320000	0.030000	0.057924
1.320000	0.040000	0.072415
1.320000	0.050000	0.086912
1.320000	0.060000	0.101418
1.320000	0.070000	0.115932
1.320000	0.080000	0.130456
1.320000	0.090000	0.144993
1.320000	0.100000	0.159541
1.320000	0.110000	0.174104
1.320000	0.120000	0.188682
1.320000	0.130000	0.203276
1.320000	0.140000	0.217888
1.320000	0.150000	0.232518
1.320000	0.160000	0.247167
1.320000	0.170000	0.261837
1.320000	0.180000	0.276528
1.320000	0.190000	0.291242
1.320000	0.200000	0.305978
1.320000	0.210000	0.320739
1.320000	0.220000	0.335524
1.320000	0.230000	0.350335
1.320000	0.240000	0.365172
1.320000	0.250000	0.380036
1.320000	0.260000	0.394928
1.320000	0.270000	0.409847
1.320000	0.280000	0.424795
1.320000	0.290000	0.439772
1.320000	0.300000	0.454778
1.320000	0.310000	0.469814
1.320000	0.320000	0.484880
1.320000	0.330000	0.499975
1.320000	0.340000	0.515101
1.320000	0.350000	0.530257
1.320000	0.360000	0.545444
1.320000	0.370000	0.560661
1.320000	0.380000	0.575908
1.320000	0.390000	0.591184
1.320000	0.400000	0.606491
1.320000	0.410000	0.621827
1.320000	0.420000	0.637192
1.320000	0.430000	0.652586
1.320000	0.440000	0.668008
1.320000	0.450000	0.683457
1.320000	0.460000	0.698933
1.320000	0.470000	0.714436
1.320000	0.480000	0.729964
1.320000	0.490000	0.745517
1.330000	0.000000	0.014589
1.330000	0.010000	0.029180
1.330000	0.020000	0.043773
1.330000	0.030000	0.058370
1.330000	0.040000	0.072973
1.330000	0.050000	0.087583
1.330000	0.060000	0.102201
1.330000	0.070000	0.116829
1.330000	0.080000	0.131467
1.330000	0.090000	0.146118
1.330000	0.100000	0.160782
1.330000	0.110000	0.175460
1.330000	0.120000	0.190155
1.330000	0.130000	0.204867
1.330000	0.140000	0.219597
1.330000	0.150000	0.234346
1.330000	0.160000	0.249116
1.330000	0.170000	0.263907
1.330000	0.180000	0.278721
1.330000	0.190000	0.293559
1.330000	0.200000	0.308421
1.330000	0.210000	0.323308
1.330000	0.220000	0.338221
1.330000	0.230000	0.353162
1.330000	0.240000	0.368130
1.330000	0.250000	0.383126
1.330000	0.260000	0.398152
1.330000	0.270000	0.413207
1.330000	0.280000	0.428292
1.330000	0.290000	0.443408
1.330000	0.300000	0.458554
1.330000	0.310000	0.473733
1.330000	0.320000	0.488942
1.330000	0.330000	0.504184
1.330000	0.340000	0.519458
1.330000	0.350000	0.534764
1.330000	0.360000	0.550102
1.330000	0.370000	0.565472
1.330000	0.380000	0.580875
1.330000	0.390000	0.596309
1.330000	0.400000	0.611775
1.330000	0.410000	0.627273
1.330000	0.420000	0.642802
1.330000	0.430000	0.658361
1.330000	0.440000	0.673951
1.330000	0.450000	0.689570
1.330000	0.460000	0.705218
1.330000	0.470000	0.720895
1.330000	0.480000	0.736599
1.330000	0.490000	0.752330
1.340000	0.000000	0.014699
1.340000	0.010000	0.029400
1.340000	0.020000	0.044103
1.340000	0.030000	0.058811
1.340000	0.040000	0.073525
1.340000	0.050000	0.088246
1.340000	0.060000	0.102976
1.340000	0.070000	0.117715
1.340000	0.080000	0.132466
1.340000	0.090000	0.147230
1.340000	0.100000	0.162008
1.340000	0.110000	0.176802
1.340000	0.120000	0.191612
1.340000	0.130000	0.206440
1.340000	0.140000	0.221288
1.340000	0.150000	0.236156
1.340000	0.160000	0.251045
1.340000	0.170000	0.265957
1.340000	0.180000	0.280893
1.340000	0.190000	0.295854
1.340000	0.200000	0.310840
1.340000	0.210000	0.325853
1.340000	0.220000	0.340894
1.340000	0.230000	0.355963
1.340000	0.240000	0.371061
1.340000	0.250000	0.386190
1.340000	0.260000	0.401348
1.340000	0.270000	0.416539
1.340000	0.280000	0.431761
1.340000	0.290000	0.447015
1.340000	0.300000	0.462302
1.340000	0.310000	0.477622
1.340000	0.320000	0.492976
1.340000	0.330000	0.508364
1.340000	0.340000	0.523785
1.340000	0.350000	0.539241
1.340000	0.360000	0.554731
1.340000	0.370000	0.570255
1.340000	0.380000	0.585813
1.340000	0.390000	0.601405
1.340000	0.400000	0.617032
1.340000	0.410000	0.632691
1.340000	0.420000	0.648384
1.340000	0.430000	0.664110
1.340000	0.440000	0.679868
1.340000	0.450000	0.695657
1.340000	0.460000	0.711478
1.340000	0.470000	0.727330
1.340000	0.480000	0.743211
1.340000	0.490000	0.759121
1.350000	0.000000	0.014808
1.350000	0.010000	0.029617
1.350000	0.020000	0.044430
1.350000	0.030000	0.059247
1.350000	0.040000	0.074070
1.350000	0.050000	0.088901
1.350000	0.060000	0.103741
1.350000	0.070000	0.118591
1.350000	0.080000	0.133454
1.350000	0.090000	0.148330
1.350000	0.100000	0.163221
1.350000	0.110000	0.178128
1.350000	0.120000	0.193053
1.350000	0.130000	0.207996
1.350000	0.140000	0.222960
1.350000	0.150000	0.237945
1.350000	0.160000	0.252953
1.350000	0.170000	0.267985
1.350000	0.180000	0.283042
1.350000	0.190000	0.298125
1.350000	0.200000	0.313235
1.350000	0.210000	0.328373
1.350000	0.220000	0.343540
1.350000	0.230000	0.358737
1.350000	0.240000	0.373965
1.350000	0.250000	0.389225
1.350000	0.260000	0.404517
1.350000	0.270000	0.419841
1.350000	0.280000	0.435200
1.350000	0.290000	0.450592
1.350000	0.300000	0.466019
1.350000	0.310000	0.481482
1.350000	0.320000	0.496979
1.350000	0.330000	0.512513
1.350000	0.340000	0.528082
1.350000	0.350000	0.543687
1.350000	0.360000	0.559329
1.350000	0.370000	0.575007
1.350000	0.380000	0.590721
1.350000	0.390000	0.606471
1.350000	0.400000	0.622258
1.350000	0.410000	0.638080
1.350000	0.420000	0.653937
1.350000	0.430000	0.669829
1.350000	0.440000	0.685756
1.350000	0.450000	0.701717
1.350000	0.460000	0.717711
1.350000	0.470000	0.733738
1.350000	0.480000	0.749798
1.350000	0.490000	0.765888
1.360000	0.000000	0.014915
1.360000	0.010000	0.029832
1.360000	0.020000	0.044752
1.360000	0.030000	0.059677
1.360000	0.040000	0.074608
1.360000	0.050000	0.089548
1.360000	0.060000	0.104497
1.360000	0.070000	0.119457
1.360000	0.080000	0.134429
1.360000	0.090000	0.149416
1.360000	0.100000	0.164418
1.360000	0.110000	0.179438
1.360000	0.120000	0.194475
1.360000	0.130000	0.209533
1.360000	0.140000	0.224612
1.360000	0.150000	0.239714
1.360000	0.160000	0.254839
1.360000	0.170000	0.269990
1.360000	0.180000	0.285167
1.360000	0.190000	0.300371
1.360000	0.200000	0.315604
1.360000	0.210000	0.330866
1.360000	0.220000	0.346159
1.360000	0.230000	0.361483
1.360000	0.240000	0.376840
1.360000	0.250000	0.392230
1.360000	0.260000	0.407654
1.360000	0.270000	0.423113
1.360000	0.280000	0.438608
1.360000	0.290000	0.454138
1.360000	0.300000	0.469705
1.360000	0.310000	0.485308
1.360000	0.320000	0.500950
1.360000	0.330000	0.516629
1.360000	0.340000	0.532345
1.360000	0.350000	0.548101
1.360000	0.360000	0.563894
1.360000	0.370000	0.579726
1.360000	0.380000	0.595596
1.360000	0.390000	0.611505
1.360000	0.400000	0.627451
1.360000	0.410000	0.643436
1.360000	0.420000	0.659458
1.360000	0.430000	0.675518
1.360000	0.440000	0.691614
1.360000	0.450000	0.707747
1.360000	0.460000	0.723915
1.360000	0.470000	0.740119
1.360000	0.480000	0.756356
1.360000	0.490000	0.772628
1.370000	0.000000	0.015021
1.370000	0.010000	0.030044
1.370000	0.020000	0.045070
1.370000	0.030000	0.060101
1.370000	0.040000	0.075139
1.370000	0.050000	0.090185
1.370000	0.060000	0.105242
1.370000	0.070000	0.120310
1.370000	0.080000	0.135391
1.370000	0.090000	0.150487
1.370000	0.100000	0.165600
1.370000	0.110000	0.180730
1.370000	0.120000	0.195880
1.370000	0.130000	0.211051
1.370000	0.140000	0.226244
1.370000	0.150000	0.241460
1.370000	0.160000	0.256702
1.370000	0.170000	0.271970
1.370000	0.180000	0.287266
1.370000	0.190000	0.302591
1.370000	0.200000	0.317945
1.370000	0.210000	0.333331
1.370000	0.220000	0.348748
1.370000	0.230000	0.364199
1.370000	0.240000	0.379684
1.370000	0.250000	0.395204
1.370000	0.260000	0.410760
1.370000	0.270000	0.426352
1.370000	0.280000	0.441982
1.370000	0.290000	0.457650
1.370000	0.300000	0.473356
1.370000	0.310000	0.489101
1.370000	0.320000	0.504885
1.370000	0.330000	0.520709
1.370000	0.340000	0.536574
1.370000	0.350000	0.552479
1.370000	0.360000	0.568424
1.370000	0.370000	0.584410
1.370000	0.380000	0.600436
1.370000	0.390000	0.616503
1.370000	0.400000	0.632610
1.370000	0.410000	0.648758
1.370000	0.420000	0.664946
1.370000	0.430000	0.681173
1.370000	0.440000	0.697439
1.370000	0.450000	0.713744
1.370000	0.460000	0.730087
1.370000	0.470000	0.746468
1.370000	0.480000	0.762885
1.370000	0.490000	0.779338
1.380000	0.000000	0.015125
1.380000	0.010000	0.030252
1.380000	0.020000	0.045383
1.380000	0.030000	0.060519
1.380000	0.040000	0.075662
1.380000	0.050000	0.090814
1.380000	0.060000	0.105976
1.380000	0.070000	0.121151
1.380000	0.080000	0.136339
1.380000	0.090000	0.151543
1.380000	0.100000	0.166764
1.380000	0.110000	0.182004
1.380000	0.120000	0.197265
1.380000	0.130000	0.212547
1.380000	0.140000	0.227853
1.380000	0.150000	0.243183
1.380000	0.160000	0.258540
1.380000	0.170000	0.273925
1.380000	0.180000	0.289338
1.380000	0.190000	0.304782
1.380000	0.200000	0.320257
1.380000	0.210000	0.335765
1.380000	0.220000	0.351307
1.380000	0.230000	0.366884
1.380000	0.240000	0.382496
1.380000	0.250000	0.398145
1.380000	0.260000	0.413832
1.380000	0.270000	0.429557
1.380000	0.280000	0.445321
1.380000	0.290000	0.461126
1.380000	0.300000	0.476971
1.380000	0.310000	0.492856
1.380000	0.320000	0.508784
1.380000	0.330000	0.524753
1.380000	0.340000	0.540765
1.380000	0.350000	0.556819
1.380000	0.360000	0.572916
1.380000	0.370000	0.589056
1.380000	0.380000	0.605239
1.380000	0.390000	0.621464
1.380000	0.400000	0.637733
1.380000	0.410000	0.654044
1.380000	0.420000	0.670397
1.380000	0.430000	0.686792
1.380000	0.440000	0.703229
1.380000	0.450000	0.719707
1.380000	0.460000	0.736226
1.380000	0.470000	0.752784
1.380000	0.480000	0.769382
1.380000	0.490000	0.786017
1.390000	0.000000	0.015228
1.390000	0.010000	0.030458
1.390000	0.020000	0.045691
1.390000	0.030000	0.060930
1.390000	0.040000	0.076177
1.390000	0.050000	0.091432
1.390000	0.060000	0.106699
1.390000	0.070000	0.121978
1.390000	0.080000	0.137272
1.390000	0.090000	0.152583
1.390000	0.100000	0.167911
1.390000	0.110000	0.183259
1.390000	0.120000	0.198629
1.390000	0.130000	0.214021
1.390000	0.140000	0.229439
1.390000	0.150000	0.244882
1.390000	0.160000	0.260352
1.390000	0.170000	0.275852
1.390000	0.180000	0.291382
1.390000	0.190000	0.306944
1.390000	0.200000	0.322539
1.390000	0.210000	0.338168
1.390000	0.220000	0.353833
1.390000	0.230000	0.369534
1.390000	0.240000	0.385273
1.390000	0.250000	0.401051
1.390000	0.260000	0.416868
1.390000	0.270000	0.432725
1.390000	0.280000	0.448624
1.390000	0.290000	0.464564
1.390000	0.300000	0.480547
1.390000	0.310000	0.496574
1.390000	0.320000	0.512644
1.390000	0.330000	0.528758
1.390000	0.340000	0.544916
1.390000	0.350000	0.561120
1.390000	0.360000	0.577369
1.390000	0.370000	0.593662
1.390000	0.380000	0.610002
1.390000	0.390000	0.626386
1.390000	0.400000	0.642815
1.390000	0.410000	0.659290
1.390000	0.420000	0.675809
1.390000	0.430000	0.692373
1.390000	0.440000	0.708981
1.390000	0.450000	0.725633
1.390000	0.460000	0.742327
1.390000	0.470000	0.759064
1.390000	0.480000	0.775843
1.390000	0.490000	0.792662
1.400000	0.000000	0.015329
1.400000	0.010000	0.030659
1.400000	0.020000	0.045994
1.400000	0.030000	0.061334
1.400000	0.040000	0.076683
1.400000	0.050000	0.092040
1.400000	0.060000	0.107410
1.400000	0.070000	0.122792
1.400000	0.080000	0.138190
1.400000	0.090000	0.153606
1.400000	0.100000	0.169040
1.400000	0.110000	0.184494
1.400000	0.120000	0.199972
1.400000	0.130000	0.215473
1.400000	0.140000	0.231000
1.400000	0.150000	0.246554
1.400000	0.160000	0.262137
1.400000	0.170000	0.277751
1.400000	0.180000	0.293397
1.400000	0.190000	0.309075
1.400000	0.200000	0.324789
1.400000	0.210000	0.340538
1.400000	0.220000	0.356325
1.400000	0.230000	0.372150
1.400000	0.240000	0.388014
1.400000	0.250000	0.403919
1.400000	0.260000	0.419865
1.400000	0.270000	0.435854
1.400000	0.280000	0.451886
1.400000	0.290000	0.467963
1.400000	0.300000	0.484083
1.400000	0.310000	0.500250
1.400000	0.320000	0.516462
1.400000	0.330000	0.532721
1.400000	0.340000	0.549026
1.400000	0.350000	0.565379
1.400000	0.360000	0.581779
1.400000	0.370000	0.598227
1.400000	0.380000	0.614722
1.400000	0.390000	0.631266
1.400000	0.400000	0.647856
1.400000	0.410000	0.664495
1.400000	0.420000	0.681181
1.400000	0.430000	0.697913
1.400000	0.440000	0.714693
1.400000	0.450000	0.731519
1.400000	0.460000	0.748390
1.400000	0.470000	0.765306
1.400000	0.480000	0.782267
1.400000	0.490000	0.799271
1.410000	0.000000	0.015428
1.410000	0.010000	0.030857
1.410000	0.020000	0.046291
1.410000	0.030000	0.061731
1.410000	0.040000	0.077179
1.410000	0.050000	0.092637
1.410000	0.060000	0.108108
1.410000	0.070000	0.123592
1.410000	0.080000	0.139092
1.410000	0.090000	0.154611
1.410000	0.100000	0.170149
1.410000	0.110000	0.185708
1.410000	0.120000	0.201291
1.410000	0.130000	0.216900
1.410000	0.140000	0.232535
1.410000	0.150000	0.248199
1.410000	0.160000	0.263894
1.410000	0.170000	0.279620
1.410000	0.180000	0.295379
1.410000	0.190000	0.311174
1.410000	0.200000	0.327004
1.410000	0.210000	0.342873
1.410000	0.220000	0.358780
1.410000	0.230000	0.374728
1.410000	0.240000	0.390717
1.410000	0.250000	0.406748
1.410000	0.260000	0.422823
1.410000	0.270000	0.438943
1.410000	0.280000	0.455108
1.410000	0.290000	0.471319
1.410000	0.300000	0.487577
1.410000	0.310000	0.503883
1.410000	0.320000	0.520237
1.410000	0.330000	0.536640
1.410000	0.340000	0.553092
1.410000	0.350000	0.569593
1.410000	0.360000	0.586145
1.410000	0.370000	0.602747
1.410000	0.380000	0.619399
1.410000	0.390000	0.636101
1.410000	0.400000	0.652853
1.410000	0.410000	0.669656
1.410000	0.420000	0.686508
1.410000	0.430000	0.703410
1.410000	0.440000	0.720362
1.410000	0.450000	0.737362
1.410000	0.460000	0.754411
1.410000	0.470000	0.771507
1.410000	0.480000	0.788650
1.410000	0.490000	0.805840
1.420000	0.000000	0.015525
1.420000	0.010000	0.031052
1.420000	0.020000	0.046583
1.420000	0.030000	0.062120
1.420000	0.040000	0.077666
1.420000	0.050000	0.093223
1.420000	0.060000	0.108792
1.420000	0.070000	0.124376
1.420000	0.080000	0.139977
1.420000	0.090000	0.155597
1.420000	0.100000	0.171237
1.420000	0.110000	0.186900
1.420000	0.120000	0.202587
1.420000	0.130000	0.218301
1.420000	0.140000	0.234043
1.420000	0.150000	0.249816
1.420000	0.160000	0.265619
1.420000	0.170000	0.281457
1.420000	0.180000	0.297329
1.420000	0.190000	0.313238
1.420000	0.200000	0.329184
1.420000	0.210000	0.345171
1.420000	0.220000	0.361198
1.420000	0.230000	0.377267
1.420000	0.240000	0.393379
1.420000	0.250000	0.409537
1.420000	0.260000	0.425739
1.420000	0.270000	0.441989
1.420000	0.280000	0.458286
1.420000	0.290000	0.474631
1.420000	0.300000	0.491026
1.420000	0.310000	0.507470
1.420000	0.320000	0.523966
1.420000	0.330000	0.540512
1.420000	0.340000	0.557111
1.420000	0.350000	0.573761
1.420000	0.360000	0.590464
1.420000	0.370000	0.607219
1.420000	0.380000	0.624028
1.420000	0.390000	0.640889
1.420000	0.400000	0.657803
1.420000	0.410000	0.674770
1.420000	0.420000	0.691789
1.420000	0.430000	0.708861
1.420000	0.440000	0.725985
1.420000	0.450000	0.743161
1.420000	0.460000	0.760387
1.420000	0.470000	0.777664
1.420000	0.480000	0.794991
1.420000	0.490000	0.812367
1.430000	0.000000	0.015620
1.430000	0.010000	0.031242
1.430000	0.020000	0.046868
1.430000	0.030000	0.062501
1.430000	0.040000	0.078143
1.430000	0.050000	0.093797
1.430000	0.060000	0.109463
1.430000	0.070000	0.125145
1.430000	0.080000	0.140844
1.430000	0.090000	0.156563
1.430000	0.100000	0.172304
1.430000	0.110000	0.188068
1.430000	0.120000	0.203858
1.430000	0.130000	0.219676
1.430000	0.140000	0.235523
1.430000	0.150000	0.251402
1.430000	0.160000	0.267314
1.430000	0.170000	0.283260
1.430000	0.180000	0.299244
1.430000	0.190000	0.315266
1.430000	0.200000	0.331327
1.430000	0.210000	0.347430
1.430000	0.220000	0.363575
1.430000	0.230000	0.379765
1.430000	0.240000	0.396000
1.430000	0.250000	0.412282
1.430000	0.260000	0.428611
1.430000	0.270000	0.444989
1.430000	0.280000	0.461417
1.430000	0.290000	0.477896
1.430000	0.300000	0.494427
1.430000	0.310000	0.511010
1.430000	0.320000	0.527646
1.430000	0.330000	0.544336
1.430000	0.340000	0.561080
1.430000	0.350000	0.577879
1.430000	0.360000	0.594733
1.430000	0.370000	0.611642
1.430000	0.380000	0.628607
1.430000	0.390000	0.645627
1.430000	0.400000	0.662703
1.430000	0.410000	0.679834
1.430000	0.420000	0.697021
1.430000	0.430000	0.714263
1.430000	0.440000	0.731560
1.430000	0.450000	0.748911
1.430000	0.460000	0.766317
1.430000	0.470000	0.783775
1.430000	0.480000	0.801286
1.430000	0.490000	0.818849
1.440000	0.000000	0.015713
1.440000	0.010000	0.031428
1.440000	0.020000	0.047147
1.440000	0.030000	0.062874
1.440000	0.040000	0.078610
1.440000	0.050000	0.094358
1.440000	0.060000	0.110119
1.440000	0.070000	0.125896
1.440000	0.080000	0.141692
1.440000	0.090000	0.157509
1.440000	0.100000	0.173348
1.440000	0.110000	0.189212
1.440000	0.120000	0.205103
1.440000	0.130000	0.221022
1.440000	0.140000	0.236973
1.440000	0.150000	0.252956
1.440000	0.160000	0.268975
1.440000	0.170000	0.285029
1.440000	0.180000	0.301122
1.440000	0.190000	0.317255
1.440000	0.200000	0.333430
1.440000	0.210000	0.349648
1.440000	0.220000	0.365911
1.440000	0.230000	0.382220
1.440000	0.240000	0.398576
1.440000	0.250000	0.414981
1.440000	0.260000	0.431436
1.440000	0.270000	0.447942
1.440000	0.280000	0.464501
1.440000	0.290000	0.481113
1.440000	0.300000	0.497779
1.440000	0.310000	0.514499
1.440000	0.320000	0.531276
1.440000	0.330000	0.548108
1.440000	0.340000	0.564998
1.440000	0.350000	0.581945
1.440000	0.360000	0.598950
1.440000	0.370000	0.616012
1.440000	0.380000	0.633133
1.440000	0.390000	0.650313
1.440000	0.400000	0.667550
1.440000	0.410000	0.684847
1.440000	0.420000	0.702201
1.440000	0.430000	0.719614
1.440000	0.440000	0.737084
1.440000	0.450000	0.754611
1.440000	0.460000	0.772196
1.440000	0.470000	0.789837
1.440000	0.480000	0.807533
1.440000	0.490000	0.825284
1.450000	0.000000	0.015803
1.450000	0.010000	0.031609
1.450000	0.020000	0.047420
1.450000	0.030000	0.063238
1.450000	0.040000	0.079065
1.450000	0.050000	0.094905
1.450000	0.060000	0.110759
1.450000	0.070000	0.126631
1.450000	0.080000	0.142521
1.450000	0.090000	0.158433
1.450000	0.100000	0.174368
1.450000	0.110000	0.190330
1.450000	0.120000	0.206319
1.450000	0.130000	0.222339
1.450000	0.140000	0.238391
1.450000	0.150000	0.254478
1.450000	0.160000	0.270601
1.450000	0.170000	0.286762
1.450000	0.180000	0.302963
1.450000	0.190000	0.319206
1.450000	0.200000	0.335492
1.450000	0.210000	0.351824
1.450000	0.220000	0.368202
1.450000	0.230000	0.384629
1.450000	0.240000	0.401105
1.450000	0.250000	0.417633
1.450000	0.260000	0.434213
1.450000	0.270000	0.450846
1.450000	0.280000	0.467534
1.450000	0.290000	0.484278
1.450000	0.300000	0.501078
1.450000	0.310000	0.517936
1.450000	0.320000	0.534852
1.450000	0.330000	0.551827
1.450000	0.340000	0.568861
1.450000	0.350000	0.585956
1.450000	0.360000	0.603111
1.450000	0.370000	0.620327
1.450000	0.380000	0.637604
1.450000	0.390000	0.654943
1.450000	0.400000	0.672343
1.450000	0.410000	0.689804
1.450000	0.420000	0.707326
1.450000	0.430000	0.724909
1.450000	0.440000	0.742553
1.450000	0.450000	0.760258
1.450000	0.460000	0.778022
1.450000	0.470000	0.795845
1.450000	0.480000	0.813728
1.450000	0.490000	0.831668
1.460000	0.000000	0.015892
1.460000	0.010000	0.031786
1.460000	0.020000	0.047685
1.460000	0.030000	0.063592
1.460000	0.040000	0.079509
1.460000	0.050000	0.095439
1.460000	0.060000	0.111384
1.460000	0.070000	0.127346
1.460000	0.080000	0.143329
1.460000	0.090000	0.159334
1.460000	0.100000	0.175364
1.460000	0.110000	0.191421
1.460000	0.120000	0.207507
1.460000	0.130000	0.223625
1.460000	0.140000	0.239777
1.460000	0.150000	0.255964
1.460000	0.160000	0.272190
1.460000	0.170000	0.288455
1.460000	0.180000	0.304763
1.460000	0.190000	0.321114
1.460000	0.200000	0.337511
1.460000	0.210000	0.353955
1.460000	0.220000	0.370447
1.460000	0.230000	0.386991
1.460000	0.240000	0.403586
1.460000	0.250000	0.420234
1.460000	0.260000	0.436938
1.460000	0.270000	0.453697
1.460000	0.280000	0.470514
1.460000	0.290000	0.487388
1.460000	0.300000	0.504322
1.460000	0.310000	0.521316
1.460000	0.320000	0.538371
1.460000	0.330000	0.555488
1.460000	0.340000	0.572667
1.460000	0.350000	0.589909
1.460000	0.360000	0.607215
1.460000	0.370000	0.624584
1.460000	0.380000	0.642017
1.460000	0.390000	0.659515
1.460000	0.400000	0.677077
1.460000	0.410000	0.694703
1.460000	0.420000	0.712393
1.460000	0.430000	0.730147
1.460000	0.440000	0.747966
1.460000	0.450000	0.765847
1.460000	0.460000	0.783792
1.460000	0.470000	0.801799
1.460000	0.480000	0.819868
1.460000	0.490000	0.837997
1.470000	0.000000	0.015977
1.470000	0.010000	0.031958
1.470000	0.020000	0.047943
1.470000	0.030000	0.063937
1.470000	0.040000	0.079941
1.470000	0.050000	0.095958
1.470000	0.060000	0.111991
1.470000	0.070000	0.128043
1.470000	0.080000	0.144115
1.470000	0.090000	0.160211
1.470000	0.100000	0.176333
1.470000	0.110000	0.192483
1.470000	0.120000	0.208664
1.470000	0.130000	0.224878
1.470000	0.140000	0.241128
1.470000	0.150000	0.257415
1.470000	0.160000	0.273741
1.470000	0.170000	0.290109
1.470000	0.180000	0.306521
1.470000	0.190000	0.322979
1.470000	0.200000	0.339484
1.470000	0.210000	0.356038
1.470000	0.220000	0.372644
1.470000	0.230000	0.389303
1.470000	0.240000	0.406015
1.470000	0.250000	0.422784
1.470000	0.260000	0.439609
1.470000	0.270000	0.456494
1.470000	0.280000	0.473438
1.470000	0.290000	0.490442
1.470000	0.300000	0.507509
1.470000	0.310000	0.524639
1.470000	0.320000	0.541832
1.470000	0.330000	0.559090
1.470000	0.340000	0.576413
1.470000	0.350000	0.593802
1.470000	0.360000	0.611258
1.470000	0.370000	0.628780
1.470000	0.380000	0.646369
1.470000	0.390000	0.664025
1.470000	0.400000	0.681749
1.470000	0.410000	0.699540
1.470000	0.420000	0.717399
1.470000	0.430000	0.735325
1.470000	0.440000	0.753318
1.470000	0.450000	0.771377
1.470000	0.460000	0.789503
1.470000	0.470000	0.807694
1.470000	0.480000	0.825950
1.470000	0.490000	0.844270
1.480000	0.000000	0.016061
1.480000	0.010000	0.032124
1.480000	0.020000	0.048193
1.480000	0.030000	0.064271
1.480000	0.040000	0.080359
1.480000	0.050000	0.096462
1.480000	0.060000	0.112581
1.480000	0.070000	0.128719
1.480000	0.080000	0.144879
1.480000	0.090000	0.161064
1.480000	0.100000	0.177275
1.480000	0.110000	0.193517
1.480000	0.120000	0.209790
1.480000	0.130000	0.226098
1.480000	0.140000	0.242443
1.480000	0.150000	0.258826
1.480000	0.160000	0.275252
1.480000	0.170000	0.291721
1.480000	0.180000	0.308235
1.480000	0.190000	0.324798
1.480000	0.200000	0.341410
1.480000	0.210000	0.358073
1.480000	0.220000	0.374790
1.480000	0.230000	0.391562
1.480000	0.240000	0.408391
1.480000	0.250000	0.425278
1.480000	0.260000	0.442225
1.480000	0.270000	0.459233
1.480000	0.280000	0.476303
1.480000	0.290000	0.493437
1.480000	0.300000	0.510635
1.480000	0.310000	0.527900
1.480000	0.320000	0.545231
1.480000	0.330000	0.562629
1.480000	0.340000	0.580096
1.480000	0.350000	0.597631
1.480000	0.360000	0.615236
1.480000	0.370000	0.632911
1.480000	0.380000	0.650656
1.480000	0.390000	0.668471
1.480000	0.400000	0.686357
1.480000	0.410000	0.704314
1.480000	0.420000	0.722341
1.480000	0.430000	0.740438
1.480000	0.440000	0.758606
1.480000	0.450000	0.776844
1.480000	0.460000	0.795151
1.480000	0.470000	0.813527
1.480000	0.480000	0.831971
1.480000	0.490000	0.850483
1.490000	0.000000	0.016141
1.490000	0.010000	0.032286
1.490000	0.020000	0.048436
1.490000	0.030000	0.064595
1.490000	0.040000	0.080765
1.490000	0.050000	0.096950
1.490000	0.060000	0.113152
1.490000	0.070000	0.129374
1.490000	0.080000	0.145619
1.490000	0.090000	0.161890
1.490000	0.100000	0.178189
1.490000	0.110000	0.194519
1.490000	0.120000	0.210882
1.490000	0.130000	0.227282
1.490000	0.140000	0.243720
1.490000	0.150000	0.260198
1.490000	0.160000	0.276721
1.490000	0.170000	0.293288
1.490000	0.180000	0.309903
1.490000	0.190000	0.326569
1.490000	0.200000	0.343286
1.490000	0.210000	0.360057
1.490000	0.220000	0.376883
1.490000	0.230000	0.393767
1.490000	0.240000	0.410711
1.490000	0.250000	0.427715
1.490000	0.260000	0.444781
1.490000	0.270000	0.461912
1.490000	0.280000	0.479107
1.490000	0.290000	0.496369
1.490000	0.300000	0.513699
1.490000	0.310000	0.531097
1.490000	0.320000	0.548565
1.490000	0.330000	0.566103
1.490000	0.340000	0.583712
1.490000	0.350000	0.601394
1.490000	0.360000	0.619148
1.490000	0.370000	0.636975
1.490000	0.380000	0.654875
1.490000	0.390000	0.672849
1.490000	0.400000	0.690897
1.490000	0.410000	0.709019
1.490000	0.420000	0.727215
1.490000	0.430000	0.745485
1.490000	0.440000	0.763828
1.490000	0.450000	0.782244
1.490000	0.460000	0.800733
1.490000	0.470000	0.819295
1.490000	0.480000	0.837928
1.490000	0.490000	0.856632
1.500000	0.000000	0.016219
1.500000	0.010000	0.032441
1.500000	0.020000	0.048670
1.500000	0.030000	0.064907
1.500000	0.040000	0.081156
1.500000	0.050000	0.097421
1.500000	0.060000	0.113704
1.500000	0.070000	0.130007
1.500000	0.080000	0.146335
1.500000	0.090000	0.162689
1.500000	0.100000	0.179073
1.500000	0.110000	0.195489
1.500000	0.120000	0.211940
1.500000	0.130000	0.228428
1.500000	0.140000	0.244957
1.500000	0.150000	0.261529
1.500000	0.160000	0.278145
1.500000	0.170000	0.294809
1.500000	0.180000	0.311523
1.500000	0.190000	0.328289
1.500000	0.200000	0.345110
1.500000	0.210000	0.361986
1.500000	0.220000	0.378921
1.500000	0.230000	0.395915
1.500000	0.240000	0.412971
1.500000	0.250000	0.430091
1.500000	0.260000	0.447276
1.500000	0.270000	0.464528
1.500000	0.280000	0.481847
1.500000	0.290000	0.499236
1.500000	0.300000	0.516696
1.500000	0.310000	0.534227
1.500000	0.320000	0.551831
1.500000	0.330000	0.569508
1.500000	0.340000	0.587260
1.500000	0.350000	0.605087
1.500000	0.360000	0.622989
1.500000	0.370000	0.640968
1.500000	0.380000	0.659024
1.500000	0.390000	0.677157
1.500000	0.400000	0.695367
1.500000	0.410000	0.713654
1.500000	0.420000	0.732018
1.500000	0.430000	0.750460
1.500000	0.440000	0.768979
1.500000	0.450000	0.787574
1.500000	0.460000	0.806246
1.500000	0.470000	0.824994
1.500000	0.480000	0.843816
1.500000	0.490000	0.862714
1.510000	0.000000	0.016294
1.510000	0.010000	0.032591
1.510000	0.020000	0.048895
1.510000	0.030000	0.065208
1.510000	0.040000	0.081533
1.510000	0.050000	0.097875
1.510000	0.060000	0.114235
1.510000	0.070000	0.130617
1.510000	0.080000	0.147024
1.510000	0.090000	0.163459
1.510000	0.100000	0.179925
1.510000	0.110000	0.196424
1.510000	0.120000	0.212960
1.510000	0.130000	0.229536
1.510000	0.140000	0.246153
1.510000	0.150000	0.262815
1.510000	0.160000	0.279524
1.510000	0.170000	0.296283
1.510000	0.180000	0.313093
1.510000	0.190000	0.329958
1.510000	0.200000	0.346879
1.510000	0.210000	0.363859
1.510000	0.220000	0.380900
1.510000	0.230000	0.398003
1.510000	0.240000	0.415171
1.510000	0.250000	0.432405
1.510000	0.260000	0.449707
1.510000	0.270000	0.467078
1.510000	0.280000	0.484520
1.510000	0.290000	0.502035
1.510000	0.300000	0.519623
1.510000	0.310000	0.537286
1.510000	0.320000	0.555025
1.510000	0.330000	0.572841
1.510000	0.340000	0.590734
1.510000	0.350000	0.608706
1.510000	0.360000	0.626757
1.510000	0.370000	0.644888
1.510000	0.380000	0.663098
1.510000	0.390000	0.681390
1.510000	0.400000	0.699761
1.510000	0.410000	0.718214
1.510000	0.420000	0.736747
1.510000	0.430000	0.755361
1.510000	0.440000	0.774056
1.510000	0.450000	0.792831
1.510000	0.460000	0.811686
1.510000	0.470000	0.830620
1.510000	0.480000	0.849634
1.510000	0.490000	0.868725
1.520000	0.000000	0.016366
1.520000	0.010000	0.032735
1.520000	0.020000	0.049110
1.520000	0.030000	0.065496
1.520000	0.040000	0.081895
1.520000	0.050000	0.098310
1.520000	0.060000	0.114745
1.520000	0.070000	0.131203
1.520000	0.080000	0.147686
1.520000	0.090000	0.164199
1.520000	0.100000	0.180744
1.520000	0.110000	0.197325
1.520000	0.120000	0.213943
1.520000	0.130000	0.230603
1.520000	0.140000	0.247306
1.520000	0.150000	0.264056
1.520000	0.160000	0.280855
1.520000	0.170000	0.297705
1.520000	0.180000	0.314610
1.520000	0.190000	0.331572
1.520000	0.200000	0.348592
1.520000	0.210000	0.365674
1.520000	0.220000	0.382818
1.520000	0.230000	0.400029
1.520000	0.240000	0.417306
1.520000	0.250000	0.434653
1.520000	0.260000	0.452070
1.520000	0.270000	0.469560
1.520000	0.280000	0.487123
1.520000	0.290000	0.504763
1.520000	0.300000	0.522479
1.520000	0.310000	0.540273
1.520000	0.320000	0.558146
1.520000	0.330000	0.576099
1.520000	0.340000	0.594133
1.520000	0.350000	0.612249
1.520000	0.360000	0.630448
1.520000	0.370000	0.648730
1.520000	0.380000	0.667095
1.520000	0.390000	0.685544
1.520000	0.400000	0.704078
1.520000	0.410000	0.722696
1.520000	0.420000	0.741398
1.520000	0.430000	0.760185
1.520000	0.440000	0.779056
1.520000	0.450000	0.798011
1.520000	0.460000	0.817050
1.520000	0.470000	0.836171
1.520000	0.480000	0.855376
1.520000	0.490000	0.874662
1.530000	0.000000	0.016434
1.530000	0.010000	0.032872
1.530000	0.020000	0.049316
1.530000	0.030000	0.065771
1.530000	0.040000	0.082240
1.530000	0.050000	0.098726
1.530000	0.060000	0.115232
1.530000	0.070000	0.131763
1.530000	0.080000	0.148320
1.530000	0.090000	0.164908
1.530000	0.100000	0.181530
1.530000	0.110000	0.198188
1.530000	0.120000	0.214886
1.530000	0.130000	0.231627
1.530000	0.140000	0.248413
1.530000	0.150000	0.265248
1.530000	0.160000	0.282135
1.530000	0.170000	0.299075
1.530000	0.180000	0.316072
1.530000	0.190000	0.333128
1.530000	0.200000	0.350245
1.530000	0.210000	0.367426
1.530000	0.220000	0.384674
1.530000	0.230000	0.401989
1.530000	0.240000	0.419374
1.530000	0.250000	0.436831
1.530000	0.260000	0.454363
1.530000	0.270000	0.471969
1.530000	0.280000	0.489653
1.530000	0.290000	0.507416
1.530000	0.300000	0.525258
1.530000	0.310000	0.543182
1.530000	0.320000	0.561189
1.530000	0.330000	0.579279
1.530000	0.340000	0.597453
1.530000	0.350000	0.615713
1.530000	0.360000	0.634058
1.530000	0.370000	0.652491
1.530000	0.380000	0.671010
1.530000	0.390000	0.689618
1.530000	0.400000	0.708313
1.530000	0.410000	0.727096
1.530000	0.420000	0.745968
1.530000	0.430000	0.764927
1.530000	0.440000	0.783975
1.530000	0.450000	0.803110
1.530000	0.460000	0.822333
1.530000	0.470000	0.841643
1.530000	0.480000	0.861039
1.530000	0.490000	0.880520
1.540000	0.000000	0.016499
1.540000	0.010000	0.033002
1.540000	0.020000	0.049512
1.540000	0.030000	0.066033
1.540000	0.040000	0.082569
1.540000	0.050000	0.099122
1.540000	0.060000	0.115697
1.540000	0.070000	0.132297
1.540000	0.080000	0.148925
1.540000	0.090000	0.165584
1.540000	0.100000	0.182279
1.540000	0.110000	0.199013
1.540000	0.120000	0.215787
1.540000	0.130000	0.232607
1.540000	0.140000	0.249474
1.540000	0.150000	0.266391
1.540000	0.160000	0.283363
1.540000	0.170000	0.300390
1.540000	0.180000	0.317476
1.540000	0.190000	0.334624
1.540000	0.200000	0.351836
1.540000	0.210000	0.369115
1.540000	0.220000	0.386462
1.540000	0.230000	0.403881
1.540000	0.240000	0.421372
1.540000	0.250000	0.438939
1.540000	0.260000	0.456582
1.540000	0.270000	0.474304
1.540000	0.280000	0.492107
1.540000	0.290000	0.509991
1.540000	0.300000	0.527959
1.540000	0.310000	0.546012
1.540000	0.320000	0.564150
1.540000	0.330000	0.582376
1.540000	0.340000	0.600690
1.540000	0.350000	0.619092
1.540000	0.360000	0.637585
1.540000	0.370000	0.656167
1.540000	0.380000	0.674841
1.540000	0.390000	0.693606
1.540000	0.400000	0.712463
1.540000	0.410000	0.731411
1.540000	0.420000	0.750452
1.540000	0.430000	0.769584
1.540000	0.440000	0.788809
1.540000	0.450000	0.808125
1.540000	0.460000	0.827532
1.540000	0.470000	0.847030
1.540000	0.480000	0.866619
1.540000	0.490000	0.886297
1.550000	0.000000	0.016561
1.550000	0.010000	0.033126
1.550000	0.020000	0.049698
1.550000	0.030000	0.066281
1.550000	0.040000	0.082880
1.550000	0.050000	0.099497
1.550000	0.060000	0.116137
1.550000	0.070000	0.132803
1.550000	0.080000	0.149498
1.550000	0.090000	0.166227
1.550000	0.100000	0.182992
1.550000	0.110000	0.199797
1.550000	0.120000	0.216645
1.550000	0.130000	0.233540
1.550000	0.140000	0.250485
1.550000	0.150000	0.267482
1.550000	0.160000	0.284535
1.550000	0.170000	0.301647
1.550000	0.180000	0.318821
1.550000	0.190000	0.336058
1.550000	0.200000	0.353363
1.550000	0.210000	0.370737
1.550000	0.220000	0.388182
1.550000	0.230000	0.405701
1.550000	0.240000	0.423297
1.550000	0.250000	0.440971
1.550000	0.260000	0.458725
1.550000	0.270000	0.476561
1.550000	0.280000	0.494480
1.550000	0.290000	0.512485
1.550000	0.300000	0.530577
1.550000	0.310000	0.548758
1.550000	0.320000	0.567027
1.550000	0.330000	0.585388
1.550000	0.340000	0.603840
1.550000	0.350000	0.622385
1.550000	0.360000	0.641023
1.550000	0.370000	0.659755
1.550000	0.380000	0.678582
1.550000	0.390000	0.697505
1.550000	0.400000	0.716523
1.550000	0.410000	0.735637
1.550000	0.420000	0.754846
1.550000	0.430000	0.774152
1.550000	0.440000	0.793554
1.550000	0.450000	0.813051
1.550000	0.460000	0.832643
1.550000	0.470000	0.852331
1.550000	0.480000	0.872112
1.550000	0.490000	0.891988
1.560000	0.000000	0.016619
1.560000	0.010000	0.033242
1.560000	0.020000	0.049872
1.560000	0.030000	0.066515
1.560000	0.040000	0.083173
1.560000	0.050000	0.099850
1.560000	0.060000	0.116552
1.560000	0.070000	0.133280
1.560000	0.080000	0.150039
1.560000	0.090000	0.166833
1.560000	0.100000	0.183665
1.560000	0.110000	0.200538
1.560000	0.120000	0.217457
1.560000	0.130000	0.234425
1.560000	0.140000	0.251444
1.560000	0.150000	0.268518
1.560000	0.160000	0.285651
1.560000	0.170000	0.302845
1.560000	0.180000	0.320102
1.560000	0.190000	0.337427
1.560000	0.200000	0.354822
1.560000	0.210000	0.372288
1.560000	0.220000	0.389830
1.560000	0.230000	0.407448
1.560000	0.240000	0.425146
1.560000	0.250000	0.442925
1.560000	0.260000	0.460787
1.560000	0.270000	0.478736
1.560000	0.280000	0.496771
1.560000	0.290000	0.514895
1.560000	0.300000	0.533110
1.560000	0.310000	0.551416
1.560000	0.320000	0.569816
1.560000	0.330000	0.588310
1.560000	0.340000	0.606900
1.560000	0.350000	0.625586
1.560000	0.360000	0.644369
1.560000	0.370000	0.663251
1.560000	0.380000	0.682231
1.560000	0.390000	0.701311
1.560000	0.400000	0.720490
1.560000	0.410000	0.739769
1.560000	0.420000	0.759148
1.560000	0.430000	0.778627
1.560000	0.440000	0.798206
1.560000	0.450000	0.817884
1.560000	0.460000	0.837662
1.560000	0.470000	0.857539
1.560000	0.480000	0.877515
1.560000	0.490000	0.897588
1.570000	0.000000	0.016673
1.570000	0.010000	0.033350
1.570000	0.020000	0.050035
1.570000	0.030000	0.066733
1.570000	0.040000	0.083446
1.570000	0.050000	0.100181
1.570000	0.060000	0.116940
1.570000	0.070000	0.133727
1.570000	0.080000	0.150546
1.570000	0.090000	0.167402
1.570000	0.100000	0.184297
1.570000	0.110000	0.201236
1.570000	0.120000	0.218222
1.570000	0.130000	0.235259
1.570000	0.140000	0.252349
1.570000	0.150000	0.269498
1.570000	0.160000	0.286707
1.570000	0.170000	0.303979
1.570000	0.180000	0.321319
1.570000	0.190000	0.338728
1.570000	0.200000	0.356210
1.570000	0.210000	0.373767
1.570000	0.220000	0.391402
1.570000	0.230000	0.409117
1.570000	0.240000	0.426915
1.570000	0.250000	0.444797
1.570000	0.260000	0.462767
1.570000	0.270000	0.480825
1.570000	0.280000	0.498974
1.570000	0.290000	0.517216
1.570000	0.300000	0.535552
1.570000	0.310000	0.553984
1.570000	0.320000	0.572512
1.570000	0.330000	0.591139
1.570000	0.340000	0.609866
1.570000	0.350000	0.628692
1.570000	0.360000	0.647620
1.570000	0.370000	0.666651
1.570000	0.380000	0.685784
1.570000	0.390000	0.705020
1.570000	0.400000	0.724360
1.570000	0.410000	0.743804
1.570000	0.420000	0.763352
1.570000	0.430000	0.783004
1.570000	0.440000	0.802760
1.570000	0.450000	0.822621
1.570000	0.460000	0.842585
1.570000	0.470000	0.862652
1.570000	0.480000	0.882822
1.570000	0.490000	0.903094
1.580000	0.000000	0.016723
1.580000	0.010000	0.033450
1.580000	0.020000	0.050186
1.580000	0.030000	0.066934
1.580000	0.040000	0.083700
1.580000	0.050000	0.100487
1.580000	0.060000	0.117300
1.580000	0.070000	0.134142
1.580000	0.080000	0.151018
1.580000	0.090000	0.167931
1.580000	0.100000	0.184887
1.580000	0.110000	0.201887
1.580000	0.120000	0.218937
1.580000	0.130000	0.236040
1.580000	0.140000	0.253199
1.580000	0.150000	0.270418
1.580000	0.160000	0.287700
1.580000	0.170000	0.305048
1.580000	0.180000	0.322467
1.580000	0.190000	0.339958
1.580000	0.200000	0.357524
1.580000	0.210000	0.375169
1.580000	0.220000	0.392895
1.580000	0.230000	0.410705
1.580000	0.240000	0.428601
1.580000	0.250000	0.446585
1.580000	0.260000	0.464659
1.580000	0.270000	0.482826
1.580000	0.280000	0.501088
1.580000	0.290000	0.519445
1.580000	0.300000	0.537901
1.580000	0.310000	0.556456
1.580000	0.320000	0.575113
1.580000	0.330000	0.593871
1.580000	0.340000	0.612733
1.580000	0.350000	0.631700
1.580000	0.360000	0.650772
1.580000	0.370000	0.669950
1.580000	0.380000	0.689235
1.580000	0.390000	0.708627
1.580000	0.400000	0.728128
1.580000	0.410000	0.747737
1.580000	0.420000	0.767454
1.580000	0.430000	0.787280
1.580000	0.440000	0.807214
1.580000	0.450000	0.827256
1.580000	0.460000	0.847407
1.580000	0.470000	0.867665
1.580000	0.480000	0.888030
1.580000	0.490000	0.908502
1.590000	0.000000	0.016769
1.590000	0.010000	0.033542
1.590000	0.020000	0.050324
1.590000	0.030000	0.067119
1.590000	0.040000	0.083933
1.590000	0.050000	0.100769
1.590000	0.060000	0.117631
1.590000	0.070000	0.134524
1.590000	0.080000	0.151453
1.590000	0.090000	0.168420
1.590000	0.100000	0.185432
1.590000	0.110000	0.202490
1.590000	0.120000	0.219600
1.590000	0.130000	0.236765
1.590000	0.140000	0.253989
1.590000	0.150000	0.271275
1.590000	0.160000	0.288628
1.590000	0.170000	0.306049
1.590000	0.180000	0.323543
1.590000	0.190000	0.341113
1.590000	0.200000	0.358762
1.590000	0.210000	0.376492
1.590000	0.220000	0.394307
1.590000	0.230000	0.412209
1.590000	0.240000	0.430200
1.590000	0.250000	0.448283
1.590000	0.260000	0.466461
1.590000	0.270000	0.484734
1.590000	0.280000	0.503106
1.590000	0.290000	0.521579
1.590000	0.300000	0.540153
1.590000	0.310000	0.558830
1.590000	0.320000	0.577613
1.590000	0.330000	0.596502
1.590000	0.340000	0.615499
1.590000	0.350000	0.634604
1.590000	0.360000	0.653819
1.590000	0.370000	0.673144
1.590000	0.380000	0.692581
1.590000	0.390000	0.712130
1.590000	0.400000	0.731790
1.590000	0.410000	0.751564
1.590000	0.420000	0.771450
1.590000	0.430000	0.791449
1.590000	0.440000	0.811561
1.590000	0.450000	0.831786
1.590000	0.460000	0.852124
1.590000	0.470000	0.872573
1.590000	0.480000	0.893134
1.590000	0.490000	0.913807
1.600000	0.000000	0.016810
1.600000	0.010000	0.033625
1.600000	0.020000	0.050449
1.600000	0.030000	0.067287
1.600000	0.040000	0.084144
1.600000	0.050000	0.101024
1.600000	0.060000	0.117932
1.600000	0.070000	0.134872
1.600000	0.080000	0.151849
1.600000	0.090000	0.168867
1.600000	0.100000	0.185930
1.600000	0.110000	0.203043
1.600000	0.120000	0.220209
1.600000	0.130000	0.237433
1.600000	0.140000	0.254718
1.600000	0.150000	0.272069
1.600000	0.160000	0.289488
1.600000	0.170000	0.306979
1.600000	0.180000	0.324546
1.600000	0.190000	0.342192
1.600000	0.200000	0.359920
1.600000	0.210000	0.377733
1.600000	0.220000	0.395633
1.600000	0.230000	0.413625
1.600000	0.240000	0.431709
1.600000	0.250000	0.449890
1.600000	0.260000	0.468168
1.600000	0.270000	0.486546
1.600000	0.280000	0.505027
1.600000	0.290000	0.523612
1.600000	0.300000	0.542303
1.600000	0.310000	0.561101
1.600000	0.320000	0.580009
1.600000	0.330000	0.599028
1.600000	0.340000	0.618158
1.600000	0.350000	0.637401
1.600000	0.360000	0.656758
1.600000	0.370000	0.676230
1.600000	0.380000	0.695818
1.600000	0.390000	0.715522
1.600000	0.400000	0.735343
1.600000	0.410000	0.755281
1.600000	0.420000	0.775336
1.600000	0.430000	0.795509
1.600000	0.440000	0.815799
1.600000	0.450000	0.836206
1.600000	0.460000	0.856731
1.600000	0.470000	0.877373
1.600000	0.480000	0.898130
1.600000	0.490000	0.919003
1.610000	0.000000	0.016847
1.610000	0.010000	0.033698
1.610000	0.020000	0.050560
1.610000	0.030000	0.067436
1.610000	0.040000	0.084332
1.610000	0.050000	0.101252
1.610000	0.060000	0.118201
1.610000	0.070000	0.135183
1.610000	0.080000	0.152205
1.610000	0.090000	0.169269
1.610000	0.100000	0.186380
1.610000	0.110000	0.203543
1.610000	0.120000	0.220762
1.610000	0.130000	0.238040
1.610000	0.140000	0.255383
1.610000	0.150000	0.272794
1.610000	0.160000	0.290277
1.610000	0.170000	0.307834
1.610000	0.180000	0.325471
1.610000	0.190000	0.343190
1.610000	0.200000	0.360994
1.610000	0.210000	0.378886
1.610000	0.220000	0.396871
1.610000	0.230000	0.414949
1.610000	0.240000	0.433125
1.610000	0.250000	0.451400
1.610000	0.260000	0.469777
1.610000	0.270000	0.488258
1.610000	0.280000	0.506845
1.610000	0.290000	0.525541
1.610000	0.300000	0.544347
1.610000	0.310000	0.563265
1.610000	0.320000	0.582297
1.610000	0.330000	0.601443
1.610000	0.340000	0.620706
1.610000	0.350000	0.640086
1.610000	0.360000	0.659585
1.610000	0.370000	0.679203
1.610000	0.380000	0.698941
1.610000	0.390000	0.718800
1.610000	0.400000	0.738780
1.610000	0.410000	0.758882
1.610000	0.420000	0.779106
1.610000	0.430000	0.799453
1.610000	0.440000	0.819921
1.610000	0.450000	0.840512
1.610000	0.460000	0.861224
1.610000	0.470000	0.882058
1.610000	0.480000	0.903013
1.610000	0.490000	0.924088
1.620000	0.000000	0.016879
1.620000	0.010000	0.033762
1.620000	0.020000	0.050657
1.620000	0.030000	0.067566
1.620000	0.040000	0.084496
1.620000	0.050000	0.101451
1.620000	0.060000	0.118436
1.620000	0.070000	0.135457
1.620000	0.080000	0.152518
1.620000	0.090000	0.169624
1.620000	0.100000	0.186779
1.620000	0.110000	0.203988
1.620000	0.120000	0.221255
1.620000	0.130000	0.238585
1.620000	0.140000	0.255982
1.620000	0.150000	0.273449
1.620000	0.160000	0.290991
1.620000	0.170000	0.308612
1.620000	0.180000	0.326315
1.620000	0.190000	0.344103
1.620000	0.200000	0.361981
1.620000	0.210000	0.379950
1.620000	0.220000	0.398015
1.620000	0.230000	0.416178
1.620000	0.240000	0.434442
1.620000	0.250000	0.452809
1.620000	0.260000	0.471283
1.620000	0.270000	0.489865
1.620000	0.280000	0.508557
1.620000	0.290000	0.527362
1.620000	0.300000	0.546282
1.620000	0.310000	0.565318
1.620000	0.320000	0.584472
1.620000	0.330000	0.603745
1.620000	0.340000	0.623139
1.620000	0.350000	0.642655
1.620000	0.360000	0.662294
1.620000	0.370000	0.682057
1.620000	0.380000	0.701945
1.620000	0.390000	0.721959
1.620000	0.400000	0.742098
1.620000	0.410000	0.762364
1.620000	0.420000	0.782757
1.620000	0.430000	0.803277
1.620000	0.440000	0.823924
1.620000	0.450000	0.844698
1.620000	0.460000	0.865598
1.620000	0.470000	0.886625
1.620000	0.480000	0.907777
1.620000	0.490000	0.929055
1.630000	0.000000	0.016906
1.630000	0.010000	0.033816
1.630000	0.020000	0.050738
1.630000	0.030000	0.067676
1.630000	0.040000	0.084635
1.630000	0.050000	0.101620
1.630000	0.060000	0.118637
1.630000	0.070000	0.135692
1.630000	0.080000	0.152788
1.630000	0.090000	0.169930
1.630000	0.100000	0.187125
1.630000	0.110000	0.204375
1.630000	0.120000	0.221687
1.630000	0.130000	0.239064
1.630000	0.140000	0.256510
1.630000	0.150000	0.274031
1.630000	0.160000	0.291629
1.630000	0.170000	0.309309
1.630000	0.180000	0.327075
1.630000	0.190000	0.344929
1.630000	0.200000	0.362877
1.630000	0.210000	0.380920
1.630000	0.220000	0.399063
1.630000	0.230000	0.417308
1.630000	0.240000	0.435658
1.630000	0.250000	0.454115
1.630000	0.260000	0.472683
1.630000	0.270000	0.491363
1.630000	0.280000	0.510158
1.630000	0.290000	0.529071
1.630000	0.300000	0.548102
1.630000	0.310000	0.567254
1.630000	0.320000	0.586529
1.630000	0.330000	0.605928
1.630000	0.340000	0.625452
1.630000	0.350000	0.645103
1.630000	0.360000	0.664881
1.630000	0.370000	0.684789
1.630000	0.380000	0.704826
1.630000	0.390000	0.724994
1.630000	0.400000	0.745292
1.630000	0.410000	0.765722
1.630000	0.420000	0.786283
1.630000	0.430000	0.806977
1.630000	0.440000	0.827802
1.630000	0.450000	0.848759
1.630000	0.460000	0.869848
1.630000	0.470000	0.891068
1.630000	0.480000	0.912419
1.630000	0.490000	0.933900
1.640000	0.000000	0.016927
1.640000	0.010000	0.033860
1.640000	0.020000	0.050804
1.640000	0.030000	0.067764
1.640000	0.040000	0.084747
1.640000	0.050000	0.101758
1.640000	0.060000	0.118802
1.640000	0.070000	0.135885
1.640000	0.080000	0.153011
1.640000	0.090000	0.170186
1.640000	0.100000	0.187415
1.640000	0.110000	0.204703
1.640000	0.120000	0.222054
1.640000	0.130000	0.239474
1.640000	0.140000	0.256966
1.640000	0.150000	0.274535
1.640000	0.160000	0.292186
1.640000	0.170000	0.309921
1.640000	0.180000	0.327746
1.640000	0.190000	0.345664
1.640000	0.200000	0.363679
1.640000	0.210000	0.381793
1.640000	0.220000	0.400010
1.640000	0.230000	0.418334
1.640000	0.240000	0.436767
1.640000	0.250000	0.455312
1.640000	0.260000	0.473971
1.640000	0.270000	0.492748
1.640000	0.280000	0.511644
1.640000	0.290000	0.530662
1.640000	0.300000	0.549803
1.640000	0.310000	0.569070
1.640000	0.320000	0.588464
1.640000	0.330000	0.607987
1.640000	0.340000	0.627640
1.640000	0.350000	0.647425
1.640000	0.360000	0.667342
1.640000	0.370000	0.687393
1.640000	0.380000	0.707579
1.640000	0.390000	0.727900
1.640000	0.400000	0.748357
1.640000	0.410000	0.768950
1.640000	0.420000	0.789680
1.640000	0.430000	0.810547
1.640000	0.440000	0.831551
1.640000	0.450000	0.852691
1.640000	0.460000	0.873969
1.640000	0.470000	0.895383
1.640000	0.480000	0.916933
1.640000	0.490000	0.938618
1.650000	0.000000	0.016943
1.650000	0.010000	0.033892
1.650000	0.020000	0.050853
1.650000	0.030000	0.067831
1.650000	0.040000	0.084833
1.650000	0.050000	0.101863
1.650000	0.060000	0.118929
1.650000	0.070000	0.136035
1.650000	0.080000	0.153186
1.650000	0.090000	0.170388
1.650000	0.100000	0.187647
1.650000	0.110000	0.204968
1.650000	0.120000	0.222354
1.650000	0.130000	0.239812
1.650000	0.140000	0.257346
1.650000	0.150000	0.274960
1.650000	0.160000	0.292658
1.650000	0.170000	0.310446
1.650000	0.180000	0.328327
1.650000	0.190000	0.346304
1.650000	0.200000	0.364382
1.650000	0.210000	0.382564
1.650000	0.220000	0.400853
1.650000	0.230000	0.419253
1.650000	0.240000	0.437766
1.650000	0.250000	0.456396
1.650000	0.260000	0.475145
1.650000	0.270000	0.494016
1.650000	0.280000	0.513010
1.650000	0.290000	0.532131
1.650000	0.300000	0.551381
1.650000	0.310000	0.570761
1.650000	0.320000	0.590273
1.650000	0.330000	0.609918
1.650000	0.340000	0.629699
1.650000	0.350000	0.649616
1.650000	0.360000	0.669671
1.650000	0.370000	0.689865
1.650000	0.380000	0.710198
1.650000	0.390000	0.730672
1.650000	0.400000	0.751287
1.650000	0.410000	0.772043
1.650000	0.420000	0.792941
1.650000	0.430000	0.813982
1.650000	0.440000	0.835164
1.650000	0.450000	0.856489
1.650000	0.460000	0.877956
1.650000	0.470000	0.899564
1.650000	0.480000	0.921314
1.650000	0.490000	0.943204
1.660000	0.000000	0.016953
1.660000	0.010000	0.033913
1.660000	0.020000	0.050885
1.660000	0.030000	0.067875
1.660000	0.040000	0.084889
1.660000	0.050000	0.101934
1.660000	0.060000	0.119016
1.660000	0.070000	0.136139
1.660000	0.080000	0.153311
1.660000	0.090000	0.170535
1.660000	0.100000	0.187819
1.660000	0.110000	0.205167
1.660000	0.120000	0.222584
1.660000	0.130000	0.240075
1.660000	0.140000	0.257646
1.660000	0.150000	0.275300
1.660000	0.160000	0.293043
1.660000	0.170000	0.310879
1.660000	0.180000	0.328811
1.660000	0.190000	0.346844
1.660000	0.200000	0.364982
1.660000	0.210000	0.383228
1.660000	0.220000	0.401586
1.660000	0.230000	0.420059
1.660000	0.240000	0.438650
1.660000	0.250000	0.457362
1.660000	0.260000	0.476198
1.660000	0.270000	0.495161
1.660000	0.280000	0.514252
1.660000	0.290000	0.533474
1.660000	0.300000	0.552830
1.660000	0.310000	0.572321
1.660000	0.320000	0.591949
1.660000	0.330000	0.611716
1.660000	0.340000	0.631623
1.660000	0.350000	0.651672
1.660000	0.360000	0.671864
1.660000	0.370000	0.692199
1.660000	0.380000	0.712679
1.660000	0.390000	0.733305
1.660000	0.400000	0.754078
1.660000	0.410000	0.774997
1.660000	0.420000	0.796063
1.660000	0.430000	0.817277
1.660000	0.440000	0.838638
1.660000	0.450000	0.860147
1.660000	0.460000	0.881803
1.660000	0.470000	0.903606
1.660000	0.480000	0.925556
1.660000	0.490000	0.947652
1.670000	0.000000	0.016957
1.670000	0.010000	0.033921
1.670000	0.020000	0.050898
1.670000	0.030000	0.067894
1.670000	0.040000	0.084916
1.670000	0.050000	0.101969
1.670000	0.060000	0.119061
1.670000	0.070000	0.136197
1.670000	0.080000	0.153382
1.670000	0.090000	0.170624
1.670000	0.100000	0.187927
1.670000	0.110000	0.205297
1.670000	0.120000	0.222740
1.670000	0.130000	0.240260
1.670000	0.140000	0.257863
1.670000	0.150000	0.275554
1.670000	0.160000	0.293337
1.670000	0.170000	0.311216
1.670000	0.180000	0.329196
1.670000	0.190000	0.347281
1.670000	0.200000	0.365476
1.670000	0.210000	0.383783
1.670000	0.220000	0.402206
1.670000	0.230000	0.420749
1.670000	0.240000	0.439415
1.670000	0.250000	0.458206
1.670000	0.260000	0.477127
1.670000	0.270000	0.496178
1.670000	0.280000	0.515364
1.670000	0.290000	0.534685
1.670000	0.300000	0.554146
1.670000	0.310000	0.573746
1.670000	0.320000	0.593489
1.670000	0.330000	0.613375
1.670000	0.340000	0.633408
1.670000	0.350000	0.653587
1.670000	0.360000	0.673914
1.670000	0.370000	0.694390
1.670000	0.380000	0.715017
1.670000	0.390000	0.735795
1.670000	0.400000	0.756724
1.670000	0.410000	0.777805
1.670000	0.420000	0.799040
1.670000	0.430000	0.820427
1.670000	0.440000	0.841967
1.670000	0.450000	0.863659
1.670000	0.460000	0.885505
1.670000	0.470000	0.907504
1.670000	0.480000	0.929654
1.670000	0.490000	0.951956
1.680000	0.000000	0.016955
1.680000	0.010000	0.033917
1.680000	0.020000	0.050893
1.680000	0.030000	0.067888
1.680000	0.040000	0.084911
1.680000	0.050000	0.101967
1.680000	0.060000	0.119062
1.680000	0.070000	0.136204
1.680000	0.080000	0.153399
1.680000	0.090000	0.170652
1.680000	0.100000	0.187969
1.680000	0.110000	0.205356
1.680000	0.120000	0.222819
1.680000	0.130000	0.240364
1.680000	0.140000	0.257994
1.680000	0.150000	0.275716
1.680000	0.160000	0.293534
1.680000	0.170000	0.311453
1.680000	0.180000	0.329477
1.680000	0.190000	0.347611
1.680000	0.200000	0.365858
1.680000	0.210000	0.384222
1.680000	0.220000	0.402708
1.680000	0.230000	0.421317
1.680000	0.240000	0.440055
1.680000	0.250000	0.458923
1.680000	0.260000	0.477925
1.680000	0.270000	0.497064
1.680000	0.280000	0.516341
1.680000	0.290000	0.535760
1.680000	0.300000	0.555322
1.680000	0.310000	0.575031
1.680000	0.320000	0.594886
1.680000	0.330000	0.614891
1.680000	0.340000	0.635047
1.680000	0.350000	0.655355
1.680000	0.360000	0.675817
1.680000	0.370000	0.696433
1.680000	0.380000	0.717205
1.680000	0.390000	0.738134
1.680000	0.400000	0.759220
1.680000	0.410000	0.780463
1.680000	0.420000	0.801865
1.680000	0.430000	0.823425
1.680000	0.440000	0.845144
1.680000	0.450000	0.867021
1.680000	0.460000	0.889057
1.680000	0.470000	0.911251
1.680000	0.480000	0.933603
1.680000	0.490000	0.956112
1.690000	0.000000	0.016946
1.690000	0.010000	0.033900
1.690000	0.020000	0.050867
1.690000	0.030000	0.067856
1.690000	0.040000	0.084873
1.690000	0.050000	0.101924
1.690000	0.060000	0.119018
1.690000	0.070000	0.136160
1.690000	0.080000	0.153357
1.690000	0.090000	0.170615
1.690000	0.100000	0.187941
1.690000	0.110000	0.205340
1.690000	0.120000	0.222818
1.690000	0.130000	0.240381
1.690000	0.140000	0.258035
1.690000	0.150000	0.275783
1.690000	0.160000	0.293632
1.690000	0.170000	0.311586
1.690000	0.180000	0.329650
1.690000	0.190000	0.347828
1.690000	0.200000	0.366124
1.690000	0.210000	0.384542
1.690000	0.220000	0.403086
1.690000	0.230000	0.421759
1.690000	0.240000	0.440566
1.690000	0.250000	0.459508
1.690000	0.260000	0.478589
1.690000	0.270000	0.497812
1.690000	0.280000	0.517179
1.690000	0.290000	0.536692
1.690000	0.300000	0.556355
1.690000	0.310000	0.576169
1.690000	0.320000	0.596136
1.690000	0.330000	0.616258
1.690000	0.340000	0.636536
1.690000	0.350000	0.656972
1.690000	0.360000	0.677567
1.690000	0.370000	0.698323
1.690000	0.380000	0.719239
1.690000	0.390000	0.740318
1.690000	0.400000	0.761560
1.690000	0.410000	0.782965
1.690000	0.420000	0.804534
1.690000	0.430000	0.826267
1.690000	0.440000	0.848165
1.690000	0.450000	0.870227
1.690000	0.460000	0.892453
1.690000	0.470000	0.914843
1.690000	0.480000	0.937396
1.690000	0.490000	0.960113
1.700000	0.000000	0.016930
1.700000	0.010000	0.033868
1.700000	0.020000	0.050820
1.700000	0.030000	0.067795
1.700000	0.040000	0.084800
1.700000	0.050000	0.101841
1.700000	0.060000	0.118926
1.700000	0.070000	0.136062
1.700000	0.080000	0.153255
1.700000	0.090000	0.170513
1.700000	0.100000	0.187841
1.700000	0.110000	0.205246
1.700000	0.120000	0.222733
1.700000	0.130000	0.240310
1.700000	0.140000	0.257981
1.700000	0.150000	0.275751
1.700000	0.160000	0.293626
1.700000	0.170000	0.311611
1.700000	0.180000	0.329710
1.700000	0.190000	0.347928
1.700000	0.200000	0.366269
1.700000	0.210000	0.384737
1.700000	0.220000	0.403336
1.700000	0.230000	0.422070
1.700000	0.240000	0.440942
1.700000	0.250000	0.459955
1.700000	0.260000	0.479112
1.700000	0.270000	0.498417
1.700000	0.280000	0.517871
1.700000	0.290000	0.537478
1.700000	0.300000	0.557239
1.700000	0.310000	0.577157
1.700000	0.320000	0.597233
1.700000	0.330000	0.617470
1.700000	0.340000	0.637869
1.700000	0.350000	0.658431
1.700000	0.360000	0.679159
1.700000	0.370000	0.700052
1.700000	0.380000	0.721113
1.700000	0.390000	0.742341
1.700000	0.400000	0.763738
1.700000	0.410000	0.785305
1.700000	0.420000	0.807041
1.700000	0.430000	0.828947
1.700000	0.440000	0.851023
1.700000	0.450000	0.873270
1.700000	0.460000	0.895687
1.700000	0.470000	0.918273
1.700000	0.480000	0.941029
1.700000	0.490000	0.963954
1.710000	0.000000	0.016907
1.710000	0.010000	0.033822
1.710000	0.020000	0.050752
1.710000	0.030000	0.067706
1.710000	0.040000	0.084690
1.710000	0.050000	0.101714
1.710000	0.060000	0.118783
1.710000	0.070000	0.135906
1.710000	0.080000	0.153089
1.710000	0.090000	0.170340
1.710000	0.100000	0.187664
1.710000	0.110000	0.205069
1.710000	0.120000	0.222561
1.710000	0.130000	0.240145
1.710000	0.140000	0.257828
1.710000	0.150000	0.275615
1.710000	0.160000	0.293511
1.710000	0.170000	0.311522
1.710000	0.180000	0.329652
1.710000	0.190000	0.347906
1.710000	0.200000	0.366288
1.710000	0.210000	0.384802
1.710000	0.220000	0.403453
1.710000	0.230000	0.422244
1.710000	0.240000	0.441178
1.710000	0.250000	0.460259
1.710000	0.260000	0.479490
1.710000	0.270000	0.498874
1.710000	0.280000	0.518413
1.710000	0.290000	0.538110
1.710000	0.300000	0.557967
1.710000	0.310000	0.577987
1.710000	0.320000	0.598171
1.710000	0.330000	0.618521
1.710000	0.340000	0.639040
1.710000	0.350000	0.659728
1.710000	0.360000	0.680586
1.710000	0.370000	0.701617
1.710000	0.380000	0.722820
1.710000	0.390000	0.744198
1.710000	0.400000	0.765750
1.710000	0.410000	0.787477
1.710000	0.420000	0.809380
1.710000	0.430000	0.831459
1.710000	0.440000	0.853714
1.710000	0.450000	0.876145
1.710000	0.460000	0.898752
1.710000	0.470000	0.921536
1.710000	0.480000	0.944494
1.710000	0.490000	0.967628
1.720000	0.000000	0.016876
1.720000	0.010000	0.033760
1.720000	0.020000	0.050660
1.720000	0.030000	0.067585
1.720000	0.040000	0.084543
1.720000	0.050000	0.101541
1.720000	0.060000	0.118588
1.720000	0.070000	0.135690
1.720000	0.080000	0.152856
1.720000	0.090000	0.170093
1.720000	0.100000	0.187408
1.720000	0.110000	0.204806
1.720000	0.120000	0.222296
1.720000	0.130000	0.239882
1.720000	0.140000	0.257572
1.720000	0.150000	0.275370
1.720000	0.160000	0.293283
1.720000	0.170000	0.311315
1.720000	0.180000	0.329471
1.720000	0.190000	0.347757
1.720000	0.200000	0.366176
1.720000	0.210000	0.384732
1.720000	0.220000	0.403431
1.720000	0.230000	0.422275
1.720000	0.240000	0.441269
1.720000	0.250000	0.460415
1.720000	0.260000	0.479716
1.720000	0.270000	0.499176
1.720000	0.280000	0.518798
1.720000	0.290000	0.538583
1.720000	0.300000	0.558534
1.720000	0.310000	0.578654
1.720000	0.320000	0.598944
1.720000	0.330000	0.619407
1.720000	0.340000	0.640043
1.720000	0.350000	0.660855
1.720000	0.360000	0.681843
1.720000	0.370000	0.703010
1.720000	0.380000	0.724355
1.720000	0.390000	0.745881
1.720000	0.400000	0.767587
1.720000	0.410000	0.789475
1.720000	0.420000	0.811544
1.720000	0.430000	0.833796
1.720000	0.440000	0.856229
1.720000	0.450000	0.878846
1.720000	0.460000	0.901644
1.720000	0.470000	0.924625
1.720000	0.480000	0.947787
1.720000	0.490000	0.971130
1.730000	0.000000	0.016836
1.730000	0.010000	0.033681
1.730000	0.020000	0.050544
1.730000	0.030000	0.067432
1.730000	0.040000	0.084355
1.730000	0.050000	0.101320
1.730000	0.060000	0.118336
1.730000	0.070000	0.135412
1.730000	0.080000	0.152554
1.730000	0.090000	0.169770
1.730000	0.100000	0.187067
1.730000	0.110000	0.204453
1.730000	0.120000	0.221934
1.730000	0.130000	0.239517
1.730000	0.140000	0.257208
1.730000	0.150000	0.275012
1.730000	0.160000	0.292936
1.730000	0.170000	0.310984
1.730000	0.180000	0.329162
1.730000	0.190000	0.347475
1.730000	0.200000	0.365927
1.730000	0.210000	0.384522
1.730000	0.220000	0.403265
1.730000	0.230000	0.422159
1.730000	0.240000	0.441208
1.730000	0.250000	0.460416
1.730000	0.260000	0.479785
1.730000	0.270000	0.499319
1.730000	0.280000	0.519020
1.730000	0.290000	0.538891
1.730000	0.300000	0.558935
1.730000	0.310000	0.579153
1.730000	0.320000	0.599547
1.730000	0.330000	0.620120
1.730000	0.340000	0.640872
1.730000	0.350000	0.661807
1.730000	0.360000	0.682924
1.730000	0.370000	0.704226
1.730000	0.380000	0.725712
1.730000	0.390000	0.747385
1.730000	0.400000	0.769245
1.730000	0.410000	0.791293
1.730000	0.420000	0.813528
1.730000	0.430000	0.835952
1.730000	0.440000	0.858565
1.730000	0.450000	0.881366
1.730000	0.460000	0.904355
1.730000	0.470000	0.927533
1.730000	0.480000	0.950900
1.730000	0.490000	0.974453
1.740000	0.000000	0.016788
1.740000	0.010000	0.033586
1.740000	0.020000	0.050402
1.740000	0.030000	0.067245
1.740000	0.040000	0.084124
1.740000	0.050000	0.101049
1.740000	0.060000	0.118027
1.740000	0.070000	0.135067
1.740000	0.080000	0.152177
1.740000	0.090000	0.169365
1.740000	0.100000	0.186639
1.740000	0.110000	0.204006
1.740000	0.120000	0.221472
1.740000	0.130000	0.239045
1.740000	0.140000	0.256731
1.740000	0.150000	0.274536
1.740000	0.160000	0.292465
1.740000	0.170000	0.310525
1.740000	0.180000	0.328720
1.740000	0.190000	0.347055
1.740000	0.200000	0.365535
1.740000	0.210000	0.384165
1.740000	0.220000	0.402948
1.740000	0.230000	0.421889
1.740000	0.240000	0.440991
1.740000	0.250000	0.460257
1.740000	0.260000	0.479691
1.740000	0.270000	0.499296
1.740000	0.280000	0.519075
1.740000	0.290000	0.539029
1.740000	0.300000	0.559162
1.740000	0.310000	0.579476
1.740000	0.320000	0.599973
1.740000	0.330000	0.620654
1.740000	0.340000	0.641522
1.740000	0.350000	0.662577
1.740000	0.360000	0.683822
1.740000	0.370000	0.705258
1.740000	0.380000	0.726885
1.740000	0.390000	0.748705
1.740000	0.400000	0.770717
1.740000	0.410000	0.792924
1.740000	0.420000	0.815326
1.740000	0.430000	0.837922
1.740000	0.440000	0.860713
1.740000	0.450000	0.883699
1.740000	0.460000	0.906880
1.740000	0.470000	0.930256
1.740000	0.480000	0.953827
1.740000	0.490000	0.977591
1.750000	0.000000	0.016731
1.750000	0.010000	0.033472
1.750000	0.020000	0.050232
1.750000	0.030000	0.067021
1.750000	0.040000	0.083849
1.750000	0.050000	0.100724
1.750000	0.060000	0.117655
1.750000	0.070000	0.134652
1.750000	0.080000	0.151723
1.750000	0.090000	0.168876
1.750000	0.100000	0.186119
1.750000	0.110000	0.203459
1.750000	0.120000	0.220904
1.750000	0.130000	0.238461
1.750000	0.140000	0.256136
1.750000	0.150000	0.273935
1.750000	0.160000	0.291865
1.750000	0.170000	0.309931
1.750000	0.180000	0.328138
1.750000	0.190000	0.346491
1.750000	0.200000	0.364996
1.750000	0.210000	0.383656
1.750000	0.220000	0.402475
1.750000	0.230000	0.421459
1.750000	0.240000	0.440610
1.750000	0.250000	0.459932
1.750000	0.260000	0.479428
1.750000	0.270000	0.499101
1.750000	0.280000	0.518954
1.750000	0.290000	0.538989
1.750000	0.300000	0.559210
1.750000	0.310000	0.579618
1.750000	0.320000	0.600215
1.750000	0.330000	0.621003
1.750000	0.340000	0.641984
1.750000	0.350000	0.663160
1.750000	0.360000	0.684531
1.750000	0.370000	0.706100
1.750000	0.380000	0.727866
1.750000	0.390000	0.749832
1.750000	0.400000	0.771997
1.750000	0.410000	0.794363
1.750000	0.420000	0.816930
1.750000	0.430000	0.839698
1.750000	0.440000	0.862668
1.750000	0.450000	0.885839
1.750000	0.460000	0.909212
1.750000	0.470000	0.932786
1.750000	0.480000	0.956561
1.750000	0.490000	0.980537
1.760000	0.000000	0.016664
1.760000	0.010000	0.033339
1.760000	0.020000	0.050034
1.760000	0.030000	0.066760
1.760000	0.040000	0.083526
1.760000	0.050000	0.100343
1.760000	0.060000	0.117219
1.760000	0.070000	0.134164
1.760000	0.080000	0.151188
1.760000	0.090000	0.168297
1.760000	0.100000	0.185502
1.760000	0.110000	0.202808
1.760000	0.120000	0.220225
1.760000	0.130000	0.237759
1.760000	0.140000	0.255417
1.760000	0.150000	0.273205
1.760000	0.160000	0.291130
1.760000	0.170000	0.309196
1.760000	0.180000	0.327410
1.760000	0.190000	0.345777
1.760000	0.200000	0.364301
1.760000	0.210000	0.382987
1.760000	0.220000	0.401840
1.760000	0.230000	0.420863
1.760000	0.240000	0.440059
1.760000	0.250000	0.459433
1.760000	0.260000	0.478988
1.760000	0.270000	0.498727
1.760000	0.280000	0.518652
1.760000	0.290000	0.538766
1.760000	0.300000	0.559072
1.760000	0.310000	0.579572
1.760000	0.320000	0.600268
1.760000	0.330000	0.621161
1.760000	0.340000	0.642254
1.760000	0.350000	0.663548
1.760000	0.360000	0.685045
1.760000	0.370000	0.706745
1.760000	0.380000	0.728650
1.760000	0.390000	0.750761
1.760000	0.400000	0.773078
1.760000	0.410000	0.795602
1.760000	0.420000	0.818334
1.760000	0.430000	0.841274
1.760000	0.440000	0.864422
1.760000	0.450000	0.887779
1.760000	0.460000	0.911343
1.760000	0.470000	0.935116
1.760000	0.480000	0.959097
1.760000	0.490000	0.983285
1.770000	0.000000	0.016587
1.770000	0.010000	0.033186
1.770000	0.020000	0.049806
1.770000	0.030000	0.066458
1.770000	0.040000	0.083153
1.770000	0.050000	0.099902
1.770000	0.060000	0.116714
1.770000	0.070000	0.133599
1.770000	0.080000	0.150566
1.770000	0.090000	0.167624
1.770000	0.100000	0.184782
1.770000	0.110000	0.202048
1.770000	0.120000	0.219430
1.770000	0.130000	0.236934
1.770000	0.140000	0.254569
1.770000	0.150000	0.272339
1.770000	0.160000	0.290253
1.770000	0.170000	0.308315
1.770000	0.180000	0.326531
1.770000	0.190000	0.344906
1.770000	0.200000	0.363446
1.770000	0.210000	0.382154
1.770000	0.220000	0.401035
1.770000	0.230000	0.420093
1.770000	0.240000	0.439332
1.770000	0.250000	0.458755
1.770000	0.260000	0.478366
1.770000	0.270000	0.498167
1.770000	0.280000	0.518162
1.770000	0.290000	0.538352
1.770000	0.300000	0.558742
1.770000	0.310000	0.579331
1.770000	0.320000	0.600124
1.770000	0.330000	0.621121
1.770000	0.340000	0.642324
1.770000	0.350000	0.663736
1.770000	0.360000	0.685356
1.770000	0.370000	0.707187
1.770000	0.380000	0.729230
1.770000	0.390000	0.751485
1.770000	0.400000	0.773953
1.770000	0.410000	0.796636
1.770000	0.420000	0.819532
1.770000	0.430000	0.842644
1.770000	0.440000	0.865970
1.770000	0.450000	0.889512
1.770000	0.460000	0.913269
1.770000	0.470000	0.937240
1.770000	0.480000	0.961427
1.770000	0.490000	0.985827
1.780000	0.000000	0.016499
1.780000	0.010000	0.033010
1.780000	0.020000	0.049545
1.780000	0.030000	0.066113
1.780000	0.040000	0.082728
1.780000	0.050000	0.099399
1.780000	0.060000	0.116137
1.780000	0.070000	0.132952
1.780000	0.080000	0.149854
1.780000	0.090000	0.166852
1.780000	0.100000	0.183956
1.780000	0.110000	0.201173
1.780000	0.120000	0.218512
1.780000	0.130000	0.235980
1.780000	0.140000	0.253584
1.780000	0.150000	0.271332
1.780000	0.160000	0.289228
1.780000	0.170000	0.307280
1.780000	0.180000	0.325493
1.780000	0.190000	0.343872
1.780000	0.200000	0.362423
1.780000	0.210000	0.381149
1.780000	0.220000	0.400054
1.780000	0.230000	0.419144
1.780000	0.240000	0.438422
1.780000	0.250000	0.457891
1.780000	0.260000	0.477554
1.780000	0.270000	0.497415
1.780000	0.280000	0.517477
1.780000	0.290000	0.537741
1.780000	0.300000	0.558212
1.780000	0.310000	0.578889
1.780000	0.320000	0.599777
1.780000	0.330000	0.620876
1.780000	0.340000	0.642188
1.780000	0.350000	0.663715
1.780000	0.360000	0.685459
1.780000	0.370000	0.707419
1.780000	0.380000	0.729599
1.780000	0.390000	0.751997
1.780000	0.400000	0.774616
1.780000	0.410000	0.797456
1.780000	0.420000	0.820517
1.780000	0.430000	0.843800
1.780000	0.440000	0.867305
1.780000	0.450000	0.891031
1.780000	0.460000	0.914980
1.780000	0.470000	0.939151
1.780000	0.480000	0.963544
1.780000	0.490000	0.988157
1.790000	0.000000	0.016400
1.790000	0.010000	0.032812
1.790000	0.020000	0.049249
1.790000	0.030000	0.065723
1.790000	0.040000	0.082246
1.790000	0.050000	0.098828
1.790000	0.060000	0.115482
1.790000	0.070000	0.132218
1.790000	0.080000	0.149046
1.790000	0.090000	0.165975
1.790000	0.100000	0.183016
1.790000	0.110000	0.200177
1.790000	0.120000	0.217465
1.790000	0.130000	0.234890
1.790000	0.140000	0.252458
1.790000	0.150000	0.270175
1.790000	0.160000	0.288049
1.790000	0.170000	0.306086
1.790000	0.180000	0.324290
1.790000	0.190000	0.342668
1.790000	0.200000	0.361225
1.790000	0.210000	0.379964
1.790000	0.220000	0.398890
1.790000	0.230000	0.418008
1.790000	0.240000	0.437321
1.790000	0.250000	0.456833
1.790000	0.260000	0.476546
1.790000	0.270000	0.496464
1.790000	0.280000	0.516590
1.790000	0.290000	0.536926
1.790000	0.300000	0.557475
1.790000	0.310000	0.578239
1.790000	0.320000	0.599219
1.790000	0.330000	0.620418
1.790000	0.340000	0.641838
1.790000	0.350000	0.663480
1.790000	0.360000	0.685345
1.790000	0.370000	0.707434
1.790000	0.380000	0.729749
1.790000	0.390000	0.752291
1.790000	0.400000	0.775060
1.790000	0.410000	0.798056
1.790000	0.420000	0.821281
1.790000	0.430000	0.844735
1.790000	0.440000	0.868418
1.790000	0.450000	0.892330
1.790000	0.460000	0.916472
1.790000	0.470000	0.940842
1.790000	0.480000	0.965441
1.790000	0.490000	0.990268
1.800000	0.000000	0.016288
1.800000	0.010000	0.032590
1.800000	0.020000	0.048918
1.800000	0.030000	0.065285
1.800000	0.040000	0.081704
1.800000	0.050000	0.098187
1.800000	0.060000	0.114746
1.800000	0.070000	0.131392
1.800000	0.080000	0.148136
1.800000	0.090000	0.164988
1.800000	0.100000	0.181957
1.800000	0.110000	0.199053
1.800000	0.120000	0.216284
1.800000	0.130000	0.233657
1.800000	0.140000	0.251182
1.800000	0.150000	0.268863
1.800000	0.160000	0.286709
1.800000	0.170000	0.304724
1.800000	0.180000	0.322915
1.800000	0.190000	0.341287
1.800000	0.200000	0.359845
1.800000	0.210000	0.378593
1.800000	0.220000	0.397536
1.800000	0.230000	0.416678
1.800000	0.240000	0.436023
1.800000	0.250000	0.455574
1.800000	0.260000	0.475334
1.800000	0.270000	0.495307
1.800000	0.280000	0.515494
1.800000	0.290000	0.535899
1.800000	0.300000	0.556525
1.800000	0.310000	0.577372
1.800000	0.320000	0.598444
1.800000	0.330000	0.619742
1.800000	0.340000	0.641268
1.800000	0.350000	0.663022
1.800000	0.360000	0.685008
1.800000	0.370000	0.707225
1.800000	0.380000	0.729675
1.800000	0.390000	0.752358
1.800000	0.400000	0.775276
1.800000	0.410000	0.798429
1.800000	0.420000	0.821818
1.800000	0.430000	0.845443
1.800000	0.440000	0.869304
1.800000	0.450000	0.893401
1.800000	0.460000	0.917735
1.800000	0.470000	0.942305
1.800000	0.480000	0.967111
1.800000	0.490000	0.992153
1.810000	0.000000	0.016163
1.810000	0.010000	0.032341
1.810000	0.020000	0.048546
1.810000	0.030000	0.064794
1.810000	0.040000	0.081098
1.810000	0.050000	0.097470
1.810000	0.060000	0.113923
1.810000	0.070000	0.130469
1.810000	0.080000	0.147119
1.810000	0.090000	0.163883
1.810000	0.100000	0.180772
1.810000	0.110000	0.197794
1.810000	0.120000	0.214960
1.810000	0.130000	0.232275
1.810000	0.140000	0.249749
1.810000	0.150000	0.267388
1.810000	0.160000	0.285198
1.810000	0.170000	0.303187
1.810000	0.180000	0.321359
1.810000	0.190000	0.339720
1.810000	0.200000	0.358275
1.810000	0.210000	0.377028
1.810000	0.220000	0.395984
1.810000	0.230000	0.415147
1.810000	0.240000	0.434520
1.810000	0.250000	0.454107
1.810000	0.260000	0.473911
1.810000	0.270000	0.493935
1.810000	0.280000	0.514181
1.810000	0.290000	0.534654
1.810000	0.300000	0.555353
1.810000	0.310000	0.576283
1.810000	0.320000	0.597444
1.810000	0.330000	0.618839
1.810000	0.340000	0.640469
1.810000	0.350000	0.662335
1.810000	0.360000	0.684440
1.810000	0.370000	0.706784
1.810000	0.380000	0.729367
1.810000	0.390000	0.752192
1.810000	0.400000	0.775259
1.810000	0.410000	0.798568
1.810000	0.420000	0.822120
1.810000	0.430000	0.845916
1.810000	0.440000	0.869955
1.810000	0.450000	0.894237
1.810000	0.460000	0.918764
1.810000	0.470000	0.943534
1.810000	0.480000	0.968547
1.810000	0.490000	0.993803
1.820000	0.000000	0.016024
1.820000	0.010000	0.032063
1.820000	0.020000	0.048133
1.820000	0.030000	0.064249
1.820000	0.040000	0.080424
1.820000	0.050000	0.096672
1.820000	0.060000	0.113007
1.820000	0.070000	0.129442
1.820000	0.080000	0.145987
1.820000	0.090000	0.162654
1.820000	0.100000	0.179453
1.820000	0.110000	0.196394
1.820000	0.120000	0.213485
1.820000	0.130000	0.230735
1.820000	0.140000	0.248151
1.820000	0.150000	0.265741
1.820000	0.160000	0.283511
1.820000	0.170000	0.301467
1.820000	0.180000	0.319615
1.820000	0.190000	0.337960
1.820000	0.200000	0.356507
1.820000	0.210000	0.375261
1.820000	0.220000	0.394226
1.820000	0.230000	0.413405
1.820000	0.240000	0.432803
1.820000	0.250000	0.452423
1.820000	0.260000	0.472268
1.820000	0.270000	0.492341
1.820000	0.280000	0.512645
1.820000	0.290000	0.533181
1.820000	0.300000	0.553953
1.820000	0.310000	0.574963
1.820000	0.320000	0.596212
1.820000	0.330000	0.617702
1.820000	0.340000	0.639435
1.820000	0.350000	0.661412
1.820000	0.360000	0.683634
1.820000	0.370000	0.706104
1.820000	0.380000	0.728820
1.820000	0.390000	0.751786
1.820000	0.400000	0.775001
1.820000	0.410000	0.798465
1.820000	0.420000	0.822180
1.820000	0.430000	0.846146
1.820000	0.440000	0.870363
1.820000	0.450000	0.894831
1.820000	0.460000	0.919550
1.820000	0.470000	0.944520
1.820000	0.480000	0.969741
1.820000	0.490000	0.995212
1.830000	0.000000	0.015870
1.830000	0.010000	0.031756
1.830000	0.020000	0.047675
1.830000	0.030000	0.063643
1.830000	0.040000	0.079676
1.830000	0.050000	0.095788
1.830000	0.060000	0.111993
1.830000	0.070000	0.128304
1.830000	0.080000	0.144734
1.830000	0.090000	0.161294
1.830000	0.100000	0.177994
1.830000	0.110000	0.194844
1.830000	0.120000	0.211853
1.830000	0.130000	0.229029
1.830000	0.140000	0.246381
1.830000	0.150000	0.263915
1.830000	0.160000	0.281638
1.830000	0.170000	0.299556
1.830000	0.180000	0.317674
1.830000	0.190000	0.335999
1.830000	0.200000	0.354534
1.830000	0.210000	0.373284
1.830000	0.220000	0.392254
1.830000	0.230000	0.411446
1.830000	0.240000	0.430866
1.830000	0.250000	0.450516
1.830000	0.260000	0.470399
1.830000	0.270000	0.490518
1.830000	0.280000	0.510875
1.830000	0.290000	0.531474
1.830000	0.300000	0.552316
1.830000	0.310000	0.573404
1.830000	0.320000	0.594739
1.830000	0.330000	0.616323
1.830000	0.340000	0.638157
1.830000	0.350000	0.660243
1.830000	0.360000	0.682583
1.830000	0.370000	0.705177
1.830000	0.380000	0.728026
1.830000	0.390000	0.751131
1.830000	0.400000	0.774494
1.830000	0.410000	0.798113
1.830000	0.420000	0.821991
1.830000	0.430000	0.846127
1.830000	0.440000	0.870521
1.830000	0.450000	0.895175
1.830000	0.460000	0.920086
1.830000	0.470000	0.945257
1.830000	0.480000	0.970686
1.830000	0.490000	0.996373
1.840000	0.000000	0.015698
1.840000	0.010000	0.031415
1.840000	0.020000	0.047168
1.840000	0.030000	0.062974
1.840000	0.040000	0.078849
1.840000	0.050000	0.094811
1.840000	0.060000	0.110873
1.840000	0.070000	0.127049
1.840000	0.080000	0.143352
1.840000	0.090000	0.159793
1.840000	0.100000	0.176384
1.840000	0.110000	0.193134
1.840000	0.120000	0.210053
1.840000	0.130000	0.227149
1.840000	0.140000	0.244429
1.840000	0.150000	0.261901
1.840000	0.160000	0.279571
1.840000	0.170000	0.297445
1.840000	0.180000	0.315529
1.840000	0.190000	0.333827
1.840000	0.200000	0.352346
1.840000	0.210000	0.371088
1.840000	0.220000	0.390059
1.840000	0.230000	0.409261
1.840000	0.240000	0.428699
1.840000	0.250000	0.448376
1.840000	0.260000	0.468294
1.840000	0.270000	0.488456
1.840000	0.280000	0.508866
1.840000	0.290000	0.529525
1.840000	0.300000	0.550435
1.840000	0.310000	0.571599
1.840000	0.320000	0.593018
1.840000	0.330000	0.614694
1.840000	0.340000	0.636629
1.840000	0.350000	0.658823
1.840000	0.360000	0.681278
1.840000	0.370000	0.703996
1.840000	0.380000	0.726976
1.840000	0.390000	0.750221
1.840000	0.400000	0.773730
1.840000	0.410000	0.797504
1.840000	0.420000	0.821544
1.840000	0.430000	0.845850
1.840000	0.440000	0.870422
1.840000	0.450000	0.895261
1.840000	0.460000	0.920365
1.840000	0.470000	0.945737
1.840000	0.480000	0.971374
1.840000	0.490000	0.997277
1.850000	0.000000	0.015509
1.850000	0.010000	0.031039
1.850000	0.020000	0.046607
1.850000	0.030000	0.062234
1.850000	0.040000	0.077937
1.850000	0.050000	0.093733
1.850000	0.060000	0.109638
1.850000	0.070000	0.125666
1.850000	0.080000	0.141831
1.850000	0.090000	0.158144
1.850000	0.100000	0.174616
1.850000	0.110000	0.191257
1.850000	0.120000	0.208077
1.850000	0.130000	0.225084
1.850000	0.140000	0.242286
1.850000	0.150000	0.259689
1.850000	0.160000	0.277300
1.850000	0.170000	0.295124
1.850000	0.180000	0.313169
1.850000	0.190000	0.331437
1.850000	0.200000	0.349934
1.850000	0.210000	0.368665
1.850000	0.220000	0.387633
1.850000	0.230000	0.406842
1.850000	0.240000	0.426295
1.850000	0.250000	0.445995
1.850000	0.260000	0.465945
1.850000	0.270000	0.486149
1.850000	0.280000	0.506608
1.850000	0.290000	0.527325
1.850000	0.300000	0.548301
1.850000	0.310000	0.569540
1.850000	0.320000	0.591041
1.850000	0.330000	0.612808
1.850000	0.340000	0.634841
1.850000	0.350000	0.657143
1.850000	0.360000	0.679713
1.850000	0.370000	0.702553
1.850000	0.380000	0.725664
1.850000	0.390000	0.749047
1.850000	0.400000	0.772702
1.850000	0.410000	0.796631
1.850000	0.420000	0.820832
1.850000	0.430000	0.845308
1.850000	0.440000	0.870057
1.850000	0.450000	0.895081
1.850000	0.460000	0.920379
1.850000	0.470000	0.945951
1.850000	0.480000	0.971797
1.850000	0.490000	0.997916
1.860000	0.000000	0.015300
1.860000	0.010000	0.030623
1.860000	0.020000	0.045988
1.860000	0.030000	0.061419
1.860000	0.040000	0.076932
1.860000	0.050000	0.092548
1.860000	0.060000	0.108281
1.860000	0.070000	0.124148
1.860000	0.080000	0.140162
1.860000	0.090000	0.156335
1.860000	0.100000	0.172678
1.860000	0.110000	0.189202
1.860000	0.120000	0.205915
1.860000	0.130000	0.222826
1.860000	0.140000	0.239941
1.860000	0.150000	0.257269
1.860000	0.160000	0.274815
1.860000	0.170000	0.292585
1.860000	0.180000	0.310585
1.860000	0.190000	0.328818
1.860000	0.200000	0.347290
1.860000	0.210000	0.366005
1.860000	0.220000	0.384967
1.860000	0.230000	0.404178
1.860000	0.240000	0.423643
1.860000	0.250000	0.443364
1.860000	0.260000	0.463345
1.860000	0.270000	0.483587
1.860000	0.280000	0.504093
1.860000	0.290000	0.524866
1.860000	0.300000	0.545907
1.860000	0.310000	0.567218
1.860000	0.320000	0.588800
1.860000	0.330000	0.610656
1.860000	0.340000	0.632787
1.860000	0.350000	0.655194
1.860000	0.360000	0.677878
1.860000	0.370000	0.700840
1.860000	0.380000	0.724081
1.860000	0.390000	0.747601
1.860000	0.400000	0.771402
1.860000	0.410000	0.795484
1.860000	0.420000	0.819848
1.860000	0.430000	0.844493
1.860000	0.440000	0.869420
1.860000	0.450000	0.894629
1.860000	0.460000	0.920120
1.860000	0.470000	0.945893
1.860000	0.480000	0.971947
1.860000	0.490000	0.998284
1.870000	0.000000	0.015069
1.870000	0.010000	0.030163
1.870000	0.020000	0.045306
1.870000	0.030000	0.060519
1.870000	0.040000	0.075826
1.870000	0.050000	0.091244
1.870000	0.060000	0.106791
1.870000	0.070000	0.122483
1.870000	0.080000	0.138334
1.870000	0.090000	0.154356
1.870000	0.100000	0.170561
1.870000	0.110000	0.186957
1.870000	0.120000	0.203555
1.870000	0.130000	0.220362
1.870000	0.140000	0.237385
1.870000	0.150000	0.254632
1.870000	0.160000	0.272107
1.870000	0.170000	0.289818
1.870000	0.180000	0.307767
1.870000	0.190000	0.325961
1.870000	0.200000	0.344404
1.870000	0.210000	0.363100
1.870000	0.220000	0.382051
1.870000	0.230000	0.401262
1.870000	0.240000	0.420736
1.870000	0.250000	0.440475
1.870000	0.260000	0.460483
1.870000	0.270000	0.480762
1.870000	0.280000	0.501313
1.870000	0.290000	0.522139
1.870000	0.300000	0.543242
1.870000	0.310000	0.564624
1.870000	0.320000	0.586287
1.870000	0.330000	0.608231
1.870000	0.340000	0.630458
1.870000	0.350000	0.652969
1.870000	0.360000	0.675766
1.870000	0.370000	0.698849
1.870000	0.380000	0.722218
1.870000	0.390000	0.745876
1.870000	0.400000	0.769823
1.870000	0.410000	0.794058
1.870000	0.420000	0.818582
1.870000	0.430000	0.843397
1.870000	0.440000	0.868501
1.870000	0.450000	0.893895
1.870000	0.460000	0.919579
1.870000	0.470000	0.945553
1.870000	0.480000	0.971817
1.870000	0.490000	0.998371
1.880000	0.000000	0.014814
1.880000	0.010000	0.029655
1.880000	0.020000	0.044552
1.880000	0.030000	0.059528
1.880000	0.040000	0.074607
1.880000	0.050000	0.089811
1.880000	0.060000	0.105156
1.880000	0.070000	0.120659
1.880000	0.080000	0.136335
1.880000	0.090000	0.152195
1.880000	0.100000	0.168251
1.880000	0.110000	0.184512
1.880000	0.120000	0.200987
1.880000	0.130000	0.217682
1.880000	0.140000	0.234607
1.880000	0.150000	0.251766
1.880000	0.160000	0.269165
1.880000	0.170000	0.286810
1.880000	0.180000	0.304706
1.880000	0.190000	0.322857
1.880000	0.200000	0.341266
1.880000	0.210000	0.359938
1.880000	0.220000	0.378876
1.880000	0.230000	0.398084
1.880000	0.240000	0.417564
1.880000	0.250000	0.437319
1.880000	0.260000	0.457351
1.880000	0.270000	0.477664
1.880000	0.280000	0.498258
1.880000	0.290000	0.519136
1.880000	0.300000	0.540300
1.880000	0.310000	0.561752
1.880000	0.320000	0.583492
1.880000	0.330000	0.605523
1.880000	0.340000	0.627845
1.880000	0.350000	0.650460
1.880000	0.360000	0.673368
1.880000	0.370000	0.696571
1.880000	0.380000	0.720069
1.880000	0.390000	0.743864
1.880000	0.400000	0.767955
1.880000	0.410000	0.792343
1.880000	0.420000	0.817028
1.880000	0.430000	0.842011
1.880000	0.440000	0.867293
1.880000	0.450000	0.892872
1.880000	0.460000	0.918749
1.880000	0.470000	0.944925
1.880000	0.480000	0.971399
1.880000	0.490000	0.998170
1.890000	0.000000	0.014530
1.890000	0.010000	0.029093
1.890000	0.020000	0.043718
1.890000	0.030000	0.058434
1.890000	0.040000	0.073266
1.890000	0.050000	0.088236
1.890000	0.060000	0.103363
1.890000	0.070000	0.118664
1.890000	0.080000	0.134152
1.890000	0.090000	0.149839
1.890000	0.100000	0.165737
1.890000	0.110000	0.181853
1.890000	0.120000	0.198197
1.890000	0.130000	0.214775
1.890000	0.140000	0.231594
1.890000	0.150000	0.248660
1.890000	0.160000	0.265978
1.890000	0.170000	0.283553
1.890000	0.180000	0.301390
1.890000	0.190000	0.319493
1.890000	0.200000	0.337865
1.890000	0.210000	0.356511
1.890000	0.220000	0.375433
1.890000	0.230000	0.394634
1.890000	0.240000	0.414117
1.890000	0.250000	0.433885
1.890000	0.260000	0.453940
1.890000	0.270000	0.474285
1.890000	0.280000	0.494920
1.890000	0.290000	0.515848
1.890000	0.300000	0.537072
1.890000	0.310000	0.558591
1.890000	0.320000	0.580408
1.890000	0.330000	0.602524
1.890000	0.340000	0.624940
1.890000	0.350000	0.647657
1.890000	0.360000	0.670677
1.890000	0.370000	0.693999
1.890000	0.380000	0.717625
1.890000	0.390000	0.741555
1.890000	0.400000	0.765790
1.890000	0.410000	0.790331
1.890000	0.420000	0.815177
1.890000	0.430000	0.840329
1.890000	0.440000	0.865787
1.890000	0.450000	0.891552
1.890000	0.460000	0.917623
1.890000	0.470000	0.944000
1.890000	0.480000	0.970683
1.890000	0.490000	0.997672
1.900000	0.000000	0.014215
1.900000	0.010000	0.028467
1.900000	0.020000	0.042793
1.900000	0.030000	0.057223
1.900000	0.040000	0.071786
1.900000	0.050000	0.086504
1.900000	0.060000	0.101397
1.900000	0.070000	0.116481
1.900000	0.080000	0.131769
1.900000	0.090000	0.147274
1.900000	0.100000	0.163004
1.900000	0.110000	0.178968
1.900000	0.120000	0.195173
1.900000	0.130000	0.211627
1.900000	0.140000	0.228334
1.900000	0.150000	0.245302
1.900000	0.160000	0.262534
1.900000	0.170000	0.280035
1.900000	0.180000	0.297809
1.900000	0.190000	0.315860
1.900000	0.200000	0.334192
1.900000	0.210000	0.352808
1.900000	0.220000	0.371710
1.900000	0.230000	0.390902
1.900000	0.240000	0.410387
1.900000	0.250000	0.430165
1.900000	0.260000	0.450241
1.900000	0.270000	0.470615
1.900000	0.280000	0.491290
1.900000	0.290000	0.512266
1.900000	0.300000	0.533547
1.900000	0.310000	0.555133
1.900000	0.320000	0.577025
1.900000	0.330000	0.599226
1.900000	0.340000	0.621735
1.900000	0.350000	0.644553
1.900000	0.360000	0.667683
1.900000	0.370000	0.691124
1.900000	0.380000	0.714877
1.900000	0.390000	0.738942
1.900000	0.400000	0.763321
1.900000	0.410000	0.788014
1.900000	0.420000	0.813020
1.900000	0.430000	0.838341
1.900000	0.440000	0.863976
1.900000	0.450000	0.889926
1.900000	0.460000	0.916190
1.900000	0.470000	0.942769
1.900000	0.480000	0.969662
1.900000	0.490000	0.996869
1.910000	0.000000	0.013862
1.910000	0.010000	0.027769
1.910000	0.020000	0.041763
1.910000	0.030000	0.055880
1.910000	0.040000	0.070150
1.910000	0.050000	0.084597
1.910000	0.060000	0.099240
1.910000	0.070000	0.114094
1.910000	0.080000	0.129171
1.910000	0.090000	0.144483
1.910000	0.100000	0.160037
1.910000	0.110000	0.175841
1.910000	0.120000	0.191901
1.910000	0.130000	0.208225
1.910000	0.140000	0.224816
1.910000	0.150000	0.241680
1.910000	0.160000	0.258821
1.910000	0.170000	0.276244
1.910000	0.180000	0.293951
1.910000	0.190000	0.311948
1.910000	0.200000	0.330236
1.910000	0.210000	0.348819
1.910000	0.220000	0.367699
1.910000	0.230000	0.386879
1.910000	0.240000	0.406362
1.910000	0.250000	0.426149
1.910000	0.260000	0.446243
1.910000	0.270000	0.466645
1.910000	0.280000	0.487357
1.910000	0.290000	0.508381
1.910000	0.300000	0.529718
1.910000	0.310000	0.551369
1.910000	0.320000	0.573336
1.910000	0.330000	0.595619
1.910000	0.340000	0.618220
1.910000	0.350000	0.641140
1.910000	0.360000	0.664378
1.910000	0.370000	0.687937
1.910000	0.380000	0.711816
1.910000	0.390000	0.736017
1.910000	0.400000	0.760539
1.910000	0.410000	0.785384
1.910000	0.420000	0.810550
1.910000	0.430000	0.836039
1.910000	0.440000	0.861851
1.910000	0.450000	0.887986
1.910000	0.460000	0.914444
1.910000	0.470000	0.941224
1.910000	0.480000	0.968328
1.910000	0.490000	0.995753
1.920000	0.000000	0.013464
1.920000	0.010000	0.026984
1.920000	0.020000	0.040611
1.920000	0.030000	0.054385
1.920000	0.040000	0.068338
1.920000	0.050000	0.082494
1.920000	0.060000	0.096872
1.920000	0.070000	0.111483
1.920000	0.080000	0.126339
1.920000	0.090000	0.141449
1.920000	0.100000	0.156820
1.920000	0.110000	0.172457
1.920000	0.120000	0.188367
1.920000	0.130000	0.204555
1.920000	0.140000	0.221024
1.920000	0.150000	0.237781
1.920000	0.160000	0.254827
1.920000	0.170000	0.272168
1.920000	0.180000	0.289805
1.920000	0.190000	0.307743
1.920000	0.200000	0.325985
1.920000	0.210000	0.344532
1.920000	0.220000	0.363388
1.920000	0.230000	0.382554
1.920000	0.240000	0.402033
1.920000	0.250000	0.421827
1.920000	0.260000	0.441937
1.920000	0.270000	0.462366
1.920000	0.280000	0.483114
1.920000	0.290000	0.504183
1.920000	0.300000	0.525575
1.920000	0.310000	0.547290
1.920000	0.320000	0.569330
1.920000	0.330000	0.591695
1.920000	0.340000	0.614387
1.920000	0.350000	0.637407
1.920000	0.360000	0.660754
1.920000	0.370000	0.684430
1.920000	0.380000	0.708436
1.920000	0.390000	0.732771
1.920000	0.400000	0.757436
1.920000	0.410000	0.782432
1.920000	0.420000	0.807758
1.920000	0.430000	0.833416
1.920000	0.440000	0.859404
1.920000	0.450000	0.885724
1.920000	0.460000	0.912375
1.920000	0.470000	0.939358
1.920000	0.480000	0.966671
1.920000	0.490000	0.994316
1.930000	0.000000	0.013010
1.930000	0.010000	0.026093
1.930000	0.020000	0.039311
1.930000	0.030000	0.052710
1.930000	0.040000	0.066323
1.930000	0.050000	0.080171
1.930000	0.060000	0.094269
1.930000	0.070000	0.108628
1.930000	0.080000	0.123254
1.930000	0.090000	0.138155
1.930000	0.100000	0.153336
1.930000	0.110000	0.168801
1.930000	0.120000	0.184556
1.930000	0.130000	0.200603
1.930000	0.140000	0.216947
1.930000	0.150000	0.233591
1.930000	0.160000	0.250539
1.930000	0.170000	0.267794
1.930000	0.180000	0.285359
1.930000	0.190000	0.303236
1.930000	0.200000	0.321428
1.930000	0.210000	0.339937
1.930000	0.220000	0.358766
1.930000	0.230000	0.377916
1.930000	0.240000	0.397390
1.930000	0.250000	0.417189
1.930000	0.260000	0.437314
1.930000	0.270000	0.457767
1.930000	0.280000	0.478550
1.930000	0.290000	0.499663
1.930000	0.300000	0.521109
1.930000	0.310000	0.542887
1.930000	0.320000	0.564999
1.930000	0.330000	0.587446
1.930000	0.340000	0.610228
1.930000	0.350000	0.633347
1.930000	0.360000	0.656802
1.930000	0.370000	0.680595
1.930000	0.380000	0.704726
1.930000	0.390000	0.729195
1.930000	0.400000	0.754003
1.930000	0.410000	0.779149
1.930000	0.420000	0.804636
1.930000	0.430000	0.830461
1.930000	0.440000	0.856627
1.930000	0.450000	0.883131
1.930000	0.460000	0.909976
1.930000	0.470000	0.937161
1.930000	0.480000	0.964684
1.930000	0.490000	0.992548
1.940000	0.000000	0.012483
1.940000	0.010000	0.025067
1.940000	0.020000	0.037830
1.940000	0.030000	0.050822
1.940000	0.040000	0.064073
1.940000	0.050000	0.077598
1.940000	0.060000	0.091407
1.940000	0.070000	0.105504
1.940000	0.080000	0.119895
1.940000	0.090000	0.134582
1.940000	0.100000	0.149568
1.940000	0.110000	0.164857
1.940000	0.120000	0.180451
1.940000	0.130000	0.196355
1.940000	0.140000	0.212569
1.940000	0.150000	0.229099
1.940000	0.160000	0.245945
1.940000	0.170000	0.263112
1.940000	0.180000	0.280601
1.940000	0.190000	0.298414
1.940000	0.200000	0.316555
1.940000	0.210000	0.335024
1.940000	0.220000	0.353824
1.940000	0.230000	0.372956
1.940000	0.240000	0.392422
1.940000	0.250000	0.412224
1.940000	0.260000	0.432362
1.940000	0.270000	0.452839
1.940000	0.280000	0.473655
1.940000	0.290000	0.494812
1.940000	0.300000	0.516310
1.940000	0.310000	0.538150
1.940000	0.320000	0.560334
1.940000	0.330000	0.582861
1.940000	0.340000	0.605733
1.940000	0.350000	0.628950
1.940000	0.360000	0.652513
1.940000	0.370000	0.676422
1.940000	0.380000	0.700678
1.940000	0.390000	0.725280
1.940000	0.400000	0.750231
1.940000	0.410000	0.775528
1.940000	0.420000	0.801174
1.940000	0.430000	0.827168
1.940000	0.440000	0.853509
1.940000	0.450000	0.880199
1.940000	0.460000	0.907238
1.940000	0.470000	0.934624
1.940000	0.480000	0.962359
1.940000	0.490000	0.990441
1.950000	0.000000	0.011856
1.950000	0.010000	0.023863
1.950000	0.020000	0.036120
1.950000	0.030000	0.048675
1.950000	0.040000	0.061548
1.950000	0.050000	0.074741
1.950000	0.060000	0.088255
1.950000	0.070000	0.102088
1.950000	0.080000	0.116240
1.950000	0.090000	0.130709
1.950000	0.100000	0.145498
1.950000	0.110000	0.160607
1.950000	0.120000	0.176039
1.950000	0.130000	0.191795
1.950000	0.140000	0.207877
1.950000	0.150000	0.224289
1.950000	0.160000	0.241031
1.950000	0.170000	0.258107
1.950000	0.180000	0.275518
1.950000	0.190000	0.293266
1.950000	0.200000	0.311352
1.950000	0.210000	0.329780
1.950000	0.220000	0.348549
1.950000	0.230000	0.367661
1.950000	0.240000	0.387119
1.950000	0.250000	0.406922
1.950000	0.260000	0.427073
1.950000	0.270000	0.447572
1.950000	0.280000	0.468421
1.950000	0.290000	0.489620
1.950000	0.300000	0.511169
1.950000	0.310000	0.533071
1.950000	0.320000	0.555325
1.950000	0.330000	0.577932
1.950000	0.340000	0.600893
1.950000	0.350000	0.624208
1.950000	0.360000	0.647878
1.950000	0.370000	0.671903
1.950000	0.380000	0.696283
1.950000	0.390000	0.721019
1.950000	0.400000	0.746111
1.950000	0.410000	0.771560
1.950000	0.420000	0.797365
1.950000	0.430000	0.823526
1.950000	0.440000	0.850045
1.950000	0.450000	0.876920
1.950000	0.460000	0.904151
1.950000	0.470000	0.931740
1.950000	0.480000	0.959685
1.950000	0.490000	0.987987
1.960000	0.000000	0.011077
1.960000	0.010000	0.022409
1.960000	0.020000	0.034111
1.960000	0.030000	0.046212
1.960000	0.040000	0.058701
1.960000	0.050000	0.071564
1.960000	0.060000	0.084784
1.960000	0.070000	0.098354
1.960000	0.080000	0.112266
1.960000	0.090000	0.126517
1.960000	0.100000	0.141107
1.960000	0.110000	0.156035
1.960000	0.120000	0.171301
1.960000	0.130000	0.186908
1.960000	0.140000	0.202857
1.960000	0.150000	0.219148
1.960000	0.160000	0.235785
1.960000	0.170000	0.252767
1.960000	0.180000	0.270098
1.960000	0.190000	0.287779
1.960000	0.200000	0.305810
1.960000	0.210000	0.324194
1.960000	0.220000	0.342931
1.960000	0.230000	0.362022
1.960000	0.240000	0.381470
1.960000	0.250000	0.401274
1.960000	0.260000	0.421436
1.960000	0.270000	0.441957
1.960000	0.280000	0.462836
1.960000	0.290000	0.484076
1.960000	0.300000	0.505677
1.960000	0.310000	0.527639
1.960000	0.320000	0.549963
1.960000	0.330000	0.572650
1.960000	0.340000	0.595699
1.960000	0.350000	0.619111
1.960000	0.360000	0.642888
1.960000	0.370000	0.667028
1.960000	0.380000	0.691533
1.960000	0.390000	0.716402
1.960000	0.400000	0.741636
1.960000	0.410000	0.767235
1.960000	0.420000	0.793199
1.960000	0.430000	0.819529
1.960000	0.440000	0.846223
1.960000	0.450000	0.873283
1.960000	0.460000	0.900709
1.960000	0.470000	0.928500
1.960000	0.480000	0.956656
1.960000	0.490000	0.985177
1.970000	0.000000	0.010044
1.970000	0.010000	0.020584
1.970000	0.020000	0.031705
1.970000	0.030000	0.043359
1.970000	0.040000	0.055482
1.970000	0.050000	0.068028
1.970000	0.060000	0.080965
1.970000	0.070000	0.094277
1.970000	0.080000	0.107953
1.970000	0.090000	0.121988
1.970000	0.100000	0.136378
1.970000	0.110000	0.151124
1.970000	0.120000	0.166224
1.970000	0.130000	0.181680
1.970000	0.140000	0.197493
1.970000	0.150000	0.213663
1.970000	0.160000	0.230191
1.970000	0.170000	0.247080
1.970000	0.180000	0.264329
1.970000	0.190000	0.281941
1.970000	0.200000	0.299915
1.970000	0.210000	0.318254
1.970000	0.220000	0.336958
1.970000	0.230000	0.356028
1.970000	0.240000	0.375464
1.970000	0.250000	0.395268
1.970000	0.260000	0.415441
1.970000	0.270000	0.435982
1.970000	0.280000	0.456892
1.970000	0.290000	0.478173
1.970000	0.300000	0.499824
1.970000	0.310000	0.521846
1.970000	0.320000	0.544239
1.970000	0.330000	0.567004
1.970000	0.340000	0.590142
1.970000	0.350000	0.613652
1.970000	0.360000	0.637534
1.970000	0.370000	0.661790
1.970000	0.380000	0.686418
1.970000	0.390000	0.711420
1.970000	0.400000	0.736796
1.970000	0.410000	0.762546
1.970000	0.420000	0.788669
1.970000	0.430000	0.815166
1.970000	0.440000	0.842037
1.970000	0.450000	0.869282
1.970000	0.460000	0.896901
1.970000	0.470000	0.924894
1.970000	0.480000	0.953261
1.970000	0.490000	0.982002
1.980000	0.000000	0.008515
1.980000	0.010000	0.018176
1.980000	0.020000	0.028767
1.980000	0.030000	0.040037
1.980000	0.040000	0.051841
1.980000	0.050000	0.064100
1.980000	0.060000	0.076772
1.980000	0.070000	0.089836
1.980000	0.080000	0.103282
1.980000	0.090000	0.117102
1.980000	0.100000	0.131295
1.980000	0.110000	0.145858
1.980000	0.120000	0.160792
1.980000	0.130000	0.176096
1.980000	0.140000	0.191772
1.980000	0.150000	0.207819
1.980000	0.160000	0.224239
1.980000	0.170000	0.241032
1.980000	0.180000	0.258198
1.980000	0.190000	0.275740
1.980000	0.200000	0.293657
1.980000	0.210000	0.311950
1.980000	0.220000	0.330620
1.980000	0.230000	0.349667
1.980000	0.240000	0.369091
1.980000	0.250000	0.388894
1.980000	0.260000	0.409076
1.980000	0.270000	0.429637
1.980000	0.280000	0.450578
1.980000	0.290000	0.471899
1.980000	0.300000	0.493600
1.980000	0.310000	0.515681
1.980000	0.320000	0.538144
1.980000	0.330000	0.560987
1.980000	0.340000	0.584212
1.980000	0.350000	0.607819
1.980000	0.360000	0.631808
1.980000	0.370000	0.656178
1.980000	0.380000	0.680931
1.980000	0.390000	0.706066
1.980000	0.400000	0.731583
1.980000	0.410000	0.757482
1.980000	0.420000	0.783765
1.980000	0.430000	0.810429
1.980000	0.440000	0.837477
1.980000	0.450000	0.864907
1.980000	0.460000	0.892719
1.980000	0.470000	0.920915
1.980000	0.480000	0.949493
1.980000	0.490000	0.978453
1.990000	0.000000	0.005839
1.990000	0.010000	0.014841
1.990000	0.020000	0.025147
1.990000	0.030000	0.036183
1.990000	0.040000	0.047745
1.990000	0.050000	0.059758
1.990000	0.060000	0.072186
1.990000	0.070000	0.085014
1.990000	0.080000	0.098235
1.990000	0.090000	0.111844
1.990000	0.100000	0.125840
1.990000	0.110000	0.140222
1.990000	0.120000	0.154989
1.990000	0.130000	0.170141
1.990000	0.140000	0.185679
1.990000	0.150000	0.201603
1.990000	0.160000	0.217913
1.990000	0.170000	0.234609
1.990000	0.180000	0.251693
1.990000	0.190000	0.269164
1.990000	0.200000	0.287022
1.990000	0.210000	0.305269
1.990000	0.220000	0.323904
1.990000	0.230000	0.342928
1.990000	0.240000	0.362340
1.990000	0.250000	0.382142
1.990000	0.260000	0.402333
1.990000	0.270000	0.422914
1.990000	0.280000	0.443884
1.990000	0.290000	0.465244
1.990000	0.300000	0.486995
1.990000	0.310000	0.509136
1.990000	0.320000	0.531667
1.990000	0.330000	0.554589
1.990000	0.340000	0.577902
1.990000	0.350000	0.601605
1.990000	0.360000	0.625699
1.990000	0.370000	0.650185
1.990000	0.380000	0.675061
1.990000	0.390000	0.700328
1.990000	0.400000	0.725987
1.990000	0.410000	0.752037
1.990000	0.420000	0.778478
1.990000	0.430000	0.805310
1.990000	0.440000	0.832534
1.990000	0.450000	0.860149
1.990000	0.460000	0.888155
1.990000	0.470000	0.916553
1.990000	0.480000	0.945342
1.990000	0.490000	0.974522
1.000000	0.500000	0.536285
1.000000	0.510000	0.546586
1.000000	0.520000	0.556868
1.000000	0.530000	0.567128
1.000000	0.540000	0.577367
1.000000	0.550000	0.587582
1.000000	0.560000	0.597773
1.000000	0.570000	0.607938
1.000000	0.580000	0.618077
1.000000	0.590000	0.628188
1.000000	0.600000	0.638269
1.000000	0.610000	0.648320
1.000000	0.620000	0.658340
1.000000	0.630000	0.668326
1.000000	0.640000	0.678278
1.000000	0.650000	0.688194
1.000000	0.660000	0.698072
1.000000	0.670000	0.707912
1.000000	0.680000	0.717712
1.000000	0.690000	0.727470
1.000000	0.700000	0.737184
1.000000	0.710000	0.746854
1.000000	0.720000	0.756477
1.000000	0.730000	0.766052
1.000000	0.740000	0.775578
1.000000	0.750000	0.785052
1.000000	0.760000	0.794474
1.000000	0.770000	0.803840
1.000000	0.780000	0.813150
1.000000	0.790000	0.822402
1.000000	0.800000	0.831594
1.000000	0.810000	0.840725
1.000000	0.820000	0.849792
1.000000	0.830000	0.858793
1.000000	0.840000	0.867728
1.000000	0.850000	0.876593
1.000000	0.860000	0.885388
1.000000	0.870000	0.894110
1.000000	0.880000	0.902757
1.000000	0.890000	0.911327
1.000000	0.900000	0.919820
1.000000	0.910000	0.928232
1.000000	0.920000	0.936561
1.000000	0.930000	0.944806
1.000000	0.940000	0.952966
1.000000	0.950000	0.961037
1.000000	0.960000	0.969017
1.000000	0.970000	0.976906
1.000000	0.980000	0.984701
1.000000	0.990000	0.992399
1.010000	0.500000	0.543122
1.010000	0.510000	0.553573
1.010000	0.520000	0.564005
1.010000	0.530000	0.574417
1.010000	0.540000	0.584807
1.010000	0.550000	0.595175
1.010000	0.560000	0.605519
1.010000	0.570000	0.615839
1.010000	0.580000	0.626132
1.010000	0.590000	0.636399
1.010000	0.600000	0.646637
1.010000	0.610000	0.656845
1.010000	0.620000	0.667022
1.010000	0.630000	0.677166
1.010000	0.640000	0.687277
1.010000	0.650000	0.697353
1.010000	0.660000	0.707392
1.010000	0.670000	0.717392
1.010000	0.680000	0.727354
1.010000	0.690000	0.737274
1.010000	0.700000	0.747151
1.010000	0.710000	0.756984
1.010000	0.720000	0.766771
1.010000	0.730000	0.776511
1.010000	0.740000	0.786202
1.010000	0.750000	0.795842
1.010000	0.760000	0.805429
1.010000	0.770000	0.814963
1.010000	0.780000	0.824440
1.010000	0.790000	0.833859
1.010000	0.800000	0.843220
1.010000	0.810000	0.852519
1.010000	0.820000	0.861754
1.010000	0.830000	0.870925
1.010000	0.840000	0.880029
1.010000	0.850000	0.889065
1.010000	0.860000	0.898030
1.010000	0.870000	0.906922
1.010000	0.880000	0.915740
1.010000	0.890000	0.924482
1.010000	0.900000	0.933146
1.010000	0.910000	0.941730
1.010000	0.920000	0.950231
1.010000	0.930000	0.958649
1.010000	0.940000	0.966980
1.010000	0.950000	0.975223
1.010000	0.960000	0.983377
1.010000	0.970000	0.991438
1.010000	0.980000	0.999405
1.010000	0.990000	1.007277
1.020000	0.500000	0.549981
1.020000	0.510000	0.560583
1.020000	0.520000	0.571167
1.020000	0.530000	0.581731
1.020000	0.540000	0.592274
1.020000	0.550000	0.602796
1.020000	0.560000	0.613295
1.020000	0.570000	0.623769
1.020000	0.580000	0.634219
1.020000	0.590000	0.644642
1.020000	0.600000	0.655037
1.020000	0.610000	0.665404
1.020000	0.620000	0.675740
1.020000	0.630000	0.686044
1.020000	0.640000	0.696315
1.020000	0.650000	0.706552
1.020000	0.660000	0.716752
1.020000	0.670000	0.726916
1.020000	0.680000	0.737040
1.020000	0.690000	0.747124
1.020000	0.700000	0.757165
1.020000	0.710000	0.767163
1.020000	0.720000	0.777116
1.020000	0.730000	0.787022
1.020000	0.740000	0.796880
1.020000	0.750000	0.806687
1.020000	0.760000	0.816442
1.020000	0.770000	0.826144
1.020000	0.780000	0.835790
1.020000	0.790000	0.845379
1.020000	0.800000	0.854908
1.020000	0.810000	0.864378
1.020000	0.820000	0.873784
1.020000	0.830000	0.883126
1.020000	0.840000	0.892401
1.020000	0.850000	0.901609
1.020000	0.860000	0.910746
1.020000	0.870000	0.919811
1.020000	0.880000	0.928802
1.020000	0.890000	0.937717
1.020000	0.900000	0.946554
1.020000	0.910000	0.955311
1.020000	0.920000	0.963986
1.020000	0.930000	0.972578
1.020000	0.940000	0.981083
1.020000	0.950000	0.989501
1.020000	0.960000	0.997828
1.020000	0.970000	1.006064
1.020000	0.980000	1.014206
1.020000	0.990000	1.022252
1.030000	0.500000	0.556862
1.030000	0.510000	0.567616
1.030000	0.520000	0.578352
1.030000	0.530000	0.589069
1.030000	0.540000	0.599767
1.030000	0.550000	0.610443
1.030000	0.560000	0.621098
1.030000	0.570000	0.631729
1.030000	0.580000	0.642336
1.030000	0.590000	0.652917
1.030000	0.600000	0.663471
1.030000	0.610000	0.673997
1.030000	0.620000	0.684493
1.030000	0.630000	0.694959
1.030000	0.640000	0.705391
1.030000	0.650000	0.715791
1.030000	0.660000	0.726154
1.030000	0.670000	0.736481
1.030000	0.680000	0.746770
1.030000	0.690000	0.757019
1.030000	0.700000	0.767227
1.030000	0.710000	0.777391
1.030000	0.720000	0.787511
1.030000	0.730000	0.797585
1.030000	0.740000	0.807610
1.030000	0.750000	0.817586
1.030000	0.760000	0.827511
1.030000	0.770000	0.837383
1.030000	0.780000	0.847199
1.030000	0.790000	0.856959
1.030000	0.800000	0.866660
1.030000	0.810000	0.876302
1.030000	0.820000	0.885880
1.030000	0.830000	0.895395
1.030000	0.840000	0.904844
1.030000	0.850000	0.914225
1.030000	0.860000	0.923536
1.030000	0.870000	0.932775
1.030000	0.880000	0.941941
1.030000	0.890000	0.951030
1.030000	0.900000	0.960043
1.030000	0.910000	0.968975
1.030000	0.920000	0.977826
1.030000	0.930000	0.986593
1.030000	0.940000	0.995275
1.030000	0.950000	1.003869
1.030000	0.960000	1.012373
1.030000	0.970000	1.020785
1.030000	0.980000	1.029103
1.030000	0.990000	1.037326
1.040000	0.500000	0.563763
1.040000	0.510000	0.574670
1.040000	0.520000	0.585560
1.040000	0.530000	0.596431
1.040000	0.540000	0.607284
1.040000	0.550000	0.618117
1.040000	0.560000	0.628928
1.040000	0.570000	0.639717
1.040000	0.580000	0.650482
1.040000	0.590000	0.661223
1.040000	0.600000	0.671937
1.040000	0.610000	0.682624
1.040000	0.620000	0.693282
1.040000	0.630000	0.703909
1.040000	0.640000	0.714505
1.040000	0.650000	0.725068
1.040000	0.660000	0.735596
1.040000	0.670000	0.746089
1.040000	0.680000	0.756543
1.040000	0.690000	0.766959
1.040000	0.700000	0.777334
1.040000	0.710000	0.787667
1.040000	0.720000	0.797955
1.040000	0.730000	0.808198
1.040000	0.740000	0.818394
1.040000	0.750000	0.828540
1.040000	0.760000	0.838636
1.040000	0.770000	0.848679
1.040000	0.780000	0.858668
1.040000	0.790000	0.868601
1.040000	0.800000	0.878475
1.040000	0.810000	0.888290
1.040000	0.820000	0.898043
1.040000	0.830000	0.907732
1.040000	0.840000	0.917356
1.040000	0.850000	0.926912
1.040000	0.860000	0.936399
1.040000	0.870000	0.945815
1.040000	0.880000	0.955157
1.040000	0.890000	0.964423
1.040000	0.900000	0.973612
1.040000	0.910000	0.982722
1.040000	0.920000	0.991751
1.040000	0.930000	1.000696
1.040000	0.940000	1.009555
1.040000	0.950000	1.018327
1.040000	0.960000	1.027009
1.040000	0.970000	1.035599
1.040000	0.980000	1.044096
1.040000	0.990000	1.052497
1.050000	0.500000	0.570685
1.050000	0.510000	0.581745
1.050000	0.520000	0.592789
1.050000	0.530000	0.603817
1.050000	0.540000	0.614826
1.050000	0.550000	0.625816
1.050000	0.560000	0.636785
1.050000	0.570000	0.647733
1.050000	0.580000	0.658658
1.050000	0.590000	0.669559
1.050000	0.600000	0.680434
1.050000	0.610000	0.691283
1.050000	0.620000	0.702104
1.050000	0.630000	0.712895
1.050000	0.640000	0.723656
1.050000	0.650000	0.734384
1.050000	0.660000	0.745078
1.050000	0.670000	0.755737
1.050000	0.680000	0.766359
1.050000	0.690000	0.776943
1.050000	0.700000	0.787487
1.050000	0.710000	0.797989
1.050000	0.720000	0.808448
1.050000	0.730000	0.818862
1.050000	0.740000	0.829229
1.050000	0.750000	0.839548
1.050000	0.760000	0.849816
1.050000	0.770000	0.860033
1.050000	0.780000	0.870195
1.050000	0.790000	0.880302
1.050000	0.800000	0.890352
1.050000	0.810000	0.900342
1.050000	0.820000	0.910271
1.050000	0.830000	0.920137
1.050000	0.840000	0.929938
1.050000	0.850000	0.939671
1.050000	0.860000	0.949336
1.050000	0.870000	0.958929
1.050000	0.880000	0.968449
1.050000	0.890000	0.977895
1.050000	0.900000	0.987263
1.050000	0.910000	0.996552
1.050000	0.920000	1.005760
1.050000	0.930000	1.014884
1.050000	0.940000	1.023924
1.050000	0.950000	1.032875
1.050000	0.960000	1.041738
1.050000	0.970000	1.050508
1.050000	0.980000	1.059185
1.050000	0.990000	1.067767
1.060000	0.500000	0.577625
1.060000	0.510000	0.588840
1.060000	0.520000	0.600040
1.060000	0.530000	0.611224
1.060000	0.540000	0.622390
1.060000	0.550000	0.633539
1.060000	0.560000	0.644667
1.060000	0.570000	0.655775
1.060000	0.580000	0.666861
1.060000	0.590000	0.677924
1.060000	0.600000	0.688962
1.060000	0.610000	0.699974
1.060000	0.620000	0.710959
1.060000	0.630000	0.721915
1.060000	0.640000	0.732842
1.060000	0.650000	0.743737
1.060000	0.660000	0.754598
1.060000	0.670000	0.765426
1.060000	0.680000	0.776217
1.060000	0.690000	0.786970
1.060000	0.700000	0.797685
1.060000	0.710000	0.808358
1.060000	0.720000	0.818989
1.060000	0.730000	0.829575
1.060000	0.740000	0.840116
1.060000	0.750000	0.850608
1.060000	0.760000	0.861051
1.060000	0.770000	0.871443
1.060000	0.780000	0.881781
1.060000	0.790000	0.892064
1.060000	0.800000	0.902291
1.060000	0.810000	0.912458
1.060000	0.820000	0.922565
1.060000	0.830000	0.932609
1.060000	0.840000	0.942588
1.060000	0.850000	0.952501
1.060000	0.860000	0.962345
1.060000	0.870000	0.972118
1.060000	0.880000	0.981819
1.060000	0.890000	0.991445
1.060000	0.900000	1.000994
1.060000	0.910000	1.010464
1.060000	0.920000	1.019853
1.060000	0.930000	1.029159
1.060000	0.940000	1.038380
1.060000	0.950000	1.047514
1.060000	0.960000	1.056558
1.060000	0.970000	1.065511
1.060000	0.980000	1.074371
1.060000	0.990000	1.083134
1.070000	0.500000	0.584583
1.070000	0.510000	0.595954
1.070000	0.520000	0.607311
1.070000	0.530000	0.618652
1.070000	0.540000	0.629978
1.070000	0.550000	0.641285
1.070000	0.560000	0.652574
1.070000	0.570000	0.663843
1.070000	0.580000	0.675091
1.070000	0.590000	0.686317
1.070000	0.600000	0.697519
1.070000	0.610000	0.708696
1.070000	0.620000	0.719847
1.070000	0.630000	0.730969
1.070000	0.640000	0.742063
1.070000	0.650000	0.753126
1.070000	0.660000	0.764157
1.070000	0.670000	0.775154
1.070000	0.680000	0.786116
1.070000	0.690000	0.797040
1.070000	0.700000	0.807927
1.070000	0.710000	0.818773
1.070000	0.720000	0.829577
1.070000	0.730000	0.840338
1.070000	0.740000	0.851053
1.070000	0.750000	0.861721
1.070000	0.760000	0.872340
1.070000	0.770000	0.882908
1.070000	0.780000	0.893424
1.070000	0.790000	0.903886
1.070000	0.800000	0.914290
1.070000	0.810000	0.924637
1.070000	0.820000	0.934923
1.070000	0.830000	0.945147
1.070000	0.840000	0.955307
1.070000	0.850000	0.965401
1.070000	0.860000	0.975426
1.070000	0.870000	0.985381
1.070000	0.880000	0.995264
1.070000	0.890000	1.005073
1.070000	0.900000	1.014804
1.070000	0.910000	1.024458
1.070000	0.920000	1.034030
1.070000	0.930000	1.043520
1.070000	0.940000	1.052925
1.070000	0.950000	1.062243
1.070000	0.960000	1.071471
1.070000	0.970000	1.080608
1.070000	0.980000	1.089652
1.070000	0.990000	1.098600
1.080000	0.500000	0.591559
1.080000	0.510000	0.603087
1.080000	0.520000	0.614601
1.080000	0.530000	0.626101
1.080000	0.540000	0.637586
1.080000	0.550000	0.649054
1.080000	0.560000	0.660505
1.080000	0.570000	0.671936
1.080000	0.580000	0.683348
1.080000	0.590000	0.694738
1.080000	0.600000	0.706105
1.080000	0.610000	0.717448
1.080000	0.620000	0.728766
1.080000	0.630000	0.740056
1.080000	0.640000	0.751319
1.080000	0.650000	0.762551
1.080000	0.660000	0.773752
1.080000	0.670000	0.784921
1.080000	0.680000	0.796055
1.080000	0.690000	0.807152
1.080000	0.700000	0.818212
1.080000	0.710000	0.829233
1.080000	0.720000	0.840212
1.080000	0.730000	0.851148
1.080000	0.740000	0.862040
1.080000	0.750000	0.872885
1.080000	0.760000	0.883683
1.080000	0.770000	0.894430
1.080000	0.780000	0.905124
1.080000	0.790000	0.915766
1.080000	0.800000	0.926351
1.080000	0.810000	0.936878
1.080000	0.820000	0.947346
1.080000	0.830000	0.957752
1.080000	0.840000	0.968095
1.080000	0.850000	0.978371
1.080000	0.860000	0.988580
1.080000	0.870000	0.998719
1.080000	0.880000	1.008786
1.080000	0.890000	1.018778
1.080000	0.900000	1.028695
1.080000	0.910000	1.038533
1.080000	0.920000	1.048291
1.080000	0.930000	1.057967
1.080000	0.940000	1.067557
1.080000	0.950000	1.077061
1.080000	0.960000	1.086476
1.080000	0.970000	1.095799
1.080000	0.980000	1.105029
1.080000	0.990000	1.114163
1.090000	0.500000	0.598551
1.090000	0.510000	0.610236
1.090000	0.520000	0.621910
1.090000	0.530000	0.633570
1.090000	0.540000	0.645215
1.090000	0.550000	0.656845
1.090000	0.560000	0.668458
1.090000	0.570000	0.680054
1.090000	0.580000	0.691630
1.090000	0.590000	0.703185
1.090000	0.600000	0.714719
1.090000	0.610000	0.726229
1.090000	0.620000	0.737715
1.090000	0.630000	0.749175
1.090000	0.640000	0.760608
1.090000	0.650000	0.772011
1.090000	0.660000	0.783385
1.090000	0.670000	0.794726
1.090000	0.680000	0.806033
1.090000	0.690000	0.817305
1.090000	0.700000	0.828540
1.090000	0.710000	0.839737
1.090000	0.720000	0.850893
1.090000	0.730000	0.862007
1.090000	0.740000	0.873077
1.090000	0.750000	0.884101
1.090000	0.760000	0.895078
1.090000	0.770000	0.906005
1.090000	0.780000	0.916881
1.090000	0.790000	0.927704
1.090000	0.800000	0.938471
1.090000	0.810000	0.949182
1.090000	0.820000	0.959833
1.090000	0.830000	0.970423
1.090000	0.840000	0.980949
1.090000	0.850000	0.991411
1.090000	0.860000	1.001805
1.090000	0.870000	1.012129
1.090000	0.880000	1.022382
1.090000	0.890000	1.032562
1.090000	0.900000	1.042665
1.090000	0.910000	1.052691
1.090000	0.920000	1.062636
1.090000	0.930000	1.072499
1.090000	0.940000	1.082278
1.090000	0.950000	1.091969
1.090000	0.960000	1.101572
1.090000	0.970000	1.111084
1.090000	0.980000	1.120502
1.090000	0.990000	1.129825
1.100000	0.500000	0.605558
1.100000	0.510000	0.617402
1.100000	0.520000	0.629235
1.100000	0.530000	0.641056
1.100000	0.540000	0.652864
1.100000	0.550000	0.664657
1.100000	0.560000	0.676434
1.100000	0.570000	0.688194
1.100000	0.580000	0.699936
1.100000	0.590000	0.711658
1.100000	0.600000	0.723360
1.100000	0.610000	0.735039
1.100000	0.620000	0.746695
1.100000	0.630000	0.758325
1.100000	0.640000	0.769930
1.100000	0.650000	0.781506
1.100000	0.660000	0.793052
1.100000	0.670000	0.804567
1.100000	0.680000	0.816050
1.100000	0.690000	0.827498
1.100000	0.700000	0.838910
1.100000	0.710000	0.850284
1.100000	0.720000	0.861619
1.100000	0.730000	0.872912
1.100000	0.740000	0.884162
1.100000	0.750000	0.895367
1.100000	0.760000	0.906525
1.100000	0.770000	0.917635
1.100000	0.780000	0.928694
1.100000	0.790000	0.939700
1.100000	0.800000	0.950651
1.100000	0.810000	0.961546
1.100000	0.820000	0.972383
1.100000	0.830000	0.983159
1.100000	0.840000	0.993872
1.100000	0.850000	1.004520
1.100000	0.860000	1.015101
1.100000	0.870000	1.025613
1.100000	0.880000	1.036055
1.100000	0.890000	1.046422
1.100000	0.900000	1.056715
1.100000	0.910000	1.066929
1.100000	0.920000	1.077064
1.100000	0.930000	1.087117
1.100000	0.940000	1.097085
1.100000	0.950000	1.106967
1.100000	0.960000	1.116760
1.100000	0.970000	1.126462
1.100000	0.980000	1.136071
1.100000	0.990000	1.145584
1.110000	0.500000	0.612579
1.110000	0.510000	0.624583
1.110000	0.520000	0.636578
1.110000	0.530000	0.648560
1.110000	0.540000	0.660531
1.110000	0.550000	0.672488
1.110000	0.560000	0.684430
1.110000	0.570000	0.696356
1.110000	0.580000	0.708265
1.110000	0.590000	0.720156
1.110000	0.600000	0.732027
1.110000	0.610000	0.743876
1.110000	0.620000	0.755703
1.110000	0.630000	0.767506
1.110000	0.640000	0.779283
1.110000	0.650000	0.791033
1.110000	0.660000	0.802754
1.110000	0.670000	0.814445
1.110000	0.680000	0.826105
1.110000	0.690000	0.837730
1.110000	0.700000	0.849321
1.110000	0.710000	0.860874
1.110000	0.720000	0.872389
1.110000	0.730000	0.883863
1.110000	0.740000	0.895295
1.110000	0.750000	0.906683
1.110000	0.760000	0.918024
1.110000	0.770000	0.929318
1.110000	0.780000	0.940561
1.110000	0.790000	0.951753
1.110000	0.800000	0.962890
1.110000	0.810000	0.973972
1.110000	0.820000	0.984996
1.110000	0.830000	0.995959
1.110000	0.840000	1.006860
1.110000	0.850000	1.017697
1.110000	0.860000	1.028468
1.110000	0.870000	1.039170
1.110000	0.880000	1.049801
1.110000	0.890000	1.060360
1.110000	0.900000	1.070843
1.110000	0.910000	1.081249
1.110000	0.920000	1.091575
1.110000	0.930000	1.101820
1.110000	0.940000	1.111980
1.110000	0.950000	1.122054
1.110000	0.960000	1.132040
1.110000	0.970000	1.141934
1.110000	0.980000	1.151736
1.110000	0.990000	1.161442
1.120000	0.500000	0.619613
1.120000	0.510000	0.631779
1.120000	0.520000	0.643935
1.120000	0.530000	0.656081
1.120000	0.540000	0.668216
1.120000	0.550000	0.680338
1.120000	0.560000	0.692446
1.120000	0.570000	0.704540
1.120000	0.580000	0.716617
1.120000	0.590000	0.728677
1.120000	0.600000	0.740718
1.120000	0.610000	0.752739
1.120000	0.620000	0.764739
1.120000	0.630000	0.776715
1.120000	0.640000	0.788667
1.120000	0.650000	0.800592
1.120000	0.660000	0.812490
1.120000	0.670000	0.824359
1.120000	0.680000	0.836196
1.120000	0.690000	0.848001
1.120000	0.700000	0.859772
1.120000	0.710000	0.871506
1.120000	0.720000	0.883203
1.120000	0.730000	0.894860
1.120000	0.740000	0.906475
1.120000	0.750000	0.918047
1.120000	0.760000	0.929574
1.120000	0.770000	0.941053
1.120000	0.780000	0.952483
1.120000	0.790000	0.963862
1.120000	0.800000	0.975188
1.120000	0.810000	0.986458
1.120000	0.820000	0.997670
1.120000	0.830000	1.008824
1.120000	0.840000	1.019915
1.120000	0.850000	1.030943
1.120000	0.860000	1.041905
1.120000	0.870000	1.052799
1.120000	0.880000	1.063623
1.120000	0.890000	1.074374
1.120000	0.900000	1.085050
1.120000	0.910000	1.095649
1.120000	0.920000	1.106169
1.120000	0.930000	1.116607
1.120000	0.940000	1.126962
1.120000	0.950000	1.137230
1.120000	0.960000	1.147410
1.120000	0.970000	1.157500
1.120000	0.980000	1.167496
1.120000	0.990000	1.177397
1.130000	0.500000	0.626660
1.130000	0.510000	0.638987
1.130000	0.520000	0.651307
1.130000	0.530000	0.663617
1.130000	0.540000	0.675917
1.130000	0.550000	0.688205
1.130000	0.560000	0.700481
1.130000	0.570000	0.712743
1.130000	0.580000	0.724991
1.130000	0.590000	0.737221
1.130000	0.600000	0.749434
1.130000	0.610000	0.761628
1.130000	0.620000	0.773801
1.130000	0.630000	0.785953
1.130000	0.640000	0.798080
1.130000	0.650000	0.810183
1.130000	0.660000	0.822259
1.130000	0.670000	0.834306
1.130000	0.680000	0.846324
1.130000	0.690000	0.858310
1.130000	0.700000	0.870262
1.130000	0.710000	0.882179
1.130000	0.720000	0.894060
1.130000	0.730000	0.905901
1.130000	0.740000	0.917702
1.130000	0.750000	0.929460
1.130000	0.760000	0.941173
1.130000	0.770000	0.952841
1.130000	0.780000	0.964459
1.130000	0.790000	0.976027
1.130000	0.800000	0.987542
1.130000	0.810000	0.999003
1.130000	0.820000	1.010407
1.130000	0.830000	1.021752
1.130000	0.840000	1.033036
1.130000	0.850000	1.044257
1.130000	0.860000	1.055412
1.130000	0.870000	1.066500
1.130000	0.880000	1.077518
1.130000	0.890000	1.088463
1.130000	0.900000	1.099335
1.130000	0.910000	1.110130
1.130000	0.920000	1.120845
1.130000	0.930000	1.131480
1.130000	0.940000	1.142031
1.130000	0.950000	1.152496
1.130000	0.960000	1.162872
1.130000	0.970000	1.173159
1.130000	0.980000	1.183352
1.130000	0.990000	1.193450
1.140000	0.500000	0.633717
1.140000	0.510000	0.646208
1.140000	0.520000	0.658691
1.140000	0.530000	0.671167
1.140000	0.540000	0.683633
1.140000	0.550000	0.696089
1.140000	0.560000	0.708534
1.140000	0.570000	0.720966
1.140000	0.580000	0.733384
1.140000	0.590000	0.745787
1.140000	0.600000	0.758173
1.140000	0.610000	0.770541
1.140000	0.620000	0.782890
1.140000	0.630000	0.795217
1.140000	0.640000	0.807523
1.140000	0.650000	0.819804
1.140000	0.660000	0.832059
1.140000	0.670000	0.844287
1.140000	0.680000	0.856486
1.140000	0.690000	0.868655
1.140000	0.700000	0.880791
1.140000	0.710000	0.892893
1.140000	0.720000	0.904958
1.140000	0.730000	0.916986
1.140000	0.740000	0.928974
1.140000	0.750000	0.940920
1.140000	0.760000	0.952822
1.140000	0.770000	0.964679
1.140000	0.780000	0.976488
1.140000	0.790000	0.988247
1.140000	0.800000	0.999954
1.140000	0.810000	1.011607
1.140000	0.820000	1.023205
1.140000	0.830000	1.034743
1.140000	0.840000	1.046222
1.140000	0.850000	1.057638
1.140000	0.860000	1.068988
1.140000	0.870000	1.080272
1.140000	0.880000	1.091486
1.140000	0.890000	1.102629
1.140000	0.900000	1.113698
1.140000	0.910000	1.124690
1.140000	0.920000	1.135604
1.140000	0.930000	1.146437
1.140000	0.940000	1.157186
1.140000	0.950000	1.167850
1.140000	0.960000	1.178426
1.140000	0.970000	1.188911
1.140000	0.980000	1.199303
1.140000	0.990000	1.209600
1.150000	0.500000	0.640785
1.150000	0.510000	0.653439
1.150000	0.520000	0.666088
1.150000	0.530000	0.678730
1.150000	0.540000	0.691363
1.150000	0.550000	0.703988
1.150000	0.560000	0.716603
1.150000	0.570000	0.729206
1.150000	0.580000	0.741796
1.150000	0.590000	0.754373
1.150000	0.600000	0.766933
1.150000	0.610000	0.779477
1.150000	0.620000	0.792003
1.150000	0.630000	0.804508
1.150000	0.640000	0.816992
1.150000	0.650000	0.829454
1.150000	0.660000	0.841890
1.150000	0.670000	0.854301
1.150000	0.680000	0.866683
1.150000	0.690000	0.879036
1.150000	0.700000	0.891357
1.150000	0.710000	0.903645
1.150000	0.720000	0.915898
1.150000	0.730000	0.928114
1.150000	0.740000	0.940290
1.150000	0.750000	0.952426
1.150000	0.760000	0.964520
1.150000	0.770000	0.976568
1.150000	0.780000	0.988569
1.150000	0.790000	1.000521
1.150000	0.800000	1.012422
1.150000	0.810000	1.024270
1.150000	0.820000	1.036062
1.150000	0.830000	1.047797
1.150000	0.840000	1.059472
1.150000	0.850000	1.071085
1.150000	0.860000	1.082633
1.150000	0.870000	1.094115
1.150000	0.880000	1.105528
1.150000	0.890000	1.116870
1.150000	0.900000	1.128138
1.150000	0.910000	1.139330
1.150000	0.920000	1.150444
1.150000	0.930000	1.161478
1.150000	0.940000	1.172428
1.150000	0.950000	1.183293
1.150000	0.960000	1.194070
1.150000	0.970000	1.204756
1.150000	0.980000	1.215350
1.150000	0.990000	1.225849
1.160000	0.500000	0.647861
1.160000	0.510000	0.660680
1.160000	0.520000	0.673495
1.160000	0.530000	0.686304
1.160000	0.540000	0.699107
1.160000	0.550000	0.711902
1.160000	0.560000	0.724687
1.160000	0.570000	0.737463
1.160000	0.580000	0.750227
1.160000	0.590000	0.762978
1.160000	0.600000	0.775714
1.160000	0.610000	0.788435
1.160000	0.620000	0.801139
1.160000	0.630000	0.813824
1.160000	0.640000	0.826489
1.160000	0.650000	0.839132
1.160000	0.660000	0.851751
1.160000	0.670000	0.864345
1.160000	0.680000	0.876913
1.160000	0.690000	0.889451
1.160000	0.700000	0.901960
1.160000	0.710000	0.914436
1.160000	0.720000	0.926877
1.160000	0.730000	0.939283
1.160000	0.740000	0.951651
1.160000	0.750000	0.963979
1.160000	0.760000	0.976264
1.160000	0.770000	0.988506
1.160000	0.780000	1.000702
1.160000	0.790000	1.012849
1.160000	0.800000	1.024946
1.160000	0.810000	1.036990
1.160000	0.820000	1.048980
1.160000	0.830000	1.060913
1.160000	0.840000	1.072786
1.160000	0.850000	1.084599
1.160000	0.860000	1.096347
1.160000	0.870000	1.108029
1.160000	0.880000	1.119643
1.160000	0.890000	1.131186
1.160000	0.900000	1.142656
1.160000	0.910000	1.154050
1.160000	0.920000	1.165367
1.160000	0.930000	1.176603
1.160000	0.940000	1.187756
1.160000	0.950000	1.198824
1.160000	0.960000	1.209804
1.160000	0.970000	1.220695
1.160000	0.980000	1.231492
1.160000	0.990000	1.242195
1.170000	0.500000	0.654944
1.170000	0.510000	0.667930
1.170000	0.520000	0.680912
1.170000	0.530000	0.693890
1.170000	0.540000	0.706862
1.170000	0.550000	0.719828
1.170000	0.560000	0.732786
1.170000	0.570000	0.745735
1.170000	0.580000	0.758674
1.170000	0.590000	0.771601
1.170000	0.600000	0.784515
1.170000	0.610000	0.797414
1.170000	0.620000	0.810298
1.170000	0.630000	0.823164
1.170000	0.640000	0.836011
1.170000	0.650000	0.848837
1.170000	0.660000	0.861641
1.170000	0.670000	0.874420
1.170000	0.680000	0.887174
1.170000	0.690000	0.899901
1.170000	0.700000	0.912598
1.170000	0.710000	0.925263
1.170000	0.720000	0.937896
1.170000	0.730000	0.950494
1.170000	0.740000	0.963054
1.170000	0.750000	0.975575
1.170000	0.760000	0.988056
1.170000	0.770000	1.000493
1.170000	0.780000	1.012885
1.170000	0.790000	1.025229
1.170000	0.800000	1.037524
1.170000	0.810000	1.049768
1.170000	0.820000	1.061957
1.170000	0.830000	1.074090
1.170000	0.840000	1.086164
1.170000	0.850000	1.098178
1.170000	0.860000	1.110128
1.170000	0.870000	1.122013
1.170000	0.880000	1.133830
1.170000	0.890000	1.145576
1.170000	0.900000	1.157250
1.170000	0.910000	1.168849
1.170000	0.920000	1.180370
1.170000	0.930000	1.191811
1.170000	0.940000	1.203170
1.170000	0.950000	1.214444
1.170000	0.960000	1.225630
1.170000	0.970000	1.236726
1.170000	0.980000	1.247730
1.170000	0.990000	1.258639
1.180000	0.500000	0.662034
1.180000	0.510000	0.675186
1.180000	0.520000	0.688337
1.180000	0.530000	0.701484
1.180000	0.540000	0.714628
1.180000	0.550000	0.727766
1.180000	0.560000	0.740897
1.180000	0.570000	0.754021
1.180000	0.580000	0.767136
1.180000	0.590000	0.780241
1.180000	0.600000	0.793334
1.180000	0.610000	0.806413
1.180000	0.620000	0.819478
1.180000	0.630000	0.832526
1.180000	0.640000	0.845557
1.180000	0.650000	0.858568
1.180000	0.660000	0.871557
1.180000	0.670000	0.884524
1.180000	0.680000	0.897467
1.180000	0.690000	0.910382
1.180000	0.700000	0.923270
1.180000	0.710000	0.936127
1.180000	0.720000	0.948953
1.180000	0.730000	0.961744
1.180000	0.740000	0.974499
1.180000	0.750000	0.987216
1.180000	0.760000	0.999893
1.180000	0.770000	1.012528
1.180000	0.780000	1.025118
1.180000	0.790000	1.037662
1.180000	0.800000	1.050157
1.180000	0.810000	1.062601
1.180000	0.820000	1.074992
1.180000	0.830000	1.087327
1.180000	0.840000	1.099604
1.180000	0.850000	1.111822
1.180000	0.860000	1.123976
1.180000	0.870000	1.136066
1.180000	0.880000	1.148088
1.180000	0.890000	1.160041
1.180000	0.900000	1.171921
1.180000	0.910000	1.183726
1.180000	0.920000	1.195455
1.180000	0.930000	1.207103
1.180000	0.940000	1.218670
1.180000	0.950000	1.230151
1.180000	0.960000	1.241546
1.180000	0.970000	1.252850
1.180000	0.980000	1.264063
1.180000	0.990000	1.275180
1.190000	0.500000	0.669128
1.190000	0.510000	0.682448
1.190000	0.520000	0.695768
1.190000	0.530000	0.709087
1.190000	0.540000	0.722402
1.190000	0.550000	0.735714
1.190000	0.560000	0.749021
1.190000	0.570000	0.762321
1.190000	0.580000	0.775613
1.190000	0.590000	0.788896
1.190000	0.600000	0.802169
1.190000	0.610000	0.815430
1.190000	0.620000	0.828678
1.190000	0.630000	0.841910
1.190000	0.640000	0.855126
1.190000	0.650000	0.868323
1.190000	0.660000	0.881501
1.190000	0.670000	0.894656
1.190000	0.680000	0.907789
1.190000	0.690000	0.920896
1.190000	0.700000	0.933976
1.190000	0.710000	0.947027
1.190000	0.720000	0.960046
1.190000	0.730000	0.973033
1.190000	0.740000	0.985985
1.190000	0.750000	0.998900
1.190000	0.760000	1.011775
1.190000	0.770000	1.024610
1.190000	0.780000	1.037400
1.190000	0.790000	1.050146
1.190000	0.800000	1.062843
1.190000	0.810000	1.075490
1.190000	0.820000	1.088084
1.190000	0.830000	1.100624
1.190000	0.840000	1.113107
1.190000	0.850000	1.125530
1.190000	0.860000	1.137891
1.190000	0.870000	1.150188
1.190000	0.880000	1.162418
1.190000	0.890000	1.174578
1.190000	0.900000	1.186667
1.190000	0.910000	1.198682
1.190000	0.920000	1.210620
1.190000	0.930000	1.222478
1.190000	0.940000	1.234255
1.190000	0.950000	1.245947
1.190000	0.960000	1.257552
1.190000	0.970000	1.269067
1.190000	0.980000	1.280491
1.190000	0.990000	1.291819
1.200000	0.500000	0.676225
1.200000	0.510000	0.689715
1.200000	0.520000	0.703206
1.200000	0.530000	0.716696
1.200000	0.540000	0.730185
1.200000	0.550000	0.743671
1.200000	0.560000	0.757154
1.200000	0.570000	0.770631
1.200000	0.580000	0.784103
1.200000	0.590000	0.797566
1.200000	0.600000	0.811021
1.200000	0.610000	0.824464
1.200000	0.620000	0.837896
1.200000	0.630000	0.851314
1.200000	0.640000	0.864716
1.200000	0.650000	0.878102
1.200000	0.660000	0.891469
1.200000	0.670000	0.904815
1.200000	0.680000	0.918139
1.200000	0.690000	0.931440
1.200000	0.700000	0.944714
1.200000	0.710000	0.957960
1.200000	0.720000	0.971176
1.200000	0.730000	0.984360
1.200000	0.740000	0.997511
1.200000	0.750000	1.010625
1.200000	0.760000	1.023702
1.200000	0.770000	1.036737
1.200000	0.780000	1.049731
1.200000	0.790000	1.062679
1.200000	0.800000	1.075581
1.200000	0.810000	1.088433
1.200000	0.820000	1.101234
1.200000	0.830000	1.113980
1.200000	0.840000	1.126671
1.200000	0.850000	1.139302
1.200000	0.860000	1.151872
1.200000	0.870000	1.164378
1.200000	0.880000	1.176818
1.200000	0.890000	1.189189
1.200000	0.900000	1.201489
1.200000	0.910000	1.213716
1.200000	0.920000	1.225865
1.200000	0.930000	1.237936
1.200000	0.940000	1.249925
1.200000	0.950000	1.261830
1.200000	0.960000	1.273648
1.200000	0.970000	1.285377
1.200000	0.980000	1.297014
1.200000	0.990000	1.308555
1.210000	0.500000	0.683325
1.210000	0.510000	0.696985
1.210000	0.520000	0.710647
1.210000	0.530000	0.724310
1.210000	0.540000	0.737973
1.210000	0.550000	0.751636
1.210000	0.560000	0.765296
1.210000	0.570000	0.778952
1.210000	0.580000	0.792604
1.210000	0.590000	0.806249
1.210000	0.600000	0.819886
1.210000	0.610000	0.833514
1.210000	0.620000	0.847132
1.210000	0.630000	0.860737
1.210000	0.640000	0.874328
1.210000	0.650000	0.887903
1.210000	0.660000	0.901461
1.210000	0.670000	0.915000
1.210000	0.680000	0.928517
1.210000	0.690000	0.942012
1.210000	0.700000	0.955482
1.210000	0.710000	0.968926
1.210000	0.720000	0.982341
1.210000	0.730000	0.995724
1.210000	0.740000	1.009076
1.210000	0.750000	1.022392
1.210000	0.760000	1.035671
1.210000	0.770000	1.048910
1.210000	0.780000	1.062108
1.210000	0.790000	1.075263
1.210000	0.800000	1.088371
1.210000	0.810000	1.101431
1.210000	0.820000	1.114439
1.210000	0.830000	1.127395
1.210000	0.840000	1.140295
1.210000	0.850000	1.153137
1.210000	0.860000	1.165918
1.210000	0.870000	1.178636
1.210000	0.880000	1.191289
1.210000	0.890000	1.203873
1.210000	0.900000	1.216386
1.210000	0.910000	1.228827
1.210000	0.920000	1.241191
1.210000	0.930000	1.253476
1.210000	0.940000	1.265680
1.210000	0.950000	1.277801
1.210000	0.960000	1.289834
1.210000	0.970000	1.301779
1.210000	0.980000	1.313631
1.210000	0.990000	1.325389
1.220000	0.500000	0.690425
1.220000	0.510000	0.704256
1.220000	0.520000	0.718091
1.220000	0.530000	0.731928
1.220000	0.540000	0.745767
1.220000	0.550000	0.759607
1.220000	0.560000	0.773445
1.220000	0.570000	0.787282
1.220000	0.580000	0.801115
1.220000	0.590000	0.814943
1.220000	0.600000	0.828765
1.220000	0.610000	0.842579
1.220000	0.620000	0.856383
1.220000	0.630000	0.870177
1.220000	0.640000	0.883958
1.220000	0.650000	0.897725
1.220000	0.660000	0.911476
1.220000	0.670000	0.925208
1.220000	0.680000	0.938922
1.220000	0.690000	0.952613
1.220000	0.700000	0.966281
1.220000	0.710000	0.979924
1.220000	0.720000	0.993539
1.220000	0.730000	1.007124
1.220000	0.740000	1.020678
1.220000	0.750000	1.034198
1.220000	0.760000	1.047682
1.220000	0.770000	1.061127
1.220000	0.780000	1.074532
1.220000	0.790000	1.087894
1.220000	0.800000	1.101211
1.220000	0.810000	1.114481
1.220000	0.820000	1.127700
1.220000	0.830000	1.140867
1.220000	0.840000	1.153979
1.220000	0.850000	1.167034
1.220000	0.860000	1.180029
1.220000	0.870000	1.192961
1.220000	0.880000	1.205829
1.220000	0.890000	1.218629
1.220000	0.900000	1.231358
1.220000	0.910000	1.244015
1.220000	0.920000	1.256596
1.220000	0.930000	1.269098
1.220000	0.940000	1.281520
1.220000	0.950000	1.293858
1.220000	0.960000	1.306110
1.220000	0.970000	1.318273
1.220000	0.980000	1.330344
1.220000	0.990000	1.342321
1.230000	0.500000	0.697524
1.230000	0.510000	0.711527
1.230000	0.520000	0.725536
1.230000	0.530000	0.739548
1.230000	0.540000	0.753564
1.230000	0.550000	0.767582
1.230000	0.560000	0.781600
1.230000	0.570000	0.795618
1.230000	0.580000	0.809634
1.230000	0.590000	0.823647
1.230000	0.600000	0.837655
1.230000	0.610000	0.851656
1.230000	0.620000	0.865650
1.230000	0.630000	0.879633
1.230000	0.640000	0.893606
1.230000	0.650000	0.907566
1.230000	0.660000	0.921511
1.230000	0.670000	0.935440
1.230000	0.680000	0.949350
1.230000	0.690000	0.963241
1.230000	0.700000	0.977108
1.230000	0.710000	0.990952
1.230000	0.720000	1.004770
1.230000	0.730000	1.018558
1.230000	0.740000	1.032317
1.230000	0.750000	1.046043
1.230000	0.760000	1.059734
1.230000	0.770000	1.073387
1.230000	0.780000	1.087001
1.230000	0.790000	1.100574
1.230000	0.800000	1.114102
1.230000	0.810000	1.127583
1.230000	0.820000	1.141016
1.230000	0.830000	1.154396
1.230000	0.840000	1.167723
1.230000	0.850000	1.180993
1.230000	0.860000	1.194204
1.230000	0.870000	1.207353
1.230000	0.880000	1.220438
1.230000	0.890000	1.233456
1.230000	0.900000	1.246404
1.230000	0.910000	1.259279
1.230000	0.920000	1.272080
1.230000	0.930000	1.284802
1.230000	0.940000	1.297444
1.230000	0.950000	1.310003
1.230000	0.960000	1.322476
1.230000	0.970000	1.334860
1.230000	0.980000	1.347152
1.230000	0.990000	1.359349
1.240000	0.500000	0.704621
1.240000	0.510000	0.718797
1.240000	0.520000	0.732980
1.240000	0.530000	0.747169
1.240000	0.540000	0.761363
1.240000	0.550000	0.775560
1.240000	0.560000	0.789760
1.240000	0.570000	0.803961
1.240000	0.580000	0.818161
1.240000	0.590000	0.832359
1.240000	0.600000	0.846554
1.240000	0.610000	0.860745
1.240000	0.620000	0.874929
1.240000	0.630000	0.889105
1.240000	0.640000	0.903271
1.240000	0.650000	0.917426
1.240000	0.660000	0.931567
1.240000	0.670000	0.945693
1.240000	0.680000	0.959803
1.240000	0.690000	0.973893
1.240000	0.700000	0.987963
1.240000	0.710000	1.002010
1.240000	0.720000	1.016032
1.240000	0.730000	1.030026
1.240000	0.740000	1.043991
1.240000	0.750000	1.057925
1.240000	0.760000	1.071825
1.240000	0.770000	1.085689
1.240000	0.780000	1.099515
1.240000	0.790000	1.113299
1.240000	0.800000	1.127041
1.240000	0.810000	1.140737
1.240000	0.820000	1.154384
1.240000	0.830000	1.167981
1.240000	0.840000	1.181525
1.240000	0.850000	1.195013
1.240000	0.860000	1.208443
1.240000	0.870000	1.221811
1.240000	0.880000	1.235116
1.240000	0.890000	1.248354
1.240000	0.900000	1.261523
1.240000	0.910000	1.274620
1.240000	0.920000	1.287643
1.240000	0.930000	1.300588
1.240000	0.940000	1.313453
1.240000	0.950000	1.326235
1.240000	0.960000	1.338931
1.240000	0.970000	1.351538
1.240000	0.980000	1.364054
1.240000	0.990000	1.376476
1.250000	0.500000	0.711713
1.250000	0.510000	0.726063
1.250000	0.520000	0.740422
1.250000	0.530000	0.754789
1.250000	0.540000	0.769162
1.250000	0.550000	0.783540
1.250000	0.560000	0.797922
1.250000	0.570000	0.812307
1.250000	0.580000	0.826693
1.250000	0.590000	0.841079
1.250000	0.600000	0.855463
1.250000	0.610000	0.869844
1.250000	0.620000	0.884219
1.250000	0.630000	0.898589
1.250000	0.640000	0.912950
1.250000	0.650000	0.927301
1.250000	0.660000	0.941641
1.250000	0.670000	0.955967
1.250000	0.680000	0.970277
1.250000	0.690000	0.984570
1.250000	0.700000	0.998844
1.250000	0.710000	1.013095
1.250000	0.720000	1.027324
1.250000	0.730000	1.041526
1.250000	0.740000	1.055700
1.250000	0.750000	1.069844
1.250000	0.760000	1.083956
1.250000	0.770000	1.098032
1.250000	0.780000	1.112071
1.250000	0.790000	1.126071
1.250000	0.800000	1.140028
1.250000	0.810000	1.153941
1.250000	0.820000	1.167806
1.250000	0.830000	1.181622
1.250000	0.840000	1.195385
1.250000	0.850000	1.209093
1.250000	0.860000	1.222744
1.250000	0.870000	1.236334
1.250000	0.880000	1.249861
1.250000	0.890000	1.263323
1.250000	0.900000	1.276715
1.250000	0.910000	1.290037
1.250000	0.920000	1.303284
1.250000	0.930000	1.316454
1.250000	0.940000	1.329545
1.250000	0.950000	1.342552
1.250000	0.960000	1.355475
1.250000	0.970000	1.368308
1.250000	0.980000	1.381051
1.250000	0.990000	1.393699
1.260000	0.500000	0.718799
1.260000	0.510000	0.733325
1.260000	0.520000	0.747861
1.260000	0.530000	0.762406
1.260000	0.540000	0.776960
1.260000	0.550000	0.791520
1.260000	0.560000	0.806086
1.260000	0.570000	0.820656
1.260000	0.580000	0.835229
1.260000	0.590000	0.849804
1.260000	0.600000	0.864378
1.260000	0.610000	0.878951
1.260000	0.620000	0.893520
1.260000	0.630000	0.908085
1.260000	0.640000	0.922643
1.260000	0.650000	0.937192
1.260000	0.660000	0.951732
1.260000	0.670000	0.966259
1.260000	0.680000	0.980772
1.260000	0.690000	0.995270
1.260000	0.700000	1.009749
1.260000	0.710000	1.024208
1.260000	0.720000	1.038644
1.260000	0.730000	1.053057
1.260000	0.740000	1.067442
1.260000	0.750000	1.081798
1.260000	0.760000	1.096123
1.260000	0.770000	1.110415
1.260000	0.780000	1.124670
1.260000	0.790000	1.138886
1.260000	0.800000	1.153062
1.260000	0.810000	1.167194
1.260000	0.820000	1.181279
1.260000	0.830000	1.195316
1.260000	0.840000	1.209301
1.260000	0.850000	1.223232
1.260000	0.860000	1.237107
1.260000	0.870000	1.250921
1.260000	0.880000	1.264674
1.260000	0.890000	1.278361
1.260000	0.900000	1.291980
1.260000	0.910000	1.305528
1.260000	0.920000	1.319003
1.260000	0.930000	1.332401
1.260000	0.940000	1.345720
1.260000	0.950000	1.358956
1.260000	0.960000	1.372107
1.260000	0.970000	1.385170
1.260000	0.980000	1.398142
1.260000	0.990000	1.411019
1.270000	0.500000	0.725878
1.270000	0.510000	0.740580
1.270000	0.520000	0.755294
1.270000	0.530000	0.770019
1.270000	0.540000	0.784754
1.270000	0.550000	0.799498
1.270000	0.560000	0.814249
1.270000	0.570000	0.829006
1.270000	0.580000	0.843767
1.270000	0.590000	0.858532
1.270000	0.600000	0.873298
1.270000	0.610000	0.888064
1.270000	0.620000	0.902829
1.270000	0.630000	0.917591
1.270000	0.640000	0.932347
1.270000	0.650000	0.947097
1.270000	0.660000	0.961838
1.270000	0.670000	0.976569
1.270000	0.680000	0.991287
1.270000	0.690000	1.005990
1.270000	0.700000	1.020677
1.270000	0.710000	1.035345
1.270000	0.720000	1.049993
1.270000	0.730000	1.064617
1.270000	0.740000	1.079215
1.270000	0.750000	1.093787
1.270000	0.760000	1.108327
1.270000	0.770000	1.122836
1.270000	0.780000	1.137309
1.270000	0.790000	1.151746
1.270000	0.800000	1.166142
1.270000	0.810000	1.180495
1.270000	0.820000	1.194803
1.270000	0.830000	1.209064
1.270000	0.840000	1.223274
1.270000	0.850000	1.237430
1.270000	0.860000	1.251531
1.270000	0.870000	1.265573
1.270000	0.880000	1.279553
1.270000	0.890000	1.293469
1.270000	0.900000	1.307317
1.270000	0.910000	1.321095
1.270000	0.920000	1.334800
1.270000	0.930000	1.348429
1.270000	0.940000	1.361978
1.270000	0.950000	1.375446
1.270000	0.960000	1.388829
1.270000	0.970000	1.402124
1.270000	0.980000	1.415327
1.270000	0.990000	1.428437
1.280000	0.500000	0.732947
1.280000	0.510000	0.747827
1.280000	0.520000	0.762720
1.280000	0.530000	0.777626
1.280000	0.540000	0.792544
1.280000	0.550000	0.807472
1.280000	0.560000	0.822409
1.280000	0.570000	0.837354
1.280000	0.580000	0.852306
1.280000	0.590000	0.867262
1.280000	0.600000	0.882222
1.280000	0.610000	0.897183
1.280000	0.620000	0.912145
1.280000	0.630000	0.927105
1.280000	0.640000	0.942062
1.280000	0.650000	0.957014
1.280000	0.660000	0.971958
1.280000	0.670000	0.986894
1.280000	0.680000	1.001819
1.280000	0.690000	1.016730
1.280000	0.700000	1.031627
1.280000	0.710000	1.046507
1.280000	0.720000	1.061367
1.280000	0.730000	1.076205
1.280000	0.740000	1.091019
1.280000	0.750000	1.105807
1.280000	0.760000	1.120567
1.280000	0.770000	1.135295
1.280000	0.780000	1.149989
1.280000	0.790000	1.164647
1.280000	0.800000	1.179266
1.280000	0.810000	1.193844
1.280000	0.820000	1.208377
1.280000	0.830000	1.222864
1.280000	0.840000	1.237301
1.280000	0.850000	1.251686
1.280000	0.860000	1.266016
1.280000	0.870000	1.280287
1.280000	0.880000	1.294498
1.280000	0.890000	1.308645
1.280000	0.900000	1.322725
1.280000	0.910000	1.336736
1.280000	0.920000	1.350674
1.280000	0.930000	1.364536
1.280000	0.940000	1.378319
1.280000	0.950000	1.392021
1.280000	0.960000	1.405639
1.280000	0.970000	1.419168
1.280000	0.980000	1.432607
1.280000	0.990000	1.445952
1.290000	0.500000	0.740005
1.290000	0.510000	0.755063
1.290000	0.520000	0.770137
1.290000	0.530000	0.785225
1.290000	0.540000	0.800327
1.290000	0.550000	0.815441
1.290000	0.560000	0.830566
1.290000	0.570000	0.845700
1.290000	0.580000	0.860843
1.290000	0.590000	0.875993
1.290000	0.600000	0.891147
1.290000	0.610000	0.906306
1.290000	0.620000	0.921466
1.290000	0.630000	0.936626
1.290000	0.640000	0.951785
1.290000	0.650000	0.966940
1.290000	0.660000	0.982090
1.290000	0.670000	0.997233
1.290000	0.680000	1.012367
1.290000	0.690000	1.027489
1.290000	0.700000	1.042597
1.290000	0.710000	1.057690
1.290000	0.720000	1.072765
1.290000	0.730000	1.087820
1.290000	0.740000	1.102852
1.290000	0.750000	1.117860
1.290000	0.760000	1.132839
1.290000	0.770000	1.147789
1.290000	0.780000	1.162707
1.290000	0.790000	1.177589
1.290000	0.800000	1.192434
1.290000	0.810000	1.207239
1.290000	0.820000	1.222000
1.290000	0.830000	1.236716
1.290000	0.840000	1.251383
1.290000	0.850000	1.265999
1.290000	0.860000	1.280560
1.290000	0.870000	1.295064
1.290000	0.880000	1.309508
1.290000	0.890000	1.323889
1.290000	0.900000	1.338204
1.290000	0.910000	1.352450
1.290000	0.920000	1.366624
1.290000	0.930000	1.380722
1.290000	0.940000	1.394743
1.290000	0.950000	1.408682
1.290000	0.960000	1.422537
1.290000	0.970000	1.436304
1.290000	0.980000	1.449981
1.290000	0.990000	1.463564
1.300000	0.500000	0.747050
1.300000	0.510000	0.762288
1.300000	0.520000	0.777543
1.300000	0.530000	0.792814
1.300000	0.540000	0.808101
1.300000	0.550000	0.823402
1.300000	0.560000	0.838716
1.300000	0.570000	0.854042
1.300000	0.580000	0.869377
1.300000	0.590000	0.884721
1.300000	0.600000	0.900073
1.300000	0.610000	0.915429
1.300000	0.620000	0.930790
1.300000	0.630000	0.946152
1.300000	0.640000	0.961515
1.300000	0.650000	0.976876
1.300000	0.660000	0.992233
1.300000	0.670000	1.007585
1.300000	0.680000	1.022929
1.300000	0.690000	1.038264
1.300000	0.700000	1.053586
1.300000	0.710000	1.068895
1.300000	0.720000	1.084187
1.300000	0.730000	1.099461
1.300000	0.740000	1.114713
1.300000	0.750000	1.129942
1.300000	0.760000	1.145145
1.300000	0.770000	1.160319
1.300000	0.780000	1.175462
1.300000	0.790000	1.190572
1.300000	0.800000	1.205645
1.300000	0.810000	1.220679
1.300000	0.820000	1.235671
1.300000	0.830000	1.250618
1.300000	0.840000	1.265518
1.300000	0.850000	1.280367
1.300000	0.860000	1.295163
1.300000	0.870000	1.309902
1.300000	0.880000	1.324583
1.300000	0.890000	1.339201
1.300000	0.900000	1.353753
1.300000	0.910000	1.368237
1.300000	0.920000	1.382650
1.300000	0.930000	1.396988
1.300000	0.940000	1.411248
1.300000	0.950000	1.425428
1.300000	0.960000	1.439523
1.300000	0.970000	1.453531
1.300000	0.980000	1.467449
1.300000	0.990000	1.481273
1.310000	0.500000	0.754080
1.310000	0.510000	0.769498
1.310000	0.520000	0.784936
1.310000	0.530000	0.800391
1.310000	0.540000	0.815865
1.310000	0.550000	0.831354
1.310000	0.560000	0.846859
1.310000	0.570000	0.862376
1.310000	0.580000	0.877906
1.310000	0.590000	0.893447
1.310000	0.600000	0.908996
1.310000	0.610000	0.924553
1.310000	0.620000	0.940115
1.310000	0.630000	0.955681
1.310000	0.640000	0.971250
1.310000	0.650000	0.986818
1.310000	0.660000	1.002385
1.310000	0.670000	1.017947
1.310000	0.680000	1.033504
1.310000	0.690000	1.049053
1.310000	0.700000	1.064592
1.310000	0.710000	1.080119
1.310000	0.720000	1.095630
1.310000	0.730000	1.111125
1.310000	0.740000	1.126600
1.310000	0.750000	1.142053
1.310000	0.760000	1.157481
1.310000	0.770000	1.172882
1.310000	0.780000	1.188254
1.310000	0.790000	1.203593
1.310000	0.800000	1.218897
1.310000	0.810000	1.234163
1.310000	0.820000	1.249388
1.310000	0.830000	1.264570
1.310000	0.840000	1.279705
1.310000	0.850000	1.294790
1.310000	0.860000	1.309824
1.310000	0.870000	1.324802
1.310000	0.880000	1.339721
1.310000	0.890000	1.354579
1.310000	0.900000	1.369372
1.310000	0.910000	1.384097
1.310000	0.920000	1.398752
1.310000	0.930000	1.413332
1.310000	0.940000	1.427835
1.310000	0.950000	1.442258
1.310000	0.960000	1.456597
1.310000	0.970000	1.470849
1.310000	0.980000	1.485010
1.310000	0.990000	1.499079
1.320000	0.500000	0.761093
1.320000	0.510000	0.776693
1.320000	0.520000	0.792313
1.320000	0.530000	0.807955
1.320000	0.540000	0.823616
1.320000	0.550000	0.839295
1.320000	0.560000	0.854991
1.320000	0.570000	0.870703
1.320000	0.580000	0.886428
1.320000	0.590000	0.902166
1.320000	0.600000	0.917915
1.320000	0.610000	0.933674
1.320000	0.620000	0.949440
1.320000	0.630000	0.965212
1.320000	0.640000	0.980987
1.320000	0.650000	0.996765
1.320000	0.660000	1.012543
1.320000	0.670000	1.028319
1.320000	0.680000	1.044091
1.320000	0.690000	1.059856
1.320000	0.700000	1.075614
1.320000	0.710000	1.091360
1.320000	0.720000	1.107093
1.320000	0.730000	1.122811
1.320000	0.740000	1.138511
1.320000	0.750000	1.154190
1.320000	0.760000	1.169847
1.320000	0.770000	1.185478
1.320000	0.780000	1.201080
1.320000	0.790000	1.216651
1.320000	0.800000	1.232189
1.320000	0.810000	1.247689
1.320000	0.820000	1.263151
1.320000	0.830000	1.278569
1.320000	0.840000	1.293943
1.320000	0.850000	1.309268
1.320000	0.860000	1.324541
1.320000	0.870000	1.339761
1.320000	0.880000	1.354922
1.320000	0.890000	1.370023
1.320000	0.900000	1.385060
1.320000	0.910000	1.400029
1.320000	0.920000	1.414929
1.320000	0.930000	1.429754
1.320000	0.940000	1.444504
1.320000	0.950000	1.459172
1.320000	0.960000	1.473758
1.320000	0.970000	1.488257
1.320000	0.980000	1.502666
1.320000	0.990000	1.516981
1.330000	0.500000	0.768087
1.330000	0.510000	0.783869
1.330000	0.520000	0.799674
1.330000	0.530000	0.815503
1.330000	0.540000	0.831352
1.330000	0.550000	0.847223
1.330000	0.560000	0.863112
1.330000	0.570000	0.879018
1.330000	0.580000	0.894941
1.330000	0.590000	0.910879
1.330000	0.600000	0.926829
1.330000	0.610000	0.942791
1.330000	0.620000	0.958762
1.330000	0.630000	0.974741
1.330000	0.640000	0.990726
1.330000	0.650000	1.006715
1.330000	0.660000	1.022707
1.330000	0.670000	1.038698
1.330000	0.680000	1.054686
1.330000	0.690000	1.070671
1.330000	0.700000	1.086648
1.330000	0.710000	1.102617
1.330000	0.720000	1.118575
1.330000	0.730000	1.134518
1.330000	0.740000	1.150445
1.330000	0.750000	1.166354
1.330000	0.760000	1.182241
1.330000	0.770000	1.198103
1.330000	0.780000	1.213939
1.330000	0.790000	1.229746
1.330000	0.800000	1.245519
1.330000	0.810000	1.261258
1.330000	0.820000	1.276958
1.330000	0.830000	1.292617
1.330000	0.840000	1.308231
1.330000	0.850000	1.323798
1.330000	0.860000	1.339315
1.330000	0.870000	1.354779
1.330000	0.880000	1.370185
1.330000	0.890000	1.385532
1.330000	0.900000	1.400815
1.330000	0.910000	1.416032
1.330000	0.920000	1.431180
1.330000	0.930000	1.446254
1.330000	0.940000	1.461252
1.330000	0.950000	1.476171
1.330000	0.960000	1.491006
1.330000	0.970000	1.505755
1.330000	0.980000	1.520415
1.330000	0.990000	1.534981
1.340000	0.500000	0.775059
1.340000	0.510000	0.791025
1.340000	0.520000	0.807016
1.340000	0.530000	0.823032
1.340000	0.540000	0.839072
1.340000	0.550000	0.855135
1.340000	0.560000	0.871218
1.340000	0.570000	0.887321
1.340000	0.580000	0.903443
1.340000	0.590000	0.919581
1.340000	0.600000	0.935735
1.340000	0.610000	0.951901
1.340000	0.620000	0.968080
1.340000	0.630000	0.984268
1.340000	0.640000	1.000465
1.340000	0.650000	1.016667
1.340000	0.660000	1.032873
1.340000	0.670000	1.049081
1.340000	0.680000	1.065289
1.340000	0.690000	1.081495
1.340000	0.700000	1.097695
1.340000	0.710000	1.113889
1.340000	0.720000	1.130072
1.340000	0.730000	1.146244
1.340000	0.740000	1.162401
1.340000	0.750000	1.178541
1.340000	0.760000	1.194661
1.340000	0.770000	1.210759
1.340000	0.780000	1.226831
1.340000	0.790000	1.242875
1.340000	0.800000	1.258887
1.340000	0.810000	1.274866
1.340000	0.820000	1.290808
1.340000	0.830000	1.306710
1.340000	0.840000	1.322568
1.340000	0.850000	1.338381
1.340000	0.860000	1.354144
1.340000	0.870000	1.369855
1.340000	0.880000	1.385509
1.340000	0.890000	1.401105
1.340000	0.900000	1.416639
1.340000	0.910000	1.432106
1.340000	0.920000	1.447505
1.340000	0.930000	1.462831
1.340000	0.940000	1.478082
1.340000	0.950000	1.493253
1.340000	0.960000	1.508342
1.340000	0.970000	1.523344
1.340000	0.980000	1.538257
1.340000	0.990000	1.553077
1.350000	0.500000	0.782008
1.350000	0.510000	0.798158
1.350000	0.520000	0.814336
1.350000	0.530000	0.830542
1.350000	0.540000	0.846773
1.350000	0.550000	0.863029
1.350000	0.560000	0.879308
1.350000	0.570000	0.895610
1.350000	0.580000	0.911931
1.350000	0.590000	0.928272
1.350000	0.600000	0.944630
1.350000	0.610000	0.961004
1.350000	0.620000	0.977391
1.350000	0.630000	0.993791
1.350000	0.640000	1.010200
1.350000	0.650000	1.026618
1.350000	0.660000	1.043041
1.350000	0.670000	1.059469
1.350000	0.680000	1.075898
1.350000	0.690000	1.092326
1.350000	0.700000	1.108752
1.350000	0.710000	1.125172
1.350000	0.720000	1.141585
1.350000	0.730000	1.157987
1.350000	0.740000	1.174377
1.350000	0.750000	1.190751
1.350000	0.760000	1.207107
1.350000	0.770000	1.223442
1.350000	0.780000	1.239753
1.350000	0.790000	1.256037
1.350000	0.800000	1.272292
1.350000	0.810000	1.288514
1.350000	0.820000	1.304700
1.350000	0.830000	1.320848
1.350000	0.840000	1.336954
1.350000	0.850000	1.353014
1.350000	0.860000	1.369027
1.350000	0.870000	1.384988
1.350000	0.880000	1.400894
1.350000	0.890000	1.416742
1.350000	0.900000	1.432529
1.350000	0.910000	1.448250
1.350000	0.920000	1.463903
1.350000	0.930000	1.479485
1.350000	0.940000	1.494991
1.350000	0.950000	1.510418
1.350000	0.960000	1.525763
1.350000	0.970000	1.541023
1.350000	0.980000	1.556192
1.350000	0.990000	1.571269
1.360000	0.500000	0.788932
1.360000	0.510000	0.805267
1.360000	0.520000	0.821633
1.360000	0.530000	0.838029
1.360000	0.540000	0.854453
1.360000	0.550000	0.870903
1.360000	0.560000	0.887380
1.360000	0.570000	0.903881
1.360000	0.580000	0.920404
1.360000	0.590000	0.936949
1.360000	0.600000	0.953513
1.360000	0.610000	0.970096
1.360000	0.620000	0.986694
1.360000	0.630000	1.003306
1.360000	0.640000	1.019931
1.360000	0.650000	1.036565
1.360000	0.660000	1.053208
1.360000	0.670000	1.069857
1.360000	0.680000	1.086510
1.360000	0.690000	1.103164
1.360000	0.700000	1.119817
1.360000	0.710000	1.136467
1.360000	0.720000	1.153111
1.360000	0.730000	1.169746
1.360000	0.740000	1.186371
1.360000	0.750000	1.202981
1.360000	0.760000	1.219576
1.360000	0.770000	1.236151
1.360000	0.780000	1.252703
1.360000	0.790000	1.269231
1.360000	0.800000	1.285730
1.360000	0.810000	1.302199
1.360000	0.820000	1.318633
1.360000	0.830000	1.335030
1.360000	0.840000	1.351386
1.360000	0.850000	1.367698
1.360000	0.860000	1.383963
1.360000	0.870000	1.400177
1.360000	0.880000	1.416338
1.360000	0.890000	1.432442
1.360000	0.900000	1.448485
1.360000	0.910000	1.464463
1.360000	0.920000	1.480374
1.360000	0.930000	1.496214
1.360000	0.940000	1.511979
1.360000	0.950000	1.527666
1.360000	0.960000	1.543271
1.360000	0.970000	1.558791
1.360000	0.980000	1.574221
1.360000	0.990000	1.589559
1.370000	0.500000	0.795826
1.370000	0.510000	0.812349
1.370000	0.520000	0.828904
1.370000	0.530000	0.845491
1.370000	0.540000	0.862109
1.370000	0.550000	0.878756
1.370000	0.560000	0.895431
1.370000	0.570000	0.912133
1.370000	0.580000	0.928859
1.370000	0.590000	0.945610
1.370000	0.600000	0.962382
1.370000	0.610000	0.979175
1.370000	0.620000	0.995985
1.370000	0.630000	1.012812
1.370000	0.640000	1.029654
1.370000	0.650000	1.046508
1.370000	0.660000	1.063372
1.370000	0.670000	1.080245
1.370000	0.680000	1.097123
1.370000	0.690000	1.114005
1.370000	0.700000	1.130888
1.370000	0.710000	1.147770
1.370000	0.720000	1.164647
1.370000	0.730000	1.181519
1.370000	0.740000	1.198381
1.370000	0.750000	1.215231
1.370000	0.760000	1.232066
1.370000	0.770000	1.248884
1.370000	0.780000	1.265681
1.370000	0.790000	1.282455
1.370000	0.800000	1.299203
1.370000	0.810000	1.315920
1.370000	0.820000	1.332605
1.370000	0.830000	1.349254
1.370000	0.840000	1.365863
1.370000	0.850000	1.382430
1.370000	0.860000	1.398951
1.370000	0.870000	1.415422
1.370000	0.880000	1.431841
1.370000	0.890000	1.448203
1.370000	0.900000	1.464506
1.370000	0.910000	1.480745
1.370000	0.920000	1.496917
1.370000	0.930000	1.513019
1.370000	0.940000	1.529047
1.370000	0.950000	1.544997
1.370000	0.960000	1.560865
1.370000	0.970000	1.576648
1.370000	0.980000	1.592343
1.370000	0.990000	1.607945
1.380000	0.500000	0.802691
1.380000	0.510000	0.819401
1.380000	0.520000	0.836146
1.380000	0.530000	0.852926
1.380000	0.540000	0.869739
1.380000	0.550000	0.886583
1.380000	0.560000	0.903458
1.380000	0.570000	0.920363
1.380000	0.580000	0.937294
1.380000	0.590000	0.954252
1.380000	0.600000	0.971234
1.380000	0.610000	0.988238
1.380000	0.620000	1.005264
1.380000	0.630000	1.022307
1.380000	0.640000	1.039368
1.380000	0.650000	1.056443
1.380000	0.660000	1.073531
1.380000	0.670000	1.090630
1.380000	0.680000	1.107736
1.380000	0.690000	1.124848
1.380000	0.700000	1.141963
1.380000	0.710000	1.159079
1.380000	0.720000	1.176193
1.380000	0.730000	1.193303
1.380000	0.740000	1.210405
1.380000	0.750000	1.227497
1.380000	0.760000	1.244577
1.380000	0.770000	1.261640
1.380000	0.780000	1.278685
1.380000	0.790000	1.295708
1.380000	0.800000	1.312706
1.380000	0.810000	1.329676
1.380000	0.820000	1.346615
1.380000	0.830000	1.363519
1.380000	0.840000	1.380385
1.380000	0.850000	1.397209
1.380000	0.860000	1.413989
1.380000	0.870000	1.430721
1.380000	0.880000	1.447401
1.380000	0.890000	1.464026
1.380000	0.900000	1.480591
1.380000	0.910000	1.497095
1.380000	0.920000	1.513532
1.380000	0.930000	1.529899
1.380000	0.940000	1.546193
1.380000	0.950000	1.562409
1.380000	0.960000	1.578545
1.380000	0.970000	1.594595
1.380000	0.980000	1.610557
1.380000	0.990000	1.626427
1.390000	0.500000	0.809522
1.390000	0.510000	0.826421
1.390000	0.520000	0.843357
1.390000	0.530000	0.860331
1.390000	0.540000	0.877340
1.390000	0.550000	0.894384
1.390000	0.560000	0.911460
1.390000	0.570000	0.928568
1.390000	0.580000	0.945707
1.390000	0.590000	0.962873
1.390000	0.600000	0.980067
1.390000	0.610000	0.997285
1.390000	0.620000	1.014526
1.390000	0.630000	1.031789
1.390000	0.640000	1.049071
1.390000	0.650000	1.066369
1.390000	0.660000	1.083683
1.390000	0.670000	1.101009
1.390000	0.680000	1.118346
1.390000	0.690000	1.135690
1.390000	0.700000	1.153040
1.390000	0.710000	1.170393
1.390000	0.720000	1.187746
1.390000	0.730000	1.205097
1.390000	0.740000	1.222442
1.390000	0.750000	1.239779
1.390000	0.760000	1.257105
1.390000	0.770000	1.274418
1.390000	0.780000	1.291713
1.390000	0.790000	1.308988
1.390000	0.800000	1.326240
1.390000	0.810000	1.343465
1.390000	0.820000	1.360661
1.390000	0.830000	1.377823
1.390000	0.840000	1.394949
1.390000	0.850000	1.412035
1.390000	0.860000	1.429078
1.390000	0.870000	1.446073
1.390000	0.880000	1.463018
1.390000	0.890000	1.479908
1.390000	0.900000	1.496741
1.390000	0.910000	1.513512
1.390000	0.920000	1.530217
1.390000	0.930000	1.546853
1.390000	0.940000	1.563417
1.390000	0.950000	1.579903
1.390000	0.960000	1.596309
1.390000	0.970000	1.612631
1.390000	0.980000	1.628864
1.390000	0.990000	1.645005
1.400000	0.500000	0.816318
1.400000	0.510000	0.833406
1.400000	0.520000	0.850535
1.400000	0.530000	0.867704
1.400000	0.540000	0.884910
1.400000	0.550000	0.902154
1.400000	0.560000	0.919434
1.400000	0.570000	0.936747
1.400000	0.580000	0.954094
1.400000	0.590000	0.971471
1.400000	0.600000	0.988877
1.400000	0.610000	1.006311
1.400000	0.620000	1.023771
1.400000	0.630000	1.041254
1.400000	0.640000	1.058759
1.400000	0.650000	1.076283
1.400000	0.660000	1.093825
1.400000	0.670000	1.111381
1.400000	0.680000	1.128951
1.400000	0.690000	1.146530
1.400000	0.700000	1.164117
1.400000	0.710000	1.181709
1.400000	0.720000	1.199304
1.400000	0.730000	1.216898
1.400000	0.740000	1.234489
1.400000	0.750000	1.252074
1.400000	0.760000	1.269650
1.400000	0.770000	1.287214
1.400000	0.780000	1.304763
1.400000	0.790000	1.322293
1.400000	0.800000	1.339802
1.400000	0.810000	1.357286
1.400000	0.820000	1.374742
1.400000	0.830000	1.392166
1.400000	0.840000	1.409556
1.400000	0.850000	1.426906
1.400000	0.860000	1.444214
1.400000	0.870000	1.461477
1.400000	0.880000	1.478690
1.400000	0.890000	1.495850
1.400000	0.900000	1.512953
1.400000	0.910000	1.529995
1.400000	0.920000	1.546972
1.400000	0.930000	1.563881
1.400000	0.940000	1.580718
1.400000	0.950000	1.597479
1.400000	0.960000	1.614159
1.400000	0.970000	1.630755
1.400000	0.980000	1.647264
1.400000	0.990000	1.663680
1.410000	0.500000	0.823075
1.410000	0.510000	0.840354
1.410000	0.520000	0.857677
1.410000	0.530000	0.875041
1.410000	0.540000	0.892447
1.410000	0.550000	0.909893
1.410000	0.560000	0.927376
1.410000	0.570000	0.944897
1.410000	0.580000	0.962453
1.410000	0.590000	0.980042
1.410000	0.600000	0.997664
1.410000	0.610000	1.015315
1.410000	0.620000	1.032995
1.410000	0.630000	1.050701
1.410000	0.640000	1.068431
1.410000	0.650000	1.086183
1.410000	0.660000	1.103955
1.410000	0.670000	1.121744
1.410000	0.680000	1.139548
1.410000	0.690000	1.157365
1.410000	0.700000	1.175192
1.410000	0.710000	1.193026
1.410000	0.720000	1.210865
1.410000	0.730000	1.228705
1.410000	0.740000	1.246545
1.410000	0.750000	1.264381
1.410000	0.760000	1.282209
1.410000	0.770000	1.300028
1.410000	0.780000	1.317833
1.410000	0.790000	1.335622
1.410000	0.800000	1.353391
1.410000	0.810000	1.371137
1.410000	0.820000	1.388857
1.410000	0.830000	1.406546
1.410000	0.840000	1.424202
1.410000	0.850000	1.441821
1.410000	0.860000	1.459398
1.410000	0.870000	1.476932
1.410000	0.880000	1.494417
1.410000	0.890000	1.511849
1.410000	0.900000	1.529226
1.410000	0.910000	1.546543
1.410000	0.920000	1.563797
1.410000	0.930000	1.580982
1.410000	0.940000	1.598096
1.410000	0.950000	1.615135
1.410000	0.960000	1.632093
1.410000	0.970000	1.648968
1.410000	0.980000	1.665755
1.410000	0.990000	1.682451
1.420000	0.500000	0.829791
1.420000	0.510000	0.847262
1.420000	0.520000	0.864779
1.420000	0.530000	0.882342
1.420000	0.540000	0.899948
1.420000	0.550000	0.917596
1.420000	0.560000	0.935286
1.420000	0.570000	0.953015
1.420000	0.580000	0.970782
1.420000	0.590000	0.988585
1.420000	0.600000	1.006423
1.420000	0.610000	1.024294
1.420000	0.620000	1.042196
1.420000	0.630000	1.060127
1.420000	0.640000	1.078084
1.420000	0.650000	1.096066
1.420000	0.660000	1.114070
1.420000	0.670000	1.132094
1.420000	0.680000	1.150136
1.420000	0.690000	1.168193
1.420000	0.700000	1.186262
1.420000	0.710000	1.204341
1.420000	0.720000	1.222426
1.420000	0.730000	1.240516
1.420000	0.740000	1.258607
1.420000	0.750000	1.276697
1.420000	0.760000	1.294781
1.420000	0.770000	1.312857
1.420000	0.780000	1.330922
1.420000	0.790000	1.348973
1.420000	0.800000	1.367006
1.420000	0.810000	1.385017
1.420000	0.820000	1.403003
1.420000	0.830000	1.420961
1.420000	0.840000	1.438887
1.420000	0.850000	1.456778
1.420000	0.860000	1.474628
1.420000	0.870000	1.492436
1.420000	0.880000	1.510196
1.420000	0.890000	1.527906
1.420000	0.900000	1.545561
1.420000	0.910000	1.563156
1.420000	0.920000	1.580689
1.420000	0.930000	1.598156
1.420000	0.940000	1.615551
1.420000	0.950000	1.632871
1.420000	0.960000	1.650111
1.420000	0.970000	1.667269
1.420000	0.980000	1.684339
1.420000	0.990000	1.701317
1.430000	0.500000	0.836463
1.430000	0.510000	0.854127
1.430000	0.520000	0.871840
1.430000	0.530000	0.889601
1.430000	0.540000	0.907409
1.430000	0.550000	0.925262
1.430000	0.560000	0.943158
1.430000	0.570000	0.961098
1.430000	0.580000	0.979078
1.430000	0.590000	0.997097
1.430000	0.600000	1.015153
1.430000	0.610000	1.033245
1.430000	0.620000	1.051371
1.430000	0.630000	1.069528
1.430000	0.640000	1.087715
1.430000	0.650000	1.105929
1.430000	0.660000	1.124168
1.430000	0.670000	1.142430
1.430000	0.680000	1.160711
1.430000	0.690000	1.179010
1.430000	0.700000	1.197325
1.430000	0.710000	1.215651
1.430000	0.720000	1.233986
1.430000	0.730000	1.252328
1.430000	0.740000	1.270674
1.430000	0.750000	1.289020
1.430000	0.760000	1.307363
1.430000	0.770000	1.325700
1.430000	0.780000	1.344028
1.430000	0.790000	1.362344
1.430000	0.800000	1.380643
1.430000	0.810000	1.398923
1.430000	0.820000	1.417180
1.430000	0.830000	1.435410
1.430000	0.840000	1.453610
1.430000	0.850000	1.471775
1.430000	0.860000	1.489903
1.430000	0.870000	1.507989
1.430000	0.880000	1.526028
1.430000	0.890000	1.544019
1.430000	0.900000	1.561955
1.430000	0.910000	1.579833
1.430000	0.920000	1.597650
1.430000	0.930000	1.615400
1.430000	0.940000	1.633081
1.430000	0.950000	1.650686
1.430000	0.960000	1.668213
1.430000	0.970000	1.685658
1.430000	0.980000	1.703015
1.430000	0.990000	1.720280
1.440000	0.500000	0.843089
1.440000	0.510000	0.860947
1.440000	0.520000	0.878857
1.440000	0.530000	0.896817
1.440000	0.540000	0.914828
1.440000	0.550000	0.932886
1.440000	0.560000	0.950992
1.440000	0.570000	0.969143
1.440000	0.580000	0.987337
1.440000	0.590000	1.005574
1.440000	0.600000	1.023851
1.440000	0.610000	1.042166
1.440000	0.620000	1.060518
1.440000	0.630000	1.078904
1.440000	0.640000	1.097322
1.440000	0.650000	1.115771
1.440000	0.660000	1.134247
1.440000	0.670000	1.152748
1.440000	0.680000	1.171272
1.440000	0.690000	1.189816
1.440000	0.700000	1.208378
1.440000	0.710000	1.226954
1.440000	0.720000	1.245542
1.440000	0.730000	1.264139
1.440000	0.740000	1.282742
1.440000	0.750000	1.301348
1.440000	0.760000	1.319953
1.440000	0.770000	1.338554
1.440000	0.780000	1.357148
1.440000	0.790000	1.375732
1.440000	0.800000	1.394302
1.440000	0.810000	1.412854
1.440000	0.820000	1.431385
1.440000	0.830000	1.449891
1.440000	0.840000	1.468368
1.440000	0.850000	1.486813
1.440000	0.860000	1.505221
1.440000	0.870000	1.523588
1.440000	0.880000	1.541911
1.440000	0.890000	1.560186
1.440000	0.900000	1.578408
1.440000	0.910000	1.596573
1.440000	0.920000	1.614677
1.440000	0.930000	1.632716
1.440000	0.940000	1.650686
1.440000	0.950000	1.668581
1.440000	0.960000	1.686399
1.440000	0.970000	1.704134
1.440000	0.980000	1.721782
1.440000	0.990000	1.739339
1.450000	0.500000	0.849664
1.450000	0.510000	0.867717
1.450000	0.520000	0.885825
1.450000	0.530000	0.903987
1.450000	0.540000	0.922202
1.450000	0.550000	0.940467
1.450000	0.560000	0.958783
1.450000	0.570000	0.977147
1.450000	0.580000	0.995558
1.450000	0.590000	1.014014
1.450000	0.600000	1.032513
1.450000	0.610000	1.051053
1.450000	0.620000	1.069633
1.450000	0.630000	1.088250
1.450000	0.640000	1.106902
1.450000	0.650000	1.125587
1.450000	0.660000	1.144303
1.450000	0.670000	1.163046
1.450000	0.680000	1.181815
1.450000	0.690000	1.200607
1.450000	0.700000	1.219419
1.450000	0.710000	1.238248
1.450000	0.720000	1.257092
1.450000	0.730000	1.275947
1.450000	0.740000	1.294810
1.450000	0.750000	1.313678
1.450000	0.760000	1.332548
1.450000	0.770000	1.351417
1.450000	0.780000	1.370281
1.450000	0.790000	1.389137
1.450000	0.800000	1.407980
1.450000	0.810000	1.426808
1.450000	0.820000	1.445617
1.450000	0.830000	1.464402
1.450000	0.840000	1.483160
1.450000	0.850000	1.501888
1.450000	0.860000	1.520580
1.450000	0.870000	1.539234
1.450000	0.880000	1.557844
1.450000	0.890000	1.576407
1.450000	0.900000	1.594919
1.450000	0.910000	1.613375
1.450000	0.920000	1.631771
1.450000	0.930000	1.650103
1.450000	0.940000	1.668365
1.450000	0.950000	1.686555
1.450000	0.960000	1.704667
1.450000	0.970000	1.722697
1.450000	0.980000	1.740641
1.450000	0.990000	1.758493
1.460000	0.500000	0.856187
1.460000	0.510000	0.874436
1.460000	0.520000	0.892743
1.460000	0.530000	0.911107
1.460000	0.540000	0.929527
1.460000	0.550000	0.948002
1.460000	0.560000	0.966529
1.460000	0.570000	0.985108
1.460000	0.580000	1.003736
1.460000	0.590000	1.022413
1.460000	0.600000	1.041136
1.460000	0.610000	1.059904
1.460000	0.620000	1.078714
1.460000	0.630000	1.097564
1.460000	0.640000	1.116452
1.460000	0.650000	1.135376
1.460000	0.660000	1.154333
1.460000	0.670000	1.173322
1.460000	0.680000	1.192338
1.460000	0.690000	1.211380
1.460000	0.700000	1.230445
1.460000	0.710000	1.249530
1.460000	0.720000	1.268632
1.460000	0.730000	1.287748
1.460000	0.740000	1.306875
1.460000	0.750000	1.326009
1.460000	0.760000	1.345148
1.460000	0.770000	1.364287
1.460000	0.780000	1.383424
1.460000	0.790000	1.402555
1.460000	0.800000	1.421676
1.460000	0.810000	1.440783
1.460000	0.820000	1.459873
1.460000	0.830000	1.478942
1.460000	0.840000	1.497985
1.460000	0.850000	1.516999
1.460000	0.860000	1.535980
1.460000	0.870000	1.554924
1.460000	0.880000	1.573825
1.460000	0.890000	1.592681
1.460000	0.900000	1.611487
1.460000	0.910000	1.630238
1.460000	0.920000	1.648930
1.460000	0.930000	1.667558
1.460000	0.940000	1.686119
1.460000	0.950000	1.704607
1.460000	0.960000	1.723018
1.460000	0.970000	1.741347
1.460000	0.980000	1.759590
1.460000	0.990000	1.777743
1.470000	0.500000	0.862654
1.470000	0.510000	0.881100
1.470000	0.520000	0.899607
1.470000	0.530000	0.918175
1.470000	0.540000	0.936802
1.470000	0.550000	0.955486
1.470000	0.560000	0.974227
1.470000	0.570000	0.993022
1.470000	0.580000	1.011870
1.470000	0.590000	1.030769
1.470000	0.600000	1.049718
1.470000	0.610000	1.068715
1.470000	0.620000	1.087757
1.470000	0.630000	1.106842
1.470000	0.640000	1.125969
1.470000	0.650000	1.145134
1.470000	0.660000	1.164336
1.470000	0.670000	1.183571
1.470000	0.680000	1.202838
1.470000	0.690000	1.222133
1.470000	0.700000	1.241454
1.470000	0.710000	1.260798
1.470000	0.720000	1.280161
1.470000	0.730000	1.299541
1.470000	0.740000	1.318935
1.470000	0.750000	1.338338
1.470000	0.760000	1.357749
1.470000	0.770000	1.377162
1.470000	0.780000	1.396576
1.470000	0.790000	1.415985
1.470000	0.800000	1.435387
1.470000	0.810000	1.454777
1.470000	0.820000	1.474152
1.470000	0.830000	1.493508
1.470000	0.840000	1.512841
1.470000	0.850000	1.532145
1.470000	0.860000	1.551419
1.470000	0.870000	1.570656
1.470000	0.880000	1.589854
1.470000	0.890000	1.609006
1.470000	0.900000	1.628110
1.470000	0.910000	1.647160
1.470000	0.920000	1.666153
1.470000	0.930000	1.685082
1.470000	0.940000	1.703945
1.470000	0.950000	1.722736
1.470000	0.960000	1.741450
1.470000	0.970000	1.760084
1.470000	0.980000	1.778631
1.470000	0.990000	1.797088
1.480000	0.500000	0.869061
1.480000	0.510000	0.887705
1.480000	0.520000	0.906414
1.480000	0.530000	0.925187
1.480000	0.540000	0.944022
1.480000	0.550000	0.962917
1.480000	0.560000	0.981872
1.480000	0.570000	1.000886
1.480000	0.580000	1.019955
1.480000	0.590000	1.039079
1.480000	0.600000	1.058256
1.480000	0.610000	1.077484
1.480000	0.620000	1.096760
1.480000	0.630000	1.116083
1.480000	0.640000	1.135450
1.480000	0.650000	1.154859
1.480000	0.660000	1.174307
1.480000	0.670000	1.193793
1.480000	0.680000	1.213312
1.480000	0.690000	1.232863
1.480000	0.700000	1.252443
1.480000	0.710000	1.272048
1.480000	0.720000	1.291676
1.480000	0.730000	1.311323
1.480000	0.740000	1.330986
1.480000	0.750000	1.350663
1.480000	0.760000	1.370348
1.480000	0.770000	1.390039
1.480000	0.780000	1.409733
1.480000	0.790000	1.429425
1.480000	0.800000	1.449111
1.480000	0.810000	1.468789
1.480000	0.820000	1.488453
1.480000	0.830000	1.508100
1.480000	0.840000	1.527725
1.480000	0.850000	1.547325
1.480000	0.860000	1.566895
1.480000	0.870000	1.586430
1.480000	0.880000	1.605927
1.480000	0.890000	1.625381
1.480000	0.900000	1.644788
1.480000	0.910000	1.664142
1.480000	0.920000	1.683439
1.480000	0.930000	1.702674
1.480000	0.940000	1.721844
1.480000	0.950000	1.740942
1.480000	0.960000	1.759964
1.480000	0.970000	1.778906
1.480000	0.980000	1.797763
1.480000	0.990000	1.816529
1.490000	0.500000	0.875406
1.490000	0.510000	0.894249
1.490000	0.520000	0.913161
1.490000	0.530000	0.932139
1.490000	0.540000	0.951183
1.490000	0.550000	0.970292
1.490000	0.560000	0.989463
1.490000	0.570000	1.008696
1.490000	0.580000	1.027989
1.490000	0.590000	1.047339
1.490000	0.600000	1.066746
1.490000	0.610000	1.086206
1.490000	0.620000	1.105719
1.490000	0.630000	1.125281
1.490000	0.640000	1.144891
1.490000	0.650000	1.164547
1.490000	0.660000	1.184244
1.490000	0.670000	1.203982
1.490000	0.680000	1.223757
1.490000	0.690000	1.243567
1.490000	0.700000	1.263408
1.490000	0.710000	1.283278
1.490000	0.720000	1.303173
1.490000	0.730000	1.323091
1.490000	0.740000	1.343028
1.490000	0.750000	1.362980
1.490000	0.760000	1.382944
1.490000	0.770000	1.402916
1.490000	0.780000	1.422893
1.490000	0.790000	1.442871
1.490000	0.800000	1.462847
1.490000	0.810000	1.482815
1.490000	0.820000	1.502772
1.490000	0.830000	1.522714
1.490000	0.840000	1.542636
1.490000	0.850000	1.562535
1.490000	0.860000	1.582406
1.490000	0.870000	1.602244
1.490000	0.880000	1.622045
1.490000	0.890000	1.641805
1.490000	0.900000	1.661518
1.490000	0.910000	1.681181
1.490000	0.920000	1.700787
1.490000	0.930000	1.720333
1.490000	0.940000	1.739814
1.490000	0.950000	1.759224
1.490000	0.960000	1.778560
1.490000	0.970000	1.797815
1.490000	0.980000	1.816985
1.490000	0.990000	1.836065
1.500000	0.500000	0.881684
1.500000	0.510000	0.900728
1.500000	0.520000	0.919843
1.500000	0.530000	0.939029
1.500000	0.540000	0.958284
1.500000	0.550000	0.977606
1.500000	0.560000	0.996996
1.500000	0.570000	1.016450
1.500000	0.580000	1.035967
1.500000	0.590000	1.055546
1.500000	0.600000	1.075184
1.500000	0.610000	1.094880
1.500000	0.620000	1.114631
1.500000	0.630000	1.134435
1.500000	0.640000	1.154291
1.500000	0.650000	1.174194
1.500000	0.660000	1.194144
1.500000	0.670000	1.214137
1.500000	0.680000	1.234170
1.500000	0.690000	1.254242
1.500000	0.700000	1.274347
1.500000	0.710000	1.294485
1.500000	0.720000	1.314651
1.500000	0.730000	1.334842
1.500000	0.740000	1.355055
1.500000	0.750000	1.375287
1.500000	0.760000	1.395533
1.500000	0.770000	1.415790
1.500000	0.780000	1.436055
1.500000	0.790000	1.456323
1.500000	0.800000	1.476591
1.500000	0.810000	1.496854
1.500000	0.820000	1.517108
1.500000	0.830000	1.537349
1.500000	0.840000	1.557573
1.500000	0.850000	1.577775
1.500000	0.860000	1.597951
1.500000	0.870000	1.618096
1.500000	0.880000	1.638206
1.500000	0.890000	1.658276
1.500000	0.900000	1.678301
1.500000	0.910000	1.698276
1.500000	0.920000	1.718197
1.500000	0.930000	1.738058
1.500000	0.940000	1.757855
1.500000	0.950000	1.777582
1.500000	0.960000	1.797235
1.500000	0.970000	1.816808
1.500000	0.980000	1.836297
1.500000	0.990000	1.855696
1.510000	0.500000	0.887893
1.510000	0.510000	0.907138
1.510000	0.520000	0.926458
1.510000	0.530000	0.945852
1.510000	0.540000	0.965319
1.510000	0.550000	0.984858
1.510000	0.560000	1.004466
1.510000	0.570000	1.024143
1.510000	0.580000	1.043887
1.510000	0.590000	1.063696
1.510000	0.600000	1.083568
1.510000	0.610000	1.103501
1.510000	0.620000	1.123493
1.510000	0.630000	1.143541
1.510000	0.640000	1.163644
1.510000	0.650000	1.183799
1.510000	0.660000	1.204003
1.510000	0.670000	1.224254
1.510000	0.680000	1.244548
1.510000	0.690000	1.264884
1.510000	0.700000	1.285257
1.510000	0.710000	1.305666
1.510000	0.720000	1.326106
1.510000	0.730000	1.346574
1.510000	0.740000	1.367067
1.510000	0.750000	1.387581
1.510000	0.760000	1.408113
1.510000	0.770000	1.428659
1.510000	0.780000	1.449215
1.510000	0.790000	1.469777
1.510000	0.800000	1.490341
1.510000	0.810000	1.510903
1.510000	0.820000	1.531458
1.510000	0.830000	1.552003
1.510000	0.840000	1.572533
1.510000	0.850000	1.593043
1.510000	0.860000	1.613528
1.510000	0.870000	1.633985
1.510000	0.880000	1.654408
1.510000	0.890000	1.674793
1.510000	0.900000	1.695134
1.510000	0.910000	1.715427
1.510000	0.920000	1.735667
1.510000	0.930000	1.755848
1.510000	0.940000	1.775966
1.510000	0.950000	1.796015
1.510000	0.960000	1.815991
1.510000	0.970000	1.835887
1.510000	0.980000	1.855699
1.510000	0.990000	1.875422
1.520000	0.500000	0.894028
1.520000	0.510000	0.913475
1.520000	0.520000	0.933001
1.520000	0.530000	0.952605
1.520000	0.540000	0.972286
1.520000	0.550000	0.992041
1.520000	0.560000	1.011871
1.520000	0.570000	1.031773
1.520000	0.580000	1.051745
1.520000	0.590000	1.071786
1.520000	0.600000	1.091893
1.520000	0.610000	1.112065
1.520000	0.620000	1.132300
1.520000	0.630000	1.152595
1.520000	0.640000	1.172948
1.520000	0.650000	1.193356
1.520000	0.660000	1.213818
1.520000	0.670000	1.234329
1.520000	0.680000	1.254888
1.520000	0.690000	1.275491
1.520000	0.700000	1.296135
1.520000	0.710000	1.316817
1.520000	0.720000	1.337534
1.520000	0.730000	1.358283
1.520000	0.740000	1.379059
1.520000	0.750000	1.399860
1.520000	0.760000	1.420682
1.520000	0.770000	1.441520
1.520000	0.780000	1.462371
1.520000	0.790000	1.483231
1.520000	0.800000	1.504095
1.520000	0.810000	1.524960
1.520000	0.820000	1.545821
1.520000	0.830000	1.566674
1.520000	0.840000	1.587513
1.520000	0.850000	1.608336
1.520000	0.860000	1.629136
1.520000	0.870000	1.649909
1.520000	0.880000	1.670650
1.520000	0.890000	1.691354
1.520000	0.900000	1.712017
1.520000	0.910000	1.732632
1.520000	0.920000	1.753196
1.520000	0.930000	1.773702
1.520000	0.940000	1.794146
1.520000	0.950000	1.814522
1.520000	0.960000	1.834825
1.520000	0.970000	1.855050
1.520000	0.980000	1.875191
1.520000	0.990000	1.895243
1.530000	0.500000	0.900087
1.530000	0.510000	0.919737
1.530000	0.520000	0.939470
1.530000	0.530000	0.959285
1.530000	0.540000	0.979180
1.530000	0.550000	0.999154
1.530000	0.560000	1.019206
1.530000	0.570000	1.039334
1.530000	0.580000	1.059537
1.530000	0.590000	1.079811
1.530000	0.600000	1.100156
1.530000	0.610000	1.120570
1.530000	0.620000	1.141050
1.530000	0.630000	1.161594
1.530000	0.640000	1.182199
1.530000	0.650000	1.202864
1.530000	0.660000	1.223585
1.530000	0.670000	1.244360
1.530000	0.680000	1.265185
1.530000	0.690000	1.286058
1.530000	0.700000	1.306976
1.530000	0.710000	1.327936
1.530000	0.720000	1.348934
1.530000	0.730000	1.369966
1.530000	0.740000	1.391029
1.530000	0.750000	1.412120
1.530000	0.760000	1.433235
1.530000	0.770000	1.454369
1.530000	0.780000	1.475520
1.530000	0.790000	1.496681
1.530000	0.800000	1.517851
1.530000	0.810000	1.539023
1.530000	0.820000	1.560194
1.530000	0.830000	1.581359
1.530000	0.840000	1.602513
1.530000	0.850000	1.623652
1.530000	0.860000	1.644771
1.530000	0.870000	1.665865
1.530000	0.880000	1.686929
1.530000	0.890000	1.707958
1.530000	0.900000	1.728947
1.530000	0.910000	1.749890
1.530000	0.920000	1.770783
1.530000	0.930000	1.791619
1.530000	0.940000	1.812394
1.530000	0.950000	1.833103
1.530000	0.960000	1.853739
1.530000	0.970000	1.874297
1.530000	0.980000	1.894772
1.530000	0.990000	1.915158
1.540000	0.500000	0.906064
1.540000	0.510000	0.925918
1.540000	0.520000	0.945860
1.540000	0.530000	0.965887
1.540000	0.540000	0.985998
1.540000	0.550000	1.006193
1.540000	0.560000	1.026469
1.540000	0.570000	1.046824
1.540000	0.580000	1.067259
1.540000	0.590000	1.087769
1.540000	0.600000	1.108354
1.540000	0.610000	1.129011
1.540000	0.620000	1.149738
1.540000	0.630000	1.170534
1.540000	0.640000	1.191394
1.540000	0.650000	1.212317
1.540000	0.660000	1.233301
1.540000	0.670000	1.254342
1.540000	0.680000	1.275437
1.540000	0.690000	1.296584
1.540000	0.700000	1.317779
1.540000	0.710000	1.339019
1.540000	0.720000	1.360300
1.540000	0.730000	1.381620
1.540000	0.740000	1.402974
1.540000	0.750000	1.424359
1.540000	0.760000	1.445771
1.540000	0.770000	1.467205
1.540000	0.780000	1.488659
1.540000	0.790000	1.510126
1.540000	0.800000	1.531605
1.540000	0.810000	1.553089
1.540000	0.820000	1.574574
1.540000	0.830000	1.596056
1.540000	0.840000	1.617529
1.540000	0.850000	1.638990
1.540000	0.860000	1.660433
1.540000	0.870000	1.681853
1.540000	0.880000	1.703245
1.540000	0.890000	1.724603
1.540000	0.900000	1.745923
1.540000	0.910000	1.767199
1.540000	0.920000	1.788426
1.540000	0.930000	1.809598
1.540000	0.940000	1.830710
1.540000	0.950000	1.851756
1.540000	0.960000	1.872731
1.540000	0.970000	1.893628
1.540000	0.980000	1.914442
1.540000	0.990000	1.935168
1.550000	0.500000	0.911956
1.550000	0.510000	0.932016
1.550000	0.520000	0.952166
1.550000	0.530000	0.972407
1.550000	0.540000	0.992736
1.550000	0.550000	1.013152
1.550000	0.560000	1.033654
1.550000	0.570000	1.054239
1.550000	0.580000	1.074907
1.550000	0.590000	1.095655
1.550000	0.600000	1.116482
1.550000	0.610000	1.137385
1.550000	0.620000	1.158362
1.550000	0.630000	1.179410
1.550000	0.640000	1.200528
1.550000	0.650000	1.221713
1.550000	0.660000	1.242962
1.550000	0.670000	1.264272
1.550000	0.680000	1.285640
1.550000	0.690000	1.307063
1.550000	0.700000	1.328538
1.550000	0.710000	1.350062
1.550000	0.720000	1.371631
1.550000	0.730000	1.393242
1.550000	0.740000	1.414890
1.550000	0.750000	1.436573
1.550000	0.760000	1.458285
1.550000	0.770000	1.480024
1.550000	0.780000	1.501785
1.550000	0.790000	1.523563
1.550000	0.800000	1.545354
1.550000	0.810000	1.567155
1.550000	0.820000	1.588959
1.550000	0.830000	1.610762
1.550000	0.840000	1.632560
1.550000	0.850000	1.654347
1.550000	0.860000	1.676119
1.550000	0.870000	1.697869
1.550000	0.880000	1.719594
1.550000	0.890000	1.741288
1.550000	0.900000	1.762944
1.550000	0.910000	1.784559
1.550000	0.920000	1.806125
1.550000	0.930000	1.827638
1.550000	0.940000	1.849092
1.550000	0.950000	1.870481
1.550000	0.960000	1.891800
1.550000	0.970000	1.913042
1.550000	0.980000	1.934201
1.550000	0.990000	1.955273
1.560000	0.500000	0.917758
1.560000	0.510000	0.938025
1.560000	0.520000	0.958386
1.560000	0.530000	0.978841
1.560000	0.540000	0.999389
1.560000	0.550000	1.020028
1.560000	0.560000	1.040757
1.560000	0.570000	1.061574
1.560000	0.580000	1.082478
1.560000	0.590000	1.103465
1.560000	0.600000	1.124536
1.560000	0.610000	1.145687
1.560000	0.620000	1.166916
1.560000	0.630000	1.188220
1.560000	0.640000	1.209598
1.560000	0.650000	1.231047
1.560000	0.660000	1.252564
1.560000	0.670000	1.274146
1.560000	0.680000	1.295790
1.560000	0.690000	1.317493
1.560000	0.700000	1.339251
1.560000	0.710000	1.361062
1.560000	0.720000	1.382922
1.560000	0.730000	1.404827
1.560000	0.740000	1.426774
1.560000	0.750000	1.448758
1.560000	0.760000	1.470776
1.560000	0.770000	1.492823
1.560000	0.780000	1.514895
1.560000	0.790000	1.536988
1.560000	0.800000	1.559097
1.560000	0.810000	1.581218
1.560000	0.820000	1.603346
1.560000	0.830000	1.625475
1.560000	0.840000	1.647602
1.560000	0.850000	1.669721
1.560000	0.860000	1.691826
1.560000	0.870000	1.713913
1.560000	0.880000	1.735976
1.560000	0.890000	1.758010
1.560000	0.900000	1.780009
1.560000	0.910000	1.801967
1.560000	0.920000	1.823879
1.560000	0.930000	1.845738
1.560000	0.940000	1.867540
1.560000	0.950000	1.889278
1.560000	0.960000	1.910946
1.560000	0.970000	1.932538
1.560000	0.980000	1.954049
1.560000	0.990000	1.975471
1.570000	0.500000	0.923468
1.570000	0.510000	0.943941
1.570000	0.520000	0.964515
1.570000	0.530000	0.985186
1.570000	0.540000	1.005954
1.570000	0.550000	1.026818
1.570000	0.560000	1.047775
1.570000	0.570000	1.068825
1.570000	0.580000	1.089966
1.570000	0.590000	1.111196
1.570000	0.600000	1.132512
1.570000	0.610000	1.153913
1.570000	0.620000	1.175396
1.570000	0.630000	1.196960
1.570000	0.640000	1.218600
1.570000	0.650000	1.240316
1.570000	0.660000	1.262103
1.570000	0.670000	1.283960
1.570000	0.680000	1.305883
1.570000	0.690000	1.327869
1.570000	0.700000	1.349914
1.570000	0.710000	1.372016
1.570000	0.720000	1.394170
1.570000	0.730000	1.416374
1.570000	0.740000	1.438622
1.570000	0.750000	1.460912
1.570000	0.760000	1.483238
1.570000	0.770000	1.505598
1.570000	0.780000	1.527986
1.570000	0.790000	1.550398
1.570000	0.800000	1.572830
1.570000	0.810000	1.595276
1.570000	0.820000	1.617732
1.570000	0.830000	1.640193
1.570000	0.840000	1.662654
1.570000	0.850000	1.685109
1.570000	0.860000	1.707554
1.570000	0.870000	1.729982
1.570000	0.880000	1.752389
1.570000	0.890000	1.774768
1.570000	0.900000	1.797114
1.570000	0.910000	1.819422
1.570000	0.920000	1.841684
1.570000	0.930000	1.863897
1.570000	0.940000	1.886052
1.570000	0.950000	1.908144
1.570000	0.960000	1.930168
1.570000	0.970000	1.952117
1.570000	0.980000	1.973984
1.570000	0.990000	1.995764
1.580000	0.500000	0.929079
1.580000	0.510000	0.949761
1.580000	0.520000	0.970547
1.580000	0.530000	0.991436
1.580000	0.540000	1.012426
1.580000	0.550000	1.033515
1.580000	0.560000	1.054704
1.580000	0.570000	1.075989
1.580000	0.580000	1.097369
1.580000	0.590000	1.118842
1.580000	0.600000	1.140406
1.580000	0.610000	1.162059
1.580000	0.620000	1.183799
1.580000	0.630000	1.205624
1.580000	0.640000	1.227530
1.580000	0.650000	1.249515
1.580000	0.660000	1.271576
1.580000	0.670000	1.293711
1.580000	0.680000	1.315916
1.580000	0.690000	1.338187
1.580000	0.700000	1.360523
1.580000	0.710000	1.382919
1.580000	0.720000	1.405371
1.580000	0.730000	1.427877
1.580000	0.740000	1.450431
1.580000	0.750000	1.473030
1.580000	0.760000	1.495670
1.580000	0.770000	1.518347
1.580000	0.780000	1.541055
1.580000	0.790000	1.563791
1.580000	0.800000	1.586549
1.580000	0.810000	1.609326
1.580000	0.820000	1.632115
1.580000	0.830000	1.654912
1.580000	0.840000	1.677712
1.580000	0.850000	1.700509
1.580000	0.860000	1.723298
1.580000	0.870000	1.746074
1.580000	0.880000	1.768829
1.580000	0.890000	1.791560
1.580000	0.900000	1.814260
1.580000	0.910000	1.836922
1.580000	0.920000	1.859542
1.580000	0.930000	1.882112
1.580000	0.940000	1.904627
1.580000	0.950000	1.927080
1.580000	0.960000	1.949466
1.580000	0.970000	1.971777
1.580000	0.980000	1.994007
1.580000	0.990000	2.016150
1.590000	0.500000	0.934589
1.590000	0.510000	0.955480
1.590000	0.520000	0.976480
1.590000	0.530000	0.997587
1.590000	0.540000	1.018800
1.590000	0.550000	1.040117
1.590000	0.560000	1.061538
1.590000	0.570000	1.083059
1.590000	0.580000	1.104680
1.590000	0.590000	1.126399
1.590000	0.600000	1.148214
1.590000	0.610000	1.170122
1.590000	0.620000	1.192121
1.590000	0.630000	1.214208
1.590000	0.640000	1.236382
1.590000	0.650000	1.258639
1.590000	0.660000	1.280977
1.590000	0.670000	1.303393
1.590000	0.680000	1.325883
1.590000	0.690000	1.348445
1.590000	0.700000	1.371074
1.590000	0.710000	1.393767
1.590000	0.720000	1.416522
1.590000	0.730000	1.439333
1.590000	0.740000	1.462197
1.590000	0.750000	1.485110
1.590000	0.760000	1.508067
1.590000	0.770000	1.531065
1.590000	0.780000	1.554098
1.590000	0.790000	1.577162
1.590000	0.800000	1.600252
1.590000	0.810000	1.623364
1.590000	0.820000	1.646492
1.590000	0.830000	1.669630
1.590000	0.840000	1.692775
1.590000	0.850000	1.715919
1.590000	0.860000	1.739058
1.590000	0.870000	1.762186
1.590000	0.880000	1.785296
1.590000	0.890000	1.808384
1.590000	0.900000	1.831443
1.590000	0.910000	1.854466
1.590000	0.920000	1.877449
1.590000	0.930000	1.900384
1.590000	0.940000	1.923264
1.590000	0.950000	1.946085
1.590000	0.960000	1.968838
1.590000	0.970000	1.991518
1.590000	0.980000	2.014117
1.590000	0.990000	2.036630
1.600000	0.500000	0.939991
1.600000	0.510000	0.961093
1.600000	0.520000	0.982308
1.600000	0.530000	1.003635
1.600000	0.540000	1.025072
1.600000	0.550000	1.046619
1.600000	0.560000	1.068273
1.600000	0.570000	1.090033
1.600000	0.580000	1.111897
1.600000	0.590000	1.133863
1.600000	0.600000	1.155930
1.600000	0.610000	1.178095
1.600000	0.620000	1.200355
1.600000	0.630000	1.222709
1.600000	0.640000	1.245154
1.600000	0.650000	1.267686
1.600000	0.660000	1.290303
1.600000	0.670000	1.313003
1.600000	0.680000	1.335782
1.600000	0.690000	1.358636
1.600000	0.700000	1.381562
1.600000	0.710000	1.404557
1.600000	0.720000	1.427617
1.600000	0.730000	1.450738
1.600000	0.740000	1.473916
1.600000	0.750000	1.497146
1.600000	0.760000	1.520426
1.600000	0.770000	1.543749
1.600000	0.780000	1.567111
1.600000	0.790000	1.590509
1.600000	0.800000	1.613936
1.600000	0.810000	1.637387
1.600000	0.820000	1.660859
1.600000	0.830000	1.684344
1.600000	0.840000	1.707838
1.600000	0.850000	1.731335
1.600000	0.860000	1.754830
1.600000	0.870000	1.778315
1.600000	0.880000	1.801787
1.600000	0.890000	1.825238
1.600000	0.900000	1.848662
1.600000	0.910000	1.872053
1.600000	0.920000	1.895404
1.600000	0.930000	1.918710
1.600000	0.940000	1.941962
1.600000	0.950000	1.965156
1.600000	0.960000	1.988284
1.600000	0.970000	2.011339
1.600000	0.980000	2.034315
1.600000	0.990000	2.057204
1.610000	0.500000	0.945283
1.610000	0.510000	0.966596
1.610000	0.520000	0.988027
1.610000	0.530000	1.009575
1.610000	0.540000	1.031238
1.610000	0.550000	1.053015
1.610000	0.560000	1.074904
1.610000	0.570000	1.096904
1.610000	0.580000	1.119014
1.610000	0.590000	1.141230
1.610000	0.600000	1.163551
1.610000	0.610000	1.185975
1.610000	0.620000	1.208499
1.610000	0.630000	1.231121
1.610000	0.640000	1.253839
1.610000	0.650000	1.276649
1.610000	0.660000	1.299549
1.610000	0.670000	1.322536
1.610000	0.680000	1.345606
1.610000	0.690000	1.368757
1.610000	0.700000	1.391984
1.610000	0.710000	1.415284
1.610000	0.720000	1.438653
1.610000	0.730000	1.462088
1.610000	0.740000	1.485584
1.610000	0.750000	1.509136
1.610000	0.760000	1.532742
1.610000	0.770000	1.556395
1.610000	0.780000	1.580092
1.610000	0.790000	1.603827
1.610000	0.800000	1.627596
1.610000	0.810000	1.651393
1.610000	0.820000	1.675213
1.610000	0.830000	1.699050
1.610000	0.840000	1.722899
1.610000	0.850000	1.746755
1.610000	0.860000	1.770611
1.610000	0.870000	1.794461
1.610000	0.880000	1.818299
1.610000	0.890000	1.842119
1.610000	0.900000	1.865915
1.610000	0.910000	1.889679
1.610000	0.920000	1.913406
1.610000	0.930000	1.937089
1.610000	0.940000	1.960720
1.610000	0.950000	1.984294
1.610000	0.960000	2.007803
1.610000	0.970000	2.031240
1.610000	0.980000	2.054598
1.610000	0.990000	2.077871
1.620000	0.500000	0.950457
1.620000	0.510000	0.971983
1.620000	0.520000	0.993632
1.620000	0.530000	1.015402
1.620000	0.540000	1.037292
1.620000	0.550000	1.059301
1.620000	0.560000	1.081428
1.620000	0.570000	1.103670
1.620000	0.580000	1.126026
1.620000	0.590000	1.148493
1.620000	0.600000	1.171071
1.620000	0.610000	1.193756
1.620000	0.620000	1.216547
1.620000	0.630000	1.239441
1.620000	0.640000	1.262434
1.620000	0.650000	1.285525
1.620000	0.660000	1.308711
1.620000	0.670000	1.331988
1.620000	0.680000	1.355353
1.620000	0.690000	1.378803
1.620000	0.700000	1.402334
1.620000	0.710000	1.425943
1.620000	0.720000	1.449626
1.620000	0.730000	1.473378
1.620000	0.740000	1.497196
1.620000	0.750000	1.521075
1.620000	0.760000	1.545012
1.620000	0.770000	1.569000
1.620000	0.780000	1.593036
1.620000	0.790000	1.617114
1.620000	0.800000	1.641229
1.620000	0.810000	1.665376
1.620000	0.820000	1.689550
1.620000	0.830000	1.713746
1.620000	0.840000	1.737956
1.620000	0.850000	1.762176
1.620000	0.860000	1.786399
1.620000	0.870000	1.810619
1.620000	0.880000	1.834830
1.620000	0.890000	1.859026
1.620000	0.900000	1.883199
1.620000	0.910000	1.907344
1.620000	0.920000	1.931453
1.620000	0.930000	1.955519
1.620000	0.940000	1.979537
1.620000	0.950000	2.003497
1.620000	0.960000	2.027394
1.620000	0.970000	2.051220
1.620000	0.980000	2.074968
1.620000	0.990000	2.098630
1.630000	0.500000	0.955511
1.630000	0.510000	0.977250
1.630000	0.520000	0.999117
1.630000	0.530000	1.021111
1.630000	0.540000	1.043230
1.630000	0.550000	1.065472
1.630000	0.560000	1.087837
1.630000	0.570000	1.110323
1.630000	0.580000	1.132928
1.630000	0.590000	1.155649
1.630000	0.600000	1.178486
1.630000	0.610000	1.201435
1.630000	0.620000	1.224494
1.630000	0.630000	1.247662
1.630000	0.640000	1.270934
1.630000	0.650000	1.294309
1.630000	0.660000	1.317783
1.630000	0.670000	1.341353
1.630000	0.680000	1.365017
1.630000	0.690000	1.388770
1.630000	0.700000	1.412609
1.630000	0.710000	1.436531
1.630000	0.720000	1.460531
1.630000	0.730000	1.484605
1.630000	0.740000	1.508749
1.630000	0.750000	1.532959
1.630000	0.760000	1.557231
1.630000	0.770000	1.581559
1.630000	0.780000	1.605938
1.630000	0.790000	1.630364
1.630000	0.800000	1.654832
1.630000	0.810000	1.679335
1.630000	0.820000	1.703869
1.630000	0.830000	1.728427
1.630000	0.840000	1.753004
1.630000	0.850000	1.777594
1.630000	0.860000	1.802191
1.630000	0.870000	1.826787
1.630000	0.880000	1.851378
1.630000	0.890000	1.875955
1.630000	0.900000	1.900513
1.630000	0.910000	1.925045
1.630000	0.920000	1.949543
1.630000	0.930000	1.974000
1.630000	0.940000	1.998410
1.630000	0.950000	2.022764
1.630000	0.960000	2.047056
1.630000	0.970000	2.071278
1.630000	0.980000	2.095423
1.630000	0.990000	2.119483
1.640000	0.500000	0.960438
1.640000	0.510000	0.982392
1.640000	0.520000	1.004479
1.640000	0.530000	1.026697
1.640000	0.540000	1.049046
1.640000	0.550000	1.071523
1.640000	0.560000	1.094129
1.640000	0.570000	1.116860
1.640000	0.580000	1.139715
1.640000	0.590000	1.162693
1.640000	0.600000	1.185790
1.640000	0.610000	1.209005
1.640000	0.620000	1.232336
1.640000	0.630000	1.255780
1.640000	0.640000	1.279334
1.640000	0.650000	1.302995
1.640000	0.660000	1.326761
1.640000	0.670000	1.350628
1.640000	0.680000	1.374593
1.640000	0.690000	1.398653
1.640000	0.700000	1.422804
1.640000	0.710000	1.447041
1.640000	0.720000	1.471363
1.640000	0.730000	1.495763
1.640000	0.740000	1.520238
1.640000	0.750000	1.544784
1.640000	0.760000	1.569395
1.640000	0.770000	1.594067
1.640000	0.780000	1.618796
1.640000	0.790000	1.643575
1.640000	0.800000	1.668399
1.640000	0.810000	1.693264
1.640000	0.820000	1.718163
1.640000	0.830000	1.743091
1.640000	0.840000	1.768041
1.640000	0.850000	1.793007
1.640000	0.860000	1.817983
1.640000	0.870000	1.842963
1.640000	0.880000	1.867939
1.640000	0.890000	1.892905
1.640000	0.900000	1.917855
1.640000	0.910000	1.942780
1.640000	0.920000	1.967674
1.640000	0.930000	1.992529
1.640000	0.940000	2.017338
1.640000	0.950000	2.042094
1.640000	0.960000	2.066788
1.640000	0.970000	2.091414
1.640000	0.980000	2.115963
1.640000	0.990000	2.140428
1.650000	0.500000	0.965234
1.650000	0.510000	0.987403
1.650000	0.520000	1.009710
1.650000	0.530000	1.032155
1.650000	0.540000	1.054735
1.650000	0.550000	1.077449
1.650000	0.560000	1.100297
1.650000	0.570000	1.123275
1.650000	0.580000	1.146383
1.650000	0.590000	1.169618
1.650000	0.600000	1.192979
1.650000	0.610000	1.216463
1.650000	0.620000	1.240067
1.650000	0.630000	1.263790
1.650000	0.640000	1.287628
1.650000	0.650000	1.311579
1.650000	0.660000	1.335639
1.650000	0.670000	1.359806
1.650000	0.680000	1.384077
1.650000	0.690000	1.408447
1.650000	0.700000	1.432913
1.650000	0.710000	1.457471
1.650000	0.720000	1.482117
1.650000	0.730000	1.506848
1.650000	0.740000	1.531658
1.650000	0.750000	1.556544
1.650000	0.760000	1.581500
1.650000	0.770000	1.606521
1.650000	0.780000	1.631604
1.650000	0.790000	1.656741
1.650000	0.800000	1.681929
1.650000	0.810000	1.707160
1.650000	0.820000	1.732430
1.650000	0.830000	1.757733
1.650000	0.840000	1.783062
1.650000	0.850000	1.808411
1.650000	0.860000	1.833773
1.650000	0.870000	1.859142
1.650000	0.880000	1.884511
1.650000	0.890000	1.909873
1.650000	0.900000	1.935221
1.650000	0.910000	1.960547
1.650000	0.920000	1.985844
1.650000	0.930000	2.011105
1.650000	0.940000	2.036321
1.650000	0.950000	2.061486
1.650000	0.960000	2.086590
1.650000	0.970000	2.111627
1.650000	0.980000	2.136588
1.650000	0.990000	2.161465
1.660000	0.500000	0.969893
1.660000	0.510000	0.992278
1.660000	0.520000	1.014807
1.660000	0.530000	1.037479
1.660000	0.540000	1.060292
1.660000	0.550000	1.083244
1.660000	0.560000	1.106335
1.660000	0.570000	1.129563
1.660000	0.580000	1.152925
1.660000	0.590000	1.176420
1.660000	0.600000	1.200046
1.660000	0.610000	1.223801
1.660000	0.620000	1.247682
1.660000	0.630000	1.271686
1.660000	0.640000	1.295811
1.660000	0.650000	1.320055
1.660000	0.660000	1.344413
1.660000	0.670000	1.368883
1.660000	0.680000	1.393462
1.660000	0.690000	1.418146
1.660000	0.700000	1.442931
1.660000	0.710000	1.467814
1.660000	0.720000	1.492790
1.660000	0.730000	1.517855
1.660000	0.740000	1.543005
1.660000	0.750000	1.568235
1.660000	0.760000	1.593540
1.660000	0.770000	1.618916
1.660000	0.780000	1.644358
1.660000	0.790000	1.669859
1.660000	0.800000	1.695415
1.660000	0.810000	1.721019
1.660000	0.820000	1.746666
1.660000	0.830000	1.772350
1.660000	0.840000	1.798064
1.660000	0.850000	1.823802
1.660000	0.860000	1.849557
1.660000	0.870000	1.875323
1.660000	0.880000	1.901091
1.660000	0.890000	1.926856
1.660000	0.900000	1.952609
1.660000	0.910000	1.978344
1.660000	0.920000	2.004052
1.660000	0.930000	2.029725
1.660000	0.940000	2.055356
1.660000	0.950000	2.080937
1.660000	0.960000	2.106460
1.660000	0.970000	2.131915
1.660000	0.980000	2.157296
1.660000	0.990000	2.182594
1.670000	0.500000	0.974409
1.670000	0.510000	0.997012
1.670000	0.520000	1.019764
1.670000	0.530000	1.042664
1.670000	0.540000	1.065711
1.670000	0.550000	1.088903
1.670000	0.560000	1.112239
1.670000	0.570000	1.135718
1.670000	0.580000	1.159336
1.670000	0.590000	1.183094
1.670000	0.600000	1.206987
1.670000	0.610000	1.231015
1.670000	0.620000	1.255175
1.670000	0.630000	1.279463
1.670000	0.640000	1.303879
1.670000	0.650000	1.328418
1.670000	0.660000	1.353077
1.670000	0.670000	1.377854
1.670000	0.680000	1.402745
1.670000	0.690000	1.427746
1.670000	0.700000	1.452854
1.670000	0.710000	1.478065
1.670000	0.720000	1.503374
1.670000	0.730000	1.528778
1.670000	0.740000	1.554273
1.670000	0.750000	1.579852
1.670000	0.760000	1.605512
1.670000	0.770000	1.631248
1.670000	0.780000	1.657053
1.670000	0.790000	1.682924
1.670000	0.800000	1.708854
1.670000	0.810000	1.734837
1.670000	0.820000	1.760867
1.670000	0.830000	1.786938
1.670000	0.840000	1.813044
1.670000	0.850000	1.839178
1.670000	0.860000	1.865332
1.670000	0.870000	1.891501
1.670000	0.880000	1.917676
1.670000	0.890000	1.943851
1.670000	0.900000	1.970017
1.670000	0.910000	1.996167
1.670000	0.920000	2.022294
1.670000	0.930000	2.048388
1.670000	0.940000	2.074442
1.670000	0.950000	2.100448
1.670000	0.960000	2.126396
1.670000	0.970000	2.152279
1.670000	0.980000	2.178088
1.670000	0.990000	2.203815
1.680000	0.500000	0.978777
1.680000	0.510000	1.001599
1.680000	0.520000	1.024575
1.680000	0.530000	1.047705
1.680000	0.540000	1.070987
1.680000	0.550000	1.094420
1.680000	0.560000	1.118003
1.680000	0.570000	1.141734
1.680000	0.580000	1.165611
1.680000	0.590000	1.189633
1.680000	0.600000	1.213796
1.680000	0.610000	1.238100
1.680000	0.620000	1.262541
1.680000	0.630000	1.287116
1.680000	0.640000	1.311824
1.680000	0.650000	1.336662
1.680000	0.660000	1.361625
1.680000	0.670000	1.386712
1.680000	0.680000	1.411918
1.680000	0.690000	1.437241
1.680000	0.700000	1.462675
1.680000	0.710000	1.488219
1.680000	0.720000	1.513866
1.680000	0.730000	1.539614
1.680000	0.740000	1.565457
1.680000	0.750000	1.591390
1.680000	0.760000	1.617410
1.680000	0.770000	1.643510
1.680000	0.780000	1.669685
1.680000	0.790000	1.695931
1.680000	0.800000	1.722240
1.680000	0.810000	1.748608
1.680000	0.820000	1.775028
1.680000	0.830000	1.801493
1.680000	0.840000	1.827997
1.680000	0.850000	1.854533
1.680000	0.860000	1.881094
1.680000	0.870000	1.907673
1.680000	0.880000	1.934262
1.680000	0.890000	1.960855
1.680000	0.900000	1.987442
1.680000	0.910000	2.014016
1.680000	0.920000	2.040569
1.680000	0.930000	2.067092
1.680000	0.940000	2.093577
1.680000	0.950000	2.120015
1.680000	0.960000	2.146398
1.680000	0.970000	2.172717
1.680000	0.980000	2.198963
1.680000	0.990000	2.225127
1.690000	0.500000	0.982992
1.690000	0.510000	1.006033
1.690000	0.520000	1.029234
1.690000	0.530000	1.052595
1.690000	0.540000	1.076114
1.690000	0.550000	1.099790
1.690000	0.560000	1.123621
1.690000	0.570000	1.147607
1.690000	0.580000	1.171744
1.690000	0.590000	1.196032
1.690000	0.600000	1.220467
1.690000	0.610000	1.245049
1.690000	0.620000	1.269773
1.690000	0.630000	1.294639
1.690000	0.640000	1.319642
1.690000	0.650000	1.344781
1.690000	0.660000	1.370052
1.690000	0.670000	1.395452
1.690000	0.680000	1.420978
1.690000	0.690000	1.446625
1.690000	0.700000	1.472390
1.690000	0.710000	1.498270
1.690000	0.720000	1.524260
1.690000	0.730000	1.550355
1.690000	0.740000	1.576551
1.690000	0.750000	1.602844
1.690000	0.760000	1.629228
1.690000	0.770000	1.655698
1.690000	0.780000	1.682249
1.690000	0.790000	1.708875
1.690000	0.800000	1.735570
1.690000	0.810000	1.762328
1.690000	0.820000	1.789144
1.690000	0.830000	1.816009
1.690000	0.840000	1.842918
1.690000	0.850000	1.869864
1.690000	0.860000	1.896839
1.690000	0.870000	1.923836
1.690000	0.880000	1.950847
1.690000	0.890000	1.977864
1.690000	0.900000	2.004880
1.690000	0.910000	2.031886
1.690000	0.920000	2.058873
1.690000	0.930000	2.085834
1.690000	0.940000	2.112759
1.690000	0.950000	2.139639
1.690000	0.960000	2.166465
1.690000	0.970000	2.193229
1.690000	0.980000	2.219920
1.690000	0.990000	2.246530
1.700000	0.500000	0.987047
1.700000	0.510000	1.010308
1.700000	0.520000	1.033735
1.700000	0.530000	1.057328
1.700000	0.540000	1.081085
1.700000	0.550000	1.105006
1.700000	0.560000	1.129087
1.700000	0.570000	1.153329
1.700000	0.580000	1.177729
1.700000	0.590000	1.202284
1.700000	0.600000	1.226994
1.700000	0.610000	1.251856
1.700000	0.620000	1.276867
1.700000	0.630000	1.302025
1.700000	0.640000	1.327327
1.700000	0.650000	1.352770
1.700000	0.660000	1.378352
1.700000	0.670000	1.404068
1.700000	0.680000	1.429917
1.700000	0.690000	1.455892
1.700000	0.700000	1.481993
1.700000	0.710000	1.508213
1.700000	0.720000	1.534549
1.700000	0.730000	1.560996
1.700000	0.740000	1.587551
1.700000	0.750000	1.614208
1.700000	0.760000	1.640961
1.700000	0.770000	1.667807
1.700000	0.780000	1.694739
1.700000	0.790000	1.721751
1.700000	0.800000	1.748838
1.700000	0.810000	1.775993
1.700000	0.820000	1.803211
1.700000	0.830000	1.830483
1.700000	0.840000	1.857804
1.700000	0.850000	1.885167
1.700000	0.860000	1.912563
1.700000	0.870000	1.939985
1.700000	0.880000	1.967425
1.700000	0.890000	1.994876
1.700000	0.900000	2.022329
1.700000	0.910000	2.049775
1.700000	0.920000	2.077206
1.700000	0.930000	2.104612
1.700000	0.940000	2.131985
1.700000	0.950000	2.159316
1.700000	0.960000	2.186595
1.700000	0.970000	2.213812
1.700000	0.980000	2.240959
1.700000	0.990000	2.268024
1.710000	0.500000	0.990937
1.710000	0.510000	1.014419
1.710000	0.520000	1.038073
1.710000	0.530000	1.061899
1.710000	0.540000	1.085896
1.710000	0.550000	1.110062
1.710000	0.560000	1.134395
1.710000	0.570000	1.158895
1.710000	0.580000	1.183559
1.710000	0.590000	1.208385
1.710000	0.600000	1.233371
1.710000	0.610000	1.258516
1.710000	0.620000	1.283816
1.710000	0.630000	1.309269
1.710000	0.640000	1.334872
1.710000	0.650000	1.360623
1.710000	0.660000	1.386518
1.710000	0.670000	1.412555
1.710000	0.680000	1.438729
1.710000	0.690000	1.465038
1.710000	0.700000	1.491476
1.710000	0.710000	1.518041
1.710000	0.720000	1.544728
1.710000	0.730000	1.571533
1.710000	0.740000	1.598450
1.710000	0.750000	1.625476
1.710000	0.760000	1.652604
1.710000	0.770000	1.679831
1.710000	0.780000	1.707149
1.710000	0.790000	1.734553
1.710000	0.800000	1.762038
1.710000	0.810000	1.789597
1.710000	0.820000	1.817223
1.710000	0.830000	1.844910
1.710000	0.840000	1.872650
1.710000	0.850000	1.900436
1.710000	0.860000	1.928261
1.710000	0.870000	1.956116
1.710000	0.880000	1.983994
1.710000	0.890000	2.011887
1.710000	0.900000	2.039785
1.710000	0.910000	2.067680
1.710000	0.920000	2.095563
1.710000	0.930000	2.123424
1.710000	0.940000	2.151255
1.710000	0.950000	2.179046
1.710000	0.960000	2.206786
1.710000	0.970000	2.234467
1.710000	0.980000	2.262078
1.710000	0.990000	2.289609
1.720000	0.500000	0.994654
1.720000	0.510000	1.018358
1.720000	0.520000	1.042241
1.720000	0.530000	1.066302
1.720000	0.540000	1.090539
1.720000	0.550000	1.114952
1.720000	0.560000	1.139539
1.720000	0.570000	1.164298
1.720000	0.580000	1.189228
1.720000	0.590000	1.214327
1.720000	0.600000	1.239592
1.720000	0.610000	1.265021
1.720000	0.620000	1.290613
1.720000	0.630000	1.316364
1.720000	0.640000	1.342271
1.720000	0.650000	1.368333
1.720000	0.660000	1.394545
1.720000	0.670000	1.420905
1.720000	0.680000	1.447409
1.720000	0.690000	1.474054
1.720000	0.700000	1.500835
1.720000	0.710000	1.527749
1.720000	0.720000	1.554791
1.720000	0.730000	1.581957
1.720000	0.740000	1.609242
1.720000	0.750000	1.636642
1.720000	0.760000	1.664151
1.720000	0.770000	1.691763
1.720000	0.780000	1.719474
1.720000	0.790000	1.747277
1.720000	0.800000	1.775166
1.720000	0.810000	1.803135
1.720000	0.820000	1.831176
1.720000	0.830000	1.859284
1.720000	0.840000	1.887450
1.720000	0.850000	1.915668
1.720000	0.860000	1.943929
1.720000	0.870000	1.972226
1.720000	0.880000	2.000550
1.720000	0.890000	2.028892
1.720000	0.900000	2.057245
1.720000	0.910000	2.085597
1.720000	0.920000	2.113942
1.720000	0.930000	2.142267
1.720000	0.940000	2.170565
1.720000	0.950000	2.198825
1.720000	0.960000	2.227038
1.720000	0.970000	2.255191
1.720000	0.980000	2.283277
1.720000	0.990000	2.311283
1.730000	0.500000	0.998194
1.730000	0.510000	1.022121
1.730000	0.520000	1.046233
1.730000	0.530000	1.070530
1.730000	0.540000	1.095009
1.730000	0.550000	1.119671
1.730000	0.560000	1.144513
1.730000	0.570000	1.169533
1.730000	0.580000	1.194731
1.730000	0.590000	1.220104
1.730000	0.600000	1.245650
1.730000	0.610000	1.271367
1.730000	0.620000	1.297252
1.730000	0.630000	1.323304
1.730000	0.640000	1.349519
1.730000	0.650000	1.375894
1.730000	0.660000	1.402426
1.730000	0.670000	1.429113
1.730000	0.680000	1.455951
1.730000	0.690000	1.482935
1.730000	0.700000	1.510063
1.730000	0.710000	1.537330
1.730000	0.720000	1.564731
1.730000	0.730000	1.592264
1.730000	0.740000	1.619922
1.730000	0.750000	1.647700
1.730000	0.760000	1.675595
1.730000	0.770000	1.703599
1.730000	0.780000	1.731708
1.730000	0.790000	1.759915
1.730000	0.800000	1.788215
1.730000	0.810000	1.816600
1.730000	0.820000	1.845064
1.730000	0.830000	1.873600
1.730000	0.840000	1.902200
1.730000	0.850000	1.930857
1.730000	0.860000	1.959563
1.730000	0.870000	1.988309
1.730000	0.880000	2.017088
1.730000	0.890000	2.045889
1.730000	0.900000	2.074704
1.730000	0.910000	2.103524
1.730000	0.920000	2.132339
1.730000	0.930000	2.161139
1.730000	0.940000	2.189914
1.730000	0.950000	2.218654
1.730000	0.960000	2.247347
1.730000	0.970000	2.275985
1.730000	0.980000	2.304555
1.730000	0.990000	2.333047
1.740000	0.500000	1.001549
1.740000	0.510000	1.025700
1.740000	0.520000	1.050042
1.740000	0.530000	1.074576
1.740000	0.540000	1.099299
1.740000	0.550000	1.124210
1.740000	0.560000	1.149309
1.740000	0.570000	1.174593
1.740000	0.580000	1.200060
1.740000	0.590000	1.225709
1.740000	0.600000	1.251539
1.740000	0.610000	1.277545
1.740000	0.620000	1.303727
1.740000	0.630000	1.330082
1.740000	0.640000	1.356607
1.740000	0.650000	1.383299
1.740000	0.660000	1.410155
1.740000	0.670000	1.437172
1.740000	0.680000	1.464346
1.740000	0.690000	1.491674
1.740000	0.700000	1.519153
1.740000	0.710000	1.546777
1.740000	0.720000	1.574543
1.740000	0.730000	1.602446
1.740000	0.740000	1.630481
1.740000	0.750000	1.658645
1.740000	0.760000	1.686930
1.740000	0.770000	1.715332
1.740000	0.780000	1.743845
1.740000	0.790000	1.772463
1.740000	0.800000	1.801179
1.740000	0.810000	1.829988
1.740000	0.820000	1.858881
1.740000	0.830000	1.887853
1.740000	0.840000	1.916894
1.740000	0.850000	1.945999
1.740000	0.860000	1.975157
1.740000	0.870000	2.004361
1.740000	0.880000	2.033603
1.740000	0.890000	2.062872
1.740000	0.900000	2.092160
1.740000	0.910000	2.121456
1.740000	0.920000	2.150752
1.740000	0.930000	2.180036
1.740000	0.940000	2.209298
1.740000	0.950000	2.238528
1.740000	0.960000	2.267714
1.740000	0.970000	2.296846
1.740000	0.980000	2.325911
1.740000	0.990000	2.354900
1.750000	0.500000	1.004713
1.750000	0.510000	1.029089
1.750000	0.520000	1.053662
1.750000	0.530000	1.078434
1.750000	0.540000	1.103402
1.750000	0.550000	1.128565
1.750000	0.560000	1.153921
1.750000	0.570000	1.179470
1.750000	0.580000	1.205209
1.750000	0.590000	1.231137
1.750000	0.600000	1.257251
1.750000	0.610000	1.283550
1.750000	0.620000	1.310031
1.750000	0.630000	1.336692
1.750000	0.640000	1.363529
1.750000	0.650000	1.390541
1.750000	0.660000	1.417724
1.750000	0.670000	1.445074
1.750000	0.680000	1.472589
1.750000	0.690000	1.500265
1.750000	0.700000	1.528098
1.750000	0.710000	1.556084
1.750000	0.720000	1.584218
1.750000	0.730000	1.612497
1.750000	0.740000	1.640915
1.750000	0.750000	1.669468
1.750000	0.760000	1.698149
1.750000	0.770000	1.726955
1.750000	0.780000	1.755878
1.750000	0.790000	1.784912
1.750000	0.800000	1.814053
1.750000	0.810000	1.843291
1.750000	0.820000	1.872621
1.750000	0.830000	1.902036
1.750000	0.840000	1.931527
1.750000	0.850000	1.961086
1.750000	0.860000	1.990706
1.750000	0.870000	2.020377
1.750000	0.880000	2.050090
1.750000	0.890000	2.079837
1.750000	0.900000	2.109607
1.750000	0.910000	2.139390
1.750000	0.920000	2.169176
1.750000	0.930000	2.198955
1.750000	0.940000	2.228715
1.750000	0.950000	2.258446
1.750000	0.960000	2.288135
1.750000	0.970000	2.317772
1.750000	0.980000	2.347345
1.750000	0.990000	2.376841
1.760000	0.500000	1.007680
1.760000	0.510000	1.032281
1.760000	0.520000	1.057087
1.760000	0.530000	1.082097
1.760000	0.540000	1.107311
1.760000	0.550000	1.132727
1.760000	0.560000	1.158343
1.760000	0.570000	1.184158
1.760000	0.580000	1.210171
1.760000	0.590000	1.236379
1.760000	0.600000	1.262781
1.760000	0.610000	1.289374
1.760000	0.620000	1.316157
1.760000	0.630000	1.343126
1.760000	0.640000	1.370279
1.760000	0.650000	1.397613
1.760000	0.660000	1.425126
1.760000	0.670000	1.452814
1.760000	0.680000	1.480673
1.760000	0.690000	1.508700
1.760000	0.700000	1.536892
1.760000	0.710000	1.565243
1.760000	0.720000	1.593751
1.760000	0.730000	1.622410
1.760000	0.740000	1.651215
1.760000	0.750000	1.680163
1.760000	0.760000	1.709246
1.760000	0.770000	1.738461
1.760000	0.780000	1.767800
1.760000	0.790000	1.797258
1.760000	0.800000	1.826828
1.760000	0.810000	1.856504
1.760000	0.820000	1.886278
1.760000	0.830000	1.916143
1.760000	0.840000	1.946092
1.760000	0.850000	1.976115
1.760000	0.860000	2.006204
1.760000	0.870000	2.036351
1.760000	0.880000	2.066546
1.760000	0.890000	2.096779
1.760000	0.900000	2.127041
1.760000	0.910000	2.157321
1.760000	0.920000	2.187609
1.760000	0.930000	2.217893
1.760000	0.940000	2.248162
1.760000	0.950000	2.278405
1.760000	0.960000	2.308609
1.760000	0.970000	2.338763
1.760000	0.980000	2.368855
1.760000	0.990000	2.398871
1.770000	0.500000	1.010441
1.770000	0.510000	1.035269
1.770000	0.520000	1.060308
1.770000	0.530000	1.085559
1.770000	0.540000	1.111020
1.770000	0.550000	1.136690
1.770000	0.560000	1.162567
1.770000	0.570000	1.188651
1.770000	0.580000	1.214939
1.770000	0.590000	1.241430
1.770000	0.600000	1.268121
1.770000	0.610000	1.295011
1.770000	0.620000	1.322097
1.770000	0.630000	1.349378
1.770000	0.640000	1.376849
1.770000	0.650000	1.404509
1.770000	0.660000	1.432355
1.770000	0.670000	1.460383
1.770000	0.680000	1.488590
1.770000	0.690000	1.516972
1.770000	0.700000	1.545526
1.770000	0.710000	1.574248
1.770000	0.720000	1.603133
1.770000	0.730000	1.632177
1.770000	0.740000	1.661375
1.770000	0.750000	1.690722
1.770000	0.760000	1.720213
1.770000	0.770000	1.749843
1.770000	0.780000	1.779604
1.770000	0.790000	1.809492
1.770000	0.800000	1.839499
1.770000	0.810000	1.869619
1.770000	0.820000	1.899845
1.770000	0.830000	1.930169
1.770000	0.840000	1.960582
1.770000	0.850000	1.991077
1.770000	0.860000	2.021645
1.770000	0.870000	2.052277
1.770000	0.880000	2.082963
1.770000	0.890000	2.113693
1.770000	0.900000	2.144458
1.770000	0.910000	2.175245
1.770000	0.920000	2.206045
1.770000	0.930000	2.236846
1.770000	0.940000	2.267636
1.770000	0.950000	2.298403
1.770000	0.960000	2.329134
1.770000	0.970000	2.359817
1.770000	0.980000	2.390440
1.770000	0.990000	2.420988
1.780000	0.500000	1.012992
1.780000	0.510000	1.038046
1.780000	0.520000	1.063320
1.780000	0.530000	1.088812
1.780000	0.540000	1.114521
1.780000	0.550000	1.140447
1.780000	0.560000	1.166587
1.780000	0.570000	1.192940
1.780000	0.580000	1.219505
1.780000	0.590000	1.246281
1.780000	0.600000	1.273264
1.780000	0.610000	1.300453
1.780000	0.620000	1.327845
1.780000	0.630000	1.355439
1.780000	0.640000	1.383232
1.780000	0.650000	1.411221
1.780000	0.660000	1.439402
1.780000	0.670000	1.467774
1.780000	0.680000	1.496332
1.780000	0.690000	1.525074
1.780000	0.700000	1.553994
1.780000	0.710000	1.583090
1.780000	0.720000	1.612357
1.780000	0.730000	1.641791
1.780000	0.740000	1.671387
1.780000	0.750000	1.701139
1.780000	0.760000	1.731043
1.780000	0.770000	1.761093
1.780000	0.780000	1.791283
1.780000	0.790000	1.821607
1.780000	0.800000	1.852059
1.780000	0.810000	1.882630
1.780000	0.820000	1.913315
1.780000	0.830000	1.944105
1.780000	0.840000	1.974992
1.780000	0.850000	2.005968
1.780000	0.860000	2.037023
1.780000	0.870000	2.068150
1.780000	0.880000	2.099337
1.780000	0.890000	2.130574
1.780000	0.900000	2.161852
1.780000	0.910000	2.193158
1.780000	0.920000	2.224482
1.780000	0.930000	2.255811
1.780000	0.940000	2.287133
1.780000	0.950000	2.318436
1.780000	0.960000	2.349707
1.780000	0.970000	2.380932
1.780000	0.980000	2.412099
1.780000	0.990000	2.443192
1.790000	0.500000	1.015323
1.790000	0.510000	1.040606
1.790000	0.520000	1.066115
1.790000	0.530000	1.091849
1.790000	0.540000	1.117808
1.790000	0.550000	1.143990
1.790000	0.560000	1.170395
1.790000	0.570000	1.197020
1.790000	0.580000	1.223864
1.790000	0.590000	1.250925
1.790000	0.600000	1.278202
1.790000	0.610000	1.305692
1.790000	0.620000	1.333393
1.790000	0.630000	1.361303
1.790000	0.640000	1.389420
1.790000	0.650000	1.417740
1.790000	0.660000	1.446261
1.790000	0.670000	1.474980
1.790000	0.680000	1.503893
1.790000	0.690000	1.532997
1.790000	0.700000	1.562288
1.790000	0.710000	1.591763
1.790000	0.720000	1.621416
1.790000	0.730000	1.651245
1.790000	0.740000	1.681243
1.790000	0.750000	1.711406
1.790000	0.760000	1.741728
1.790000	0.770000	1.772205
1.790000	0.780000	1.802830
1.790000	0.790000	1.833596
1.790000	0.800000	1.864498
1.790000	0.810000	1.895529
1.790000	0.820000	1.926680
1.790000	0.830000	1.957944
1.790000	0.840000	1.989313
1.790000	0.850000	2.020779
1.790000	0.860000	2.052332
1.790000	0.870000	2.083962
1.790000	0.880000	2.115660
1.790000	0.890000	2.147415
1.790000	0.900000	2.179217
1.790000	0.910000	2.211053
1.790000	0.920000	2.242912
1.790000	0.930000	2.274782
1.790000	0.940000	2.306650
1.790000	0.950000	2.338502
1.790000	0.960000	2.370325
1.790000	0.970000	2.402106
1.790000	0.980000	2.433830
1.790000	0.990000	2.465483
1.800000	0.500000	1.017429
1.800000	0.510000	1.042940
1.800000	0.520000	1.068685
1.800000	0.530000	1.094663
1.800000	0.540000	1.120873
1.800000	0.550000	1.147313
1.800000	0.560000	1.173983
1.800000	0.570000	1.200881
1.800000	0.580000	1.228006
1.800000	0.590000	1.255355
1.800000	0.600000	1.282928
1.800000	0.610000	1.310721
1.800000	0.620000	1.338734
1.800000	0.630000	1.366963
1.800000	0.640000	1.395406
1.800000	0.650000	1.424061
1.800000	0.660000	1.452924
1.800000	0.670000	1.481993
1.800000	0.680000	1.511264
1.800000	0.690000	1.540735
1.800000	0.700000	1.570400
1.800000	0.710000	1.600257
1.800000	0.720000	1.630302
1.800000	0.730000	1.660529
1.800000	0.740000	1.690935
1.800000	0.750000	1.721513
1.800000	0.760000	1.752260
1.800000	0.770000	1.783169
1.800000	0.780000	1.814235
1.800000	0.790000	1.845451
1.800000	0.800000	1.876811
1.800000	0.810000	1.908307
1.800000	0.820000	1.939932
1.800000	0.830000	1.971679
1.800000	0.840000	2.003539
1.800000	0.850000	2.035503
1.800000	0.860000	2.067563
1.800000	0.870000	2.099707
1.800000	0.880000	2.131927
1.800000	0.890000	2.164211
1.800000	0.900000	2.196548
1.800000	0.910000	2.228926
1.800000	0.920000	2.261333
1.800000	0.930000	2.293756
1.800000	0.940000	2.326182
1.800000	0.950000	2.358597
1.800000	0.960000	2.390987
1.800000	0.970000	2.423337
1.800000	0.980000	2.455633
1.800000	0.990000	2.487859
1.810000	0.500000	1.019302
1.810000	0.510000	1.045042
1.810000	0.520000	1.071024
1.810000	0.530000	1.097247
1.810000	0.540000	1.123708
1.810000	0.550000	1.150408
1.810000	0.560000	1.177345
1.810000	0.570000	1.204517
1.810000	0.580000	1.231924
1.810000	0.590000	1.259564
1.810000	0.600000	1.287434
1.810000	0.610000	1.315533
1.810000	0.620000	1.343859
1.810000	0.630000	1.372409
1.810000	0.640000	1.401181
1.810000	0.650000	1.430173
1.810000	0.660000	1.459382
1.810000	0.670000	1.488804
1.810000	0.680000	1.518438
1.810000	0.690000	1.548278
1.810000	0.700000	1.578322
1.810000	0.710000	1.608566
1.810000	0.720000	1.639005
1.810000	0.730000	1.669636
1.810000	0.740000	1.700454
1.810000	0.750000	1.731454
1.810000	0.760000	1.762630
1.810000	0.770000	1.793978
1.810000	0.780000	1.825491
1.810000	0.790000	1.857163
1.810000	0.800000	1.888987
1.810000	0.810000	1.920957
1.810000	0.820000	1.953064
1.810000	0.830000	1.985302
1.810000	0.840000	2.017661
1.810000	0.850000	2.050133
1.810000	0.860000	2.082709
1.810000	0.870000	2.115378
1.810000	0.880000	2.148130
1.810000	0.890000	2.180954
1.810000	0.900000	2.213838
1.810000	0.910000	2.246770
1.810000	0.920000	2.279738
1.810000	0.930000	2.312728
1.810000	0.940000	2.345726
1.810000	0.950000	2.378717
1.810000	0.960000	2.411688
1.810000	0.970000	2.444622
1.810000	0.980000	2.477505
1.810000	0.990000	2.510319
1.820000	0.500000	1.020934
1.820000	0.510000	1.046905
1.820000	0.520000	1.073124
1.820000	0.530000	1.099592
1.820000	0.540000	1.126306
1.820000	0.550000	1.153267
1.820000	0.560000	1.180472
1.820000	0.570000	1.207921
1.820000	0.580000	1.235611
1.820000	0.590000	1.263542
1.820000	0.600000	1.291712
1.820000	0.610000	1.320119
1.820000	0.620000	1.348760
1.820000	0.630000	1.377634
1.820000	0.640000	1.406738
1.820000	0.650000	1.436070
1.820000	0.660000	1.465627
1.820000	0.670000	1.495406
1.820000	0.680000	1.525405
1.820000	0.690000	1.555618
1.820000	0.700000	1.586045
1.820000	0.710000	1.616679
1.820000	0.720000	1.647518
1.820000	0.730000	1.678558
1.820000	0.740000	1.709793
1.820000	0.750000	1.741219
1.820000	0.760000	1.772830
1.820000	0.770000	1.804622
1.820000	0.780000	1.836588
1.820000	0.790000	1.868723
1.820000	0.800000	1.901019
1.820000	0.810000	1.933469
1.820000	0.820000	1.966067
1.820000	0.830000	1.998804
1.820000	0.840000	2.031671
1.820000	0.850000	2.064661
1.820000	0.860000	2.097762
1.820000	0.870000	2.130966
1.820000	0.880000	2.164261
1.820000	0.890000	2.197637
1.820000	0.900000	2.231080
1.820000	0.910000	2.264580
1.820000	0.920000	2.298121
1.820000	0.930000	2.331692
1.820000	0.940000	2.365276
1.820000	0.950000	2.398859
1.820000	0.960000	2.432426
1.820000	0.970000	2.465960
1.820000	0.980000	2.499445
1.820000	0.990000	2.532864
1.830000	0.500000	1.022318
1.830000	0.510000	1.048519
1.830000	0.520000	1.074977
1.830000	0.530000	1.101691
1.830000	0.540000	1.128660
1.830000	0.550000	1.155882
1.830000	0.560000	1.183357
1.830000	0.570000	1.211083
1.830000	0.580000	1.239059
1.830000	0.590000	1.267284
1.830000	0.600000	1.295755
1.830000	0.610000	1.324471
1.830000	0.620000	1.353430
1.830000	0.630000	1.382630
1.830000	0.640000	1.412069
1.830000	0.650000	1.441743
1.830000	0.660000	1.471651
1.830000	0.670000	1.501790
1.830000	0.680000	1.532157
1.830000	0.690000	1.562748
1.830000	0.700000	1.593560
1.830000	0.710000	1.624589
1.830000	0.720000	1.655832
1.830000	0.730000	1.687284
1.830000	0.740000	1.718941
1.830000	0.750000	1.750799
1.830000	0.760000	1.782851
1.830000	0.770000	1.815093
1.830000	0.780000	1.847518
1.830000	0.790000	1.880122
1.830000	0.800000	1.912896
1.830000	0.810000	1.945835
1.830000	0.820000	1.978931
1.830000	0.830000	2.012175
1.830000	0.840000	2.045560
1.830000	0.850000	2.079076
1.830000	0.860000	2.112714
1.830000	0.870000	2.146463
1.830000	0.880000	2.180313
1.830000	0.890000	2.214252
1.830000	0.900000	2.248268
1.830000	0.910000	2.282347
1.830000	0.920000	2.316476
1.830000	0.930000	2.350641
1.830000	0.940000	2.384827
1.830000	0.950000	2.419018
1.830000	0.960000	2.453196
1.830000	0.970000	2.487347
1.830000	0.980000	2.521451
1.830000	0.990000	2.555491
1.840000	0.500000	1.023445
1.840000	0.510000	1.049879
1.840000	0.520000	1.076576
1.840000	0.530000	1.103537
1.840000	0.540000	1.130761
1.840000	0.550000	1.158246
1.840000	0.560000	1.185992
1.840000	0.570000	1.213997
1.840000	0.580000	1.242260
1.840000	0.590000	1.270779
1.840000	0.600000	1.299554
1.840000	0.610000	1.328581
1.840000	0.620000	1.357860
1.840000	0.630000	1.387389
1.840000	0.640000	1.417164
1.840000	0.650000	1.447184
1.840000	0.660000	1.477446
1.840000	0.670000	1.507947
1.840000	0.680000	1.538685
1.840000	0.690000	1.569657
1.840000	0.700000	1.600859
1.840000	0.710000	1.632287
1.840000	0.720000	1.663937
1.840000	0.730000	1.695807
1.840000	0.740000	1.727891
1.840000	0.750000	1.760184
1.840000	0.760000	1.792682
1.840000	0.770000	1.825380
1.840000	0.780000	1.858271
1.840000	0.790000	1.891350
1.840000	0.800000	1.924611
1.840000	0.810000	1.958045
1.840000	0.820000	1.991647
1.840000	0.830000	2.025407
1.840000	0.840000	2.059318
1.840000	0.850000	2.093371
1.840000	0.860000	2.127555
1.840000	0.870000	2.161860
1.840000	0.880000	2.196276
1.840000	0.890000	2.230791
1.840000	0.900000	2.265391
1.840000	0.910000	2.300064
1.840000	0.920000	2.334796
1.840000	0.930000	2.369571
1.840000	0.940000	2.404374
1.840000	0.950000	2.439188
1.840000	0.960000	2.473996
1.840000	0.970000	2.508779
1.840000	0.980000	2.543521
1.840000	0.990000	2.578201
1.850000	0.500000	1.024309
1.850000	0.510000	1.050975
1.850000	0.520000	1.077912
1.850000	0.530000	1.105121
1.850000	0.540000	1.132601
1.850000	0.550000	1.160350
1.850000	0.560000	1.188368
1.850000	0.570000	1.216653
1.850000	0.580000	1.245205
1.850000	0.590000	1.274021
1.850000	0.600000	1.303100
1.850000	0.610000	1.332442
1.850000	0.620000	1.362042
1.850000	0.630000	1.391901
1.850000	0.640000	1.422015
1.850000	0.650000	1.452383
1.850000	0.660000	1.483002
1.850000	0.670000	1.513869
1.850000	0.680000	1.544982
1.850000	0.690000	1.576337
1.850000	0.700000	1.607932
1.850000	0.710000	1.639762
1.850000	0.720000	1.671825
1.850000	0.730000	1.704116
1.850000	0.740000	1.736631
1.850000	0.750000	1.769366
1.850000	0.760000	1.802315
1.850000	0.770000	1.835474
1.850000	0.780000	1.868837
1.850000	0.790000	1.902398
1.850000	0.800000	1.936151
1.850000	0.810000	1.970089
1.850000	0.820000	2.004204
1.850000	0.830000	2.038489
1.850000	0.840000	2.072935
1.850000	0.850000	2.107534
1.850000	0.860000	2.142275
1.850000	0.870000	2.177148
1.850000	0.880000	2.212141
1.850000	0.890000	2.247244
1.850000	0.900000	2.282443
1.850000	0.910000	2.317724
1.850000	0.920000	2.353072
1.850000	0.930000	2.388473
1.850000	0.940000	2.423909
1.850000	0.950000	2.459364
1.850000	0.960000	2.494819
1.850000	0.970000	2.530255
1.850000	0.980000	2.565652
1.850000	0.990000	2.600991
1.860000	0.500000	1.024901
1.860000	0.510000	1.051800
1.860000	0.520000	1.078978
1.860000	0.530000	1.106436
1.860000	0.540000	1.134172
1.860000	0.550000	1.162187
1.860000	0.560000	1.190478
1.860000	0.570000	1.219045
1.860000	0.580000	1.247886
1.860000	0.590000	1.277000
1.860000	0.600000	1.306387
1.860000	0.610000	1.336043
1.860000	0.620000	1.365967
1.860000	0.630000	1.396159
1.860000	0.640000	1.426614
1.860000	0.650000	1.457332
1.860000	0.660000	1.488310
1.860000	0.670000	1.519546
1.860000	0.680000	1.551036
1.860000	0.690000	1.582778
1.860000	0.700000	1.614769
1.860000	0.710000	1.647006
1.860000	0.720000	1.679485
1.860000	0.730000	1.712202
1.860000	0.740000	1.745153
1.860000	0.750000	1.778334
1.860000	0.760000	1.811739
1.860000	0.770000	1.845365
1.860000	0.780000	1.879206
1.860000	0.790000	1.913255
1.860000	0.800000	1.947508
1.860000	0.810000	1.981956
1.860000	0.820000	2.016592
1.860000	0.830000	2.051410
1.860000	0.840000	2.086401
1.860000	0.850000	2.121555
1.860000	0.860000	2.156863
1.860000	0.870000	2.192314
1.860000	0.880000	2.227898
1.860000	0.890000	2.263602
1.860000	0.900000	2.299412
1.860000	0.910000	2.335316
1.860000	0.920000	2.371297
1.860000	0.930000	2.407340
1.860000	0.940000	2.443427
1.860000	0.950000	2.479541
1.860000	0.960000	2.515661
1.860000	0.970000	2.551769
1.860000	0.980000	2.587842
1.860000	0.990000	2.623860
1.870000	0.500000	1.025214
1.870000	0.510000	1.052345
1.870000	0.520000	1.079765
1.870000	0.530000	1.107473
1.870000	0.540000	1.135467
1.870000	0.550000	1.163747
1.870000	0.560000	1.192313
1.870000	0.570000	1.221162
1.870000	0.580000	1.250295
1.870000	0.590000	1.279709
1.870000	0.600000	1.309403
1.870000	0.610000	1.339377
1.870000	0.620000	1.369627
1.870000	0.630000	1.400152
1.870000	0.640000	1.430952
1.870000	0.650000	1.462022
1.870000	0.660000	1.493362
1.870000	0.670000	1.524968
1.870000	0.680000	1.556839
1.870000	0.690000	1.588972
1.870000	0.700000	1.621363
1.870000	0.710000	1.654009
1.870000	0.720000	1.686907
1.870000	0.730000	1.720054
1.870000	0.740000	1.753445
1.870000	0.750000	1.787077
1.870000	0.760000	1.820944
1.870000	0.770000	1.855042
1.870000	0.780000	1.889366
1.870000	0.790000	1.923910
1.870000	0.800000	1.958668
1.870000	0.810000	1.993634
1.870000	0.820000	2.028800
1.870000	0.830000	2.064159
1.870000	0.840000	2.099703
1.870000	0.850000	2.135422
1.870000	0.860000	2.171308
1.870000	0.870000	2.207349
1.870000	0.880000	2.243535
1.870000	0.890000	2.279852
1.870000	0.900000	2.316289
1.870000	0.910000	2.352830
1.870000	0.920000	2.389460
1.870000	0.930000	2.426162
1.870000	0.940000	2.462919
1.870000	0.950000	2.499710
1.870000	0.960000	2.536517
1.870000	0.970000	2.573317
1.870000	0.980000	2.610088
1.870000	0.990000	2.646807
1.880000	0.500000	1.025238
1.880000	0.510000	1.052604
1.880000	0.520000	1.080266
1.880000	0.530000	1.108223
1.880000	0.540000	1.136476
1.880000	0.550000	1.165024
1.880000	0.560000	1.193865
1.880000	0.570000	1.222998
1.880000	0.580000	1.252423
1.880000	0.590000	1.282138
1.880000	0.600000	1.312142
1.880000	0.610000	1.342434
1.880000	0.620000	1.373012
1.880000	0.630000	1.403874
1.880000	0.640000	1.435018
1.880000	0.650000	1.466444
1.880000	0.660000	1.498148
1.880000	0.670000	1.530128
1.880000	0.680000	1.562382
1.880000	0.690000	1.594907
1.880000	0.700000	1.627701
1.880000	0.710000	1.660760
1.880000	0.720000	1.694082
1.880000	0.730000	1.727662
1.880000	0.740000	1.761498
1.880000	0.750000	1.795585
1.880000	0.760000	1.829918
1.880000	0.770000	1.864494
1.880000	0.780000	1.899307
1.880000	0.790000	1.934352
1.880000	0.800000	1.969622
1.880000	0.810000	2.005112
1.880000	0.820000	2.040815
1.880000	0.830000	2.076724
1.880000	0.840000	2.112830
1.880000	0.850000	2.149124
1.880000	0.860000	2.185598
1.880000	0.870000	2.222240
1.880000	0.880000	2.259040
1.880000	0.890000	2.295985
1.880000	0.900000	2.333062
1.880000	0.910000	2.370256
1.880000	0.920000	2.407551
1.880000	0.930000	2.444930
1.880000	0.940000	2.482375
1.880000	0.950000	2.519865
1.880000	0.960000	2.557379
1.880000	0.970000	2.594894
1.880000	0.980000	2.632386
1.880000	0.990000	2.669830
1.890000	0.500000	1.024967
1.890000	0.510000	1.052566
1.890000	0.520000	1.080471
1.890000	0.530000	1.108680
1.890000	0.540000	1.137192
1.890000	0.550000	1.166008
1.890000	0.560000	1.195125
1.890000	0.570000	1.224543
1.890000	0.580000	1.254262
1.890000	0.590000	1.284279
1.890000	0.600000	1.314594
1.890000	0.610000	1.345206
1.890000	0.620000	1.376113
1.890000	0.630000	1.407313
1.890000	0.640000	1.438805
1.890000	0.650000	1.470587
1.890000	0.660000	1.502658
1.890000	0.670000	1.535014
1.890000	0.680000	1.567654
1.890000	0.690000	1.600575
1.890000	0.700000	1.633774
1.890000	0.710000	1.667250
1.890000	0.720000	1.700998
1.890000	0.730000	1.735016
1.890000	0.740000	1.769300
1.890000	0.750000	1.803846
1.890000	0.760000	1.838651
1.890000	0.770000	1.873709
1.890000	0.780000	1.909016
1.890000	0.790000	1.944567
1.890000	0.800000	1.980357
1.890000	0.810000	2.016378
1.890000	0.820000	2.052626
1.890000	0.830000	2.089092
1.890000	0.840000	2.125768
1.890000	0.850000	2.162647
1.890000	0.860000	2.199719
1.890000	0.870000	2.236974
1.890000	0.880000	2.274400
1.890000	0.890000	2.311986
1.890000	0.900000	2.349717
1.890000	0.910000	2.387580
1.890000	0.920000	2.425558
1.890000	0.930000	2.463633
1.890000	0.940000	2.501786
1.890000	0.950000	2.539996
1.890000	0.960000	2.578241
1.890000	0.970000	2.616495
1.890000	0.980000	2.654732
1.890000	0.990000	2.692927
1.900000	0.500000	1.024390
1.900000	0.510000	1.052225
1.900000	0.520000	1.080373
1.900000	0.530000	1.108834
1.900000	0.540000	1.137606
1.900000	0.550000	1.166690
1.900000	0.560000	1.196084
1.900000	0.570000	1.225789
1.900000	0.580000	1.255802
1.900000	0.590000	1.286123
1.900000	0.600000	1.316751
1.900000	0.610000	1.347684
1.900000	0.620000	1.378921
1.900000	0.630000	1.410461
1.900000	0.640000	1.442303
1.900000	0.650000	1.474444
1.900000	0.660000	1.506882
1.900000	0.670000	1.539617
1.900000	0.680000	1.572645
1.900000	0.690000	1.605964
1.900000	0.700000	1.639573
1.900000	0.710000	1.673467
1.900000	0.720000	1.707646
1.900000	0.730000	1.742105
1.900000	0.740000	1.776841
1.900000	0.750000	1.811851
1.900000	0.760000	1.847130
1.900000	0.770000	1.882676
1.900000	0.780000	1.918482
1.900000	0.790000	1.954545
1.900000	0.800000	1.990860
1.900000	0.810000	2.027419
1.900000	0.820000	2.064218
1.900000	0.830000	2.101249
1.900000	0.840000	2.138505
1.900000	0.850000	2.175978
1.900000	0.860000	2.213658
1.900000	0.870000	2.251536
1.900000	0.880000	2.289601
1.900000	0.890000	2.327841
1.900000	0.900000	2.366242
1.900000	0.910000	2.404790
1.900000	0.920000	2.443468
1.900000	0.930000	2.482258
1.900000	0.940000	2.521141
1.900000	0.950000	2.560093
1.900000	0.960000	2.599092
1.900000	0.970000	2.638111
1.900000	0.980000	2.677122
1.900000	0.990000	2.716095
1.910000	0.500000	1.023501
1.910000	0.510000	1.051571
1.910000	0.520000	1.079963
1.910000	0.530000	1.108676
1.910000	0.540000	1.137709
1.910000	0.550000	1.167062
1.910000	0.560000	1.196735
1.910000	0.570000	1.226726
1.910000	0.580000	1.257035
1.910000	0.590000	1.287661
1.910000	0.600000	1.318602
1.910000	0.610000	1.349858
1.910000	0.620000	1.381427
1.910000	0.630000	1.413309
1.910000	0.640000	1.445501
1.910000	0.650000	1.478003
1.910000	0.660000	1.510812
1.910000	0.670000	1.543926
1.910000	0.680000	1.577345
1.910000	0.690000	1.611065
1.910000	0.700000	1.645085
1.910000	0.710000	1.679402
1.910000	0.720000	1.714013
1.910000	0.730000	1.748916
1.910000	0.740000	1.784108
1.910000	0.750000	1.819585
1.910000	0.760000	1.855344
1.910000	0.770000	1.891381
1.910000	0.780000	1.927692
1.910000	0.790000	1.964273
1.910000	0.800000	2.001117
1.910000	0.810000	2.038221
1.910000	0.820000	2.075578
1.910000	0.830000	2.113182
1.910000	0.840000	2.151025
1.910000	0.850000	2.189101
1.910000	0.860000	2.227399
1.910000	0.870000	2.265912
1.910000	0.880000	2.304628
1.910000	0.890000	2.343535
1.910000	0.900000	2.382620
1.910000	0.910000	2.421869
1.910000	0.920000	2.461266
1.910000	0.930000	2.500791
1.910000	0.940000	2.540425
1.910000	0.950000	2.580145
1.910000	0.960000	2.619924
1.910000	0.970000	2.659736
1.910000	0.980000	2.699549
1.910000	0.990000	2.739332
1.920000	0.500000	1.022291
1.920000	0.510000	1.050597
1.920000	0.520000	1.079232
1.920000	0.530000	1.108198
1.920000	0.540000	1.137493
1.920000	0.550000	1.167116
1.920000	0.560000	1.197068
1.920000	0.570000	1.227346
1.920000	0.580000	1.257952
1.920000	0.590000	1.288883
1.920000	0.600000	1.320139
1.920000	0.610000	1.351719
1.920000	0.620000	1.383622
1.920000	0.630000	1.415846
1.920000	0.640000	1.448391
1.920000	0.650000	1.481255
1.920000	0.660000	1.514436
1.920000	0.670000	1.547933
1.920000	0.680000	1.581744
1.920000	0.690000	1.615867
1.920000	0.700000	1.650301
1.920000	0.710000	1.685042
1.920000	0.720000	1.720089
1.920000	0.730000	1.755440
1.920000	0.740000	1.791090
1.920000	0.750000	1.827038
1.920000	0.760000	1.863281
1.920000	0.770000	1.899814
1.920000	0.780000	1.936633
1.920000	0.790000	1.973736
1.920000	0.800000	2.011116
1.920000	0.810000	2.048770
1.920000	0.820000	2.086692
1.920000	0.830000	2.124875
1.920000	0.840000	2.163314
1.920000	0.850000	2.202001
1.920000	0.860000	2.240927
1.920000	0.870000	2.280085
1.920000	0.880000	2.319463
1.920000	0.890000	2.359050
1.920000	0.900000	2.398835
1.920000	0.910000	2.438802
1.920000	0.920000	2.478935
1.920000	0.930000	2.519216
1.920000	0.940000	2.559624
1.920000	0.950000	2.600136
1.920000	0.960000	2.640724
1.920000	0.970000	2.681359
1.920000	0.980000	2.722007
1.920000	0.990000	2.762634
1.930000	0.500000	1.020751
1.930000	0.510000	1.049292
1.930000	0.520000	1.078173
1.930000	0.530000	1.107391
1.930000	0.540000	1.136948
1.930000	0.550000	1.166842
1.930000	0.560000	1.197073
1.930000	0.570000	1.227641
1.930000	0.580000	1.258544
1.930000	0.590000	1.289781
1.930000	0.600000	1.321353
1.930000	0.610000	1.353258
1.930000	0.620000	1.385496
1.930000	0.630000	1.418064
1.930000	0.640000	1.450963
1.930000	0.650000	1.484190
1.930000	0.660000	1.517745
1.930000	0.670000	1.551626
1.930000	0.680000	1.585831
1.930000	0.690000	1.620360
1.930000	0.700000	1.655209
1.930000	0.710000	1.690377
1.930000	0.720000	1.725863
1.930000	0.730000	1.761663
1.930000	0.740000	1.797776
1.930000	0.750000	1.834198
1.930000	0.760000	1.870927
1.930000	0.770000	1.907959
1.930000	0.780000	1.945292
1.930000	0.790000	1.982921
1.930000	0.800000	2.020842
1.930000	0.810000	2.059052
1.930000	0.820000	2.097544
1.930000	0.830000	2.136314
1.930000	0.840000	2.175355
1.930000	0.850000	2.214661
1.930000	0.860000	2.254224
1.930000	0.870000	2.294037
1.930000	0.880000	2.334089
1.930000	0.890000	2.374370
1.930000	0.900000	2.414867
1.930000	0.910000	2.455568
1.930000	0.920000	2.496456
1.930000	0.930000	2.537514
1.930000	0.940000	2.578720
1.930000	0.950000	2.620050
1.930000	0.960000	2.661477
1.930000	0.970000	2.702968
1.930000	0.980000	2.744488
1.930000	0.990000	2.785996
1.940000	0.500000	1.018872
1.940000	0.510000	1.047650
1.940000	0.520000	1.076775
1.940000	0.530000	1.106248
1.940000	0.540000	1.136067
1.940000	0.550000	1.166232
1.940000	0.560000	1.196743
1.940000	0.570000	1.227600
1.940000	0.580000	1.258801
1.940000	0.590000	1.290346
1.940000	0.600000	1.322234
1.940000	0.610000	1.354466
1.940000	0.620000	1.387038
1.940000	0.630000	1.419952
1.940000	0.640000	1.453206
1.940000	0.650000	1.486798
1.940000	0.660000	1.520728
1.940000	0.670000	1.554995
1.940000	0.680000	1.589596
1.940000	0.690000	1.624531
1.940000	0.700000	1.659798
1.940000	0.710000	1.695396
1.940000	0.720000	1.731322
1.940000	0.730000	1.767575
1.940000	0.740000	1.804152
1.940000	0.750000	1.841051
1.940000	0.760000	1.878270
1.940000	0.770000	1.915805
1.940000	0.780000	1.953654
1.940000	0.790000	1.991814
1.940000	0.800000	2.030281
1.940000	0.810000	2.069051
1.940000	0.820000	2.108119
1.940000	0.830000	2.147481
1.940000	0.840000	2.187131
1.940000	0.850000	2.227064
1.940000	0.860000	2.267273
1.940000	0.870000	2.307750
1.940000	0.880000	2.348486
1.940000	0.890000	2.389472
1.940000	0.900000	2.430697
1.940000	0.910000	2.472147
1.940000	0.920000	2.513809
1.940000	0.930000	2.555664
1.940000	0.940000	2.597691
1.940000	0.950000	2.639868
1.940000	0.960000	2.682165
1.940000	0.970000	2.724549
1.940000	0.980000	2.766980
1.940000	0.990000	2.809413
1.950000	0.500000	1.016646
1.950000	0.510000	1.045660
1.950000	0.520000	1.075031
1.950000	0.530000	1.104757
1.950000	0.540000	1.134839
1.950000	0.550000	1.165276
1.950000	0.560000	1.196068
1.950000	0.570000	1.227214
1.950000	0.580000	1.258714
1.950000	0.590000	1.290567
1.950000	0.600000	1.322773
1.950000	0.610000	1.355331
1.950000	0.620000	1.388241
1.950000	0.630000	1.421501
1.950000	0.640000	1.455110
1.950000	0.650000	1.489069
1.950000	0.660000	1.523375
1.950000	0.670000	1.558029
1.950000	0.680000	1.593028
1.950000	0.690000	1.628371
1.950000	0.700000	1.664058
1.950000	0.710000	1.700086
1.950000	0.720000	1.736455
1.950000	0.730000	1.773162
1.950000	0.740000	1.810206
1.950000	0.750000	1.847585
1.950000	0.760000	1.885296
1.950000	0.770000	1.923337
1.950000	0.780000	1.961707
1.950000	0.790000	2.000401
1.950000	0.800000	2.039417
1.950000	0.810000	2.078751
1.950000	0.820000	2.118400
1.950000	0.830000	2.158360
1.950000	0.840000	2.198626
1.950000	0.850000	2.239192
1.950000	0.860000	2.280053
1.950000	0.870000	2.321203
1.950000	0.880000	2.362633
1.950000	0.890000	2.404336
1.950000	0.900000	2.446300
1.950000	0.910000	2.488516
1.950000	0.920000	2.530968
1.950000	0.930000	2.573640
1.950000	0.940000	2.616514
1.950000	0.950000	2.659566
1.950000	0.960000	2.702767
1.950000	0.970000	2.746082
1.950000	0.980000	2.789469
1.950000	0.990000	2.832878
1.960000	0.500000	1.014063
1.960000	0.510000	1.043315
1.960000	0.520000	1.072931
1.960000	0.530000	1.102912
1.960000	0.540000	1.133257
1.960000	0.550000	1.163966
1.960000	0.560000	1.195039
1.960000	0.570000	1.226475
1.960000	0.580000	1.258275
1.960000	0.590000	1.290437
1.960000	0.600000	1.322961
1.960000	0.610000	1.355846
1.960000	0.620000	1.389093
1.960000	0.630000	1.422700
1.960000	0.640000	1.456666
1.960000	0.650000	1.490992
1.960000	0.660000	1.525676
1.960000	0.670000	1.560717
1.960000	0.680000	1.596115
1.960000	0.690000	1.631868
1.960000	0.700000	1.667976
1.960000	0.710000	1.704437
1.960000	0.720000	1.741249
1.960000	0.730000	1.778413
1.960000	0.740000	1.815926
1.960000	0.750000	1.853786
1.960000	0.760000	1.891992
1.960000	0.770000	1.930542
1.960000	0.780000	1.969434
1.960000	0.790000	2.008666
1.960000	0.800000	2.048234
1.960000	0.810000	2.088137
1.960000	0.820000	2.128371
1.960000	0.830000	2.168933
1.960000	0.840000	2.209819
1.960000	0.850000	2.251025
1.960000	0.860000	2.292546
1.960000	0.870000	2.334376
1.960000	0.880000	2.376509
1.960000	0.890000	2.418938
1.960000	0.900000	2.461654
1.960000	0.910000	2.504647
1.960000	0.920000	2.547906
1.960000	0.930000	2.591416
1.960000	0.940000	2.635159
1.960000	0.950000	2.679114
1.960000	0.960000	2.723254
1.960000	0.970000	2.767543
1.960000	0.980000	2.811936
1.960000	0.990000	2.856379
1.970000	0.500000	1.011117
1.970000	0.510000	1.040605
1.970000	0.520000	1.070467
1.970000	0.530000	1.100702
1.970000	0.540000	1.131311
1.970000	0.550000	1.162293
1.970000	0.560000	1.193647
1.970000	0.570000	1.225374
1.970000	0.580000	1.257473
1.970000	0.590000	1.289944
1.970000	0.600000	1.322787
1.970000	0.610000	1.356000
1.970000	0.620000	1.389585
1.970000	0.630000	1.423539
1.970000	0.640000	1.457864
1.970000	0.650000	1.492557
1.970000	0.660000	1.527619
1.970000	0.670000	1.563049
1.970000	0.680000	1.598847
1.970000	0.690000	1.635011
1.970000	0.700000	1.671541
1.970000	0.710000	1.708435
1.970000	0.720000	1.745694
1.970000	0.730000	1.783315
1.970000	0.740000	1.821298
1.970000	0.750000	1.859642
1.970000	0.760000	1.898345
1.970000	0.770000	1.937405
1.970000	0.780000	1.976822
1.970000	0.790000	2.016594
1.970000	0.800000	2.056718
1.970000	0.810000	2.097192
1.970000	0.820000	2.138015
1.970000	0.830000	2.179183
1.970000	0.840000	2.220693
1.970000	0.850000	2.262543
1.970000	0.860000	2.304729
1.970000	0.870000	2.347245
1.970000	0.880000	2.390088
1.970000	0.890000	2.433252
1.970000	0.900000	2.476730
1.970000	0.910000	2.520514
1.970000	0.920000	2.564594
1.970000	0.930000	2.608958
1.970000	0.940000	2.653593
1.970000	0.950000	2.698479
1.970000	0.960000	2.743592
1.970000	0.970000	2.788899
1.970000	0.980000	2.834356
1.970000	0.990000	2.879900
1.980000	0.500000	1.007796
1.980000	0.510000	1.037522
1.980000	0.520000	1.067630
1.980000	0.530000	1.098120
1.980000	0.540000	1.128992
1.980000	0.550000	1.160247
1.980000	0.560000	1.191883
1.980000	0.570000	1.223900
1.980000	0.580000	1.256300
1.980000	0.590000	1.289080
1.980000	0.600000	1.322242
1.980000	0.610000	1.355784
1.980000	0.620000	1.389706
1.980000	0.630000	1.424009
1.980000	0.640000	1.458692
1.980000	0.650000	1.493754
1.980000	0.660000	1.529195
1.980000	0.670000	1.565015
1.980000	0.680000	1.601213
1.980000	0.690000	1.637788
1.980000	0.700000	1.674741
1.980000	0.710000	1.712070
1.980000	0.720000	1.749775
1.980000	0.730000	1.787855
1.980000	0.740000	1.826310
1.980000	0.750000	1.865138
1.980000	0.760000	1.904340
1.980000	0.770000	1.943912
1.980000	0.780000	1.983856
1.980000	0.790000	2.024169
1.980000	0.800000	2.064851
1.980000	0.810000	2.105899
1.980000	0.820000	2.147313
1.980000	0.830000	2.189090
1.980000	0.840000	2.231228
1.980000	0.850000	2.273726
1.980000	0.860000	2.316581
1.980000	0.870000	2.359789
1.980000	0.880000	2.403348
1.980000	0.890000	2.447253
1.980000	0.900000	2.491500
1.980000	0.910000	2.536083
1.980000	0.920000	2.580996
1.980000	0.930000	2.626231
1.980000	0.940000	2.671775
1.980000	0.950000	2.717616
1.980000	0.960000	2.763735
1.980000	0.970000	2.810105
1.980000	0.980000	2.856687
1.980000	0.990000	2.903418
1.990000	0.500000	1.004094
1.990000	0.510000	1.034057
1.990000	0.520000	1.064410
1.990000	0.530000	1.095155
1.990000	0.540000	1.126292
1.990000	0.550000	1.157819
1.990000	0.560000	1.189737
1.990000	0.570000	1.222046
1.990000	0.580000	1.254745
1.990000	0.590000	1.287835
1.990000	0.600000	1.321316
1.990000	0.610000	1.355187
1.990000	0.620000	1.389448
1.990000	0.630000	1.424100
1.990000	0.640000	1.459141
1.990000	0.650000	1.494572
1.990000	0.660000	1.530392
1.990000	0.670000	1.566602
1.990000	0.680000	1.603201
1.990000	0.690000	1.640188
1.990000	0.700000	1.677564
1.990000	0.710000	1.715329
1.990000	0.720000	1.753481
1.990000	0.730000	1.792021
1.990000	0.740000	1.830948
1.990000	0.750000	1.870262
1.990000	0.760000	1.909963
1.990000	0.770000	1.950049
1.990000	0.780000	1.990520
1.990000	0.790000	2.031377
1.990000	0.800000	2.072617
1.990000	0.810000	2.114241
1.990000	0.820000	2.156247
1.990000	0.830000	2.198635
1.990000	0.840000	2.241404
1.990000	0.850000	2.284552
1.990000	0.860000	2.328079
1.990000	0.870000	2.371982
1.990000	0.880000	2.416260
1.990000	0.890000	2.460912
1.990000	0.900000	2.505934
1.990000	0.910000	2.551324
1.990000	0.920000	2.597078
1.990000	0.930000	2.643192
1.990000	0.940000	2.689661
1.990000	0.950000	2.736476
1.990000	0.960000	2.783628
1.990000	0.970000	2.831100
1.990000	0.980000	2.878868
1.990000	0.990000	2.926884
