0	0	0
0.01	0	0
0.02	0	0
0.03	0	0
0.04	0	0
0.05	0	0
0.06	0	0
0.07	0	0
0.08	0	0
0.09	0	0
0.1	0	0
0.11	0	0
0.12	0	0
0.13	0	0
0.14	0	0
0.15	0	0
0.16	0	0
0.17	0	0
0.18	0	0
0.19	0	0
0.2	0	0
0.21	0	0
0.22	0	0
0.23	0	0
0.24	0	0
0.25	0	0
0.26	0	0
0.27	0	0
0.28	0	0
0.29	0	0
0.3	0	0
0.31	0	0
0.32	0	0
0.33	0	0
0.34	0	0
0.35	0	0
0.36	0	0
0.37	0	0
0.38	0	0
0.39	0	0
0.4	0	0
0.41	0	0
0.42	0	0
0.43	0	0
0.44	0	0
0.45	0	0
0.46	0	0
0.47	0	0
0.48	0	0
0.49	0	0
0.5	0	0
0.51	0	0
0.52	0	0
0.53	0	0
0.54	0	0
0.55	0	0
0.56	0	0
0.57	0	0
0.58	0	0
0.59	0	0
0.6	0	0
0.61	0	0
0.62	0	0
0.63	0	0
0.64	0	0
0.65	0	0
0.66	0	0
0.67	0	0
0.68	0	0
0.69	0	0
0.7	0	0
0.71	0	0
0.72	0	0
0.73	0	0
0.74	0	0
0.75	0	0
0.76	0	0
0.77	0	0
0.78	0	0
0.79	0	0
0.8	0	0
0.81	0	0
0.82	0	0
0.83	0	0
0.84	0	0
0.85	0	0
0.86	0	0
0.87	0	0
0.88	0	0
0.89	0	0
0.9	0	0
0.91	0	0
0.92	0	0
0.93	0	0
0.94	0	0
0.95	0	0
0.96	0	0
0.97	0	0
0.98	0	0
0.99	0	0
0	0.01	0
0.01	0.01	9.09749e-05
0.02	0.01	0.000181938
0.03	0.01	0.000272875
0.04	0.01	0.000363776
0.05	0.01	0.000454627
0.06	0.01	0.000545417
0.07	0.01	0.000636132
0.08	0.01	0.000726759
0.09	0.01	0.000817287
0.1	0.01	0.000907703
0.11	0.01	0.000997992
0.12	0.01	0.00108814
0.13	0.01	0.00117814
0.14	0.01	0.00126798
0.15	0.01	0.00135764
0.16	0.01	0.0014471
0.17	0.01	0.00153636
0.18	0.01	0.0016254
0.19	0.01	0.0017142
0.2	0.01	0.00180276
0.21	0.01	0.00189106
0.22	0.01	0.00197907
0.23	0.01	0.0020668
0.24	0.01	0.00215421
0.25	0.01	0.0022413
0.26	0.01	0.00232805
0.27	0.01	0.00241444
0.28	0.01	0.00250046
0.29	0.01	0.00258609
0.3	0.01	0.00267131
0.31	0.01	0.00275611
0.32	0.01	0.00284046
0.33	0.01	0.00292434
0.34	0.01	0.00300775
0.35	0.01	0.00309065
0.36	0.01	0.00317303
0.37	0.01	0.00325486
0.38	0.01	0.00333613
0.39	0.01	0.00341681
0.4	0.01	0.00349689
0.41	0.01	0.00357633
0.42	0.01	0.00365511
0.43	0.01	0.00373321
0.44	0.01	0.0038106
0.45	0.01	0.00388727
0.46	0.01	0.00396317
0.47	0.01	0.00403828
0.48	0.01	0.00411257
0.49	0.01	0.00418602
0.5	0.01	0.00425859
0.51	0.01	0.00433025
0.52	0.01	0.00440097
0.53	0.01	0.0044707
0.54	0.01	0.00453943
0.55	0.01	0.0046071
0.56	0.01	0.00467369
0.57	0.01	0.00473914
0.58	0.01	0.00480342
0.59	0.01	0.00486649
0.6	0.01	0.00492829
0.61	0.01	0.00498879
0.62	0.01	0.00504793
0.63	0.01	0.00510566
0.64	0.01	0.00516192
0.65	0.01	0.00521666
0.66	0.01	0.00526981
0.67	0.01	0.00532131
0.68	0.01	0.0053711
0.69	0.01	0.00541909
0.7	0.01	0.00546523
0.71	0.01	0.00550941
0.72	0.01	0.00555157
0.73	0.01	0.0055916
0.74	0.01	0.00562941
0.75	0.01	0.00566489
0.76	0.01	0.00569793
0.77	0.01	0.0057284
0.78	0.01	0.00575617
0.79	0.01	0.00578109
0.8	0.01	0.005803
0.81	0.01	0.00582174
0.82	0.01	0.00583709
0.83	0.01	0.00584886
0.84	0.01	0.00585678
0.85	0.01	0.0058606
0.86	0.01	0.00585999
0.87	0.01	0.0058546
0.88	0.01	0.00584402
0.89	0.01	0.00582774
0.9	0.01	0.00580519
0.91	0.01	0.00577565
0.92	0.01	0.00573822
0.93	0.01	0.00569177
0.94	0.01	0.00563477
0.95	0.01	0.0055651
0.96	0.01	0.00547961
0.97	0.01	0.00537322
0.98	0.01	0.0052366
0.99	0.01	0.00505
0	0.02	0
0.01	0.02	0.000181964
0.02	0.02	0.000363903
0.03	0.02	0.000545793
0.04	0.02	0.000727609
0.05	0.02	0.000909326
0.06	0.02	0.00109092
0.07	0.02	0.00127236
0.08	0.02	0.00145363
0.09	0.02	0.0016347
0.1	0.02	0.00181555
0.11	0.02	0.00199614
0.12	0.02	0.00217646
0.13	0.02	0.00235648
0.14	0.02	0.00253616
0.15	0.02	0.00271549
0.16	0.02	0.00289444
0.17	0.02	0.00307297
0.18	0.02	0.00325106
0.19	0.02	0.00342869
0.2	0.02	0.00360582
0.21	0.02	0.00378243
0.22	0.02	0.00395848
0.23	0.02	0.00413394
0.24	0.02	0.00430879
0.25	0.02	0.00448299
0.26	0.02	0.0046565
0.27	0.02	0.00482931
0.28	0.02	0.00500137
0.29	0.02	0.00517264
0.3	0.02	0.0053431
0.31	0.02	0.00551271
0.32	0.02	0.00568143
0.33	0.02	0.00584922
0.34	0.02	0.00601605
0.35	0.02	0.00618187
0.36	0.02	0.00634665
0.37	0.02	0.00651034
0.38	0.02	0.0066729
0.39	0.02	0.00683429
0.4	0.02	0.00699446
0.41	0.02	0.00715336
0.42	0.02	0.00731096
0.43	0.02	0.00746718
0.44	0.02	0.007622
0.45	0.02	0.00777535
0.46	0.02	0.00792718
0.47	0.02	0.00807743
0.48	0.02	0.00822605
0.49	0.02	0.00837298
0.5	0.02	0.00851815
0.51	0.02	0.0086615
0.52	0.02	0.00880297
0.53	0.02	0.00894248
0.54	0.02	0.00907996
0.55	0.02	0.00921535
0.56	0.02	0.00934856
0.57	0.02	0.00947951
0.58	0.02	0.00960812
0.59	0.02	0.00973429
0.6	0.02	0.00985795
0.61	0.02	0.009979
0.62	0.02	0.0100973
0.63	0.02	0.0102128
0.64	0.02	0.0103254
0.65	0.02	0.0104349
0.66	0.02	0.0105413
0.67	0.02	0.0106444
0.68	0.02	0.010744
0.69	0.02	0.0108401
0.7	0.02	0.0109324
0.71	0.02	0.0110209
0.72	0.02	0.0111053
0.73	0.02	0.0111855
0.74	0.02	0.0112612
0.75	0.02	0.0113323
0.76	0.02	0.0113985
0.77	0.02	0.0114595
0.78	0.02	0.0115152
0.79	0.02	0.0115652
0.8	0.02	0.0116092
0.81	0.02	0.0116469
0.82	0.02	0.0116778
0.83	0.02	0.0117016
0.84	0.02	0.0117177
0.85	0.02	0.0117256
0.86	0.02	0.0117248
0.87	0.02	0.0117144
0.88	0.02	0.0116937
0.89	0.02	0.0116618
0.9	0.02	0.0116174
0.91	0.02	0.0115592
0.92	0.02	0.0114855
0.93	0.02	0.0113941
0.94	0.02	0.0112822
0.95	0.02	0.011146
0.96	0.02	0.0109801
0.97	0.02	0.0107767
0.98	0.02	0.0105232
0.99	0.02	0.0102
0	0.03	0
0.01	0.03	0.000272982
0.02	0.03	0.000545926
0.03	0.03	0.000818797
0.04	0.03	0.00109156
0.05	0.03	0.00136417
0.06	0.03	0.00163659
0.07	0.03	0.00190879
0.08	0.03	0.00218074
0.09	0.03	0.00245238
0.1	0.03	0.00272368
0.11	0.03	0.00299461
0.12	0.03	0.00326513
0.13	0.03	0.00353519
0.14	0.03	0.00380475
0.15	0.03	0.00407378
0.16	0.03	0.00434224
0.17	0.03	0.00461008
0.18	0.03	0.00487726
0.19	0.03	0.00514374
0.2	0.03	0.00540948
0.21	0.03	0.00567443
0.22	0.03	0.00593854
0.23	0.03	0.00620178
0.24	0.03	0.00646409
0.25	0.03	0.00672543
0.26	0.03	0.00698575
0.27	0.03	0.00724501
0.28	0.03	0.00750314
0.29	0.03	0.0077601
0.3	0.03	0.00801584
0.31	0.03	0.0082703
0.32	0.03	0.00852343
0.33	0.03	0.00877516
0.34	0.03	0.00902546
0.35	0.03	0.00927425
0.36	0.03	0.00952147
0.37	0.03	0.00976706
0.38	0.03	0.010011
0.39	0.03	0.0102531
0.4	0.03	0.0104934
0.41	0.03	0.0107318
0.42	0.03	0.0109683
0.43	0.03	0.0112027
0.44	0.03	0.011435
0.45	0.03	0.0116651
0.46	0.03	0.0118929
0.47	0.03	0.0121183
0.48	0.03	0.0123413
0.49	0.03	0.0125618
0.5	0.03	0.0127796
0.51	0.03	0.0129948
0.52	0.03	0.013207
0.53	0.03	0.0134164
0.54	0.03	0.0136227
0.55	0.03	0.0138259
0.56	0.03	0.0140258
0.57	0.03	0.0142223
0.58	0.03	0.0144154
0.59	0.03	0.0146047
0.6	0.03	0.0147903
0.61	0.03	0.014972
0.62	0.03	0.0151496
0.63	0.03	0.015323
0.64	0.03	0.0154921
0.65	0.03	0.0156565
0.66	0.03	0.0158162
0.67	0.03	0.015971
0.68	0.03	0.0161206
0.69	0.03	0.0162649
0.7	0.03	0.0164036
0.71	0.03	0.0165365
0.72	0.03	0.0166634
0.73	0.03	0.0167839
0.74	0.03	0.0168977
0.75	0.03	0.0170046
0.76	0.03	0.0171042
0.77	0.03	0.0171961
0.78	0.03	0.01728
0.79	0.03	0.0173554
0.8	0.03	0.0174219
0.81	0.03	0.0174788
0.82	0.03	0.0175258
0.83	0.03	0.017562
0.84	0.03	0.0175869
0.85	0.03	0.0175995
0.86	0.03	0.0175991
0.87	0.03	0.0175846
0.88	0.03	0.0175548
0.89	0.03	0.0175083
0.9	0.03	0.0174434
0.91	0.03	0.0173583
0.92	0.03	0.0172505
0.93	0.03	0.017117
0.94	0.03	0.016954
0.95	0.03	0.0167566
0.96	0.03	0.0165183
0.97	0.03	0.0162301
0.98	0.03	0.0158795
0.99	0.03	0.01545
0	0.04	0
0.01	0.04	0.000364042
0.02	0.04	0.000728034
0.03	0.04	0.00109193
0.04	0.04	0.00145567
0.05	0.04	0.00181922
0.06	0.04	0.00218252
0.07	0.04	0.00254553
0.08	0.04	0.00290818
0.09	0.04	0.00327044
0.1	0.04	0.00363225
0.11	0.04	0.00399355
0.12	0.04	0.00435431
0.13	0.04	0.00471446
0.14	0.04	0.00507395
0.15	0.04	0.00543273
0.16	0.04	0.00579074
0.17	0.04	0.00614794
0.18	0.04	0.00650425
0.19	0.04	0.00685963
0.2	0.04	0.00721403
0.21	0.04	0.00756737
0.22	0.04	0.0079196
0.23	0.04	0.00827066
0.24	0.04	0.00862049
0.25	0.04	0.00896903
0.26	0.04	0.00931621
0.27	0.04	0.00966196
0.28	0.04	0.0100062
0.29	0.04	0.0103489
0.3	0.04	0.01069
0.31	0.04	0.0110294
0.32	0.04	0.011367
0.33	0.04	0.0117027
0.34	0.04	0.0120365
0.35	0.04	0.0123683
0.36	0.04	0.0126981
0.37	0.04	0.0130256
0.38	0.04	0.0133509
0.39	0.04	0.0136739
0.4	0.04	0.0139944
0.41	0.04	0.0143124
0.42	0.04	0.0146278
0.43	0.04	0.0149405
0.44	0.04	0.0152503
0.45	0.04	0.0155572
0.46	0.04	0.0158611
0.47	0.04	0.0161619
0.48	0.04	0.0164593
0.49	0.04	0.0167534
0.5	0.04	0.017044
0.51	0.04	0.017331
0.52	0.04	0.0176142
0.53	0.04	0.0178935
0.54	0.04	0.0181688
0.55	0.04	0.0184399
0.56	0.04	0.0187066
0.57	0.04	0.0189688
0.58	0.04	0.0192264
0.59	0.04	0.0194791
0.6	0.04	0.0197268
0.61	0.04	0.0199693
0.62	0.04	0.0202064
0.63	0.04	0.0204378
0.64	0.04	0.0206634
0.65	0.04	0.020883
0.66	0.04	0.0210962
0.67	0.04	0.0213029
0.68	0.04	0.0215027
0.69	0.04	0.0216955
0.7	0.04	0.0218808
0.71	0.04	0.0220584
0.72	0.04	0.0222279
0.73	0.04	0.022389
0.74	0.04	0.0225413
0.75	0.04	0.0226843
0.76	0.04	0.0228177
0.77	0.04	0.0229409
0.78	0.04	0.0230534
0.79	0.04	0.0231547
0.8	0.04	0.0232441
0.81	0.04	0.0233209
0.82	0.04	0.0233845
0.83	0.04	0.0234339
0.84	0.04	0.0234683
0.85	0.04	0.0234866
0.86	0.04	0.0234877
0.87	0.04	0.0234702
0.88	0.04	0.0234326
0.89	0.04	0.0233732
0.9	0.04	0.0232898
0.91	0.04	0.0231801
0.92	0.04	0.0230412
0.93	0.04	0.0228693
0.94	0.04	0.0226602
0.95	0.04	0.0224082
0.96	0.04	0.0221064
0.97	0.04	0.0217458
0.98	0.04	0.0213149
0.99	0.04	0.0208
0	0.05	0
0.01	0.05	0.000455159
0.02	0.05	0.000910256
0.03	0.05	0.00136523
0.04	0.05	0.00182002
0.05	0.05	0.00227456
0.06	0.05	0.0027288
0.07	0.05	0.00318266
0.08	0.05	0.00363609
0.09	0.05	0.00408902
0.1	0.05	0.00454139
0.11	0.05	0.00499313
0.12	0.05	0.00544419
0.13	0.05	0.00589449
0.14	0.05	0.00634396
0.15	0.05	0.00679255
0.16	0.05	0.00724018
0.17	0.05	0.00768679
0.18	0.05	0.00813231
0.19	0.05	0.00857665
0.2	0.05	0.00901976
0.21	0.05	0.00946156
0.22	0.05	0.00990198
0.23	0.05	0.0103409
0.24	0.05	0.0107783
0.25	0.05	0.0112141
0.26	0.05	0.0116483
0.27	0.05	0.0120806
0.28	0.05	0.012511
0.29	0.05	0.0129396
0.3	0.05	0.013366
0.31	0.05	0.0137904
0.32	0.05	0.0142125
0.33	0.05	0.0146324
0.34	0.05	0.0150498
0.35	0.05	0.0154647
0.36	0.05	0.0158771
0.37	0.05	0.0162867
0.38	0.05	0.0166935
0.39	0.05	0.0170974
0.4	0.05	0.0174982
0.41	0.05	0.0178959
0.42	0.05	0.0182903
0.43	0.05	0.0186813
0.44	0.05	0.0190688
0.45	0.05	0.0194527
0.46	0.05	0.0198327
0.47	0.05	0.0202089
0.48	0.05	0.020581
0.49	0.05	0.0209488
0.5	0.05	0.0213123
0.51	0.05	0.0216713
0.52	0.05	0.0220255
0.53	0.05	0.0223749
0.54	0.05	0.0227193
0.55	0.05	0.0230584
0.56	0.05	0.0233921
0.57	0.05	0.0237202
0.58	0.05	0.0240425
0.59	0.05	0.0243587
0.6	0.05	0.0246687
0.61	0.05	0.0249722
0.62	0.05	0.0252689
0.63	0.05	0.0255586
0.64	0.05	0.0258411
0.65	0.05	0.0261159
0.66	0.05	0.026383
0.67	0.05	0.0266418
0.68	0.05	0.0268921
0.69	0.05	0.0271336
0.7	0.05	0.0273659
0.71	0.05	0.0275885
0.72	0.05	0.0278011
0.73	0.05	0.0280032
0.74	0.05	0.0281943
0.75	0.05	0.0283739
0.76	0.05	0.0285415
0.77	0.05	0.0286965
0.78	0.05	0.0288382
0.79	0.05	0.0289659
0.8	0.05	0.029079
0.81	0.05	0.0291764
0.82	0.05	0.0292574
0.83	0.05	0.0293209
0.84	0.05	0.0293659
0.85	0.05	0.029391
0.86	0.05	0.0293948
0.87	0.05	0.0293759
0.88	0.05	0.0293323
0.89	0.05	0.029262
0.9	0.05	0.0291626
0.91	0.05	0.0290313
0.92	0.05	0.0288648
0.93	0.05	0.028659
0.94	0.05	0.0284092
0.95	0.05	0.0281097
0.96	0.05	0.0277533
0.97	0.05	0.0273316
0.98	0.05	0.0268344
0.99	0.05	0.02625
0	0.06	0
0.01	0.06	0.000546347
0.02	0.06	0.00109262
0.03	0.06	0.00163874
0.04	0.06	0.00218465
0.05	0.06	0.00273026
0.06	0.06	0.00327549
0.07	0.06	0.00382029
0.08	0.06	0.00436456
0.09	0.06	0.00490824
0.1	0.06	0.00545124
0.11	0.06	0.0059935
0.12	0.06	0.00653493
0.13	0.06	0.00707545
0.14	0.06	0.00761499
0.15	0.06	0.00815346
0.16	0.06	0.00869079
0.17	0.06	0.00922689
0.18	0.06	0.00976168
0.19	0.06	0.0102951
0.2	0.06	0.010827
0.21	0.06	0.0113573
0.22	0.06	0.011886
0.23	0.06	0.0124129
0.24	0.06	0.012938
0.25	0.06	0.0134612
0.26	0.06	0.0139823
0.27	0.06	0.0145013
0.28	0.06	0.015018
0.29	0.06	0.0155325
0.3	0.06	0.0160445
0.31	0.06	0.0165539
0.32	0.06	0.0170607
0.33	0.06	0.0175647
0.34	0.06	0.0180659
0.35	0.06	0.018564
0.36	0.06	0.019059
0.37	0.06	0.0195508
0.38	0.06	0.0200392
0.39	0.06	0.0205241
0.4	0.06	0.0210054
0.41	0.06	0.0214829
0.42	0.06	0.0219565
0.43	0.06	0.022426
0.44	0.06	0.0228913
0.45	0.06	0.0233522
0.46	0.06	0.0238086
0.47	0.06	0.0242603
0.48	0.06	0.0247071
0.49	0.06	0.0251489
0.5	0.06	0.0255854
0.51	0.06	0.0260165
0.52	0.06	0.026442
0.53	0.06	0.0268617
0.54	0.06	0.0272753
0.55	0.06	0.0276827
0.56	0.06	0.0280836
0.57	0.06	0.0284777
0.58	0.06	0.0288649
0.59	0.06	0.0292449
0.6	0.06	0.0296174
0.61	0.06	0.0299821
0.62	0.06	0.0303387
0.63	0.06	0.030687
0.64	0.06	0.0310265
0.65	0.06	0.031357
0.66	0.06	0.0316781
0.67	0.06	0.0319895
0.68	0.06	0.0322907
0.69	0.06	0.0325812
0.7	0.06	0.0328608
0.71	0.06	0.0331289
0.72	0.06	0.033385
0.73	0.06	0.0336285
0.74	0.06	0.033859
0.75	0.06	0.0340757
0.76	0.06	0.0342782
0.77	0.06	0.0344656
0.78	0.06	0.0346371
0.79	0.06	0.0347921
0.8	0.06	0.0349296
0.81	0.06	0.0350485
0.82	0.06	0.035148
0.83	0.06	0.0352267
0.84	0.06	0.0352834
0.85	0.06	0.0353167
0.86	0.06	0.035325
0.87	0.06	0.0353064
0.88	0.06	0.0352588
0.89	0.06	0.0351801
0.9	0.06	0.0350674
0.91	0.06	0.0349178
0.92	0.06	0.0347276
0.93	0.06	0.0344927
0.94	0.06	0.0342081
0.95	0.06	0.033868
0.96	0.06	0.0334656
0.97	0.06	0.0329931
0.98	0.06	0.0324412
0.99	0.06	0.0318
0	0.07	0
0.01	0.07	0.000637619
0.02	0.07	0.00127515
0.03	0.07	0.00191251
0.04	0.07	0.00254962
0.05	0.07	0.00318638
0.06	0.07	0.00382271
0.07	0.07	0.00445852
0.08	0.07	0.00509372
0.09	0.07	0.00572823
0.1	0.07	0.00636196
0.11	0.07	0.00699481
0.12	0.07	0.0076267
0.13	0.07	0.00825754
0.14	0.07	0.00888723
0.15	0.07	0.00951569
0.16	0.07	0.0101428
0.17	0.07	0.0107685
0.18	0.07	0.0113926
0.19	0.07	0.0120152
0.2	0.07	0.012636
0.21	0.07	0.013255
0.22	0.07	0.013872
0.23	0.07	0.014487
0.24	0.07	0.0150999
0.25	0.07	0.0157105
0.26	0.07	0.0163187
0.27	0.07	0.0169245
0.28	0.07	0.0175276
0.29	0.07	0.0181281
0.3	0.07	0.0187257
0.31	0.07	0.0193203
0.32	0.07	0.0199119
0.33	0.07	0.0205002
0.34	0.07	0.0210852
0.35	0.07	0.0216667
0.36	0.07	0.0222446
0.37	0.07	0.0228186
0.38	0.07	0.0233888
0.39	0.07	0.0239549
0.4	0.07	0.0245167
0.41	0.07	0.0250742
0.42	0.07	0.025627
0.43	0.07	0.0261752
0.44	0.07	0.0267184
0.45	0.07	0.0272566
0.46	0.07	0.0277895
0.47	0.07	0.0283169
0.48	0.07	0.0288386
0.49	0.07	0.0293545
0.5	0.07	0.0298643
0.51	0.07	0.0303677
0.52	0.07	0.0308646
0.53	0.07	0.0313548
0.54	0.07	0.0318379
0.55	0.07	0.0323138
0.56	0.07	0.0327821
0.57	0.07	0.0332426
0.58	0.07	0.033695
0.59	0.07	0.0341389
0.6	0.07	0.0345742
0.61	0.07	0.0350004
0.62	0.07	0.0354173
0.63	0.07	0.0358244
0.64	0.07	0.0362213
0.65	0.07	0.0366078
0.66	0.07	0.0369834
0.67	0.07	0.0373476
0.68	0.07	0.0377
0.69	0.07	0.0380402
0.7	0.07	0.0383675
0.71	0.07	0.0386815
0.72	0.07	0.0389816
0.73	0.07	0.0392672
0.74	0.07	0.0395376
0.75	0.07	0.0397922
0.76	0.07	0.0400301
0.77	0.07	0.0402506
0.78	0.07	0.0404529
0.79	0.07	0.040636
0.8	0.07	0.0407988
0.81	0.07	0.0409404
0.82	0.07	0.0410595
0.83	0.07	0.0411547
0.84	0.07	0.0412246
0.85	0.07	0.0412677
0.86	0.07	0.0412821
0.87	0.07	0.0412658
0.88	0.07	0.0412167
0.89	0.07	0.0411322
0.9	0.07	0.0410093
0.91	0.07	0.040845
0.92	0.07	0.0406354
0.93	0.07	0.0403762
0.94	0.07	0.0400625
0.95	0.07	0.0396887
0.96	0.07	0.0392482
0.97	0.07	0.0387338
0.98	0.07	0.0381373
0.99	0.07	0.03745
0	0.08	0
0.01	0.08	0.000728991
0.02	0.08	0.00145788
0.03	0.08	0.00218658
0.04	0.08	0.00291498
0.05	0.08	0.00364299
0.06	0.08	0.00437051
0.07	0.08	0.00509744
0.08	0.08	0.00582368
0.09	0.08	0.00654912
0.1	0.08	0.00727367
0.11	0.08	0.00799723
0.12	0.08	0.00871969
0.13	0.08	0.00944094
0.14	0.08	0.0101609
0.15	0.08	0.0108794
0.16	0.08	0.0115964
0.17	0.08	0.0123118
0.18	0.08	0.0130255
0.19	0.08	0.0137372
0.2	0.08	0.0144471
0.21	0.08	0.0151548
0.22	0.08	0.0158603
0.23	0.08	0.0165635
0.24	0.08	0.0172643
0.25	0.08	0.0179625
0.26	0.08	0.0186579
0.27	0.08	0.0193506
0.28	0.08	0.0200403
0.29	0.08	0.0207269
0.3	0.08	0.0214102
0.31	0.08	0.0220902
0.32	0.08	0.0227667
0.33	0.08	0.0234395
0.34	0.08	0.0241084
0.35	0.08	0.0247734
0.36	0.08	0.0254342
0.37	0.08	0.0260908
0.38	0.08	0.0267428
0.39	0.08	0.0273902
0.4	0.08	0.0280328
0.41	0.08	0.0286704
0.42	0.08	0.0293027
0.43	0.08	0.0299297
0.44	0.08	0.0305511
0.45	0.08	0.0311667
0.46	0.08	0.0317762
0.47	0.08	0.0323796
0.48	0.08	0.0329764
0.49	0.08	0.0335666
0.5	0.08	0.0341498
0.51	0.08	0.0347259
0.52	0.08	0.0352945
0.53	0.08	0.0358554
0.54	0.08	0.0364082
0.55	0.08	0.0369528
0.56	0.08	0.0374888
0.57	0.08	0.0380159
0.58	0.08	0.0385338
0.59	0.08	0.0390421
0.6	0.08	0.0395404
0.61	0.08	0.0400285
0.62	0.08	0.0405059
0.63	0.08	0.0409722
0.64	0.08	0.041427
0.65	0.08	0.0418699
0.66	0.08	0.0423004
0.67	0.08	0.0427179
0.68	0.08	0.0431221
0.69	0.08	0.0435122
0.7	0.08	0.0438879
0.71	0.08	0.0442484
0.72	0.08	0.0445931
0.73	0.08	0.0449214
0.74	0.08	0.0452324
0.75	0.08	0.0455255
0.76	0.08	0.0457997
0.77	0.08	0.0460543
0.78	0.08	0.0462881
0.79	0.08	0.0465003
0.8	0.08	0.0466897
0.81	0.08	0.046855
0.82	0.08	0.046995
0.83	0.08	0.0471081
0.84	0.08	0.0471929
0.85	0.08	0.0472475
0.86	0.08	0.04727
0.87	0.08	0.0472584
0.88	0.08	0.0472101
0.89	0.08	0.0471226
0.9	0.08	0.0469929
0.91	0.08	0.0468175
0.92	0.08	0.0465927
0.93	0.08	0.0463142
0.94	0.08	0.0459771
0.95	0.08	0.045576
0.96	0.08	0.0451047
0.97	0.08	0.0445566
0.98	0.08	0.0439243
0.99	0.08	0.0432
0	0.09	0
0.01	0.09	0.000820475
0.02	0.09	0.00164084
0.03	0.09	0.00246099
0.04	0.09	0.0032808
0.05	0.09	0.00410018
0.06	0.09	0.004919
0.07	0.09	0.00573716
0.08	0.09	0.00655454
0.09	0.09	0.00737104
0.1	0.09	0.00818653
0.11	0.09	0.00900091
0.12	0.09	0.00981405
0.13	0.09	0.0106258
0.14	0.09	0.0114362
0.15	0.09	0.0122449
0.16	0.09	0.0130519
0.17	0.09	0.0138571
0.18	0.09	0.0146604
0.19	0.09	0.0154615
0.2	0.09	0.0162605
0.21	0.09	0.0170571
0.22	0.09	0.0178512
0.23	0.09	0.0186428
0.24	0.09	0.0194316
0.25	0.09	0.0202175
0.26	0.09	0.0210003
0.27	0.09	0.02178
0.28	0.09	0.0225564
0.29	0.09	0.0233293
0.3	0.09	0.0240985
0.31	0.09	0.024864
0.32	0.09	0.0256255
0.33	0.09	0.0263829
0.34	0.09	0.027136
0.35	0.09	0.0278847
0.36	0.09	0.0286287
0.37	0.09	0.0293678
0.38	0.09	0.0301019
0.39	0.09	0.0308309
0.4	0.09	0.0315544
0.41	0.09	0.0322723
0.42	0.09	0.0329843
0.43	0.09	0.0336903
0.44	0.09	0.03439
0.45	0.09	0.0350832
0.46	0.09	0.0357697
0.47	0.09	0.0364492
0.48	0.09	0.0371214
0.49	0.09	0.0377861
0.5	0.09	0.0384431
0.51	0.09	0.039092
0.52	0.09	0.0397325
0.53	0.09	0.0403644
0.54	0.09	0.0409873
0.55	0.09	0.0416009
0.56	0.09	0.0422049
0.57	0.09	0.0427989
0.58	0.09	0.0433826
0.59	0.09	0.0439555
0.6	0.09	0.0445174
0.61	0.09	0.0450677
0.62	0.09	0.0456061
0.63	0.09	0.046132
0.64	0.09	0.0466451
0.65	0.09	0.0471448
0.66	0.09	0.0476306
0.67	0.09	0.048102
0.68	0.09	0.0485584
0.69	0.09	0.0489992
0.7	0.09	0.0494238
0.71	0.09	0.0498314
0.72	0.09	0.0502214
0.73	0.09	0.0505931
0.74	0.09	0.0509455
0.75	0.09	0.0512779
0.76	0.09	0.0515893
0.77	0.09	0.0518788
0.78	0.09	0.0521454
0.79	0.09	0.0523878
0.8	0.09	0.0526048
0.81	0.09	0.0527952
0.82	0.09	0.0529575
0.83	0.09	0.0530902
0.84	0.09	0.0531915
0.85	0.09	0.0532595
0.86	0.09	0.0532924
0.87	0.09	0.0532877
0.88	0.09	0.053243
0.89	0.09	0.0531555
0.9	0.09	0.0530222
0.91	0.09	0.0528396
0.92	0.09	0.0526039
0.93	0.09	0.0523109
0.94	0.09	0.0519558
0.95	0.09	0.0515335
0.96	0.09	0.0510382
0.97	0.09	0.0504637
0.98	0.09	0.0498033
0.99	0.09	0.04905
0	0.1	0
0.01	0.1	0.000912087
0.02	0.1	0.00182405
0.03	0.1	0.00273577
0.04	0.1	0.00364713
0.05	0.1	0.00455799
0.06	0.1	0.00546825
0.07	0.1	0.00637777
0.08	0.1	0.00728643
0.09	0.1	0.0081941
0.1	0.1	0.00910067
0.11	0.1	0.010006
0.12	0.1	0.01091
0.13	0.1	0.0118124
0.14	0.1	0.0127133
0.15	0.1	0.0136123
0.16	0.1	0.0145095
0.17	0.1	0.0154047
0.18	0.1	0.0162977
0.19	0.1	0.0171884
0.2	0.1	0.0180766
0.21	0.1	0.0189622
0.22	0.1	0.0198451
0.23	0.1	0.0207251
0.24	0.1	0.0216021
0.25	0.1	0.0224759
0.26	0.1	0.0233463
0.27	0.1	0.0242132
0.28	0.1	0.0250764
0.29	0.1	0.0259357
0.3	0.1	0.0267911
0.31	0.1	0.0276422
0.32	0.1	0.0284889
0.33	0.1	0.0293311
0.34	0.1	0.0301686
0.35	0.1	0.031001
0.36	0.1	0.0318284
0.37	0.1	0.0326504
0.38	0.1	0.0334668
0.39	0.1	0.0342774
0.4	0.1	0.0350821
0.41	0.1	0.0358805
0.42	0.1	0.0366724
0.43	0.1	0.0374577
0.44	0.1	0.038236
0.45	0.1	0.0390071
0.46	0.1	0.0397707
0.47	0.1	0.0405266
0.48	0.1	0.0412744
0.49	0.1	0.042014
0.5	0.1	0.0427449
0.51	0.1	0.0434669
0.52	0.1	0.0441797
0.53	0.1	0.0448829
0.54	0.1	0.0455762
0.55	0.1	0.0462591
0.56	0.1	0.0469315
0.57	0.1	0.0475928
0.58	0.1	0.0482426
0.59	0.1	0.0488806
0.6	0.1	0.0495064
0.61	0.1	0.0501193
0.62	0.1	0.0507191
0.63	0.1	0.0513052
0.64	0.1	0.051877
0.65	0.1	0.0524341
0.66	0.1	0.0529758
0.67	0.1	0.0535016
0.68	0.1	0.0540108
0.69	0.1	0.0545029
0.7	0.1	0.054977
0.71	0.1	0.0554325
0.72	0.1	0.0558685
0.73	0.1	0.0562843
0.74	0.1	0.056679
0.75	0.1	0.0570517
0.76	0.1	0.0574013
0.77	0.1	0.0577268
0.78	0.1	0.058027
0.79	0.1	0.0583008
0.8	0.1	0.0585469
0.81	0.1	0.0587638
0.82	0.1	0.05895
0.83	0.1	0.0591038
0.84	0.1	0.0592235
0.85	0.1	0.0593071
0.86	0.1	0.0593524
0.87	0.1	0.0593572
0.88	0.1	0.0593188
0.89	0.1	0.0592344
0.9	0.1	0.0591009
0.91	0.1	0.0589149
0.92	0.1	0.0586725
0.93	0.1	0.0583697
0.94	0.1	0.0580019
0.95	0.1	0.0575641
0.96	0.1	0.0570509
0.97	0.1	0.0564566
0.98	0.1	0.0557751
0.99	0.1	0.055
0	0.11	0
0.01	0.11	0.00100384
0.02	0.11	0.00200754
0.03	0.11	0.00301098
0.04	0.11	0.00401402
0.05	0.11	0.00501652
0.06	0.11	0.00601834
0.07	0.11	0.00701937
0.08	0.11	0.00801945
0.09	0.11	0.00901845
0.1	0.11	0.0100162
0.11	0.11	0.0110127
0.12	0.11	0.0120076
0.13	0.11	0.0130009
0.14	0.11	0.0139924
0.15	0.11	0.0149819
0.16	0.11	0.0159694
0.17	0.11	0.0169547
0.18	0.11	0.0179376
0.19	0.11	0.0189179
0.2	0.11	0.0198956
0.21	0.11	0.0208705
0.22	0.11	0.0218423
0.23	0.11	0.0228109
0.24	0.11	0.0237762
0.25	0.11	0.0247381
0.26	0.11	0.0256962
0.27	0.11	0.0266504
0.28	0.11	0.0276007
0.29	0.11	0.0285467
0.3	0.11	0.0294883
0.31	0.11	0.0304253
0.32	0.11	0.0313574
0.33	0.11	0.0322846
0.34	0.11	0.0332066
0.35	0.11	0.0341231
0.36	0.11	0.035034
0.37	0.11	0.035939
0.38	0.11	0.0368379
0.39	0.11	0.0377305
0.4	0.11	0.0386165
0.41	0.11	0.0394957
0.42	0.11	0.0403678
0.43	0.11	0.0412326
0.44	0.11	0.0420897
0.45	0.11	0.042939
0.46	0.11	0.04378
0.47	0.11	0.0446126
0.48	0.11	0.0454364
0.49	0.11	0.046251
0.5	0.11	0.0470563
0.51	0.11	0.0478517
0.52	0.11	0.0486371
0.53	0.11	0.0494119
0.54	0.11	0.0501759
0.55	0.11	0.0509286
0.56	0.11	0.0516697
0.57	0.11	0.0523986
0.58	0.11	0.0531151
0.59	0.11	0.0538186
0.6	0.11	0.0545087
0.61	0.11	0.0551848
0.62	0.11	0.0558464
0.63	0.11	0.0564931
0.64	0.11	0.0571242
0.65	0.11	0.0577392
0.66	0.11	0.0583374
0.67	0.11	0.0589182
0.68	0.11	0.059481
0.69	0.11	0.0600249
0.7	0.11	0.0605493
0.71	0.11	0.0610534
0.72	0.11	0.0615363
0.73	0.11	0.0619972
0.74	0.11	0.062435
0.75	0.11	0.0628489
0.76	0.11	0.0632377
0.77	0.11	0.0636003
0.78	0.11	0.0639355
0.79	0.11	0.064242
0.8	0.11	0.0645185
0.81	0.11	0.0647634
0.82	0.11	0.0649751
0.83	0.11	0.0651519
0.84	0.11	0.0652919
0.85	0.11	0.0653931
0.86	0.11	0.0654533
0.87	0.11	0.0654701
0.88	0.11	0.0654408
0.89	0.11	0.0653626
0.9	0.11	0.0652323
0.91	0.11	0.0650466
0.92	0.11	0.0648018
0.93	0.11	0.0644937
0.94	0.11	0.0641181
0.95	0.11	0.0636701
0.96	0.11	0.0631448
0.97	0.11	0.0625368
0.98	0.11	0.0618405
0.99	0.11	0.06105
0	0.12	0
0.01	0.12	0.00109574
0.02	0.12	0.00219134
0.03	0.12	0.00328665
0.04	0.12	0.00438152
0.05	0.12	0.00547581
0.06	0.12	0.00656937
0.07	0.12	0.00766205
0.08	0.12	0.00875371
0.09	0.12	0.00984419
0.1	0.12	0.0109333
0.11	0.12	0.012021
0.12	0.12	0.0131071
0.13	0.12	0.0141913
0.14	0.12	0.0152737
0.15	0.12	0.0163539
0.16	0.12	0.0174319
0.17	0.12	0.0185074
0.18	0.12	0.0195804
0.19	0.12	0.0206506
0.2	0.12	0.0217179
0.21	0.12	0.0227821
0.22	0.12	0.023843
0.23	0.12	0.0249005
0.24	0.12	0.0259543
0.25	0.12	0.0270044
0.26	0.12	0.0280504
0.27	0.12	0.0290922
0.28	0.12	0.0301297
0.29	0.12	0.0311625
0.3	0.12	0.0321906
0.31	0.12	0.0332137
0.32	0.12	0.0342315
0.33	0.12	0.0352439
0.34	0.12	0.0362506
0.35	0.12	0.0372514
0.36	0.12	0.0382461
0.37	0.12	0.0392344
0.38	0.12	0.040216
0.39	0.12	0.0411908
0.4	0.12	0.0421584
0.41	0.12	0.0431187
0.42	0.12	0.0440712
0.43	0.12	0.0450157
0.44	0.12	0.045952
0.45	0.12	0.0468797
0.46	0.12	0.0477984
0.47	0.12	0.048708
0.48	0.12	0.049608
0.49	0.12	0.0504982
0.5	0.12	0.051378
0.51	0.12	0.0522473
0.52	0.12	0.0531056
0.53	0.12	0.0539524
0.54	0.12	0.0547875
0.55	0.12	0.0556104
0.56	0.12	0.0564206
0.57	0.12	0.0572177
0.58	0.12	0.0580012
0.59	0.12	0.0587706
0.6	0.12	0.0595255
0.61	0.12	0.0602652
0.62	0.12	0.0609893
0.63	0.12	0.0616971
0.64	0.12	0.0623881
0.65	0.12	0.0630616
0.66	0.12	0.0637169
0.67	0.12	0.0643535
0.68	0.12	0.0649704
0.69	0.12	0.065567
0.7	0.12	0.0661425
0.71	0.12	0.066696
0.72	0.12	0.0672266
0.73	0.12	0.0677335
0.74	0.12	0.0682155
0.75	0.12	0.0686716
0.76	0.12	0.0691007
0.77	0.12	0.0695016
0.78	0.12	0.0698731
0.79	0.12	0.0702137
0.8	0.12	0.070522
0.81	0.12	0.0707965
0.82	0.12	0.0710355
0.83	0.12	0.0712371
0.84	0.12	0.0713995
0.85	0.12	0.0715205
0.86	0.12	0.0715979
0.87	0.12	0.0716292
0.88	0.12	0.0716119
0.89	0.12	0.071543
0.9	0.12	0.0714193
0.91	0.12	0.0712377
0.92	0.12	0.0709943
0.93	0.12	0.0706854
0.94	0.12	0.0703066
0.95	0.12	0.0698536
0.96	0.12	0.0693215
0.97	0.12	0.0687054
0.98	0.12	0.068
0.99	0.12	0.0672
0	0.13	0
0.01	0.13	0.00118782
0.02	0.13	0.00237548
0.03	0.13	0.00356283
0.04	0.13	0.0047497
0.05	0.13	0.00593595
0.06	0.13	0.0071214
0.07	0.13	0.00830592
0.08	0.13	0.00948932
0.09	0.13	0.0106715
0.1	0.13	0.0118522
0.11	0.13	0.0130313
0.12	0.13	0.0142086
0.13	0.13	0.015384
0.14	0.13	0.0165574
0.15	0.13	0.0177284
0.16	0.13	0.0188971
0.17	0.13	0.0200631
0.18	0.13	0.0212263
0.19	0.13	0.0223866
0.2	0.13	0.0235437
0.21	0.13	0.0246974
0.22	0.13	0.0258476
0.23	0.13	0.0269941
0.24	0.13	0.0281367
0.25	0.13	0.0292752
0.26	0.13	0.0304094
0.27	0.13	0.031539
0.28	0.13	0.0326639
0.29	0.13	0.0337838
0.3	0.13	0.0348985
0.31	0.13	0.0360079
0.32	0.13	0.0371116
0.33	0.13	0.0382094
0.34	0.13	0.0393011
0.35	0.13	0.0403864
0.36	0.13	0.0414651
0.37	0.13	0.042537
0.38	0.13	0.0436017
0.39	0.13	0.0446589
0.4	0.13	0.0457084
0.41	0.13	0.04675
0.42	0.13	0.0477832
0.43	0.13	0.0488078
0.44	0.13	0.0498235
0.45	0.13	0.0508299
0.46	0.13	0.0518268
0.47	0.13	0.0528137
0.48	0.13	0.0537903
0.49	0.13	0.0547562
0.5	0.13	0.0557111
0.51	0.13	0.0566545
0.52	0.13	0.0575861
0.53	0.13	0.0585054
0.54	0.13	0.059412
0.55	0.13	0.0603055
0.56	0.13	0.0611853
0.57	0.13	0.0620509
0.58	0.13	0.062902
0.59	0.13	0.0637379
0.6	0.13	0.0645581
0.61	0.13	0.065362
0.62	0.13	0.0661491
0.63	0.13	0.0669187
0.64	0.13	0.0676701
0.65	0.13	0.0684028
0.66	0.13	0.0691159
0.67	0.13	0.0698089
0.68	0.13	0.0704808
0.69	0.13	0.0711308
0.7	0.13	0.0717582
0.71	0.13	0.072362
0.72	0.13	0.0729413
0.73	0.13	0.0734951
0.74	0.13	0.0740223
0.75	0.13	0.0745218
0.76	0.13	0.0749924
0.77	0.13	0.0754329
0.78	0.13	0.0758419
0.79	0.13	0.076218
0.8	0.13	0.0765598
0.81	0.13	0.0768655
0.82	0.13	0.0771335
0.83	0.13	0.0773619
0.84	0.13	0.0775487
0.85	0.13	0.0776918
0.86	0.13	0.0777888
0.87	0.13	0.0778374
0.88	0.13	0.0778348
0.89	0.13	0.0777783
0.9	0.13	0.0776646
0.91	0.13	0.0774906
0.92	0.13	0.0772527
0.93	0.13	0.076947
0.94	0.13	0.0765696
0.95	0.13	0.0761162
0.96	0.13	0.0755823
0.97	0.13	0.0749632
0.98	0.13	0.0742541
0.99	0.13	0.07345
0	0.14	0
0.01	0.14	0.00128007
0.02	0.14	0.00255998
0.03	0.14	0.00383954
0.04	0.14	0.0051186
0.05	0.14	0.00639699
0.06	0.14	0.00767453
0.07	0.14	0.00895105
0.08	0.14	0.0102264
0.09	0.14	0.0115004
0.1	0.14	0.0127728
0.11	0.14	0.0140435
0.12	0.14	0.0153124
0.13	0.14	0.0165792
0.14	0.14	0.0178437
0.15	0.14	0.0191058
0.16	0.14	0.0203653
0.17	0.14	0.0216219
0.18	0.14	0.0228756
0.19	0.14	0.0241261
0.2	0.14	0.0253732
0.21	0.14	0.0266167
0.22	0.14	0.0278565
0.23	0.14	0.0290922
0.24	0.14	0.0303238
0.25	0.14	0.0315509
0.26	0.14	0.0327734
0.27	0.14	0.033991
0.28	0.14	0.0352036
0.29	0.14	0.0364108
0.3	0.14	0.0376125
0.31	0.14	0.0388083
0.32	0.14	0.0399982
0.33	0.14	0.0411817
0.34	0.14	0.0423586
0.35	0.14	0.0435288
0.36	0.14	0.0446918
0.37	0.14	0.0458474
0.38	0.14	0.0469954
0.39	0.14	0.0481354
0.4	0.14	0.0492672
0.41	0.14	0.0503903
0.42	0.14	0.0515046
0.43	0.14	0.0526096
0.44	0.14	0.0537051
0.45	0.14	0.0547906
0.46	0.14	0.0558658
0.47	0.14	0.0569304
0.48	0.14	0.057984
0.49	0.14	0.0590261
0.5	0.14	0.0600564
0.51	0.14	0.0610744
0.52	0.14	0.0620798
0.53	0.14	0.0630719
0.54	0.14	0.0640505
0.55	0.14	0.065015
0.56	0.14	0.0659648
0.57	0.14	0.0668996
0.58	0.14	0.0678187
0.59	0.14	0.0687216
0.6	0.14	0.0696077
0.61	0.14	0.0704764
0.62	0.14	0.071327
0.63	0.14	0.072159
0.64	0.14	0.0729716
0.65	0.14	0.0737641
0.66	0.14	0.0745358
0.67	0.14	0.0752859
0.68	0.14	0.0760136
0.69	0.14	0.0767179
0.7	0.14	0.0773981
0.71	0.14	0.0780532
0.72	0.14	0.0786821
0.73	0.14	0.0792839
0.74	0.14	0.0798573
0.75	0.14	0.0804014
0.76	0.14	0.0809147
0.77	0.14	0.0813961
0.78	0.14	0.0818441
0.79	0.14	0.0822573
0.8	0.14	0.082634
0.81	0.14	0.0829727
0.82	0.14	0.0832715
0.83	0.14	0.0835286
0.84	0.14	0.083742
0.85	0.14	0.0839094
0.86	0.14	0.0840285
0.87	0.14	0.084097
0.88	0.14	0.084112
0.89	0.14	0.0840709
0.9	0.14	0.0839705
0.91	0.14	0.0838076
0.92	0.14	0.0835789
0.93	0.14	0.0832805
0.94	0.14	0.0829087
0.95	0.14	0.0824594
0.96	0.14	0.0819284
0.97	0.14	0.0813112
0.98	0.14	0.0806032
0.99	0.14	0.0798
0	0.15	0
0.01	0.15	0.00137252
0.02	0.15	0.00274486
0.03	0.15	0.00411684
0.04	0.15	0.00548829
0.05	0.15	0.00685901
0.06	0.15	0.00822883
0.07	0.15	0.00959756
0.08	0.15	0.010965
0.09	0.15	0.012331
0.1	0.15	0.0136954
0.11	0.15	0.015058
0.12	0.15	0.0164185
0.13	0.15	0.0177768
0.14	0.15	0.0191328
0.15	0.15	0.0204861
0.16	0.15	0.0218366
0.17	0.15	0.0231842
0.18	0.15	0.0245286
0.19	0.15	0.0258695
0.2	0.15	0.0272068
0.21	0.15	0.0285404
0.22	0.15	0.0298698
0.23	0.15	0.0311951
0.24	0.15	0.0325158
0.25	0.15	0.0338318
0.26	0.15	0.0351429
0.27	0.15	0.0364488
0.28	0.15	0.0377492
0.29	0.15	0.039044
0.3	0.15	0.0403329
0.31	0.15	0.0416155
0.32	0.15	0.0428918
0.33	0.15	0.0441612
0.34	0.15	0.0454237
0.35	0.15	0.046679
0.36	0.15	0.0479266
0.37	0.15	0.0491663
0.38	0.15	0.0503979
0.39	0.15	0.051621
0.4	0.15	0.0528353
0.41	0.15	0.0540404
0.42	0.15	0.055236
0.43	0.15	0.0564218
0.44	0.15	0.0575973
0.45	0.15	0.0587623
0.46	0.15	0.0599163
0.47	0.15	0.061059
0.48	0.15	0.0621899
0.49	0.15	0.0633087
0.5	0.15	0.0644148
0.51	0.15	0.0655078
0.52	0.15	0.0665873
0.53	0.15	0.0676528
0.54	0.15	0.0687039
0.55	0.15	0.0697399
0.56	0.15	0.0707603
0.57	0.15	0.0717647
0.58	0.15	0.0727524
0.59	0.15	0.0737229
0.6	0.15	0.0746755
0.61	0.15	0.0756095
0.62	0.15	0.0765244
0.63	0.15	0.0774195
0.64	0.15	0.0782939
0.65	0.15	0.0791471
0.66	0.15	0.0799781
0.67	0.15	0.0807861
0.68	0.15	0.0815704
0.69	0.15	0.0823299
0.7	0.15	0.0830638
0.71	0.15	0.0837711
0.72	0.15	0.0844507
0.73	0.15	0.0851015
0.74	0.15	0.0857224
0.75	0.15	0.0863122
0.76	0.15	0.0868696
0.77	0.15	0.0873932
0.78	0.15	0.0878816
0.79	0.15	0.0883333
0.8	0.15	0.0887468
0.81	0.15	0.0891202
0.82	0.15	0.0894517
0.83	0.15	0.0897395
0.84	0.15	0.0899815
0.85	0.15	0.0901756
0.86	0.15	0.0903193
0.87	0.15	0.0904102
0.88	0.15	0.0904457
0.89	0.15	0.090423
0.9	0.15	0.0903391
0.91	0.15	0.0901908
0.92	0.15	0.0899748
0.93	0.15	0.0896876
0.94	0.15	0.0893255
0.95	0.15	0.0888845
0.96	0.15	0.0883607
0.97	0.15	0.0877498
0.98	0.15	0.0870477
0.99	0.15	0.08625
0	0.16	0
0.01	0.16	0.00146518
0.02	0.16	0.00293016
0.03	0.16	0.00439477
0.04	0.16	0.0058588
0.05	0.16	0.00732207
0.06	0.16	0.00878437
0.07	0.16	0.0102455
0.08	0.16	0.0117053
0.09	0.16	0.0131636
0.1	0.16	0.0146201
0.11	0.16	0.0160747
0.12	0.16	0.0175272
0.13	0.16	0.0189773
0.14	0.16	0.0204248
0.15	0.16	0.0218696
0.16	0.16	0.0233114
0.17	0.16	0.0247501
0.18	0.16	0.0261854
0.19	0.16	0.027617
0.2	0.16	0.0290448
0.21	0.16	0.0304686
0.22	0.16	0.031888
0.23	0.16	0.033303
0.24	0.16	0.0347131
0.25	0.16	0.0361183
0.26	0.16	0.0375182
0.27	0.16	0.0389126
0.28	0.16	0.0403012
0.29	0.16	0.0416839
0.3	0.16	0.0430602
0.31	0.16	0.0444299
0.32	0.16	0.0457928
0.33	0.16	0.0471486
0.34	0.16	0.0484969
0.35	0.16	0.0498375
0.36	0.16	0.05117
0.37	0.16	0.0524942
0.38	0.16	0.0538097
0.39	0.16	0.0551162
0.4	0.16	0.0564134
0.41	0.16	0.0577008
0.42	0.16	0.0589781
0.43	0.16	0.060245
0.44	0.16	0.061501
0.45	0.16	0.0627459
0.46	0.16	0.0639791
0.47	0.16	0.0652002
0.48	0.16	0.0664089
0.49	0.16	0.0676047
0.5	0.16	0.0687871
0.51	0.16	0.0699556
0.52	0.16	0.0711098
0.53	0.16	0.0722491
0.54	0.16	0.0733731
0.55	0.16	0.0744812
0.56	0.16	0.0755728
0.57	0.16	0.0766473
0.58	0.16	0.0777042
0.59	0.16	0.0787428
0.6	0.16	0.0797626
0.61	0.16	0.0807627
0.62	0.16	0.0817425
0.63	0.16	0.0827013
0.64	0.16	0.0836384
0.65	0.16	0.0845529
0.66	0.16	0.085444
0.67	0.16	0.0863109
0.68	0.16	0.0871526
0.69	0.16	0.0879682
0.7	0.16	0.0887568
0.71	0.16	0.0895173
0.72	0.16	0.0902487
0.73	0.16	0.0909497
0.74	0.16	0.0916193
0.75	0.16	0.0922561
0.76	0.16	0.0928588
0.77	0.16	0.0934261
0.78	0.16	0.0939564
0.79	0.16	0.0944483
0.8	0.16	0.0949
0.81	0.16	0.0953099
0.82	0.16	0.0956761
0.83	0.16	0.0959967
0.84	0.16	0.0962695
0.85	0.16	0.0964924
0.86	0.16	0.0966632
0.87	0.16	0.0967792
0.88	0.16	0.0968379
0.89	0.16	0.0968366
0.9	0.16	0.0967723
0.91	0.16	0.0966419
0.92	0.16	0.0964422
0.93	0.16	0.0961698
0.94	0.16	0.0958212
0.95	0.16	0.0953925
0.96	0.16	0.0948801
0.97	0.16	0.0942798
0.98	0.16	0.0935879
0.99	0.16	0.0928
0	0.17	0
0.01	0.17	0.00155805
0.02	0.17	0.00311591
0.03	0.17	0.00467336
0.04	0.17	0.0062302
0.05	0.17	0.00778623
0.06	0.17	0.00934125
0.07	0.17	0.010895
0.08	0.17	0.0124474
0.09	0.17	0.0139982
0.1	0.17	0.0155471
0.11	0.17	0.0170939
0.12	0.17	0.0186385
0.13	0.17	0.0201806
0.14	0.17	0.02172
0.15	0.17	0.0232565
0.16	0.17	0.0247899
0.17	0.17	0.0263199
0.18	0.17	0.0278463
0.19	0.17	0.0293689
0.2	0.17	0.0308874
0.21	0.17	0.0324016
0.22	0.17	0.0339113
0.23	0.17	0.0354162
0.24	0.17	0.0369161
0.25	0.17	0.0384107
0.26	0.17	0.0398997
0.27	0.17	0.0413829
0.28	0.17	0.04286
0.29	0.17	0.0443307
0.3	0.17	0.0457948
0.31	0.17	0.0472519
0.32	0.17	0.0487018
0.33	0.17	0.0501441
0.34	0.17	0.0515786
0.35	0.17	0.0530049
0.36	0.17	0.0544227
0.37	0.17	0.0558317
0.38	0.17	0.0572314
0.39	0.17	0.0586217
0.4	0.17	0.060002
0.41	0.17	0.0613721
0.42	0.17	0.0627316
0.43	0.17	0.06408
0.44	0.17	0.0654169
0.45	0.17	0.066742
0.46	0.17	0.0680548
0.47	0.17	0.0693549
0.48	0.17	0.0706418
0.49	0.17	0.071915
0.5	0.17	0.0731742
0.51	0.17	0.0744187
0.52	0.17	0.075648
0.53	0.17	0.0768617
0.54	0.17	0.0780592
0.55	0.17	0.0792399
0.56	0.17	0.0804032
0.57	0.17	0.0815485
0.58	0.17	0.0826752
0.59	0.17	0.0837826
0.6	0.17	0.0848701
0.61	0.17	0.085937
0.62	0.17	0.0869825
0.63	0.17	0.0880058
0.64	0.17	0.0890062
0.65	0.17	0.0899829
0.66	0.17	0.090935
0.67	0.17	0.0918615
0.68	0.17	0.0927617
0.69	0.17	0.0936344
0.7	0.17	0.0944787
0.71	0.17	0.0952935
0.72	0.17	0.0960777
0.73	0.17	0.0968301
0.74	0.17	0.0975495
0.75	0.17	0.0982346
0.76	0.17	0.0988841
0.77	0.17	0.0994965
0.78	0.17	0.10007
0.79	0.17	0.100604
0.8	0.17	0.101096
0.81	0.17	0.101544
0.82	0.17	0.101947
0.83	0.17	0.102302
0.84	0.17	0.102608
0.85	0.17	0.102862
0.86	0.17	0.103062
0.87	0.17	0.103206
0.88	0.17	0.103291
0.89	0.17	0.103313
0.9	0.17	0.103272
0.91	0.17	0.103163
0.92	0.17	0.102983
0.93	0.17	0.102728
0.94	0.17	0.102397
0.95	0.17	0.101984
0.96	0.17	0.101487
0.97	0.17	0.100902
0.98	0.17	0.100224
0.99	0.17	0.09945
0	0.18	0
0.01	0.18	0.00165117
0.02	0.18	0.00330212
0.03	0.18	0.00495264
0.04	0.18	0.00660253
0.05	0.18	0.00825157
0.06	0.18	0.00989953
0.07	0.18	0.0115462
0.08	0.18	0.0131914
0.09	0.18	0.0148349
0.1	0.18	0.0164764
0.11	0.18	0.0181157
0.12	0.18	0.0197527
0.13	0.18	0.0213871
0.14	0.18	0.0230186
0.15	0.18	0.024647
0.16	0.18	0.0262722
0.17	0.18	0.0278938
0.18	0.18	0.0295116
0.19	0.18	0.0311254
0.2	0.18	0.0327349
0.21	0.18	0.0343399
0.22	0.18	0.0359401
0.23	0.18	0.0375352
0.24	0.18	0.0391251
0.25	0.18	0.0407094
0.26	0.18	0.0422878
0.27	0.18	0.0438601
0.28	0.18	0.0454259
0.29	0.18	0.0469851
0.3	0.18	0.0485372
0.31	0.18	0.050082
0.32	0.18	0.0516192
0.33	0.18	0.0531484
0.34	0.18	0.0546694
0.35	0.18	0.0561817
0.36	0.18	0.0576851
0.37	0.18	0.0591792
0.38	0.18	0.0606636
0.39	0.18	0.062138
0.4	0.18	0.0636019
0.41	0.18	0.0650551
0.42	0.18	0.066497
0.43	0.18	0.0679273
0.44	0.18	0.0693456
0.45	0.18	0.0707514
0.46	0.18	0.0721442
0.47	0.18	0.0735237
0.48	0.18	0.0748893
0.49	0.18	0.0762405
0.5	0.18	0.0775769
0.51	0.18	0.0788979
0.52	0.18	0.0802029
0.53	0.18	0.0814915
0.54	0.18	0.082763
0.55	0.18	0.0840169
0.56	0.18	0.0852525
0.57	0.18	0.0864692
0.58	0.18	0.0876664
0.59	0.18	0.0888433
0.6	0.18	0.0899993
0.61	0.18	0.0911336
0.62	0.18	0.0922455
0.63	0.18	0.0933341
0.64	0.18	0.0943987
0.65	0.18	0.0954384
0.66	0.18	0.0964523
0.67	0.18	0.0974395
0.68	0.18	0.098399
0.69	0.18	0.0993297
0.7	0.18	0.100231
0.71	0.18	0.101101
0.72	0.18	0.101939
0.73	0.18	0.102744
0.74	0.18	0.103515
0.75	0.18	0.10425
0.76	0.18	0.104947
0.77	0.18	0.105606
0.78	0.18	0.106225
0.79	0.18	0.106802
0.8	0.18	0.107335
0.81	0.18	0.107824
0.82	0.18	0.108265
0.83	0.18	0.108657
0.84	0.18	0.108998
0.85	0.18	0.109286
0.86	0.18	0.109518
0.87	0.18	0.109692
0.88	0.18	0.109805
0.89	0.18	0.109855
0.9	0.18	0.109839
0.91	0.18	0.109754
0.92	0.18	0.109597
0.93	0.18	0.109365
0.94	0.18	0.109054
0.95	0.18	0.108661
0.96	0.18	0.108183
0.97	0.18	0.107616
0.98	0.18	0.106956
0.99	0.18	0.1062
0	0.19	0
0.01	0.19	0.00174452
0.02	0.19	0.00348882
0.03	0.19	0.00523267
0.04	0.19	0.00697585
0.05	0.19	0.00871813
0.06	0.19	0.0104593
0.07	0.19	0.0121991
0.08	0.19	0.0139373
0.09	0.19	0.0156738
0.1	0.19	0.0174082
0.11	0.19	0.0191403
0.12	0.19	0.0208699
0.13	0.19	0.0225968
0.14	0.19	0.0243207
0.15	0.19	0.0260413
0.16	0.19	0.0277585
0.17	0.19	0.029472
0.18	0.19	0.0311815
0.19	0.19	0.0328867
0.2	0.19	0.0345875
0.21	0.19	0.0362835
0.22	0.19	0.0379745
0.23	0.19	0.0396602
0.24	0.19	0.0413403
0.25	0.19	0.0430146
0.26	0.19	0.0446827
0.27	0.19	0.0463444
0.28	0.19	0.0479993
0.29	0.19	0.0496472
0.3	0.19	0.0512878
0.31	0.19	0.0529206
0.32	0.19	0.0545454
0.33	0.19	0.0561619
0.34	0.19	0.0577697
0.35	0.19	0.0593684
0.36	0.19	0.0609578
0.37	0.19	0.0625374
0.38	0.19	0.0641068
0.39	0.19	0.0656657
0.4	0.19	0.0672137
0.41	0.19	0.0687503
0.42	0.19	0.0702751
0.43	0.19	0.0717878
0.44	0.19	0.0732878
0.45	0.19	0.0747747
0.46	0.19	0.0762481
0.47	0.19	0.0777074
0.48	0.19	0.0791522
0.49	0.19	0.0805819
0.5	0.19	0.081996
0.51	0.19	0.083394
0.52	0.19	0.0847753
0.53	0.19	0.0861394
0.54	0.19	0.0874855
0.55	0.19	0.0888132
0.56	0.19	0.0901218
0.57	0.19	0.0914105
0.58	0.19	0.0926788
0.59	0.19	0.0939259
0.6	0.19	0.0951511
0.61	0.19	0.0963536
0.62	0.19	0.0975327
0.63	0.19	0.0986874
0.64	0.19	0.099817
0.65	0.19	0.100921
0.66	0.19	0.101997
0.67	0.19	0.103046
0.68	0.19	0.104066
0.69	0.19	0.105056
0.7	0.19	0.106015
0.71	0.19	0.106941
0.72	0.19	0.107835
0.73	0.19	0.108694
0.74	0.19	0.109517
0.75	0.19	0.110302
0.76	0.19	0.111049
0.77	0.19	0.111756
0.78	0.19	0.112422
0.79	0.19	0.113044
0.8	0.19	0.113621
0.81	0.19	0.114151
0.82	0.19	0.114633
0.83	0.19	0.115064
0.84	0.19	0.115442
0.85	0.19	0.115766
0.86	0.19	0.116032
0.87	0.19	0.116239
0.88	0.19	0.116383
0.89	0.19	0.116463
0.9	0.19	0.116476
0.91	0.19	0.116418
0.92	0.19	0.116287
0.93	0.19	0.11608
0.94	0.19	0.115793
0.95	0.19	0.115423
0.96	0.19	0.114968
0.97	0.19	0.114423
0.98	0.19	0.113785
0.99	0.19	0.11305
0	0.2	0
0.01	0.2	0.00183814
0.02	0.2	0.00367604
0.03	0.2	0.00551348
0.04	0.2	0.00735021
0.05	0.2	0.009186
0.06	0.2	0.0110206
0.07	0.2	0.0128538
0.08	0.2	0.0146854
0.09	0.2	0.016515
0.1	0.2	0.0183426
0.11	0.2	0.0201677
0.12	0.2	0.0219902
0.13	0.2	0.0238099
0.14	0.2	0.0256264
0.15	0.2	0.0274396
0.16	0.2	0.0292491
0.17	0.2	0.0310547
0.18	0.2	0.0328562
0.19	0.2	0.0346532
0.2	0.2	0.0364455
0.21	0.2	0.0382329
0.22	0.2	0.040015
0.23	0.2	0.0417915
0.24	0.2	0.0435622
0.25	0.2	0.0453268
0.26	0.2	0.047085
0.27	0.2	0.0488364
0.28	0.2	0.0505807
0.29	0.2	0.0523177
0.3	0.2	0.0540469
0.31	0.2	0.0557681
0.32	0.2	0.0574809
0.33	0.2	0.059185
0.34	0.2	0.06088
0.35	0.2	0.0625655
0.36	0.2	0.0642412
0.37	0.2	0.0659067
0.38	0.2	0.0675616
0.39	0.2	0.0692054
0.4	0.2	0.0708378
0.41	0.2	0.0724583
0.42	0.2	0.0740665
0.43	0.2	0.0756619
0.44	0.2	0.0772442
0.45	0.2	0.0788127
0.46	0.2	0.0803671
0.47	0.2	0.0819068
0.48	0.2	0.0834312
0.49	0.2	0.08494
0.5	0.2	0.0864324
0.51	0.2	0.087908
0.52	0.2	0.0893661
0.53	0.2	0.0908062
0.54	0.2	0.0922276
0.55	0.2	0.0936298
0.56	0.2	0.0950119
0.57	0.2	0.0963734
0.58	0.2	0.0977135
0.59	0.2	0.0990315
0.6	0.2	0.100327
0.61	0.2	0.101598
0.62	0.2	0.102845
0.63	0.2	0.104067
0.64	0.2	0.105262
0.65	0.2	0.106431
0.66	0.2	0.107571
0.67	0.2	0.108682
0.68	0.2	0.109764
0.69	0.2	0.110814
0.7	0.2	0.111831
0.71	0.2	0.112816
0.72	0.2	0.113766
0.73	0.2	0.11468
0.74	0.2	0.115556
0.75	0.2	0.116394
0.76	0.2	0.117193
0.77	0.2	0.117949
0.78	0.2	0.118663
0.79	0.2	0.119332
0.8	0.2	0.119954
0.81	0.2	0.120528
0.82	0.2	0.121052
0.83	0.2	0.121524
0.84	0.2	0.121942
0.85	0.2	0.122304
0.86	0.2	0.122606
0.87	0.2	0.122848
0.88	0.2	0.123027
0.89	0.2	0.123139
0.9	0.2	0.123183
0.91	0.2	0.123156
0.92	0.2	0.123054
0.93	0.2	0.122875
0.94	0.2	0.122615
0.95	0.2	0.122272
0.96	0.2	0.121842
0.97	0.2	0.121323
0.98	0.2	0.12071
0.99	0.2	0.12
0	0.21	0
0.01	0.21	0.00193202
0.02	0.21	0.0038638
0.03	0.21	0.00579509
0.04	0.21	0.00772565
0.05	0.21	0.00965522
0.06	0.21	0.0115836
0.07	0.21	0.0135104
0.08	0.21	0.0154356
0.09	0.21	0.0173588
0.1	0.21	0.0192797
0.11	0.21	0.0211982
0.12	0.21	0.0231139
0.13	0.21	0.0250266
0.14	0.21	0.0269361
0.15	0.21	0.028842
0.16	0.21	0.0307441
0.17	0.21	0.0326422
0.18	0.21	0.0345359
0.19	0.21	0.036425
0.2	0.21	0.0383092
0.21	0.21	0.0401882
0.22	0.21	0.0420617
0.23	0.21	0.0439294
0.24	0.21	0.0457911
0.25	0.21	0.0476463
0.26	0.21	0.0494948
0.27	0.21	0.0513362
0.28	0.21	0.0531703
0.29	0.21	0.0549967
0.3	0.21	0.056815
0.31	0.21	0.058625
0.32	0.21	0.0604262
0.33	0.21	0.0622182
0.34	0.21	0.0640008
0.35	0.21	0.0657735
0.36	0.21	0.067536
0.37	0.21	0.0692877
0.38	0.21	0.0710284
0.39	0.21	0.0727576
0.4	0.21	0.0744748
0.41	0.21	0.0761797
0.42	0.21	0.0778717
0.43	0.21	0.0795505
0.44	0.21	0.0812154
0.45	0.21	0.0828661
0.46	0.21	0.0845019
0.47	0.21	0.0861225
0.48	0.21	0.0877272
0.49	0.21	0.0893155
0.5	0.21	0.0908868
0.51	0.21	0.0924405
0.52	0.21	0.0939761
0.53	0.21	0.0954929
0.54	0.21	0.0969902
0.55	0.21	0.0984674
0.56	0.21	0.0999238
0.57	0.21	0.101359
0.58	0.21	0.102771
0.59	0.21	0.104161
0.6	0.21	0.105527
0.61	0.21	0.106868
0.62	0.21	0.108184
0.63	0.21	0.109474
0.64	0.21	0.110736
0.65	0.21	0.11197
0.66	0.21	0.113175
0.67	0.21	0.11435
0.68	0.21	0.115493
0.69	0.21	0.116605
0.7	0.21	0.117683
0.71	0.21	0.118726
0.72	0.21	0.119733
0.73	0.21	0.120704
0.74	0.21	0.121635
0.75	0.21	0.122527
0.76	0.21	0.123378
0.77	0.21	0.124186
0.78	0.21	0.124949
0.79	0.21	0.125667
0.8	0.21	0.126336
0.81	0.21	0.126956
0.82	0.21	0.127524
0.83	0.21	0.128039
0.84	0.21	0.128499
0.85	0.21	0.1289
0.86	0.21	0.129242
0.87	0.21	0.129522
0.88	0.21	0.129737
0.89	0.21	0.129884
0.9	0.21	0.129962
0.91	0.21	0.129968
0.92	0.21	0.129898
0.93	0.21	0.12975
0.94	0.21	0.129521
0.95	0.21	0.129207
0.96	0.21	0.128807
0.97	0.21	0.128316
0.98	0.21	0.127731
0.99	0.21	0.12705
0	0.22	0
0.01	0.22	0.00202619
0.02	0.22	0.00405213
0.03	0.22	0.00607756
0.04	0.22	0.00810223
0.05	0.22	0.0101259
0.06	0.22	0.0121482
0.07	0.22	0.0141691
0.08	0.22	0.0161881
0.09	0.22	0.0182051
0.1	0.22	0.0202197
0.11	0.22	0.0222318
0.12	0.22	0.024241
0.13	0.22	0.0262471
0.14	0.22	0.0282498
0.15	0.22	0.0302488
0.16	0.22	0.0322439
0.17	0.22	0.0342347
0.18	0.22	0.036221
0.19	0.22	0.0382025
0.2	0.22	0.0401788
0.21	0.22	0.0421498
0.22	0.22	0.044115
0.23	0.22	0.0460743
0.24	0.22	0.0480271
0.25	0.22	0.0499733
0.26	0.22	0.0519125
0.27	0.22	0.0538444
0.28	0.22	0.0557686
0.29	0.22	0.0576848
0.3	0.22	0.0595926
0.31	0.22	0.0614916
0.32	0.22	0.0633816
0.33	0.22	0.065262
0.34	0.22	0.0671326
0.35	0.22	0.0689929
0.36	0.22	0.0708425
0.37	0.22	0.072681
0.38	0.22	0.0745079
0.39	0.22	0.0763229
0.4	0.22	0.0781255
0.41	0.22	0.0799152
0.42	0.22	0.0816915
0.43	0.22	0.083454
0.44	0.22	0.0852021
0.45	0.22	0.0869354
0.46	0.22	0.0886533
0.47	0.22	0.0903553
0.48	0.22	0.0920408
0.49	0.22	0.0937092
0.5	0.22	0.09536
0.51	0.22	0.0969925
0.52	0.22	0.0986061
0.53	0.22	0.1002
0.54	0.22	0.101774
0.55	0.22	0.103327
0.56	0.22	0.104858
0.57	0.22	0.106368
0.58	0.22	0.107854
0.59	0.22	0.109316
0.6	0.22	0.110753
0.61	0.22	0.112165
0.62	0.22	0.11355
0.63	0.22	0.114909
0.64	0.22	0.116239
0.65	0.22	0.117539
0.66	0.22	0.11881
0.67	0.22	0.120049
0.68	0.22	0.121257
0.69	0.22	0.12243
0.7	0.22	0.123569
0.71	0.22	0.124673
0.72	0.22	0.125739
0.73	0.22	0.126767
0.74	0.22	0.127755
0.75	0.22	0.128703
0.76	0.22	0.129607
0.77	0.22	0.130468
0.78	0.22	0.131283
0.79	0.22	0.13205
0.8	0.22	0.132768
0.81	0.22	0.133436
0.82	0.22	0.13405
0.83	0.22	0.13461
0.84	0.22	0.135113
0.85	0.22	0.135558
0.86	0.22	0.135941
0.87	0.22	0.13626
0.88	0.22	0.136514
0.89	0.22	0.136699
0.9	0.22	0.136814
0.91	0.22	0.136855
0.92	0.22	0.13682
0.93	0.22	0.136706
0.94	0.22	0.136511
0.95	0.22	0.13623
0.96	0.22	0.135862
0.97	0.22	0.135403
0.98	0.22	0.13485
0.99	0.22	0.1342
0	0.23	0
0.01	0.23	0.00212066
0.02	0.23	0.00424105
0.03	0.23	0.00636092
0.04	0.23	0.00847998
0.05	0.23	0.010598
0.06	0.23	0.0127147
0.07	0.23	0.0148298
0.08	0.23	0.016943
0.09	0.23	0.019054
0.1	0.23	0.0211627
0.11	0.23	0.0232687
0.12	0.23	0.0253717
0.13	0.23	0.0274715
0.14	0.23	0.0295677
0.15	0.23	0.0316601
0.16	0.23	0.0337484
0.17	0.23	0.0358323
0.18	0.23	0.0379115
0.19	0.23	0.0399857
0.2	0.23	0.0420546
0.21	0.23	0.0441179
0.22	0.23	0.0461752
0.23	0.23	0.0482263
0.24	0.23	0.0502707
0.25	0.23	0.0523083
0.26	0.23	0.0543385
0.27	0.23	0.0563612
0.28	0.23	0.0583759
0.29	0.23	0.0603822
0.3	0.23	0.0623799
0.31	0.23	0.0643684
0.32	0.23	0.0663475
0.33	0.23	0.0683168
0.34	0.23	0.0702757
0.35	0.23	0.072224
0.36	0.23	0.0741612
0.37	0.23	0.0760869
0.38	0.23	0.0780006
0.39	0.23	0.0799018
0.4	0.23	0.0817902
0.41	0.23	0.0836652
0.42	0.23	0.0855263
0.43	0.23	0.0873731
0.44	0.23	0.0892049
0.45	0.23	0.0910214
0.46	0.23	0.0928219
0.47	0.23	0.0946058
0.48	0.23	0.0963727
0.49	0.23	0.0981218
0.5	0.23	0.0998527
0.51	0.23	0.101565
0.52	0.23	0.103257
0.53	0.23	0.104929
0.54	0.23	0.10658
0.55	0.23	0.10821
0.56	0.23	0.109817
0.57	0.23	0.111401
0.58	0.23	0.112961
0.59	0.23	0.114496
0.6	0.23	0.116006
0.61	0.23	0.117489
0.62	0.23	0.118945
0.63	0.23	0.120373
0.64	0.23	0.121772
0.65	0.23	0.12314
0.66	0.23	0.124477
0.67	0.23	0.125782
0.68	0.23	0.127054
0.69	0.23	0.128291
0.7	0.23	0.129493
0.71	0.23	0.130658
0.72	0.23	0.131784
0.73	0.23	0.132871
0.74	0.23	0.133917
0.75	0.23	0.134921
0.76	0.23	0.135881
0.77	0.23	0.136796
0.78	0.23	0.137664
0.79	0.23	0.138483
0.8	0.23	0.139252
0.81	0.23	0.139969
0.82	0.23	0.140632
0.83	0.23	0.141239
0.84	0.23	0.141788
0.85	0.23	0.142276
0.86	0.23	0.142703
0.87	0.23	0.143065
0.88	0.23	0.14336
0.89	0.23	0.143586
0.9	0.23	0.14374
0.91	0.23	0.14382
0.92	0.23	0.143822
0.93	0.23	0.143745
0.94	0.23	0.143586
0.95	0.23	0.143341
0.96	0.23	0.143008
0.97	0.23	0.142583
0.98	0.23	0.142065
0.99	0.23	0.14145
0	0.24	0
0.01	0.24	0.00221543
0.02	0.24	0.00443058
0.03	0.24	0.00664519
0.04	0.24	0.00885897
0.05	0.24	0.0110717
0.06	0.24	0.013283
0.07	0.24	0.0154926
0.08	0.24	0.0177003
0.09	0.24	0.0199058
0.1	0.24	0.0221088
0.11	0.24	0.024309
0.12	0.24	0.0265061
0.13	0.24	0.0286999
0.14	0.24	0.03089
0.15	0.24	0.0330762
0.16	0.24	0.0352581
0.17	0.24	0.0374354
0.18	0.24	0.0396078
0.19	0.24	0.0417751
0.2	0.24	0.0439368
0.21	0.24	0.0460927
0.22	0.24	0.0482425
0.23	0.24	0.0503858
0.24	0.24	0.0525222
0.25	0.24	0.0546514
0.26	0.24	0.0567732
0.27	0.24	0.058887
0.28	0.24	0.0609925
0.29	0.24	0.0630894
0.3	0.24	0.0651773
0.31	0.24	0.0672558
0.32	0.24	0.0693245
0.33	0.24	0.0713829
0.34	0.24	0.0734307
0.35	0.24	0.0754675
0.36	0.24	0.0774927
0.37	0.24	0.079506
0.38	0.24	0.0815069
0.39	0.24	0.0834949
0.4	0.24	0.0854696
0.41	0.24	0.0874304
0.42	0.24	0.0893768
0.43	0.24	0.0913083
0.44	0.24	0.0932245
0.45	0.24	0.0951246
0.46	0.24	0.0970083
0.47	0.24	0.0988748
0.48	0.24	0.100724
0.49	0.24	0.102554
0.5	0.24	0.104366
0.51	0.24	0.106158
0.52	0.24	0.107929
0.53	0.24	0.10968
0.54	0.24	0.111409
0.55	0.24	0.113116
0.56	0.24	0.114799
0.57	0.24	0.116459
0.58	0.24	0.118094
0.59	0.24	0.119703
0.6	0.24	0.121286
0.61	0.24	0.122842
0.62	0.24	0.124369
0.63	0.24	0.125868
0.64	0.24	0.127336
0.65	0.24	0.128773
0.66	0.24	0.130178
0.67	0.24	0.13155
0.68	0.24	0.132887
0.69	0.24	0.134189
0.7	0.24	0.135454
0.71	0.24	0.136682
0.72	0.24	0.13787
0.73	0.24	0.139017
0.74	0.24	0.140122
0.75	0.24	0.141184
0.76	0.24	0.142202
0.77	0.24	0.143172
0.78	0.24	0.144095
0.79	0.24	0.144968
0.8	0.24	0.145789
0.81	0.24	0.146557
0.82	0.24	0.14727
0.83	0.24	0.147926
0.84	0.24	0.148523
0.85	0.24	0.149058
0.86	0.24	0.14953
0.87	0.24	0.149937
0.88	0.24	0.150276
0.89	0.24	0.150544
0.9	0.24	0.15074
0.91	0.24	0.150861
0.92	0.24	0.150904
0.93	0.24	0.150867
0.94	0.24	0.150746
0.95	0.24	0.15054
0.96	0.24	0.150245
0.97	0.24	0.149858
0.98	0.24	0.149378
0.99	0.24	0.1488
0	0.25	0
0.01	0.25	0.00231052
0.02	0.25	0.00462076
0.03	0.25	0.00693042
0.04	0.25	0.00923924
0.05	0.25	0.0115469
0.06	0.25	0.0138532
0.07	0.25	0.0161577
0.08	0.25	0.0184602
0.09	0.25	0.0207605
0.1	0.25	0.0230581
0.11	0.25	0.0253529
0.12	0.25	0.0276445
0.13	0.25	0.0299326
0.14	0.25	0.0322169
0.15	0.25	0.0344971
0.16	0.25	0.0367729
0.17	0.25	0.039044
0.18	0.25	0.04131
0.19	0.25	0.0435707
0.2	0.25	0.0458257
0.21	0.25	0.0480746
0.22	0.25	0.0503172
0.23	0.25	0.052553
0.24	0.25	0.0547818
0.25	0.25	0.0570031
0.26	0.25	0.0592167
0.27	0.25	0.0614221
0.28	0.25	0.0636189
0.29	0.25	0.0658068
0.3	0.25	0.0679853
0.31	0.25	0.0701541
0.32	0.25	0.0723128
0.33	0.25	0.0744609
0.34	0.25	0.076598
0.35	0.25	0.0787237
0.36	0.25	0.0808374
0.37	0.25	0.0829389
0.38	0.25	0.0850274
0.39	0.25	0.0871027
0.4	0.25	0.0891641
0.41	0.25	0.0912112
0.42	0.25	0.0932435
0.43	0.25	0.0952604
0.44	0.25	0.0972613
0.45	0.25	0.0992458
0.46	0.25	0.101213
0.47	0.25	0.103163
0.48	0.25	0.105094
0.49	0.25	0.107007
0.5	0.25	0.1089
0.51	0.25	0.110772
0.52	0.25	0.112624
0.53	0.25	0.114454
0.54	0.25	0.116262
0.55	0.25	0.118047
0.56	0.25	0.119807
0.57	0.25	0.121543
0.58	0.25	0.123254
0.59	0.25	0.124938
0.6	0.25	0.126595
0.61	0.25	0.128224
0.62	0.25	0.129824
0.63	0.25	0.131394
0.64	0.25	0.132933
0.65	0.25	0.13444
0.66	0.25	0.135913
0.67	0.25	0.137353
0.68	0.25	0.138757
0.69	0.25	0.140125
0.7	0.25	0.141455
0.71	0.25	0.142746
0.72	0.25	0.143997
0.73	0.25	0.145206
0.74	0.25	0.146372
0.75	0.25	0.147494
0.76	0.25	0.148569
0.77	0.25	0.149597
0.78	0.25	0.150576
0.79	0.25	0.151504
0.8	0.25	0.15238
0.81	0.25	0.153201
0.82	0.25	0.153966
0.83	0.25	0.154673
0.84	0.25	0.155319
0.85	0.25	0.155904
0.86	0.25	0.156424
0.87	0.25	0.156878
0.88	0.25	0.157262
0.89	0.25	0.157576
0.9	0.25	0.157816
0.91	0.25	0.157981
0.92	0.25	0.158067
0.93	0.25	0.158071
0.94	0.25	0.157993
0.95	0.25	0.157827
0.96	0.25	0.157573
0.97	0.25	0.157228
0.98	0.25	0.156787
0.99	0.25	0.15625
0	0.26	0
0.01	0.26	0.00240594
0.02	0.26	0.00481159
0.03	0.26	0.00721664
0.04	0.26	0.00962082
0.05	0.26	0.0120238
0.06	0.26	0.0144254
0.07	0.26	0.0168251
0.08	0.26	0.0192228
0.09	0.26	0.0216181
0.1	0.26	0.0240108
0.11	0.26	0.0264004
0.12	0.26	0.0287868
0.13	0.26	0.0311696
0.14	0.26	0.0335485
0.15	0.26	0.0359231
0.16	0.26	0.0382932
0.17	0.26	0.0406584
0.18	0.26	0.0430184
0.19	0.26	0.0453729
0.2	0.26	0.0477214
0.21	0.26	0.0500638
0.22	0.26	0.0523995
0.23	0.26	0.0547283
0.24	0.26	0.0570498
0.25	0.26	0.0593637
0.26	0.26	0.0616694
0.27	0.26	0.0639668
0.28	0.26	0.0662553
0.29	0.26	0.0685346
0.3	0.26	0.0708042
0.31	0.26	0.0730638
0.32	0.26	0.075313
0.33	0.26	0.0775512
0.34	0.26	0.079778
0.35	0.26	0.0819931
0.36	0.26	0.0841958
0.37	0.26	0.0863858
0.38	0.26	0.0885626
0.39	0.26	0.0907256
0.4	0.26	0.0928744
0.41	0.26	0.0950084
0.42	0.26	0.097127
0.43	0.26	0.0992298
0.44	0.26	0.101316
0.45	0.26	0.103385
0.46	0.26	0.105437
0.47	0.26	0.107471
0.48	0.26	0.109485
0.49	0.26	0.11148
0.5	0.26	0.113455
0.51	0.26	0.115409
0.52	0.26	0.117342
0.53	0.26	0.119252
0.54	0.26	0.121139
0.55	0.26	0.123003
0.56	0.26	0.124841
0.57	0.26	0.126655
0.58	0.26	0.128442
0.59	0.26	0.130202
0.6	0.26	0.131934
0.61	0.26	0.133637
0.62	0.26	0.13531
0.63	0.26	0.136952
0.64	0.26	0.138563
0.65	0.26	0.14014
0.66	0.26	0.141684
0.67	0.26	0.143193
0.68	0.26	0.144665
0.69	0.26	0.1461
0.7	0.26	0.147496
0.71	0.26	0.148852
0.72	0.26	0.150167
0.73	0.26	0.151439
0.74	0.26	0.152667
0.75	0.26	0.15385
0.76	0.26	0.154985
0.77	0.26	0.156073
0.78	0.26	0.157109
0.79	0.26	0.158094
0.8	0.26	0.159026
0.81	0.26	0.159902
0.82	0.26	0.160721
0.83	0.26	0.16148
0.84	0.26	0.162179
0.85	0.26	0.162814
0.86	0.26	0.163385
0.87	0.26	0.163887
0.88	0.26	0.164321
0.89	0.26	0.164682
0.9	0.26	0.164969
0.91	0.26	0.165179
0.92	0.26	0.16531
0.93	0.26	0.16536
0.94	0.26	0.165326
0.95	0.26	0.165204
0.96	0.26	0.164994
0.97	0.26	0.164691
0.98	0.26	0.164294
0.99	0.26	0.1638
0	0.27	0
0.01	0.27	0.0025017
0.02	0.27	0.0050031
0.03	0.27	0.00750389
0.04	0.27	0.0100038
0.05	0.27	0.0125024
0.06	0.27	0.0149996
0.07	0.27	0.0174949
0.08	0.27	0.0199881
0.09	0.27	0.0224789
0.1	0.27	0.0249669
0.11	0.27	0.0274518
0.12	0.27	0.0299333
0.13	0.27	0.0324111
0.14	0.27	0.0348849
0.15	0.27	0.0373544
0.16	0.27	0.0398191
0.17	0.27	0.0422788
0.18	0.27	0.0447331
0.19	0.27	0.0471817
0.2	0.27	0.0496243
0.21	0.27	0.0520604
0.22	0.27	0.0544897
0.23	0.27	0.0569119
0.24	0.27	0.0593265
0.25	0.27	0.0617333
0.26	0.27	0.0641317
0.27	0.27	0.0665215
0.28	0.27	0.0689021
0.29	0.27	0.0712732
0.3	0.27	0.0736344
0.31	0.27	0.0759853
0.32	0.27	0.0783253
0.33	0.27	0.0806541
0.34	0.27	0.0829712
0.35	0.27	0.0852761
0.36	0.27	0.0875683
0.37	0.27	0.0898474
0.38	0.27	0.0921129
0.39	0.27	0.0943642
0.4	0.27	0.0966008
0.41	0.27	0.0988222
0.42	0.27	0.101028
0.43	0.27	0.103217
0.44	0.27	0.105389
0.45	0.27	0.107544
0.46	0.27	0.109681
0.47	0.27	0.111799
0.48	0.27	0.113897
0.49	0.27	0.115976
0.5	0.27	0.118033
0.51	0.27	0.120069
0.52	0.27	0.122083
0.53	0.27	0.124074
0.54	0.27	0.126042
0.55	0.27	0.127985
0.56	0.27	0.129902
0.57	0.27	0.131794
0.58	0.27	0.133658
0.59	0.27	0.135495
0.6	0.27	0.137303
0.61	0.27	0.139081
0.62	0.27	0.140828
0.63	0.27	0.142544
0.64	0.27	0.144227
0.65	0.27	0.145877
0.66	0.27	0.147491
0.67	0.27	0.14907
0.68	0.27	0.150611
0.69	0.27	0.152114
0.7	0.27	0.153577
0.71	0.27	0.155
0.72	0.27	0.15638
0.73	0.27	0.157717
0.74	0.27	0.159009
0.75	0.27	0.160254
0.76	0.27	0.161451
0.77	0.27	0.162599
0.78	0.27	0.163695
0.79	0.27	0.164739
0.8	0.27	0.165728
0.81	0.27	0.166661
0.82	0.27	0.167536
0.83	0.27	0.16835
0.84	0.27	0.169103
0.85	0.27	0.169791
0.86	0.27	0.170413
0.87	0.27	0.170967
0.88	0.27	0.171451
0.89	0.27	0.171862
0.9	0.27	0.172198
0.91	0.27	0.172457
0.92	0.27	0.172636
0.93	0.27	0.172733
0.94	0.27	0.172746
0.95	0.27	0.172671
0.96	0.27	0.172507
0.97	0.27	0.17225
0.98	0.27	0.171899
0.99	0.27	0.17145
0	0.28	0
0.01	0.28	0.00259781
0.02	0.28	0.00519531
0.03	0.28	0.00779219
0.04	0.28	0.0103881
0.05	0.28	0.0129828
0.06	0.28	0.015576
0.07	0.28	0.0181672
0.08	0.28	0.0207563
0.09	0.28	0.0233428
0.1	0.28	0.0259265
0.11	0.28	0.0285071
0.12	0.28	0.0310841
0.13	0.28	0.0336573
0.14	0.28	0.0362264
0.15	0.28	0.038791
0.16	0.28	0.0413508
0.17	0.28	0.0439053
0.18	0.28	0.0464544
0.19	0.28	0.0489976
0.2	0.28	0.0515345
0.21	0.28	0.0540648
0.22	0.28	0.0565881
0.23	0.28	0.0591041
0.24	0.28	0.0616123
0.25	0.28	0.0641123
0.26	0.28	0.0666038
0.27	0.28	0.0690864
0.28	0.28	0.0715596
0.29	0.28	0.074023
0.3	0.28	0.0764762
0.31	0.28	0.0789188
0.32	0.28	0.0813502
0.33	0.28	0.08377
0.34	0.28	0.0861778
0.35	0.28	0.0885731
0.36	0.28	0.0909554
0.37	0.28	0.0933241
0.38	0.28	0.0956788
0.39	0.28	0.098019
0.4	0.28	0.100344
0.41	0.28	0.102653
0.42	0.28	0.104947
0.43	0.28	0.107223
0.44	0.28	0.109482
0.45	0.28	0.111723
0.46	0.28	0.113945
0.47	0.28	0.116148
0.48	0.28	0.118331
0.49	0.28	0.120493
0.5	0.28	0.122634
0.51	0.28	0.124753
0.52	0.28	0.126849
0.53	0.28	0.128922
0.54	0.28	0.13097
0.55	0.28	0.132994
0.56	0.28	0.134991
0.57	0.28	0.136961
0.58	0.28	0.138904
0.59	0.28	0.140818
0.6	0.28	0.142703
0.61	0.28	0.144557
0.62	0.28	0.14638
0.63	0.28	0.14817
0.64	0.28	0.149927
0.65	0.28	0.151649
0.66	0.28	0.153335
0.67	0.28	0.154985
0.68	0.28	0.156597
0.69	0.28	0.158169
0.7	0.28	0.159701
0.71	0.28	0.161192
0.72	0.28	0.162639
0.73	0.28	0.164041
0.74	0.28	0.165398
0.75	0.28	0.166707
0.76	0.28	0.167967
0.77	0.28	0.169177
0.78	0.28	0.170335
0.79	0.28	0.171439
0.8	0.28	0.172488
0.81	0.28	0.173479
0.82	0.28	0.174411
0.83	0.28	0.175282
0.84	0.28	0.176091
0.85	0.28	0.176834
0.86	0.28	0.177511
0.87	0.28	0.178118
0.88	0.28	0.178655
0.89	0.28	0.179118
0.9	0.28	0.179505
0.91	0.28	0.179815
0.92	0.28	0.180044
0.93	0.28	0.180191
0.94	0.28	0.180253
0.95	0.28	0.180227
0.96	0.28	0.180112
0.97	0.28	0.179903
0.98	0.28	0.1796
0.99	0.28	0.1792
0	0.29	0
0.01	0.29	0.00269429
0.02	0.29	0.00538825
0.03	0.29	0.00808158
0.04	0.29	0.0107739
0.05	0.29	0.013465
0.06	0.29	0.0161545
0.07	0.29	0.018842
0.08	0.29	0.0215273
0.09	0.29	0.02421
0.1	0.29	0.0268898
0.11	0.29	0.0295664
0.12	0.29	0.0322393
0.13	0.29	0.0349083
0.14	0.29	0.0375731
0.15	0.29	0.0402332
0.16	0.29	0.0428884
0.17	0.29	0.0455383
0.18	0.29	0.0481824
0.19	0.29	0.0508205
0.2	0.29	0.0534522
0.21	0.29	0.0560771
0.22	0.29	0.0586949
0.23	0.29	0.061305
0.24	0.29	0.0639072
0.25	0.29	0.066501
0.26	0.29	0.0690861
0.27	0.29	0.0716619
0.28	0.29	0.0742282
0.29	0.29	0.0767843
0.3	0.29	0.07933
0.31	0.29	0.0818647
0.32	0.29	0.084388
0.33	0.29	0.0868994
0.34	0.29	0.0893985
0.35	0.29	0.0918846
0.36	0.29	0.0943574
0.37	0.29	0.0968163
0.38	0.29	0.0992608
0.39	0.29	0.10169
0.4	0.29	0.104104
0.41	0.29	0.106502
0.42	0.29	0.108884
0.43	0.29	0.111248
0.44	0.29	0.113594
0.45	0.29	0.115921
0.46	0.29	0.11823
0.47	0.29	0.120519
0.48	0.29	0.122787
0.49	0.29	0.125034
0.5	0.29	0.127259
0.51	0.29	0.129461
0.52	0.29	0.131641
0.53	0.29	0.133796
0.54	0.29	0.135926
0.55	0.29	0.13803
0.56	0.29	0.140108
0.57	0.29	0.142158
0.58	0.29	0.14418
0.59	0.29	0.146172
0.6	0.29	0.148135
0.61	0.29	0.150066
0.62	0.29	0.151965
0.63	0.29	0.153831
0.64	0.29	0.155662
0.65	0.29	0.157458
0.66	0.29	0.159218
0.67	0.29	0.16094
0.68	0.29	0.162623
0.69	0.29	0.164266
0.7	0.29	0.165868
0.71	0.29	0.167427
0.72	0.29	0.168943
0.73	0.29	0.170413
0.74	0.29	0.171836
0.75	0.29	0.17321
0.76	0.29	0.174535
0.77	0.29	0.175809
0.78	0.29	0.17703
0.79	0.29	0.178196
0.8	0.29	0.179305
0.81	0.29	0.180357
0.82	0.29	0.181349
0.83	0.29	0.182278
0.84	0.29	0.183145
0.85	0.29	0.183945
0.86	0.29	0.184678
0.87	0.29	0.185341
0.88	0.29	0.185932
0.89	0.29	0.18645
0.9	0.29	0.186891
0.91	0.29	0.187254
0.92	0.29	0.187536
0.93	0.29	0.187734
0.94	0.29	0.187848
0.95	0.29	0.187874
0.96	0.29	0.187809
0.97	0.29	0.187652
0.98	0.29	0.1874
0.99	0.29	0.18705
0	0.3	0
0.01	0.3	0.00279113
0.02	0.3	0.00558194
0.03	0.3	0.00837209
0.04	0.3	0.0111612
0.05	0.3	0.0139491
0.06	0.3	0.0167353
0.07	0.3	0.0195195
0.08	0.3	0.0223014
0.09	0.3	0.0250806
0.1	0.3	0.0278569
0.11	0.3	0.0306298
0.12	0.3	0.033399
0.13	0.3	0.0361643
0.14	0.3	0.0389251
0.15	0.3	0.0416812
0.16	0.3	0.0444322
0.17	0.3	0.0471777
0.18	0.3	0.0499174
0.19	0.3	0.0526509
0.2	0.3	0.0553778
0.21	0.3	0.0580977
0.22	0.3	0.0608103
0.23	0.3	0.0635151
0.24	0.3	0.0662117
0.25	0.3	0.0688997
0.26	0.3	0.0715788
0.27	0.3	0.0742483
0.28	0.3	0.0769081
0.29	0.3	0.0795575
0.3	0.3	0.0821961
0.31	0.3	0.0848235
0.32	0.3	0.0874391
0.33	0.3	0.0900426
0.34	0.3	0.0926334
0.35	0.3	0.095211
0.36	0.3	0.0977749
0.37	0.3	0.100324
0.38	0.3	0.102859
0.39	0.3	0.105379
0.4	0.3	0.107882
0.41	0.3	0.110369
0.42	0.3	0.112839
0.43	0.3	0.115292
0.44	0.3	0.117726
0.45	0.3	0.120141
0.46	0.3	0.122536
0.47	0.3	0.124911
0.48	0.3	0.127265
0.49	0.3	0.129598
0.5	0.3	0.131908
0.51	0.3	0.134195
0.52	0.3	0.136458
0.53	0.3	0.138696
0.54	0.3	0.140908
0.55	0.3	0.143095
0.56	0.3	0.145254
0.57	0.3	0.147385
0.58	0.3	0.149486
0.59	0.3	0.151558
0.6	0.3	0.153599
0.61	0.3	0.155609
0.62	0.3	0.157585
0.63	0.3	0.159527
0.64	0.3	0.161435
0.65	0.3	0.163306
0.66	0.3	0.16514
0.67	0.3	0.166935
0.68	0.3	0.168691
0.69	0.3	0.170406
0.7	0.3	0.172079
0.71	0.3	0.173709
0.72	0.3	0.175293
0.73	0.3	0.176832
0.74	0.3	0.178323
0.75	0.3	0.179765
0.76	0.3	0.181156
0.77	0.3	0.182495
0.78	0.3	0.18378
0.79	0.3	0.185009
0.8	0.3	0.186182
0.81	0.3	0.187296
0.82	0.3	0.188349
0.83	0.3	0.189339
0.84	0.3	0.190265
0.85	0.3	0.191124
0.86	0.3	0.191916
0.87	0.3	0.192636
0.88	0.3	0.193285
0.89	0.3	0.193858
0.9	0.3	0.194355
0.91	0.3	0.194773
0.92	0.3	0.19511
0.93	0.3	0.195363
0.94	0.3	0.195531
0.95	0.3	0.19561
0.96	0.3	0.195599
0.97	0.3	0.195496
0.98	0.3	0.195297
0.99	0.3	0.195
0	0.31	0
0.01	0.31	0.00288836
0.02	0.31	0.00577639
0.03	0.31	0.00866375
0.04	0.31	0.0115501
0.05	0.31	0.0144351
0.06	0.31	0.0173184
0.07	0.31	0.0201997
0.08	0.31	0.0230786
0.09	0.31	0.0259547
0.1	0.31	0.0288278
0.11	0.31	0.0316975
0.12	0.31	0.0345635
0.13	0.31	0.0374252
0.14	0.31	0.0402826
0.15	0.31	0.043135
0.16	0.31	0.0459822
0.17	0.31	0.0488238
0.18	0.31	0.0516595
0.19	0.31	0.0544888
0.2	0.31	0.0573113
0.21	0.31	0.0601267
0.22	0.31	0.0629345
0.23	0.31	0.0657344
0.24	0.31	0.0685259
0.25	0.31	0.0713086
0.26	0.31	0.0740821
0.27	0.31	0.0768459
0.28	0.31	0.0795996
0.29	0.31	0.0823427
0.3	0.31	0.0850748
0.31	0.31	0.0877954
0.32	0.31	0.0905039
0.33	0.31	0.0932
0.34	0.31	0.0958831
0.35	0.31	0.0985526
0.36	0.31	0.101208
0.37	0.31	0.103849
0.38	0.31	0.106475
0.39	0.31	0.109085
0.4	0.31	0.111679
0.41	0.31	0.114255
0.42	0.31	0.116815
0.43	0.31	0.119356
0.44	0.31	0.121879
0.45	0.31	0.124382
0.46	0.31	0.126865
0.47	0.31	0.129327
0.48	0.31	0.131768
0.49	0.31	0.134186
0.5	0.31	0.136582
0.51	0.31	0.138954
0.52	0.31	0.141301
0.53	0.31	0.143623
0.54	0.31	0.145919
0.55	0.31	0.148188
0.56	0.31	0.150429
0.57	0.31	0.152642
0.58	0.31	0.154825
0.59	0.31	0.156977
0.6	0.31	0.159098
0.61	0.31	0.161186
0.62	0.31	0.16324
0.63	0.31	0.16526
0.64	0.31	0.167245
0.65	0.31	0.169192
0.66	0.31	0.171101
0.67	0.31	0.172972
0.68	0.31	0.174801
0.69	0.31	0.17659
0.7	0.31	0.178335
0.71	0.31	0.180036
0.72	0.31	0.181692
0.73	0.31	0.1833
0.74	0.31	0.18486
0.75	0.31	0.186371
0.76	0.31	0.187829
0.77	0.31	0.189235
0.78	0.31	0.190586
0.79	0.31	0.191881
0.8	0.31	0.193119
0.81	0.31	0.194296
0.82	0.31	0.195412
0.83	0.31	0.196465
0.84	0.31	0.197452
0.85	0.31	0.198373
0.86	0.31	0.199224
0.87	0.31	0.200005
0.88	0.31	0.200712
0.89	0.31	0.201344
0.9	0.31	0.201899
0.91	0.31	0.202375
0.92	0.31	0.202769
0.93	0.31	0.203079
0.94	0.31	0.203302
0.95	0.31	0.203438
0.96	0.31	0.203483
0.97	0.31	0.203435
0.98	0.31	0.203291
0.99	0.31	0.20305
0	0.32	0
0.01	0.32	0.00298599
0.02	0.32	0.00597163
0.03	0.32	0.00895658
0.04	0.32	0.0119405
0.05	0.32	0.014923
0.06	0.32	0.0179038
0.07	0.32	0.0208826
0.08	0.32	0.0238589
0.09	0.32	0.0268324
0.1	0.32	0.0298028
0.11	0.32	0.0327696
0.12	0.32	0.0357326
0.13	0.32	0.0386914
0.14	0.32	0.0416456
0.15	0.32	0.0445949
0.16	0.32	0.0475387
0.17	0.32	0.0504769
0.18	0.32	0.0534089
0.19	0.32	0.0563344
0.2	0.32	0.059253
0.21	0.32	0.0621643
0.22	0.32	0.0650679
0.23	0.32	0.0679633
0.24	0.32	0.0708502
0.25	0.32	0.073728
0.26	0.32	0.0765964
0.27	0.32	0.079455
0.28	0.32	0.0823031
0.29	0.32	0.0851404
0.3	0.32	0.0879665
0.31	0.32	0.0907807
0.32	0.32	0.0935827
0.33	0.32	0.0963719
0.34	0.32	0.0991478
0.35	0.32	0.10191
0.36	0.32	0.104658
0.37	0.32	0.10739
0.38	0.32	0.110108
0.39	0.32	0.112809
0.4	0.32	0.115493
0.41	0.32	0.118161
0.42	0.32	0.12081
0.43	0.32	0.123441
0.44	0.32	0.126052
0.45	0.32	0.128644
0.46	0.32	0.131216
0.47	0.32	0.133766
0.48	0.32	0.136294
0.49	0.32	0.138799
0.5	0.32	0.141281
0.51	0.32	0.143739
0.52	0.32	0.146172
0.53	0.32	0.148578
0.54	0.32	0.150959
0.55	0.32	0.153311
0.56	0.32	0.155636
0.57	0.32	0.157931
0.58	0.32	0.160195
0.59	0.32	0.162429
0.6	0.32	0.16463
0.61	0.32	0.166798
0.62	0.32	0.168932
0.63	0.32	0.171031
0.64	0.32	0.173093
0.65	0.32	0.175118
0.66	0.32	0.177104
0.67	0.32	0.17905
0.68	0.32	0.180955
0.69	0.32	0.182817
0.7	0.32	0.184636
0.71	0.32	0.18641
0.72	0.32	0.188138
0.73	0.32	0.189818
0.74	0.32	0.191449
0.75	0.32	0.193029
0.76	0.32	0.194557
0.77	0.32	0.196031
0.78	0.32	0.19745
0.79	0.32	0.198812
0.8	0.32	0.200116
0.81	0.32	0.201359
0.82	0.32	0.20254
0.83	0.32	0.203656
0.84	0.32	0.204708
0.85	0.32	0.205691
0.86	0.32	0.206605
0.87	0.32	0.207447
0.88	0.32	0.208215
0.89	0.32	0.208908
0.9	0.32	0.209523
0.91	0.32	0.210058
0.92	0.32	0.210511
0.93	0.32	0.21088
0.94	0.32	0.211163
0.95	0.32	0.211356
0.96	0.32	0.211459
0.97	0.32	0.211469
0.98	0.32	0.211383
0.99	0.32	0.2112
0	0.33	0
0.01	0.33	0.00308401
0.02	0.33	0.00616767
0.03	0.33	0.00925063
0.04	0.33	0.0123325
0.05	0.33	0.015413
0.06	0.33	0.0184917
0.07	0.33	0.0215683
0.08	0.33	0.0246424
0.09	0.33	0.0277137
0.1	0.33	0.0307817
0.11	0.33	0.0338462
0.12	0.33	0.0369067
0.13	0.33	0.039963
0.14	0.33	0.0430145
0.15	0.33	0.0460609
0.16	0.33	0.0491019
0.17	0.33	0.052137
0.18	0.33	0.0551658
0.19	0.33	0.058188
0.2	0.33	0.0612032
0.21	0.33	0.0642108
0.22	0.33	0.0672106
0.23	0.33	0.070202
0.24	0.33	0.0731847
0.25	0.33	0.0761582
0.26	0.33	0.079122
0.27	0.33	0.0820757
0.28	0.33	0.0850188
0.29	0.33	0.0879509
0.3	0.33	0.0908714
0.31	0.33	0.0937799
0.32	0.33	0.0966758
0.33	0.33	0.0995587
0.34	0.33	0.102428
0.35	0.33	0.105283
0.36	0.33	0.108124
0.37	0.33	0.110949
0.38	0.33	0.113758
0.39	0.33	0.116551
0.4	0.33	0.119327
0.41	0.33	0.122085
0.42	0.33	0.124825
0.43	0.33	0.127546
0.44	0.33	0.130248
0.45	0.33	0.132929
0.46	0.33	0.135589
0.47	0.33	0.138228
0.48	0.33	0.140844
0.49	0.33	0.143437
0.5	0.33	0.146006
0.51	0.33	0.148551
0.52	0.33	0.15107
0.53	0.33	0.153562
0.54	0.33	0.156028
0.55	0.33	0.158465
0.56	0.33	0.160873
0.57	0.33	0.163251
0.58	0.33	0.165599
0.59	0.33	0.167915
0.6	0.33	0.170198
0.61	0.33	0.172447
0.62	0.33	0.174661
0.63	0.33	0.176839
0.64	0.33	0.178981
0.65	0.33	0.181084
0.66	0.33	0.183147
0.67	0.33	0.18517
0.68	0.33	0.187152
0.69	0.33	0.18909
0.7	0.33	0.190984
0.71	0.33	0.192832
0.72	0.33	0.194634
0.73	0.33	0.196387
0.74	0.33	0.19809
0.75	0.33	0.199741
0.76	0.33	0.20134
0.77	0.33	0.202884
0.78	0.33	0.204373
0.79	0.33	0.205803
0.8	0.33	0.207174
0.81	0.33	0.208485
0.82	0.33	0.209732
0.83	0.33	0.210915
0.84	0.33	0.212031
0.85	0.33	0.213079
0.86	0.33	0.214057
0.87	0.33	0.214963
0.88	0.33	0.215795
0.89	0.33	0.21655
0.9	0.33	0.217227
0.91	0.33	0.217824
0.92	0.33	0.218338
0.93	0.33	0.218768
0.94	0.33	0.219112
0.95	0.33	0.219366
0.96	0.33	0.219529
0.97	0.33	0.219599
0.98	0.33	0.219573
0.99	0.33	0.21945
0	0.34	0
0.01	0.34	0.00318245
0.02	0.34	0.00636454
0.03	0.34	0.00954591
0.04	0.34	0.0127262
0.05	0.34	0.015905
0.06	0.34	0.0190821
0.07	0.34	0.022257
0.08	0.34	0.0254293
0.09	0.34	0.0285987
0.1	0.34	0.0317649
0.11	0.34	0.0349274
0.12	0.34	0.0380859
0.13	0.34	0.0412399
0.14	0.34	0.0443892
0.15	0.34	0.0475333
0.16	0.34	0.0506718
0.17	0.34	0.0538043
0.18	0.34	0.0569304
0.19	0.34	0.0600498
0.2	0.34	0.0631619
0.21	0.34	0.0662664
0.22	0.34	0.0693628
0.23	0.34	0.0724507
0.24	0.34	0.0755297
0.25	0.34	0.0785993
0.26	0.34	0.081659
0.27	0.34	0.0847085
0.28	0.34	0.0877471
0.29	0.34	0.0907744
0.3	0.34	0.0937899
0.31	0.34	0.0967932
0.32	0.34	0.0997836
0.33	0.34	0.102761
0.34	0.34	0.105724
0.35	0.34	0.108673
0.36	0.34	0.111607
0.37	0.34	0.114525
0.38	0.34	0.117427
0.39	0.34	0.120312
0.4	0.34	0.12318
0.41	0.34	0.12603
0.42	0.34	0.128861
0.43	0.34	0.131673
0.44	0.34	0.134466
0.45	0.34	0.137237
0.46	0.34	0.139987
0.47	0.34	0.142715
0.48	0.34	0.14542
0.49	0.34	0.148101
0.5	0.34	0.150758
0.51	0.34	0.15339
0.52	0.34	0.155996
0.53	0.34	0.158575
0.54	0.34	0.161126
0.55	0.34	0.163649
0.56	0.34	0.166142
0.57	0.34	0.168605
0.58	0.34	0.171036
0.59	0.34	0.173435
0.6	0.34	0.175801
0.61	0.34	0.178132
0.62	0.34	0.180427
0.63	0.34	0.182687
0.64	0.34	0.184908
0.65	0.34	0.187091
0.66	0.34	0.189233
0.67	0.34	0.191335
0.68	0.34	0.193394
0.69	0.34	0.195409
0.7	0.34	0.197379
0.71	0.34	0.199303
0.72	0.34	0.201179
0.73	0.34	0.203006
0.74	0.34	0.204783
0.75	0.34	0.206507
0.76	0.34	0.208178
0.77	0.34	0.209794
0.78	0.34	0.211353
0.79	0.34	0.212854
0.8	0.34	0.214295
0.81	0.34	0.215674
0.82	0.34	0.21699
0.83	0.34	0.218241
0.84	0.34	0.219424
0.85	0.34	0.220539
0.86	0.34	0.221583
0.87	0.34	0.222554
0.88	0.34	0.223451
0.89	0.34	0.224271
0.9	0.34	0.225012
0.91	0.34	0.225673
0.92	0.34	0.226251
0.93	0.34	0.226744
0.94	0.34	0.22715
0.95	0.34	0.227467
0.96	0.34	0.227692
0.97	0.34	0.227825
0.98	0.34	0.227861
0.99	0.34	0.2278
0	0.35	0
0.01	0.35	0.00328131
0.02	0.35	0.00656225
0.03	0.35	0.00984246
0.04	0.35	0.0131216
0.05	0.35	0.0163992
0.06	0.35	0.019675
0.07	0.35	0.0229486
0.08	0.35	0.0262196
0.09	0.35	0.0294876
0.1	0.35	0.0327523
0.11	0.35	0.0360132
0.12	0.35	0.0392701
0.13	0.35	0.0425225
0.14	0.35	0.0457699
0.15	0.35	0.0490121
0.16	0.35	0.0522486
0.17	0.35	0.055479
0.18	0.35	0.0587028
0.19	0.35	0.0619198
0.2	0.35	0.0651294
0.21	0.35	0.0683312
0.22	0.35	0.0715248
0.23	0.35	0.0747097
0.24	0.35	0.0778855
0.25	0.35	0.0810517
0.26	0.35	0.0842078
0.27	0.35	0.0873535
0.28	0.35	0.0904881
0.29	0.35	0.0936112
0.3	0.35	0.0967223
0.31	0.35	0.0998208
0.32	0.35	0.102906
0.33	0.35	0.105978
0.34	0.35	0.109036
0.35	0.35	0.112079
0.36	0.35	0.115107
0.37	0.35	0.118119
0.38	0.35	0.121114
0.39	0.35	0.124093
0.4	0.35	0.127053
0.41	0.35	0.129995
0.42	0.35	0.132919
0.43	0.35	0.135822
0.44	0.35	0.138706
0.45	0.35	0.141568
0.46	0.35	0.144408
0.47	0.35	0.147226
0.48	0.35	0.150021
0.49	0.35	0.152792
0.5	0.35	0.155537
0.51	0.35	0.158258
0.52	0.35	0.160951
0.53	0.35	0.163617
0.54	0.35	0.166256
0.55	0.35	0.168865
0.56	0.35	0.171443
0.57	0.35	0.173991
0.58	0.35	0.176508
0.59	0.35	0.178991
0.6	0.35	0.18144
0.61	0.35	0.183854
0.62	0.35	0.186232
0.63	0.35	0.188573
0.64	0.35	0.190876
0.65	0.35	0.193139
0.66	0.35	0.195362
0.67	0.35	0.197543
0.68	0.35	0.199681
0.69	0.35	0.201774
0.7	0.35	0.203822
0.71	0.35	0.205823
0.72	0.35	0.207775
0.73	0.35	0.209678
0.74	0.35	0.21153
0.75	0.35	0.213329
0.76	0.35	0.215073
0.77	0.35	0.216762
0.78	0.35	0.218394
0.79	0.35	0.219967
0.8	0.35	0.221479
0.81	0.35	0.222929
0.82	0.35	0.224314
0.83	0.35	0.225635
0.84	0.35	0.226887
0.85	0.35	0.22807
0.86	0.35	0.229182
0.87	0.35	0.230221
0.88	0.35	0.231184
0.89	0.35	0.232071
0.9	0.35	0.232878
0.91	0.35	0.233605
0.92	0.35	0.234248
0.93	0.35	0.234807
0.94	0.35	0.235278
0.95	0.35	0.235659
0.96	0.35	0.235949
0.97	0.35	0.236146
0.98	0.35	0.236247
0.99	0.35	0.23625
0	0.36	0
0.01	0.36	0.0033806
0.02	0.36	0.00676082
0.03	0.36	0.0101403
0.04	0.36	0.0135186
0.05	0.36	0.0168955
0.06	0.36	0.0202705
0.07	0.36	0.0236432
0.08	0.36	0.0270133
0.09	0.36	0.0303803
0.1	0.36	0.033744
0.11	0.36	0.0371039
0.12	0.36	0.0404596
0.13	0.36	0.0438107
0.14	0.36	0.0471568
0.15	0.36	0.0504975
0.16	0.36	0.0538324
0.17	0.36	0.0571612
0.18	0.36	0.0604833
0.19	0.36	0.0637983
0.2	0.36	0.0671058
0.21	0.36	0.0704054
0.22	0.36	0.0736966
0.23	0.36	0.076979
0.24	0.36	0.0802521
0.25	0.36	0.0835155
0.26	0.36	0.0867686
0.27	0.36	0.090011
0.28	0.36	0.0932421
0.29	0.36	0.0964616
0.3	0.36	0.0996688
0.31	0.36	0.102863
0.32	0.36	0.106044
0.33	0.36	0.109212
0.34	0.36	0.112365
0.35	0.36	0.115502
0.36	0.36	0.118625
0.37	0.36	0.121731
0.38	0.36	0.12482
0.39	0.36	0.127892
0.4	0.36	0.130946
0.41	0.36	0.133982
0.42	0.36	0.136998
0.43	0.36	0.139994
0.44	0.36	0.142969
0.45	0.36	0.145923
0.46	0.36	0.148854
0.47	0.36	0.151763
0.48	0.36	0.154648
0.49	0.36	0.157509
0.5	0.36	0.160344
0.51	0.36	0.163153
0.52	0.36	0.165936
0.53	0.36	0.16869
0.54	0.36	0.171416
0.55	0.36	0.174112
0.56	0.36	0.176778
0.57	0.36	0.179412
0.58	0.36	0.182014
0.59	0.36	0.184582
0.6	0.36	0.187116
0.61	0.36	0.189614
0.62	0.36	0.192076
0.63	0.36	0.1945
0.64	0.36	0.196885
0.65	0.36	0.19923
0.66	0.36	0.201534
0.67	0.36	0.203796
0.68	0.36	0.206014
0.69	0.36	0.208187
0.7	0.36	0.210313
0.71	0.36	0.212392
0.72	0.36	0.214423
0.73	0.36	0.216402
0.74	0.36	0.21833
0.75	0.36	0.220205
0.76	0.36	0.222025
0.77	0.36	0.223789
0.78	0.36	0.225494
0.79	0.36	0.227141
0.8	0.36	0.228726
0.81	0.36	0.230248
0.82	0.36	0.231705
0.83	0.36	0.233097
0.84	0.36	0.23442
0.85	0.36	0.235673
0.86	0.36	0.236855
0.87	0.36	0.237963
0.88	0.36	0.238996
0.89	0.36	0.239951
0.9	0.36	0.240826
0.91	0.36	0.241621
0.92	0.36	0.242331
0.93	0.36	0.242957
0.94	0.36	0.243495
0.95	0.36	0.243943
0.96	0.36	0.2443
0.97	0.36	0.244563
0.98	0.36	0.244731
0.99	0.36	0.2448
0	0.37	0
0.01	0.37	0.00348032
0.02	0.37	0.00696026
0.03	0.37	0.0104394
0.04	0.37	0.0139175
0.05	0.37	0.017394
0.06	0.37	0.0208686
0.07	0.37	0.0243409
0.08	0.37	0.0278105
0.09	0.37	0.0312771
0.1	0.37	0.0347402
0.11	0.37	0.0381994
0.12	0.37	0.0416544
0.13	0.37	0.0451047
0.14	0.37	0.0485499
0.15	0.37	0.0519897
0.16	0.37	0.0554235
0.17	0.37	0.058851
0.18	0.37	0.0622718
0.19	0.37	0.0656854
0.2	0.37	0.0690914
0.21	0.37	0.0724893
0.22	0.37	0.0758787
0.23	0.37	0.0792591
0.24	0.37	0.08263
0.25	0.37	0.085991
0.26	0.37	0.0893416
0.27	0.37	0.0926812
0.28	0.37	0.0960095
0.29	0.37	0.0993258
0.3	0.37	0.10263
0.31	0.37	0.105921
0.32	0.37	0.109198
0.33	0.37	0.112461
0.34	0.37	0.11571
0.35	0.37	0.118943
0.36	0.37	0.122161
0.37	0.37	0.125362
0.38	0.37	0.128546
0.39	0.37	0.131712
0.4	0.37	0.13486
0.41	0.37	0.137989
0.42	0.37	0.141099
0.43	0.37	0.144188
0.44	0.37	0.147256
0.45	0.37	0.150302
0.46	0.37	0.153325
0.47	0.37	0.156326
0.48	0.37	0.159302
0.49	0.37	0.162253
0.5	0.37	0.165179
0.51	0.37	0.168078
0.52	0.37	0.17095
0.53	0.37	0.173793
0.54	0.37	0.176608
0.55	0.37	0.179392
0.56	0.37	0.182146
0.57	0.37	0.184867
0.58	0.37	0.187555
0.59	0.37	0.19021
0.6	0.37	0.192829
0.61	0.37	0.195413
0.62	0.37	0.197959
0.63	0.37	0.200467
0.64	0.37	0.202936
0.65	0.37	0.205364
0.66	0.37	0.207751
0.67	0.37	0.210094
0.68	0.37	0.212393
0.69	0.37	0.214647
0.7	0.37	0.216854
0.71	0.37	0.219013
0.72	0.37	0.221122
0.73	0.37	0.22318
0.74	0.37	0.225186
0.75	0.37	0.227138
0.76	0.37	0.229035
0.77	0.37	0.230874
0.78	0.37	0.232656
0.79	0.37	0.234377
0.8	0.37	0.236037
0.81	0.37	0.237633
0.82	0.37	0.239164
0.83	0.37	0.240628
0.84	0.37	0.242024
0.85	0.37	0.243349
0.86	0.37	0.244603
0.87	0.37	0.245782
0.88	0.37	0.246885
0.89	0.37	0.24791
0.9	0.37	0.248856
0.91	0.37	0.24972
0.92	0.37	0.2505
0.93	0.37	0.251195
0.94	0.37	0.251802
0.95	0.37	0.252319
0.96	0.37	0.252745
0.97	0.37	0.253076
0.98	0.37	0.253312
0.99	0.37	0.25345
0	0.38	0
0.01	0.38	0.00358049
0.02	0.38	0.0071606
0.03	0.38	0.0107399
0.04	0.38	0.0143181
0.05	0.38	0.0178947
0.06	0.38	0.0214694
0.07	0.38	0.0250417
0.08	0.38	0.0286114
0.09	0.38	0.0321779
0.1	0.38	0.0357408
0.11	0.38	0.0392999
0.12	0.38	0.0428546
0.13	0.38	0.0464046
0.14	0.38	0.0499494
0.15	0.38	0.0534887
0.16	0.38	0.0570219
0.17	0.38	0.0605487
0.18	0.38	0.0640687
0.19	0.38	0.0675814
0.2	0.38	0.0710863
0.21	0.38	0.074583
0.22	0.38	0.078071
0.23	0.38	0.0815499
0.24	0.38	0.0850192
0.25	0.38	0.0884784
0.26	0.38	0.091927
0.27	0.38	0.0953645
0.28	0.38	0.0987904
0.29	0.38	0.102204
0.3	0.38	0.105605
0.31	0.38	0.108993
0.32	0.38	0.112367
0.33	0.38	0.115727
0.34	0.38	0.119072
0.35	0.38	0.122402
0.36	0.38	0.125715
0.37	0.38	0.129012
0.38	0.38	0.132291
0.39	0.38	0.135552
0.4	0.38	0.138795
0.41	0.38	0.142018
0.42	0.38	0.145222
0.43	0.38	0.148405
0.44	0.38	0.151566
0.45	0.38	0.154705
0.46	0.38	0.157822
0.47	0.38	0.160914
0.48	0.38	0.163982
0.49	0.38	0.167025
0.5	0.38	0.170042
0.51	0.38	0.173032
0.52	0.38	0.175994
0.53	0.38	0.178928
0.54	0.38	0.181832
0.55	0.38	0.184705
0.56	0.38	0.187547
0.57	0.38	0.190357
0.58	0.38	0.193133
0.59	0.38	0.195875
0.6	0.38	0.198581
0.61	0.38	0.201251
0.62	0.38	0.203883
0.63	0.38	0.206476
0.64	0.38	0.209029
0.65	0.38	0.211542
0.66	0.38	0.214012
0.67	0.38	0.216438
0.68	0.38	0.21882
0.69	0.38	0.221156
0.7	0.38	0.223444
0.71	0.38	0.225684
0.72	0.38	0.227874
0.73	0.38	0.230012
0.74	0.38	0.232097
0.75	0.38	0.234128
0.76	0.38	0.236103
0.77	0.38	0.23802
0.78	0.38	0.239878
0.79	0.38	0.241676
0.8	0.38	0.243412
0.81	0.38	0.245084
0.82	0.38	0.24669
0.83	0.38	0.248229
0.84	0.38	0.249699
0.85	0.38	0.251098
0.86	0.38	0.252425
0.87	0.38	0.253677
0.88	0.38	0.254853
0.89	0.38	0.255951
0.9	0.38	0.256968
0.91	0.38	0.257904
0.92	0.38	0.258756
0.93	0.38	0.259521
0.94	0.38	0.260199
0.95	0.38	0.260787
0.96	0.38	0.261283
0.97	0.38	0.261685
0.98	0.38	0.261992
0.99	0.38	0.2622
0	0.39	0
0.01	0.39	0.00368112
0.02	0.39	0.00736184
0.03	0.39	0.0110418
0.04	0.39	0.0147205
0.05	0.39	0.0183977
0.06	0.39	0.0220729
0.07	0.39	0.0257458
0.08	0.39	0.0294159
0.09	0.39	0.0330828
0.1	0.39	0.0367461
0.11	0.39	0.0404054
0.12	0.39	0.0440604
0.13	0.39	0.0477105
0.14	0.39	0.0513554
0.15	0.39	0.0549946
0.16	0.39	0.0586278
0.17	0.39	0.0622544
0.18	0.39	0.065874
0.19	0.39	0.0694863
0.2	0.39	0.0730906
0.21	0.39	0.0766866
0.22	0.39	0.0802739
0.23	0.39	0.0838518
0.24	0.39	0.08742
0.25	0.39	0.0909779
0.26	0.39	0.0945251
0.27	0.39	0.098061
0.28	0.39	0.101585
0.29	0.39	0.105097
0.3	0.39	0.108596
0.31	0.39	0.112081
0.32	0.39	0.115553
0.33	0.39	0.11901
0.34	0.39	0.122452
0.35	0.39	0.125878
0.36	0.39	0.129288
0.37	0.39	0.132681
0.38	0.39	0.136056
0.39	0.39	0.139413
0.4	0.39	0.142751
0.41	0.39	0.14607
0.42	0.39	0.149368
0.43	0.39	0.152645
0.44	0.39	0.155901
0.45	0.39	0.159134
0.46	0.39	0.162344
0.47	0.39	0.165529
0.48	0.39	0.16869
0.49	0.39	0.171826
0.5	0.39	0.174935
0.51	0.39	0.178016
0.52	0.39	0.18107
0.53	0.39	0.184094
0.54	0.39	0.187089
0.55	0.39	0.190052
0.56	0.39	0.192984
0.57	0.39	0.195882
0.58	0.39	0.198747
0.59	0.39	0.201577
0.6	0.39	0.204371
0.61	0.39	0.207128
0.62	0.39	0.209847
0.63	0.39	0.212527
0.64	0.39	0.215166
0.65	0.39	0.217764
0.66	0.39	0.220318
0.67	0.39	0.222829
0.68	0.39	0.225295
0.69	0.39	0.227714
0.7	0.39	0.230085
0.71	0.39	0.232407
0.72	0.39	0.234678
0.73	0.39	0.236898
0.74	0.39	0.239064
0.75	0.39	0.241175
0.76	0.39	0.243229
0.77	0.39	0.245226
0.78	0.39	0.247163
0.79	0.39	0.249039
0.8	0.39	0.250853
0.81	0.39	0.252602
0.82	0.39	0.254285
0.83	0.39	0.2559
0.84	0.39	0.257446
0.85	0.39	0.258921
0.86	0.39	0.260322
0.87	0.39	0.261649
0.88	0.39	0.2629
0.89	0.39	0.264072
0.9	0.39	0.265163
0.91	0.39	0.266172
0.92	0.39	0.267097
0.93	0.39	0.267936
0.94	0.39	0.268687
0.95	0.39	0.269347
0.96	0.39	0.269916
0.97	0.39	0.270391
0.98	0.39	0.270769
0.99	0.39	0.27105
0	0.4	0
0.01	0.4	0.00378221
0.02	0.4	0.00756401
0.03	0.4	0.011345
0.04	0.4	0.0151248
0.05	0.4	0.0189031
0.06	0.4	0.0226793
0.07	0.4	0.0264531
0.08	0.4	0.0302241
0.09	0.4	0.0339919
0.1	0.4	0.037756
0.11	0.4	0.0415161
0.12	0.4	0.0452718
0.13	0.4	0.0490226
0.14	0.4	0.052768
0.15	0.4	0.0565077
0.16	0.4	0.0602412
0.17	0.4	0.0639681
0.18	0.4	0.067688
0.19	0.4	0.0714003
0.2	0.4	0.0751046
0.21	0.4	0.0788005
0.22	0.4	0.0824874
0.23	0.4	0.0861649
0.24	0.4	0.0898325
0.25	0.4	0.0934897
0.26	0.4	0.097136
0.27	0.4	0.100771
0.28	0.4	0.104394
0.29	0.4	0.108004
0.3	0.4	0.111602
0.31	0.4	0.115185
0.32	0.4	0.118755
0.33	0.4	0.12231
0.34	0.4	0.125849
0.35	0.4	0.129373
0.36	0.4	0.13288
0.37	0.4	0.13637
0.38	0.4	0.139841
0.39	0.4	0.143295
0.4	0.4	0.146729
0.41	0.4	0.150143
0.42	0.4	0.153537
0.43	0.4	0.15691
0.44	0.4	0.16026
0.45	0.4	0.163588
0.46	0.4	0.166892
0.47	0.4	0.170172
0.48	0.4	0.173426
0.49	0.4	0.176655
0.5	0.4	0.179857
0.51	0.4	0.183031
0.52	0.4	0.186176
0.53	0.4	0.189293
0.54	0.4	0.192378
0.55	0.4	0.195433
0.56	0.4	0.198455
0.57	0.4	0.201444
0.58	0.4	0.204398
0.59	0.4	0.207317
0.6	0.4	0.2102
0.61	0.4	0.213046
0.62	0.4	0.215852
0.63	0.4	0.21862
0.64	0.4	0.221346
0.65	0.4	0.22403
0.66	0.4	0.226671
0.67	0.4	0.229267
0.68	0.4	0.231818
0.69	0.4	0.234322
0.7	0.4	0.236777
0.71	0.4	0.239182
0.72	0.4	0.241537
0.73	0.4	0.243839
0.74	0.4	0.246087
0.75	0.4	0.248279
0.76	0.4	0.250415
0.77	0.4	0.252493
0.78	0.4	0.25451
0.79	0.4	0.256466
0.8	0.4	0.258359
0.81	0.4	0.260187
0.82	0.4	0.261948
0.83	0.4	0.263642
0.84	0.4	0.265265
0.85	0.4	0.266817
0.86	0.4	0.268296
0.87	0.4	0.269699
0.88	0.4	0.271026
0.89	0.4	0.272274
0.9	0.4	0.273441
0.91	0.4	0.274525
0.92	0.4	0.275525
0.93	0.4	0.276439
0.94	0.4	0.277265
0.95	0.4	0.278
0.96	0.4	0.278643
0.97	0.4	0.279192
0.98	0.4	0.279645
0.99	0.4	0.28
0	0.41	0
0.01	0.41	0.00388376
0.02	0.41	0.00776712
0.03	0.41	0.0116497
0.04	0.41	0.015531
0.05	0.41	0.0194107
0.06	0.41	0.0232884
0.07	0.41	0.0271637
0.08	0.41	0.0310361
0.09	0.41	0.0349052
0.1	0.41	0.0387707
0.11	0.41	0.0426321
0.12	0.41	0.0464889
0.13	0.41	0.0503408
0.14	0.41	0.0541873
0.15	0.41	0.058028
0.16	0.41	0.0618624
0.17	0.41	0.0656901
0.18	0.41	0.0695106
0.19	0.41	0.0733235
0.2	0.41	0.0771283
0.21	0.41	0.0809246
0.22	0.41	0.0847118
0.23	0.41	0.0884894
0.24	0.41	0.092257
0.25	0.41	0.096014
0.26	0.41	0.09976
0.27	0.41	0.103494
0.28	0.41	0.107217
0.29	0.41	0.110926
0.3	0.41	0.114623
0.31	0.41	0.118305
0.32	0.41	0.121974
0.33	0.41	0.125627
0.34	0.41	0.129265
0.35	0.41	0.132886
0.36	0.41	0.136491
0.37	0.41	0.140078
0.38	0.41	0.143647
0.39	0.41	0.147198
0.4	0.41	0.150729
0.41	0.41	0.15424
0.42	0.41	0.15773
0.43	0.41	0.161198
0.44	0.41	0.164644
0.45	0.41	0.168067
0.46	0.41	0.171467
0.47	0.41	0.174841
0.48	0.41	0.17819
0.49	0.41	0.181513
0.5	0.41	0.184808
0.51	0.41	0.188076
0.52	0.41	0.191315
0.53	0.41	0.194523
0.54	0.41	0.197702
0.55	0.41	0.200848
0.56	0.41	0.203962
0.57	0.41	0.207041
0.58	0.41	0.210087
0.59	0.41	0.213096
0.6	0.41	0.216069
0.61	0.41	0.219004
0.62	0.41	0.2219
0.63	0.41	0.224755
0.64	0.41	0.22757
0.65	0.41	0.230342
0.66	0.41	0.23307
0.67	0.41	0.235753
0.68	0.41	0.23839
0.69	0.41	0.240979
0.7	0.41	0.24352
0.71	0.41	0.246011
0.72	0.41	0.24845
0.73	0.41	0.250835
0.74	0.41	0.253167
0.75	0.41	0.255443
0.76	0.41	0.257661
0.77	0.41	0.259821
0.78	0.41	0.26192
0.79	0.41	0.263957
0.8	0.41	0.265931
0.81	0.41	0.267839
0.82	0.41	0.269681
0.83	0.41	0.271454
0.84	0.41	0.273157
0.85	0.41	0.274788
0.86	0.41	0.276345
0.87	0.41	0.277827
0.88	0.41	0.279231
0.89	0.41	0.280557
0.9	0.41	0.281801
0.91	0.41	0.282963
0.92	0.41	0.28404
0.93	0.41	0.285031
0.94	0.41	0.285933
0.95	0.41	0.286745
0.96	0.41	0.287464
0.97	0.41	0.28809
0.98	0.41	0.288619
0.99	0.41	0.28905
0	0.42	0
0.01	0.42	0.0039858
0.02	0.42	0.00797118
0.03	0.42	0.0119558
0.04	0.42	0.0159391
0.05	0.42	0.0199208
0.06	0.42	0.0239004
0.07	0.42	0.0278776
0.08	0.42	0.0318519
0.09	0.42	0.0358229
0.1	0.42	0.0397902
0.11	0.42	0.0437533
0.12	0.42	0.0477118
0.13	0.42	0.0516653
0.14	0.42	0.0556134
0.15	0.42	0.0595556
0.16	0.42	0.0634914
0.17	0.42	0.0674204
0.18	0.42	0.0713422
0.19	0.42	0.0752562
0.2	0.42	0.079162
0.21	0.42	0.0830592
0.22	0.42	0.0869471
0.23	0.42	0.0908254
0.24	0.42	0.0946936
0.25	0.42	0.0985511
0.26	0.42	0.102397
0.27	0.42	0.106232
0.28	0.42	0.110054
0.29	0.42	0.113863
0.3	0.42	0.117659
0.31	0.42	0.121442
0.32	0.42	0.125209
0.33	0.42	0.128961
0.34	0.42	0.132698
0.35	0.42	0.136418
0.36	0.42	0.140121
0.37	0.42	0.143807
0.38	0.42	0.147474
0.39	0.42	0.151122
0.4	0.42	0.154751
0.41	0.42	0.158359
0.42	0.42	0.161946
0.43	0.42	0.165511
0.44	0.42	0.169054
0.45	0.42	0.172573
0.46	0.42	0.176068
0.47	0.42	0.179538
0.48	0.42	0.182983
0.49	0.42	0.1864
0.5	0.42	0.189791
0.51	0.42	0.193152
0.52	0.42	0.196485
0.53	0.42	0.199787
0.54	0.42	0.203059
0.55	0.42	0.206298
0.56	0.42	0.209504
0.57	0.42	0.212676
0.58	0.42	0.215813
0.59	0.42	0.218914
0.6	0.42	0.221978
0.61	0.42	0.225003
0.62	0.42	0.227989
0.63	0.42	0.230935
0.64	0.42	0.233838
0.65	0.42	0.236699
0.66	0.42	0.239516
0.67	0.42	0.242287
0.68	0.42	0.245011
0.69	0.42	0.247688
0.7	0.42	0.250315
0.71	0.42	0.252892
0.72	0.42	0.255417
0.73	0.42	0.257888
0.74	0.42	0.260305
0.75	0.42	0.262665
0.76	0.42	0.264968
0.77	0.42	0.267211
0.78	0.42	0.269393
0.79	0.42	0.271513
0.8	0.42	0.273569
0.81	0.42	0.27556
0.82	0.42	0.277483
0.83	0.42	0.279338
0.84	0.42	0.281122
0.85	0.42	0.282833
0.86	0.42	0.284471
0.87	0.42	0.286033
0.88	0.42	0.287517
0.89	0.42	0.288922
0.9	0.42	0.290246
0.91	0.42	0.291486
0.92	0.42	0.292642
0.93	0.42	0.293711
0.94	0.42	0.294692
0.95	0.42	0.295582
0.96	0.42	0.29638
0.97	0.42	0.297083
0.98	0.42	0.297691
0.99	0.42	0.2982
0	0.43	0
0.01	0.43	0.00408831
0.02	0.43	0.00817621
0.03	0.43	0.0122633
0.04	0.43	0.0163491
0.05	0.43	0.0204333
0.06	0.43	0.0245154
0.07	0.43	0.028595
0.08	0.43	0.0326716
0.09	0.43	0.036745
0.1	0.43	0.0408145
0.11	0.43	0.0448799
0.12	0.43	0.0489406
0.13	0.43	0.0529963
0.14	0.43	0.0570464
0.15	0.43	0.0610906
0.16	0.43	0.0651283
0.17	0.43	0.0691592
0.18	0.43	0.0731827
0.19	0.43	0.0771984
0.2	0.43	0.0812057
0.21	0.43	0.0852044
0.22	0.43	0.0891937
0.23	0.43	0.0931732
0.24	0.43	0.0971425
0.25	0.43	0.101101
0.26	0.43	0.105048
0.27	0.43	0.108983
0.28	0.43	0.112906
0.29	0.43	0.116816
0.3	0.43	0.120712
0.31	0.43	0.124594
0.32	0.43	0.128462
0.33	0.43	0.132314
0.34	0.43	0.13615
0.35	0.43	0.139969
0.36	0.43	0.143772
0.37	0.43	0.147556
0.38	0.43	0.151322
0.39	0.43	0.155069
0.4	0.43	0.158796
0.41	0.43	0.162502
0.42	0.43	0.166187
0.43	0.43	0.169849
0.44	0.43	0.173489
0.45	0.43	0.177106
0.46	0.43	0.180697
0.47	0.43	0.184264
0.48	0.43	0.187804
0.49	0.43	0.191318
0.5	0.43	0.194803
0.51	0.43	0.198261
0.52	0.43	0.201688
0.53	0.43	0.205085
0.54	0.43	0.20845
0.55	0.43	0.211783
0.56	0.43	0.215083
0.57	0.43	0.218348
0.58	0.43	0.221578
0.59	0.43	0.224771
0.6	0.43	0.227927
0.61	0.43	0.231044
0.62	0.43	0.234121
0.63	0.43	0.237158
0.64	0.43	0.240152
0.65	0.43	0.243102
0.66	0.43	0.246009
0.67	0.43	0.248869
0.68	0.43	0.251683
0.69	0.43	0.254448
0.7	0.43	0.257163
0.71	0.43	0.259827
0.72	0.43	0.262439
0.73	0.43	0.264997
0.74	0.43	0.2675
0.75	0.43	0.269947
0.76	0.43	0.272335
0.77	0.43	0.274663
0.78	0.43	0.27693
0.79	0.43	0.279135
0.8	0.43	0.281275
0.81	0.43	0.283349
0.82	0.43	0.285356
0.83	0.43	0.287293
0.84	0.43	0.28916
0.85	0.43	0.290954
0.86	0.43	0.292673
0.87	0.43	0.294317
0.88	0.43	0.295883
0.89	0.43	0.297369
0.9	0.43	0.298773
0.91	0.43	0.300095
0.92	0.43	0.301331
0.93	0.43	0.302481
0.94	0.43	0.303542
0.95	0.43	0.304512
0.96	0.43	0.30539
0.97	0.43	0.306174
0.98	0.43	0.306861
0.99	0.43	0.30745
0	0.44	0
0.01	0.44	0.00419132
0.02	0.44	0.00838222
0.03	0.44	0.0125723
0.04	0.44	0.0167611
0.05	0.44	0.0209482
0.06	0.44	0.0251332
0.07	0.44	0.0293157
0.08	0.44	0.0334953
0.09	0.44	0.0376715
0.1	0.44	0.0418438
0.11	0.44	0.046012
0.12	0.44	0.0501754
0.13	0.44	0.0543337
0.14	0.44	0.0584864
0.15	0.44	0.0626331
0.16	0.44	0.0667733
0.17	0.44	0.0709065
0.18	0.44	0.0750323
0.19	0.44	0.0791502
0.2	0.44	0.0832597
0.21	0.44	0.0873603
0.22	0.44	0.0914515
0.23	0.44	0.0955329
0.24	0.44	0.0996038
0.25	0.44	0.103664
0.26	0.44	0.107712
0.27	0.44	0.111749
0.28	0.44	0.115773
0.29	0.44	0.119784
0.3	0.44	0.123781
0.31	0.44	0.127764
0.32	0.44	0.131732
0.33	0.44	0.135684
0.34	0.44	0.13962
0.35	0.44	0.14354
0.36	0.44	0.147442
0.37	0.44	0.151326
0.38	0.44	0.155192
0.39	0.44	0.159038
0.4	0.44	0.162863
0.41	0.44	0.166668
0.42	0.44	0.170452
0.43	0.44	0.174213
0.44	0.44	0.177951
0.45	0.44	0.181665
0.46	0.44	0.185354
0.47	0.44	0.189018
0.48	0.44	0.192655
0.49	0.44	0.196265
0.5	0.44	0.199847
0.51	0.44	0.203401
0.52	0.44	0.206924
0.53	0.44	0.210416
0.54	0.44	0.213877
0.55	0.44	0.217305
0.56	0.44	0.220699
0.57	0.44	0.224058
0.58	0.44	0.227382
0.59	0.44	0.230669
0.6	0.44	0.233917
0.61	0.44	0.237127
0.62	0.44	0.240297
0.63	0.44	0.243425
0.64	0.44	0.246511
0.65	0.44	0.249553
0.66	0.44	0.25255
0.67	0.44	0.255501
0.68	0.44	0.258404
0.69	0.44	0.261259
0.7	0.44	0.264064
0.71	0.44	0.266817
0.72	0.44	0.269517
0.73	0.44	0.272164
0.74	0.44	0.274754
0.75	0.44	0.277288
0.76	0.44	0.279763
0.77	0.44	0.282178
0.78	0.44	0.284532
0.79	0.44	0.286822
0.8	0.44	0.289048
0.81	0.44	0.291207
0.82	0.44	0.293299
0.83	0.44	0.295321
0.84	0.44	0.297271
0.85	0.44	0.299149
0.86	0.44	0.300953
0.87	0.44	0.30268
0.88	0.44	0.304329
0.89	0.44	0.305898
0.9	0.44	0.307385
0.91	0.44	0.308789
0.92	0.44	0.310108
0.93	0.44	0.31134
0.94	0.44	0.312483
0.95	0.44	0.313535
0.96	0.44	0.314495
0.97	0.44	0.31536
0.98	0.44	0.316129
0.99	0.44	0.3168
0	0.45	0
0.01	0.45	0.00429482
0.02	0.45	0.00858922
0.03	0.45	0.0128828
0.04	0.45	0.017175
0.05	0.45	0.0214656
0.06	0.45	0.0257541
0.07	0.45	0.03004
0.08	0.45	0.034323
0.09	0.45	0.0386025
0.1	0.45	0.0428781
0.11	0.45	0.0471495
0.12	0.45	0.0514162
0.13	0.45	0.0556776
0.14	0.45	0.0599334
0.15	0.45	0.0641832
0.16	0.45	0.0684263
0.17	0.45	0.0726625
0.18	0.45	0.0768911
0.19	0.45	0.0811118
0.2	0.45	0.0853239
0.21	0.45	0.0895271
0.22	0.45	0.0937208
0.23	0.45	0.0979046
0.24	0.45	0.102078
0.25	0.45	0.10624
0.26	0.45	0.110391
0.27	0.45	0.114529
0.28	0.45	0.118655
0.29	0.45	0.122767
0.3	0.45	0.126866
0.31	0.45	0.13095
0.32	0.45	0.135019
0.33	0.45	0.139073
0.34	0.45	0.14311
0.35	0.45	0.14713
0.36	0.45	0.151133
0.37	0.45	0.155117
0.38	0.45	0.159083
0.39	0.45	0.163029
0.4	0.45	0.166954
0.41	0.45	0.170859
0.42	0.45	0.174741
0.43	0.45	0.178601
0.44	0.45	0.182438
0.45	0.45	0.186251
0.46	0.45	0.190038
0.47	0.45	0.1938
0.48	0.45	0.197535
0.49	0.45	0.201243
0.5	0.45	0.204923
0.51	0.45	0.208573
0.52	0.45	0.212193
0.53	0.45	0.215782
0.54	0.45	0.219338
0.55	0.45	0.222862
0.56	0.45	0.226352
0.57	0.45	0.229806
0.58	0.45	0.233225
0.59	0.45	0.236606
0.6	0.45	0.239949
0.61	0.45	0.243252
0.62	0.45	0.246516
0.63	0.45	0.249737
0.64	0.45	0.252915
0.65	0.45	0.25605
0.66	0.45	0.259139
0.67	0.45	0.262182
0.68	0.45	0.265177
0.69	0.45	0.268122
0.7	0.45	0.271018
0.71	0.45	0.273861
0.72	0.45	0.276651
0.73	0.45	0.279387
0.74	0.45	0.282067
0.75	0.45	0.28469
0.76	0.45	0.287253
0.77	0.45	0.289756
0.78	0.45	0.292198
0.79	0.45	0.294575
0.8	0.45	0.296888
0.81	0.45	0.299134
0.82	0.45	0.301312
0.83	0.45	0.303421
0.84	0.45	0.305457
0.85	0.45	0.307421
0.86	0.45	0.309309
0.87	0.45	0.311121
0.88	0.45	0.312855
0.89	0.45	0.314509
0.9	0.45	0.316081
0.91	0.45	0.317569
0.92	0.45	0.318972
0.93	0.45	0.320288
0.94	0.45	0.321515
0.95	0.45	0.322651
0.96	0.45	0.323694
0.97	0.45	0.324643
0.98	0.45	0.325496
0.99	0.45	0.32625
0	0.46	0
0.01	0.46	0.00439882
0.02	0.46	0.00879722
0.03	0.46	0.0131948
0.04	0.46	0.017591
0.05	0.46	0.0219856
0.06	0.46	0.026378
0.07	0.46	0.0307678
0.08	0.46	0.0351546
0.09	0.46	0.039538
0.1	0.46	0.0439175
0.11	0.46	0.0482927
0.12	0.46	0.0526631
0.13	0.46	0.0570282
0.14	0.46	0.0613877
0.15	0.46	0.065741
0.16	0.46	0.0700877
0.17	0.46	0.0744273
0.18	0.46	0.0787593
0.19	0.46	0.0830832
0.2	0.46	0.0873986
0.21	0.46	0.0917049
0.22	0.46	0.0960017
0.23	0.46	0.100288
0.24	0.46	0.104564
0.25	0.46	0.108829
0.26	0.46	0.113083
0.27	0.46	0.117324
0.28	0.46	0.121552
0.29	0.46	0.125766
0.3	0.46	0.129967
0.31	0.46	0.134153
0.32	0.46	0.138324
0.33	0.46	0.14248
0.34	0.46	0.146618
0.35	0.46	0.15074
0.36	0.46	0.154844
0.37	0.46	0.15893
0.38	0.46	0.162996
0.39	0.46	0.167043
0.4	0.46	0.171069
0.41	0.46	0.175073
0.42	0.46	0.179056
0.43	0.46	0.183016
0.44	0.46	0.186952
0.45	0.46	0.190864
0.46	0.46	0.194751
0.47	0.46	0.198612
0.48	0.46	0.202446
0.49	0.46	0.206252
0.5	0.46	0.21003
0.51	0.46	0.213778
0.52	0.46	0.217495
0.53	0.46	0.221182
0.54	0.46	0.224835
0.55	0.46	0.228456
0.56	0.46	0.232042
0.57	0.46	0.235593
0.58	0.46	0.239107
0.59	0.46	0.242584
0.6	0.46	0.246022
0.61	0.46	0.249421
0.62	0.46	0.252778
0.63	0.46	0.256094
0.64	0.46	0.259367
0.65	0.46	0.262595
0.66	0.46	0.265777
0.67	0.46	0.268913
0.68	0.46	0.272
0.69	0.46	0.275038
0.7	0.46	0.278025
0.71	0.46	0.28096
0.72	0.46	0.283842
0.73	0.46	0.286669
0.74	0.46	0.289439
0.75	0.46	0.292152
0.76	0.46	0.294805
0.77	0.46	0.297398
0.78	0.46	0.299928
0.79	0.46	0.302395
0.8	0.46	0.304797
0.81	0.46	0.307131
0.82	0.46	0.309397
0.83	0.46	0.311593
0.84	0.46	0.313717
0.85	0.46	0.315768
0.86	0.46	0.317744
0.87	0.46	0.319642
0.88	0.46	0.321463
0.89	0.46	0.323203
0.9	0.46	0.324861
0.91	0.46	0.326435
0.92	0.46	0.327924
0.93	0.46	0.329326
0.94	0.46	0.330638
0.95	0.46	0.331859
0.96	0.46	0.332988
0.97	0.46	0.334022
0.98	0.46	0.33496
0.99	0.46	0.3358
0	0.47	0
0.01	0.47	0.00450333
0.02	0.47	0.00900623
0.03	0.47	0.0135083
0.04	0.47	0.018009
0.05	0.47	0.022508
0.06	0.47	0.0270049
0.07	0.47	0.0314992
0.08	0.47	0.0359904
0.09	0.47	0.0404782
0.1	0.47	0.044962
0.11	0.47	0.0494415
0.12	0.47	0.0539161
0.13	0.47	0.0583855
0.14	0.47	0.0628491
0.15	0.47	0.0673066
0.16	0.47	0.0717573
0.17	0.47	0.0762009
0.18	0.47	0.0806368
0.19	0.47	0.0850647
0.2	0.47	0.0894839
0.21	0.47	0.0938939
0.22	0.47	0.0982943
0.23	0.47	0.102685
0.24	0.47	0.107064
0.25	0.47	0.111432
0.26	0.47	0.115789
0.27	0.47	0.120133
0.28	0.47	0.124464
0.29	0.47	0.128782
0.3	0.47	0.133085
0.31	0.47	0.137374
0.32	0.47	0.141648
0.33	0.47	0.145905
0.34	0.47	0.150146
0.35	0.47	0.15437
0.36	0.47	0.158576
0.37	0.47	0.162763
0.38	0.47	0.166931
0.39	0.47	0.171079
0.4	0.47	0.175206
0.41	0.47	0.179312
0.42	0.47	0.183396
0.43	0.47	0.187456
0.44	0.47	0.191493
0.45	0.47	0.195506
0.46	0.47	0.199492
0.47	0.47	0.203453
0.48	0.47	0.207387
0.49	0.47	0.211292
0.5	0.47	0.215169
0.51	0.47	0.219016
0.52	0.47	0.222832
0.53	0.47	0.226616
0.54	0.47	0.230368
0.55	0.47	0.234087
0.56	0.47	0.23777
0.57	0.47	0.241418
0.58	0.47	0.245029
0.59	0.47	0.248603
0.6	0.47	0.252138
0.61	0.47	0.255632
0.62	0.47	0.259086
0.63	0.47	0.262497
0.64	0.47	0.265864
0.65	0.47	0.269187
0.66	0.47	0.272464
0.67	0.47	0.275694
0.68	0.47	0.278875
0.69	0.47	0.282007
0.7	0.47	0.285087
0.71	0.47	0.288115
0.72	0.47	0.291089
0.73	0.47	0.294008
0.74	0.47	0.296871
0.75	0.47	0.299675
0.76	0.47	0.30242
0.77	0.47	0.305103
0.78	0.47	0.307725
0.79	0.47	0.310282
0.8	0.47	0.312773
0.81	0.47	0.315198
0.82	0.47	0.317553
0.83	0.47	0.319839
0.84	0.47	0.322052
0.85	0.47	0.324192
0.86	0.47	0.326256
0.87	0.47	0.328243
0.88	0.47	0.330152
0.89	0.47	0.33198
0.9	0.47	0.333726
0.91	0.47	0.335388
0.92	0.47	0.336964
0.93	0.47	0.338453
0.94	0.47	0.339852
0.95	0.47	0.341161
0.96	0.47	0.342377
0.97	0.47	0.343498
0.98	0.47	0.344523
0.99	0.47	0.34545
0	0.48	0
0.01	0.48	0.00460835
0.02	0.48	0.00921627
0.03	0.48	0.0138233
0.04	0.48	0.0184291
0.05	0.48	0.0230331
0.06	0.48	0.0276349
0.07	0.48	0.0322341
0.08	0.48	0.0368303
0.09	0.48	0.0414229
0.1	0.48	0.0460117
0.11	0.48	0.050596
0.12	0.48	0.0551754
0.13	0.48	0.0597495
0.14	0.48	0.0643179
0.15	0.48	0.06888
0.16	0.48	0.0734353
0.17	0.48	0.0779835
0.18	0.48	0.0825239
0.19	0.48	0.0870562
0.2	0.48	0.0915798
0.21	0.48	0.0960941
0.22	0.48	0.100599
0.23	0.48	0.105093
0.24	0.48	0.109577
0.25	0.48	0.114049
0.26	0.48	0.118509
0.27	0.48	0.122957
0.28	0.48	0.127392
0.29	0.48	0.131813
0.3	0.48	0.13622
0.31	0.48	0.140612
0.32	0.48	0.144989
0.33	0.48	0.14935
0.34	0.48	0.153694
0.35	0.48	0.15802
0.36	0.48	0.162329
0.37	0.48	0.166619
0.38	0.48	0.170889
0.39	0.48	0.175139
0.4	0.48	0.179368
0.41	0.48	0.183576
0.42	0.48	0.187761
0.43	0.48	0.191923
0.44	0.48	0.196061
0.45	0.48	0.200175
0.46	0.48	0.204262
0.47	0.48	0.208324
0.48	0.48	0.212358
0.49	0.48	0.216363
0.5	0.48	0.22034
0.51	0.48	0.224287
0.52	0.48	0.228203
0.53	0.48	0.232086
0.54	0.48	0.235937
0.55	0.48	0.239754
0.56	0.48	0.243537
0.57	0.48	0.247283
0.58	0.48	0.250992
0.59	0.48	0.254663
0.6	0.48	0.258295
0.61	0.48	0.261887
0.62	0.48	0.265437
0.63	0.48	0.268945
0.64	0.48	0.272409
0.65	0.48	0.275828
0.66	0.48	0.279201
0.67	0.48	0.282526
0.68	0.48	0.285802
0.69	0.48	0.289029
0.7	0.48	0.292203
0.71	0.48	0.295326
0.72	0.48	0.298394
0.73	0.48	0.301406
0.74	0.48	0.304362
0.75	0.48	0.307259
0.76	0.48	0.310097
0.77	0.48	0.312873
0.78	0.48	0.315586
0.79	0.48	0.318236
0.8	0.48	0.320819
0.81	0.48	0.323335
0.82	0.48	0.325781
0.83	0.48	0.328157
0.84	0.48	0.330461
0.85	0.48	0.332691
0.86	0.48	0.334846
0.87	0.48	0.336923
0.88	0.48	0.338922
0.89	0.48	0.340839
0.9	0.48	0.342675
0.91	0.48	0.344426
0.92	0.48	0.346092
0.93	0.48	0.34767
0.94	0.48	0.349158
0.95	0.48	0.350556
0.96	0.48	0.351861
0.97	0.48	0.353071
0.98	0.48	0.354185
0.99	0.48	0.3552
0	0.49	0
0.01	0.49	0.00471389
0.02	0.49	0.00942734
0.03	0.49	0.0141399
0.04	0.49	0.0188512
0.05	0.49	0.0235607
0.06	0.49	0.028268
0.07	0.49	0.0329727
0.08	0.49	0.0376743
0.09	0.49	0.0423724
0.1	0.49	0.0470665
0.11	0.49	0.0517562
0.12	0.49	0.056441
0.13	0.49	0.0611204
0.14	0.49	0.065794
0.15	0.49	0.0704613
0.16	0.49	0.0751219
0.17	0.49	0.0797751
0.18	0.49	0.0844207
0.19	0.49	0.0890579
0.2	0.49	0.0936864
0.21	0.49	0.0983056
0.22	0.49	0.102915
0.23	0.49	0.107514
0.24	0.49	0.112102
0.25	0.49	0.116679
0.26	0.49	0.121244
0.27	0.49	0.125796
0.28	0.49	0.130335
0.29	0.49	0.134861
0.3	0.49	0.139372
0.31	0.49	0.143868
0.32	0.49	0.148349
0.33	0.49	0.152813
0.34	0.49	0.157261
0.35	0.49	0.161691
0.36	0.49	0.166103
0.37	0.49	0.170496
0.38	0.49	0.174869
0.39	0.49	0.179222
0.4	0.49	0.183554
0.41	0.49	0.187865
0.42	0.49	0.192152
0.43	0.49	0.196417
0.44	0.49	0.200657
0.45	0.49	0.204872
0.46	0.49	0.209062
0.47	0.49	0.213224
0.48	0.49	0.21736
0.49	0.49	0.221467
0.5	0.49	0.225544
0.51	0.49	0.229592
0.52	0.49	0.233608
0.53	0.49	0.237592
0.54	0.49	0.241543
0.55	0.49	0.24546
0.56	0.49	0.249341
0.57	0.49	0.253187
0.58	0.49	0.256995
0.59	0.49	0.260765
0.6	0.49	0.264496
0.61	0.49	0.268186
0.62	0.49	0.271834
0.63	0.49	0.27544
0.64	0.49	0.279001
0.65	0.49	0.282517
0.66	0.49	0.285987
0.67	0.49	0.289409
0.68	0.49	0.292781
0.69	0.49	0.296104
0.7	0.49	0.299375
0.71	0.49	0.302592
0.72	0.49	0.305756
0.73	0.49	0.308863
0.74	0.49	0.311914
0.75	0.49	0.314905
0.76	0.49	0.317837
0.77	0.49	0.320707
0.78	0.49	0.323514
0.79	0.49	0.326257
0.8	0.49	0.328933
0.81	0.49	0.331542
0.82	0.49	0.334081
0.83	0.49	0.33655
0.84	0.49	0.338946
0.85	0.49	0.341268
0.86	0.49	0.343514
0.87	0.49	0.345683
0.88	0.49	0.347773
0.89	0.49	0.349782
0.9	0.49	0.351709
0.91	0.49	0.353551
0.92	0.49	0.355308
0.93	0.49	0.356976
0.94	0.49	0.358556
0.95	0.49	0.360044
0.96	0.49	0.361439
0.97	0.49	0.36274
0.98	0.49	0.363944
0.99	0.49	0.36505
0	0.5	0
0.01	0.5	0.00481994
0.02	0.5	0.00963945
0.03	0.5	0.0144581
0.04	0.5	0.0192754
0.05	0.5	0.0240909
0.06	0.5	0.0289043
0.07	0.5	0.033715
0.08	0.5	0.0385226
0.09	0.5	0.0433266
0.1	0.5	0.0481267
0.11	0.5	0.0529222
0.12	0.5	0.0577129
0.13	0.5	0.0624982
0.14	0.5	0.0672776
0.15	0.5	0.0720507
0.16	0.5	0.0768169
0.17	0.5	0.0815759
0.18	0.5	0.086327
0.19	0.5	0.0910699
0.2	0.5	0.0958039
0.21	0.5	0.100529
0.22	0.5	0.105243
0.23	0.5	0.109948
0.24	0.5	0.114641
0.25	0.5	0.119323
0.26	0.5	0.123993
0.27	0.5	0.128651
0.28	0.5	0.133295
0.29	0.5	0.137925
0.3	0.5	0.142541
0.31	0.5	0.147142
0.32	0.5	0.151727
0.33	0.5	0.156296
0.34	0.5	0.160848
0.35	0.5	0.165382
0.36	0.5	0.169898
0.37	0.5	0.174395
0.38	0.5	0.178872
0.39	0.5	0.183329
0.4	0.5	0.187765
0.41	0.5	0.192178
0.42	0.5	0.196569
0.43	0.5	0.200937
0.44	0.5	0.20528
0.45	0.5	0.209598
0.46	0.5	0.21389
0.47	0.5	0.218155
0.48	0.5	0.222393
0.49	0.5	0.226602
0.5	0.5	0.230781
0.51	0.5	0.23493
0.52	0.5	0.239048
0.53	0.5	0.243133
0.54	0.5	0.247185
0.55	0.5	0.251203
0.56	0.5	0.255185
0.57	0.5	0.259131
0.58	0.5	0.263039
0.59	0.5	0.266909
0.6	0.5	0.27074
0.61	0.5	0.274529
0.62	0.5	0.278276
0.63	0.5	0.281981
0.64	0.5	0.285641
0.65	0.5	0.289255
0.66	0.5	0.292823
0.67	0.5	0.296343
0.68	0.5	0.299813
0.69	0.5	0.303233
0.7	0.5	0.306601
0.71	0.5	0.309915
0.72	0.5	0.313175
0.73	0.5	0.316379
0.74	0.5	0.319526
0.75	0.5	0.322613
0.76	0.5	0.325641
0.77	0.5	0.328606
0.78	0.5	0.331508
0.79	0.5	0.334346
0.8	0.5	0.337117
0.81	0.5	0.33982
0.82	0.5	0.342453
0.83	0.5	0.345016
0.84	0.5	0.347506
0.85	0.5	0.349921
0.86	0.5	0.352261
0.87	0.5	0.354523
0.88	0.5	0.356706
0.89	0.5	0.358808
0.9	0.5	0.360828
0.91	0.5	0.362763
0.92	0.5	0.364612
0.93	0.5	0.366373
0.94	0.5	0.368045
0.95	0.5	0.369625
0.96	0.5	0.371113
0.97	0.5	0.372506
0.98	0.5	0.373802
0.99	0.5	0.375
0	0.51	0
0.01	0.51	0.00492652
0.02	0.51	0.00985261
0.03	0.51	0.0147778
0.04	0.51	0.0197017
0.05	0.51	0.0246238
0.06	0.51	0.0295437
0.07	0.51	0.0344609
0.08	0.51	0.039375
0.09	0.51	0.0442856
0.1	0.51	0.0491921
0.11	0.51	0.0540941
0.12	0.51	0.0589912
0.13	0.51	0.0638829
0.14	0.51	0.0687687
0.15	0.51	0.0736481
0.16	0.51	0.0785206
0.17	0.51	0.0833859
0.18	0.51	0.0882432
0.19	0.51	0.0930922
0.2	0.51	0.0979324
0.21	0.51	0.102763
0.22	0.51	0.107584
0.23	0.51	0.112394
0.24	0.51	0.117194
0.25	0.51	0.121982
0.26	0.51	0.126757
0.27	0.51	0.13152
0.28	0.51	0.13627
0.29	0.51	0.141006
0.3	0.51	0.145727
0.31	0.51	0.150433
0.32	0.51	0.155124
0.33	0.51	0.159798
0.34	0.51	0.164455
0.35	0.51	0.169094
0.36	0.51	0.173715
0.37	0.51	0.178316
0.38	0.51	0.182898
0.39	0.51	0.187459
0.4	0.51	0.191999
0.41	0.51	0.196517
0.42	0.51	0.201012
0.43	0.51	0.205484
0.44	0.51	0.209931
0.45	0.51	0.214352
0.46	0.51	0.218748
0.47	0.51	0.223116
0.48	0.51	0.227457
0.49	0.51	0.231769
0.5	0.51	0.236051
0.51	0.51	0.240303
0.52	0.51	0.244523
0.53	0.51	0.24871
0.54	0.51	0.252864
0.55	0.51	0.256984
0.56	0.51	0.261068
0.57	0.51	0.265115
0.58	0.51	0.269125
0.59	0.51	0.273096
0.6	0.51	0.277027
0.61	0.51	0.280916
0.62	0.51	0.284764
0.63	0.51	0.288569
0.64	0.51	0.292328
0.65	0.51	0.296043
0.66	0.51	0.29971
0.67	0.51	0.303329
0.68	0.51	0.306898
0.69	0.51	0.310416
0.7	0.51	0.313883
0.71	0.51	0.317295
0.72	0.51	0.320653
0.73	0.51	0.323955
0.74	0.51	0.327199
0.75	0.51	0.330384
0.76	0.51	0.333508
0.77	0.51	0.33657
0.78	0.51	0.339569
0.79	0.51	0.342502
0.8	0.51	0.345369
0.81	0.51	0.348168
0.82	0.51	0.350898
0.83	0.51	0.353556
0.84	0.51	0.356141
0.85	0.51	0.358652
0.86	0.51	0.361087
0.87	0.51	0.363444
0.88	0.51	0.365721
0.89	0.51	0.367918
0.9	0.51	0.370032
0.91	0.51	0.372061
0.92	0.51	0.374004
0.93	0.51	0.375859
0.94	0.51	0.377625
0.95	0.51	0.3793
0.96	0.51	0.380881
0.97	0.51	0.382368
0.98	0.51	0.383758
0.99	0.51	0.38505
0	0.52	0
0.01	0.52	0.00503363
0.02	0.52	0.0100668
0.03	0.52	0.0150991
0.04	0.52	0.0201301
0.05	0.52	0.0251593
0.06	0.52	0.0301863
0.07	0.52	0.0352106
0.08	0.52	0.0402317
0.09	0.52	0.0452493
0.1	0.52	0.0502629
0.11	0.52	0.0552719
0.12	0.52	0.060276
0.13	0.52	0.0652746
0.14	0.52	0.0702673
0.15	0.52	0.0752536
0.16	0.52	0.080233
0.17	0.52	0.0852051
0.18	0.52	0.0901692
0.19	0.52	0.095125
0.2	0.52	0.100072
0.21	0.52	0.105009
0.22	0.52	0.109937
0.23	0.52	0.114854
0.24	0.52	0.11976
0.25	0.52	0.124654
0.26	0.52	0.129536
0.27	0.52	0.134405
0.28	0.52	0.139261
0.29	0.52	0.144103
0.3	0.52	0.148931
0.31	0.52	0.153743
0.32	0.52	0.158539
0.33	0.52	0.163319
0.34	0.52	0.168082
0.35	0.52	0.172827
0.36	0.52	0.177553
0.37	0.52	0.18226
0.38	0.52	0.186947
0.39	0.52	0.191614
0.4	0.52	0.196259
0.41	0.52	0.200882
0.42	0.52	0.205482
0.43	0.52	0.210058
0.44	0.52	0.214609
0.45	0.52	0.219136
0.46	0.52	0.223635
0.47	0.52	0.228108
0.48	0.52	0.232553
0.49	0.52	0.236969
0.5	0.52	0.241355
0.51	0.52	0.24571
0.52	0.52	0.250033
0.53	0.52	0.254324
0.54	0.52	0.258581
0.55	0.52	0.262803
0.56	0.52	0.26699
0.57	0.52	0.27114
0.58	0.52	0.275251
0.59	0.52	0.279324
0.6	0.52	0.283357
0.61	0.52	0.287349
0.62	0.52	0.291298
0.63	0.52	0.295204
0.64	0.52	0.299064
0.65	0.52	0.302879
0.66	0.52	0.306647
0.67	0.52	0.310366
0.68	0.52	0.314036
0.69	0.52	0.317654
0.7	0.52	0.32122
0.71	0.52	0.324732
0.72	0.52	0.328189
0.73	0.52	0.33159
0.74	0.52	0.334933
0.75	0.52	0.338216
0.76	0.52	0.341439
0.77	0.52	0.344599
0.78	0.52	0.347696
0.79	0.52	0.350727
0.8	0.52	0.353692
0.81	0.52	0.356588
0.82	0.52	0.359415
0.83	0.52	0.36217
0.84	0.52	0.364852
0.85	0.52	0.36746
0.86	0.52	0.369991
0.87	0.52	0.372444
0.88	0.52	0.374818
0.89	0.52	0.377111
0.9	0.52	0.379321
0.91	0.52	0.381446
0.92	0.52	0.383485
0.93	0.52	0.385436
0.94	0.52	0.387298
0.95	0.52	0.389068
0.96	0.52	0.390745
0.97	0.52	0.392327
0.98	0.52	0.393813
0.99	0.52	0.3952
0	0.53	0
0.01	0.53	0.00514128
0.02	0.53	0.0102821
0.03	0.53	0.0154221
0.04	0.53	0.0205607
0.05	0.53	0.0256975
0.06	0.53	0.0308321
0.07	0.53	0.035964
0.08	0.53	0.0410927
0.09	0.53	0.0462179
0.1	0.53	0.051339
0.11	0.53	0.0564556
0.12	0.53	0.0615672
0.13	0.53	0.0666733
0.14	0.53	0.0717735
0.15	0.53	0.0768673
0.16	0.53	0.0819542
0.17	0.53	0.0870336
0.18	0.53	0.0921051
0.19	0.53	0.0971682
0.2	0.53	0.102222
0.21	0.53	0.107267
0.22	0.53	0.112302
0.23	0.53	0.117326
0.24	0.53	0.122339
0.25	0.53	0.12734
0.26	0.53	0.132329
0.27	0.53	0.137306
0.28	0.53	0.142268
0.29	0.53	0.147217
0.3	0.53	0.152151
0.31	0.53	0.15707
0.32	0.53	0.161973
0.33	0.53	0.16686
0.34	0.53	0.171729
0.35	0.53	0.17658
0.36	0.53	0.181413
0.37	0.53	0.186226
0.38	0.53	0.19102
0.39	0.53	0.195792
0.4	0.53	0.200543
0.41	0.53	0.205272
0.42	0.53	0.209978
0.43	0.53	0.214659
0.44	0.53	0.219316
0.45	0.53	0.223948
0.46	0.53	0.228553
0.47	0.53	0.233131
0.48	0.53	0.23768
0.49	0.53	0.242201
0.5	0.53	0.246692
0.51	0.53	0.251151
0.52	0.53	0.255579
0.53	0.53	0.259974
0.54	0.53	0.264335
0.55	0.53	0.268661
0.56	0.53	0.272951
0.57	0.53	0.277205
0.58	0.53	0.28142
0.59	0.53	0.285596
0.6	0.53	0.289732
0.61	0.53	0.293826
0.62	0.53	0.297878
0.63	0.53	0.301886
0.64	0.53	0.305849
0.65	0.53	0.309766
0.66	0.53	0.313635
0.67	0.53	0.317456
0.68	0.53	0.321227
0.69	0.53	0.324946
0.7	0.53	0.328613
0.71	0.53	0.332226
0.72	0.53	0.335784
0.73	0.53	0.339285
0.74	0.53	0.342728
0.75	0.53	0.346111
0.76	0.53	0.349434
0.77	0.53	0.352694
0.78	0.53	0.35589
0.79	0.53	0.359021
0.8	0.53	0.362084
0.81	0.53	0.36508
0.82	0.53	0.368005
0.83	0.53	0.370859
0.84	0.53	0.373639
0.85	0.53	0.376345
0.86	0.53	0.378974
0.87	0.53	0.381526
0.88	0.53	0.383997
0.89	0.53	0.386388
0.9	0.53	0.388695
0.91	0.53	0.390918
0.92	0.53	0.393055
0.93	0.53	0.395103
0.94	0.53	0.397062
0.95	0.53	0.398929
0.96	0.53	0.400703
0.97	0.53	0.402383
0.98	0.53	0.403965
0.99	0.53	0.40545
0	0.54	0
0.01	0.54	0.00524945
0.02	0.54	0.0104985
0.03	0.54	0.0157466
0.04	0.54	0.0209933
0.05	0.54	0.0262383
0.06	0.54	0.0314811
0.07	0.54	0.0367211
0.08	0.54	0.041958
0.09	0.54	0.0471913
0.1	0.54	0.0524206
0.11	0.54	0.0576453
0.12	0.54	0.0628649
0.13	0.54	0.0680792
0.14	0.54	0.0732874
0.15	0.54	0.0784892
0.16	0.54	0.0836841
0.17	0.54	0.0888715
0.18	0.54	0.094051
0.19	0.54	0.099222
0.2	0.54	0.104384
0.21	0.54	0.109537
0.22	0.54	0.114679
0.23	0.54	0.119811
0.24	0.54	0.124932
0.25	0.54	0.130041
0.26	0.54	0.135138
0.27	0.54	0.140222
0.28	0.54	0.145292
0.29	0.54	0.150348
0.3	0.54	0.15539
0.31	0.54	0.160416
0.32	0.54	0.165427
0.33	0.54	0.17042
0.34	0.54	0.175397
0.35	0.54	0.180355
0.36	0.54	0.185295
0.37	0.54	0.190215
0.38	0.54	0.195116
0.39	0.54	0.199995
0.4	0.54	0.204853
0.41	0.54	0.209688
0.42	0.54	0.2145
0.43	0.54	0.219288
0.44	0.54	0.224052
0.45	0.54	0.228789
0.46	0.54	0.2335
0.47	0.54	0.238184
0.48	0.54	0.24284
0.49	0.54	0.247466
0.5	0.54	0.252062
0.51	0.54	0.256627
0.52	0.54	0.26116
0.53	0.54	0.265661
0.54	0.54	0.270127
0.55	0.54	0.274558
0.56	0.54	0.278953
0.57	0.54	0.28331
0.58	0.54	0.28763
0.59	0.54	0.29191
0.6	0.54	0.29615
0.61	0.54	0.300348
0.62	0.54	0.304504
0.63	0.54	0.308615
0.64	0.54	0.312682
0.65	0.54	0.316702
0.66	0.54	0.320674
0.67	0.54	0.324598
0.68	0.54	0.328472
0.69	0.54	0.332294
0.7	0.54	0.336063
0.71	0.54	0.339778
0.72	0.54	0.343438
0.73	0.54	0.34704
0.74	0.54	0.350585
0.75	0.54	0.35407
0.76	0.54	0.357493
0.77	0.54	0.360854
0.78	0.54	0.364151
0.79	0.54	0.367383
0.8	0.54	0.370547
0.81	0.54	0.373643
0.82	0.54	0.376668
0.83	0.54	0.379622
0.84	0.54	0.382502
0.85	0.54	0.385308
0.86	0.54	0.388037
0.87	0.54	0.390688
0.88	0.54	0.393259
0.89	0.54	0.395749
0.9	0.54	0.398155
0.91	0.54	0.400477
0.92	0.54	0.402713
0.93	0.54	0.40486
0.94	0.54	0.406918
0.95	0.54	0.408884
0.96	0.54	0.410757
0.97	0.54	0.412535
0.98	0.54	0.414217
0.99	0.54	0.4158
0	0.55	0
0.01	0.55	0.00535817
0.02	0.55	0.0107159
0.03	0.55	0.0160727
0.04	0.55	0.0214282
0.05	0.55	0.0267819
0.06	0.55	0.0321333
0.07	0.55	0.0374821
0.08	0.55	0.0428277
0.09	0.55	0.0481696
0.1	0.55	0.0535075
0.11	0.55	0.0588409
0.12	0.55	0.0641692
0.13	0.55	0.0694921
0.14	0.55	0.074809
0.15	0.55	0.0801194
0.16	0.55	0.0854228
0.17	0.55	0.0907188
0.18	0.55	0.0960068
0.19	0.55	0.101286
0.2	0.55	0.106557
0.21	0.55	0.111818
0.22	0.55	0.117069
0.23	0.55	0.122309
0.24	0.55	0.127538
0.25	0.55	0.132756
0.26	0.55	0.137961
0.27	0.55	0.143153
0.28	0.55	0.148332
0.29	0.55	0.153496
0.3	0.55	0.158646
0.31	0.55	0.163781
0.32	0.55	0.168899
0.33	0.55	0.174001
0.34	0.55	0.179085
0.35	0.55	0.184152
0.36	0.55	0.189199
0.37	0.55	0.194227
0.38	0.55	0.199235
0.39	0.55	0.204222
0.4	0.55	0.209187
0.41	0.55	0.21413
0.42	0.55	0.21905
0.43	0.55	0.223945
0.44	0.55	0.228815
0.45	0.55	0.23366
0.46	0.55	0.238478
0.47	0.55	0.243269
0.48	0.55	0.248031
0.49	0.55	0.252764
0.5	0.55	0.257467
0.51	0.55	0.262138
0.52	0.55	0.266778
0.53	0.55	0.271384
0.54	0.55	0.275956
0.55	0.55	0.280493
0.56	0.55	0.284994
0.57	0.55	0.289457
0.58	0.55	0.293882
0.59	0.55	0.298268
0.6	0.55	0.302613
0.61	0.55	0.306916
0.62	0.55	0.311177
0.63	0.55	0.315393
0.64	0.55	0.319564
0.65	0.55	0.323688
0.66	0.55	0.327765
0.67	0.55	0.331793
0.68	0.55	0.33577
0.69	0.55	0.339696
0.7	0.55	0.343569
0.71	0.55	0.347387
0.72	0.55	0.35115
0.73	0.55	0.354856
0.74	0.55	0.358503
0.75	0.55	0.362091
0.76	0.55	0.365617
0.77	0.55	0.369081
0.78	0.55	0.37248
0.79	0.55	0.375813
0.8	0.55	0.37908
0.81	0.55	0.382277
0.82	0.55	0.385404
0.83	0.55	0.38846
0.84	0.55	0.391442
0.85	0.55	0.394348
0.86	0.55	0.397179
0.87	0.55	0.399931
0.88	0.55	0.402603
0.89	0.55	0.405193
0.9	0.55	0.407701
0.91	0.55	0.410123
0.92	0.55	0.41246
0.93	0.55	0.414708
0.94	0.55	0.416866
0.95	0.55	0.418932
0.96	0.55	0.420906
0.97	0.55	0.422784
0.98	0.55	0.424566
0.99	0.55	0.42625
0	0.56	0
0.01	0.56	0.00546742
0.02	0.56	0.0109344
0.03	0.56	0.0164005
0.04	0.56	0.0218652
0.05	0.56	0.0273281
0.06	0.56	0.0327888
0.07	0.56	0.0382468
0.08	0.56	0.0437016
0.09	0.56	0.0491529
0.1	0.56	0.0546
0.11	0.56	0.0600426
0.12	0.56	0.0654801
0.13	0.56	0.0709122
0.14	0.56	0.0763382
0.15	0.56	0.0817578
0.16	0.56	0.0871704
0.17	0.56	0.0925756
0.18	0.56	0.0979728
0.19	0.56	0.103361
0.2	0.56	0.108741
0.21	0.56	0.114111
0.22	0.56	0.119471
0.23	0.56	0.124821
0.24	0.56	0.130159
0.25	0.56	0.135485
0.26	0.56	0.140799
0.27	0.56	0.146101
0.28	0.56	0.151388
0.29	0.56	0.156662
0.3	0.56	0.16192
0.31	0.56	0.167163
0.32	0.56	0.172391
0.33	0.56	0.177601
0.34	0.56	0.182794
0.35	0.56	0.187969
0.36	0.56	0.193125
0.37	0.56	0.198262
0.38	0.56	0.203378
0.39	0.56	0.208474
0.4	0.56	0.213547
0.41	0.56	0.218598
0.42	0.56	0.223626
0.43	0.56	0.228629
0.44	0.56	0.233608
0.45	0.56	0.238561
0.46	0.56	0.243487
0.47	0.56	0.248385
0.48	0.56	0.253255
0.49	0.56	0.258095
0.5	0.56	0.262906
0.51	0.56	0.267685
0.52	0.56	0.272431
0.53	0.56	0.277145
0.54	0.56	0.281824
0.55	0.56	0.286468
0.56	0.56	0.291075
0.57	0.56	0.295645
0.58	0.56	0.300177
0.59	0.56	0.304669
0.6	0.56	0.30912
0.61	0.56	0.31353
0.62	0.56	0.317896
0.63	0.56	0.322218
0.64	0.56	0.326495
0.65	0.56	0.330725
0.66	0.56	0.334907
0.67	0.56	0.33904
0.68	0.56	0.343123
0.69	0.56	0.347154
0.7	0.56	0.351131
0.71	0.56	0.355055
0.72	0.56	0.358922
0.73	0.56	0.362732
0.74	0.56	0.366484
0.75	0.56	0.370176
0.76	0.56	0.373806
0.77	0.56	0.377373
0.78	0.56	0.380876
0.79	0.56	0.384313
0.8	0.56	0.387683
0.81	0.56	0.390984
0.82	0.56	0.394214
0.83	0.56	0.397372
0.84	0.56	0.400457
0.85	0.56	0.403467
0.86	0.56	0.4064
0.87	0.56	0.409254
0.88	0.56	0.412029
0.89	0.56	0.414722
0.9	0.56	0.417332
0.91	0.56	0.419857
0.92	0.56	0.422295
0.93	0.56	0.424645
0.94	0.56	0.426906
0.95	0.56	0.429074
0.96	0.56	0.43115
0.97	0.56	0.43313
0.98	0.56	0.435014
0.99	0.56	0.4368
0	0.57	0
0.01	0.57	0.00557722
0.02	0.57	0.011154
0.03	0.57	0.0167299
0.04	0.57	0.0223044
0.05	0.57	0.0278771
0.06	0.57	0.0334476
0.07	0.57	0.0390154
0.08	0.57	0.04458
0.09	0.57	0.050141
0.1	0.57	0.0556979
0.11	0.57	0.0612502
0.12	0.57	0.0667976
0.13	0.57	0.0723394
0.14	0.57	0.0778752
0.15	0.57	0.0834046
0.16	0.57	0.088927
0.17	0.57	0.0944419
0.18	0.57	0.0999488
0.19	0.57	0.105447
0.2	0.57	0.110937
0.21	0.57	0.116416
0.22	0.57	0.121886
0.23	0.57	0.127345
0.24	0.57	0.132793
0.25	0.57	0.138229
0.26	0.57	0.143653
0.27	0.57	0.149064
0.28	0.57	0.154461
0.29	0.57	0.159844
0.3	0.57	0.165212
0.31	0.57	0.170565
0.32	0.57	0.175901
0.33	0.57	0.181221
0.34	0.57	0.186524
0.35	0.57	0.191808
0.36	0.57	0.197074
0.37	0.57	0.202319
0.38	0.57	0.207545
0.39	0.57	0.21275
0.4	0.57	0.217932
0.41	0.57	0.223092
0.42	0.57	0.228229
0.43	0.57	0.233342
0.44	0.57	0.238429
0.45	0.57	0.24349
0.46	0.57	0.248525
0.47	0.57	0.253532
0.48	0.57	0.258511
0.49	0.57	0.26346
0.5	0.57	0.268379
0.51	0.57	0.273266
0.52	0.57	0.278121
0.53	0.57	0.282942
0.54	0.57	0.28773
0.55	0.57	0.292481
0.56	0.57	0.297197
0.57	0.57	0.301875
0.58	0.57	0.306514
0.59	0.57	0.311114
0.6	0.57	0.315672
0.61	0.57	0.320189
0.62	0.57	0.324663
0.63	0.57	0.329092
0.64	0.57	0.333476
0.65	0.57	0.337812
0.66	0.57	0.342101
0.67	0.57	0.346341
0.68	0.57	0.35053
0.69	0.57	0.354667
0.7	0.57	0.358751
0.71	0.57	0.36278
0.72	0.57	0.366753
0.73	0.57	0.370669
0.74	0.57	0.374527
0.75	0.57	0.378324
0.76	0.57	0.382059
0.77	0.57	0.385732
0.78	0.57	0.38934
0.79	0.57	0.392882
0.8	0.57	0.396357
0.81	0.57	0.399762
0.82	0.57	0.403097
0.83	0.57	0.40636
0.84	0.57	0.409549
0.85	0.57	0.412663
0.86	0.57	0.415701
0.87	0.57	0.418659
0.88	0.57	0.421538
0.89	0.57	0.424335
0.9	0.57	0.427049
0.91	0.57	0.429678
0.92	0.57	0.43222
0.93	0.57	0.434674
0.94	0.57	0.437038
0.95	0.57	0.43931
0.96	0.57	0.441489
0.97	0.57	0.443573
0.98	0.57	0.445561
0.99	0.57	0.44745
0	0.58	0
0.01	0.58	0.00568756
0.02	0.58	0.0113747
0.03	0.58	0.0170609
0.04	0.58	0.0227457
0.05	0.58	0.0284288
0.06	0.58	0.0341096
0.07	0.58	0.0397878
0.08	0.58	0.0454627
0.09	0.58	0.051134
0.1	0.58	0.0568013
0.11	0.58	0.062464
0.12	0.58	0.0681217
0.13	0.58	0.0737738
0.14	0.58	0.07942
0.15	0.58	0.0850597
0.16	0.58	0.0906924
0.17	0.58	0.0963177
0.18	0.58	0.101935
0.19	0.58	0.107544
0.2	0.58	0.113143
0.21	0.58	0.118734
0.22	0.58	0.124314
0.23	0.58	0.129883
0.24	0.58	0.135441
0.25	0.58	0.140988
0.26	0.58	0.146522
0.27	0.58	0.152043
0.28	0.58	0.15755
0.29	0.58	0.163043
0.3	0.58	0.168522
0.31	0.58	0.173985
0.32	0.58	0.179432
0.33	0.58	0.184862
0.34	0.58	0.190274
0.35	0.58	0.195669
0.36	0.58	0.201044
0.37	0.58	0.2064
0.38	0.58	0.211736
0.39	0.58	0.21705
0.4	0.58	0.222343
0.41	0.58	0.227613
0.42	0.58	0.232859
0.43	0.58	0.238082
0.44	0.58	0.243279
0.45	0.58	0.24845
0.46	0.58	0.253595
0.47	0.58	0.258711
0.48	0.58	0.263799
0.49	0.58	0.268858
0.5	0.58	0.273886
0.51	0.58	0.278883
0.52	0.58	0.283847
0.53	0.58	0.288777
0.54	0.58	0.293674
0.55	0.58	0.298535
0.56	0.58	0.303359
0.57	0.58	0.308146
0.58	0.58	0.312894
0.59	0.58	0.317602
0.6	0.58	0.322269
0.61	0.58	0.326894
0.62	0.58	0.331476
0.63	0.58	0.336014
0.64	0.58	0.340505
0.65	0.58	0.34495
0.66	0.58	0.349347
0.67	0.58	0.353694
0.68	0.58	0.357991
0.69	0.58	0.362236
0.7	0.58	0.366427
0.71	0.58	0.370564
0.72	0.58	0.374644
0.73	0.58	0.378667
0.74	0.58	0.382632
0.75	0.58	0.386536
0.76	0.58	0.390378
0.77	0.58	0.394157
0.78	0.58	0.397872
0.79	0.58	0.40152
0.8	0.58	0.405101
0.81	0.58	0.408613
0.82	0.58	0.412054
0.83	0.58	0.415423
0.84	0.58	0.418718
0.85	0.58	0.421938
0.86	0.58	0.425081
0.87	0.58	0.428145
0.88	0.58	0.43113
0.89	0.58	0.434032
0.9	0.58	0.436851
0.91	0.58	0.439586
0.92	0.58	0.442233
0.93	0.58	0.444792
0.94	0.58	0.447262
0.95	0.58	0.449639
0.96	0.58	0.451924
0.97	0.58	0.454113
0.98	0.58	0.456206
0.99	0.58	0.4582
0	0.59	0
0.01	0.59	0.00579844
0.02	0.59	0.0115964
0.03	0.59	0.0173935
0.04	0.59	0.0231893
0.05	0.59	0.0289832
0.06	0.59	0.0347749
0.07	0.59	0.040564
0.08	0.59	0.0463498
0.09	0.59	0.052132
0.1	0.59	0.0579102
0.11	0.59	0.0636838
0.12	0.59	0.0694524
0.13	0.59	0.0752155
0.14	0.59	0.0809726
0.15	0.59	0.0867232
0.16	0.59	0.0924668
0.17	0.59	0.098203
0.18	0.59	0.103931
0.19	0.59	0.109651
0.2	0.59	0.115362
0.21	0.59	0.121063
0.22	0.59	0.126754
0.23	0.59	0.132434
0.24	0.59	0.138103
0.25	0.59	0.14376
0.26	0.59	0.149405
0.27	0.59	0.155037
0.28	0.59	0.160656
0.29	0.59	0.16626
0.3	0.59	0.171849
0.31	0.59	0.177423
0.32	0.59	0.182981
0.33	0.59	0.188522
0.34	0.59	0.194045
0.35	0.59	0.199551
0.36	0.59	0.205037
0.37	0.59	0.210504
0.38	0.59	0.21595
0.39	0.59	0.221376
0.4	0.59	0.226779
0.41	0.59	0.23216
0.42	0.59	0.237517
0.43	0.59	0.24285
0.44	0.59	0.248158
0.45	0.59	0.25344
0.46	0.59	0.258695
0.47	0.59	0.263922
0.48	0.59	0.26912
0.49	0.59	0.274289
0.5	0.59	0.279428
0.51	0.59	0.284535
0.52	0.59	0.289609
0.53	0.59	0.29465
0.54	0.59	0.299656
0.55	0.59	0.304627
0.56	0.59	0.309562
0.57	0.59	0.314458
0.58	0.59	0.319316
0.59	0.59	0.324134
0.6	0.59	0.328911
0.61	0.59	0.333646
0.62	0.59	0.338337
0.63	0.59	0.342984
0.64	0.59	0.347585
0.65	0.59	0.352139
0.66	0.59	0.356645
0.67	0.59	0.361101
0.68	0.59	0.365507
0.69	0.59	0.36986
0.7	0.59	0.37416
0.71	0.59	0.378406
0.72	0.59	0.382595
0.73	0.59	0.386726
0.74	0.59	0.390799
0.75	0.59	0.394811
0.76	0.59	0.398762
0.77	0.59	0.402649
0.78	0.59	0.406471
0.79	0.59	0.410228
0.8	0.59	0.413917
0.81	0.59	0.417536
0.82	0.59	0.421085
0.83	0.59	0.424561
0.84	0.59	0.427964
0.85	0.59	0.431291
0.86	0.59	0.434541
0.87	0.59	0.437713
0.88	0.59	0.440804
0.89	0.59	0.443814
0.9	0.59	0.44674
0.91	0.59	0.449581
0.92	0.59	0.452336
0.93	0.59	0.455002
0.94	0.59	0.457578
0.95	0.59	0.460062
0.96	0.59	0.462453
0.97	0.59	0.464749
0.98	0.59	0.466949
0.99	0.59	0.46905
0	0.6	0
0.01	0.6	0.00590987
0.02	0.6	0.0118193
0.03	0.6	0.0177278
0.04	0.6	0.023635
0.05	0.6	0.0295404
0.06	0.6	0.0354435
0.07	0.6	0.041344
0.08	0.6	0.0472413
0.09	0.6	0.053135
0.1	0.6	0.0590246
0.11	0.6	0.0649097
0.12	0.6	0.0707897
0.13	0.6	0.0766643
0.14	0.6	0.0825329
0.15	0.6	0.088395
0.16	0.6	0.0942502
0.17	0.6	0.100098
0.18	0.6	0.105938
0.19	0.6	0.111769
0.2	0.6	0.117591
0.21	0.6	0.123404
0.22	0.6	0.129206
0.23	0.6	0.134998
0.24	0.6	0.140779
0.25	0.6	0.146548
0.26	0.6	0.152304
0.27	0.6	0.158048
0.28	0.6	0.163778
0.29	0.6	0.169494
0.3	0.6	0.175195
0.31	0.6	0.18088
0.32	0.6	0.18655
0.33	0.6	0.192202
0.34	0.6	0.197838
0.35	0.6	0.203454
0.36	0.6	0.209053
0.37	0.6	0.214631
0.38	0.6	0.220189
0.39	0.6	0.225726
0.4	0.6	0.231241
0.41	0.6	0.236733
0.42	0.6	0.242202
0.43	0.6	0.247647
0.44	0.6	0.253066
0.45	0.6	0.258459
0.46	0.6	0.263826
0.47	0.6	0.269164
0.48	0.6	0.274474
0.49	0.6	0.279754
0.5	0.6	0.285004
0.51	0.6	0.290222
0.52	0.6	0.295408
0.53	0.6	0.30056
0.54	0.6	0.305678
0.55	0.6	0.31076
0.56	0.6	0.315805
0.57	0.6	0.320813
0.58	0.6	0.325781
0.59	0.6	0.33071
0.6	0.6	0.335598
0.61	0.6	0.340443
0.62	0.6	0.345245
0.63	0.6	0.350003
0.64	0.6	0.354714
0.65	0.6	0.359379
0.66	0.6	0.363995
0.67	0.6	0.368562
0.68	0.6	0.373077
0.69	0.6	0.377541
0.7	0.6	0.381951
0.71	0.6	0.386306
0.72	0.6	0.390605
0.73	0.6	0.394847
0.74	0.6	0.399029
0.75	0.6	0.403151
0.76	0.6	0.407211
0.77	0.6	0.411207
0.78	0.6	0.415139
0.79	0.6	0.419005
0.8	0.6	0.422803
0.81	0.6	0.426531
0.82	0.6	0.430189
0.83	0.6	0.433775
0.84	0.6	0.437286
0.85	0.6	0.440722
0.86	0.6	0.444081
0.87	0.6	0.447361
0.88	0.6	0.450561
0.89	0.6	0.45368
0.9	0.6	0.456714
0.91	0.6	0.459664
0.92	0.6	0.462527
0.93	0.6	0.465301
0.94	0.6	0.467986
0.95	0.6	0.470579
0.96	0.6	0.473078
0.97	0.6	0.475483
0.98	0.6	0.477791
0.99	0.6	0.48
0	0.61	0
0.01	0.61	0.00602184
0.02	0.61	0.0120432
0.03	0.61	0.0180637
0.04	0.61	0.0240829
0.05	0.61	0.0301003
0.06	0.61	0.0361154
0.07	0.61	0.0421279
0.08	0.61	0.0481372
0.09	0.61	0.0541429
0.1	0.61	0.0601445
0.11	0.61	0.0661417
0.12	0.61	0.0721338
0.13	0.61	0.0781204
0.14	0.61	0.0841011
0.15	0.61	0.0900753
0.16	0.61	0.0960426
0.17	0.61	0.102002
0.18	0.61	0.107954
0.19	0.61	0.113898
0.2	0.61	0.119832
0.21	0.61	0.125757
0.22	0.61	0.131672
0.23	0.61	0.137576
0.24	0.61	0.143469
0.25	0.61	0.14935
0.26	0.61	0.155219
0.27	0.61	0.161075
0.28	0.61	0.166917
0.29	0.61	0.172745
0.3	0.61	0.178558
0.31	0.61	0.184356
0.32	0.61	0.190138
0.33	0.61	0.195903
0.34	0.61	0.201651
0.35	0.61	0.20738
0.36	0.61	0.21309
0.37	0.61	0.218781
0.38	0.61	0.224452
0.39	0.61	0.230101
0.4	0.61	0.235728
0.41	0.61	0.241333
0.42	0.61	0.246914
0.43	0.61	0.252471
0.44	0.61	0.258003
0.45	0.61	0.263509
0.46	0.61	0.268987
0.47	0.61	0.274438
0.48	0.61	0.279861
0.49	0.61	0.285253
0.5	0.61	0.290615
0.51	0.61	0.295946
0.52	0.61	0.301244
0.53	0.61	0.306508
0.54	0.61	0.311738
0.55	0.61	0.316932
0.56	0.61	0.322089
0.57	0.61	0.327209
0.58	0.61	0.332289
0.59	0.61	0.33733
0.6	0.61	0.34233
0.61	0.61	0.347287
0.62	0.61	0.352201
0.63	0.61	0.35707
0.64	0.61	0.361893
0.65	0.61	0.36667
0.66	0.61	0.371397
0.67	0.61	0.376076
0.68	0.61	0.380703
0.69	0.61	0.385278
0.7	0.61	0.389799
0.71	0.61	0.394265
0.72	0.61	0.398676
0.73	0.61	0.403028
0.74	0.61	0.407321
0.75	0.61	0.411554
0.76	0.61	0.415725
0.77	0.61	0.419833
0.78	0.61	0.423875
0.79	0.61	0.427852
0.8	0.61	0.43176
0.81	0.61	0.435599
0.82	0.61	0.439368
0.83	0.61	0.443063
0.84	0.61	0.446685
0.85	0.61	0.450232
0.86	0.61	0.453701
0.87	0.61	0.457091
0.88	0.61	0.460402
0.89	0.61	0.46363
0.9	0.61	0.466775
0.91	0.61	0.469835
0.92	0.61	0.472807
0.93	0.61	0.475692
0.94	0.61	0.478486
0.95	0.61	0.481189
0.96	0.61	0.483799
0.97	0.61	0.486313
0.98	0.61	0.488731
0.99	0.61	0.49105
0	0.62	0
0.01	0.62	0.00613436
0.02	0.62	0.0122683
0.03	0.62	0.0184013
0.04	0.62	0.024533
0.05	0.62	0.0306629
0.06	0.62	0.0367906
0.07	0.62	0.0429156
0.08	0.62	0.0490375
0.09	0.62	0.0551557
0.1	0.62	0.06127
0.11	0.62	0.0673797
0.12	0.62	0.0734844
0.13	0.62	0.0795837
0.14	0.62	0.085677
0.15	0.62	0.0917639
0.16	0.62	0.0978439
0.17	0.62	0.103916
0.18	0.62	0.109981
0.19	0.62	0.116037
0.2	0.62	0.122084
0.21	0.62	0.128122
0.22	0.62	0.13415
0.23	0.62	0.140167
0.24	0.62	0.146173
0.25	0.62	0.152167
0.26	0.62	0.158148
0.27	0.62	0.164117
0.28	0.62	0.170073
0.29	0.62	0.176014
0.3	0.62	0.18194
0.31	0.62	0.187851
0.32	0.62	0.193746
0.33	0.62	0.199624
0.34	0.62	0.205485
0.35	0.62	0.211327
0.36	0.62	0.217151
0.37	0.62	0.222955
0.38	0.62	0.228738
0.39	0.62	0.234501
0.4	0.62	0.240242
0.41	0.62	0.24596
0.42	0.62	0.251654
0.43	0.62	0.257324
0.44	0.62	0.262969
0.45	0.62	0.268588
0.46	0.62	0.27418
0.47	0.62	0.279744
0.48	0.62	0.28528
0.49	0.62	0.290786
0.5	0.62	0.296261
0.51	0.62	0.301705
0.52	0.62	0.307116
0.53	0.62	0.312493
0.54	0.62	0.317836
0.55	0.62	0.323144
0.56	0.62	0.328414
0.57	0.62	0.333647
0.58	0.62	0.338841
0.59	0.62	0.343994
0.6	0.62	0.349107
0.61	0.62	0.354177
0.62	0.62	0.359204
0.63	0.62	0.364186
0.64	0.62	0.369123
0.65	0.62	0.374012
0.66	0.62	0.378852
0.67	0.62	0.383643
0.68	0.62	0.388383
0.69	0.62	0.393071
0.7	0.62	0.397704
0.71	0.62	0.402283
0.72	0.62	0.406806
0.73	0.62	0.411271
0.74	0.62	0.415677
0.75	0.62	0.420022
0.76	0.62	0.424305
0.77	0.62	0.428525
0.78	0.62	0.43268
0.79	0.62	0.436768
0.8	0.62	0.440789
0.81	0.62	0.44474
0.82	0.62	0.44862
0.83	0.62	0.452428
0.84	0.62	0.456161
0.85	0.62	0.45982
0.86	0.62	0.463401
0.87	0.62	0.466903
0.88	0.62	0.470325
0.89	0.62	0.473665
0.9	0.62	0.476921
0.91	0.62	0.480093
0.92	0.62	0.483177
0.93	0.62	0.486173
0.94	0.62	0.489079
0.95	0.62	0.491893
0.96	0.62	0.494614
0.97	0.62	0.49724
0.98	0.62	0.499769
0.99	0.62	0.5022
0	0.63	0
0.01	0.63	0.00624742
0.02	0.63	0.0124944
0.03	0.63	0.0187405
0.04	0.63	0.0249853
0.05	0.63	0.0312283
0.06	0.63	0.037469
0.07	0.63	0.0437071
0.08	0.63	0.0499421
0.09	0.63	0.0561735
0.1	0.63	0.0624009
0.11	0.63	0.0686238
0.12	0.63	0.0748417
0.13	0.63	0.0810542
0.14	0.63	0.0872608
0.15	0.63	0.0934609
0.16	0.63	0.0996542
0.17	0.63	0.10584
0.18	0.63	0.112018
0.19	0.63	0.118188
0.2	0.63	0.124348
0.21	0.63	0.130499
0.22	0.63	0.13664
0.23	0.63	0.142771
0.24	0.63	0.14889
0.25	0.63	0.154998
0.26	0.63	0.161093
0.27	0.63	0.167176
0.28	0.63	0.173245
0.29	0.63	0.1793
0.3	0.63	0.18534
0.31	0.63	0.191365
0.32	0.63	0.197373
0.33	0.63	0.203365
0.34	0.63	0.20934
0.35	0.63	0.215296
0.36	0.63	0.221234
0.37	0.63	0.227152
0.38	0.63	0.233049
0.39	0.63	0.238926
0.4	0.63	0.24478
0.41	0.63	0.250613
0.42	0.63	0.256421
0.43	0.63	0.262205
0.44	0.63	0.267965
0.45	0.63	0.273698
0.46	0.63	0.279404
0.47	0.63	0.285082
0.48	0.63	0.290732
0.49	0.63	0.296352
0.5	0.63	0.301942
0.51	0.63	0.307499
0.52	0.63	0.313025
0.53	0.63	0.318517
0.54	0.63	0.323974
0.55	0.63	0.329395
0.56	0.63	0.33478
0.57	0.63	0.340127
0.58	0.63	0.345435
0.59	0.63	0.350703
0.6	0.63	0.35593
0.61	0.63	0.361114
0.62	0.63	0.366255
0.63	0.63	0.371351
0.64	0.63	0.376402
0.65	0.63	0.381405
0.66	0.63	0.386359
0.67	0.63	0.391264
0.68	0.63	0.396118
0.69	0.63	0.40092
0.7	0.63	0.405667
0.71	0.63	0.41036
0.72	0.63	0.414997
0.73	0.63	0.419575
0.74	0.63	0.424095
0.75	0.63	0.428554
0.76	0.63	0.43295
0.77	0.63	0.437284
0.78	0.63	0.441552
0.79	0.63	0.445754
0.8	0.63	0.449888
0.81	0.63	0.453953
0.82	0.63	0.457946
0.83	0.63	0.461868
0.84	0.63	0.465715
0.85	0.63	0.469486
0.86	0.63	0.47318
0.87	0.63	0.476796
0.88	0.63	0.480331
0.89	0.63	0.483784
0.9	0.63	0.487154
0.91	0.63	0.490438
0.92	0.63	0.493636
0.93	0.63	0.496745
0.94	0.63	0.499764
0.95	0.63	0.502691
0.96	0.63	0.505525
0.97	0.63	0.508264
0.98	0.63	0.510906
0.99	0.63	0.51345
0	0.64	0
0.01	0.64	0.00636103
0.02	0.64	0.0127216
0.03	0.64	0.0190813
0.04	0.64	0.0254397
0.05	0.64	0.0317963
0.06	0.64	0.0381508
0.07	0.64	0.0445025
0.08	0.64	0.0508512
0.09	0.64	0.0571963
0.1	0.64	0.0635374
0.11	0.64	0.069874
0.12	0.64	0.0762057
0.13	0.64	0.082532
0.14	0.64	0.0888523
0.15	0.64	0.0951663
0.16	0.64	0.101473
0.17	0.64	0.107773
0.18	0.64	0.114065
0.19	0.64	0.120349
0.2	0.64	0.126623
0.21	0.64	0.132888
0.22	0.64	0.139144
0.23	0.64	0.145388
0.24	0.64	0.151622
0.25	0.64	0.157844
0.26	0.64	0.164053
0.27	0.64	0.17025
0.28	0.64	0.176434
0.29	0.64	0.182603
0.3	0.64	0.188757
0.31	0.64	0.194897
0.32	0.64	0.20102
0.33	0.64	0.207126
0.34	0.64	0.213216
0.35	0.64	0.219287
0.36	0.64	0.225339
0.37	0.64	0.231372
0.38	0.64	0.237384
0.39	0.64	0.243376
0.4	0.64	0.249345
0.41	0.64	0.255292
0.42	0.64	0.261216
0.43	0.64	0.267115
0.44	0.64	0.272989
0.45	0.64	0.278837
0.46	0.64	0.284659
0.47	0.64	0.290452
0.48	0.64	0.296217
0.49	0.64	0.301952
0.5	0.64	0.307657
0.51	0.64	0.31333
0.52	0.64	0.318971
0.53	0.64	0.324578
0.54	0.64	0.33015
0.55	0.64	0.335687
0.56	0.64	0.341187
0.57	0.64	0.346649
0.58	0.64	0.352072
0.59	0.64	0.357456
0.6	0.64	0.362798
0.61	0.64	0.368098
0.62	0.64	0.373354
0.63	0.64	0.378565
0.64	0.64	0.383731
0.65	0.64	0.388849
0.66	0.64	0.393919
0.67	0.64	0.398939
0.68	0.64	0.403908
0.69	0.64	0.408825
0.7	0.64	0.413688
0.71	0.64	0.418496
0.72	0.64	0.423247
0.73	0.64	0.427941
0.74	0.64	0.432576
0.75	0.64	0.43715
0.76	0.64	0.441662
0.77	0.64	0.44611
0.78	0.64	0.450493
0.79	0.64	0.45481
0.8	0.64	0.459059
0.81	0.64	0.463239
0.82	0.64	0.467347
0.83	0.64	0.471383
0.84	0.64	0.475345
0.85	0.64	0.479231
0.86	0.64	0.48304
0.87	0.64	0.48677
0.88	0.64	0.49042
0.89	0.64	0.493988
0.9	0.64	0.497472
0.91	0.64	0.500871
0.92	0.64	0.504184
0.93	0.64	0.507407
0.94	0.64	0.510541
0.95	0.64	0.513583
0.96	0.64	0.516531
0.97	0.64	0.519385
0.98	0.64	0.522142
0.99	0.64	0.5248
0	0.65	0
0.01	0.65	0.00647518
0.02	0.65	0.0129499
0.03	0.65	0.0194238
0.04	0.65	0.0258963
0.05	0.65	0.0323671
0.06	0.65	0.0388357
0.07	0.65	0.0453017
0.08	0.65	0.0517646
0.09	0.65	0.058224
0.1	0.65	0.0646793
0.11	0.65	0.0711303
0.12	0.65	0.0775763
0.13	0.65	0.0840169
0.14	0.65	0.0904517
0.15	0.65	0.0968801
0.16	0.65	0.103302
0.17	0.65	0.109716
0.18	0.65	0.116122
0.19	0.65	0.122521
0.2	0.65	0.12891
0.21	0.65	0.13529
0.22	0.65	0.14166
0.23	0.65	0.148019
0.24	0.65	0.154367
0.25	0.65	0.160704
0.26	0.65	0.167029
0.27	0.65	0.173341
0.28	0.65	0.179639
0.29	0.65	0.185923
0.3	0.65	0.192193
0.31	0.65	0.198448
0.32	0.65	0.204686
0.33	0.65	0.210908
0.34	0.65	0.217112
0.35	0.65	0.223299
0.36	0.65	0.229467
0.37	0.65	0.235615
0.38	0.65	0.241743
0.39	0.65	0.24785
0.4	0.65	0.253935
0.41	0.65	0.259998
0.42	0.65	0.266038
0.43	0.65	0.272053
0.44	0.65	0.278043
0.45	0.65	0.284007
0.46	0.65	0.289944
0.47	0.65	0.295854
0.48	0.65	0.301735
0.49	0.65	0.307586
0.5	0.65	0.313407
0.51	0.65	0.319196
0.52	0.65	0.324953
0.53	0.65	0.330677
0.54	0.65	0.336365
0.55	0.65	0.342018
0.56	0.65	0.347635
0.57	0.65	0.353213
0.58	0.65	0.358753
0.59	0.65	0.364253
0.6	0.65	0.369711
0.61	0.65	0.375128
0.62	0.65	0.3805
0.63	0.65	0.385828
0.64	0.65	0.39111
0.65	0.65	0.396345
0.66	0.65	0.401531
0.67	0.65	0.406668
0.68	0.65	0.411753
0.69	0.65	0.416787
0.7	0.65	0.421766
0.71	0.65	0.426691
0.72	0.65	0.431559
0.73	0.65	0.436369
0.74	0.65	0.44112
0.75	0.65	0.44581
0.76	0.65	0.450438
0.77	0.65	0.455003
0.78	0.65	0.459503
0.79	0.65	0.463936
0.8	0.65	0.468301
0.81	0.65	0.472597
0.82	0.65	0.476822
0.83	0.65	0.480974
0.84	0.65	0.485052
0.85	0.65	0.489055
0.86	0.65	0.49298
0.87	0.65	0.496827
0.88	0.65	0.500593
0.89	0.65	0.504277
0.9	0.65	0.507877
0.91	0.65	0.511392
0.92	0.65	0.514821
0.93	0.65	0.518161
0.94	0.65	0.52141
0.95	0.65	0.524568
0.96	0.65	0.527633
0.97	0.65	0.530603
0.98	0.65	0.533475
0.99	0.65	0.53625
0	0.66	0
0.01	0.66	0.00658987
0.02	0.66	0.0131793
0.03	0.66	0.0197679
0.04	0.66	0.0263551
0.05	0.66	0.0329407
0.06	0.66	0.039524
0.07	0.66	0.0461047
0.08	0.66	0.0526824
0.09	0.66	0.0592566
0.1	0.66	0.0658268
0.11	0.66	0.0723925
0.12	0.66	0.0789534
0.13	0.66	0.085509
0.14	0.66	0.0920587
0.15	0.66	0.0986022
0.16	0.66	0.105139
0.17	0.66	0.111668
0.18	0.66	0.11819
0.19	0.66	0.124703
0.2	0.66	0.131208
0.21	0.66	0.137703
0.22	0.66	0.144188
0.23	0.66	0.150663
0.24	0.66	0.157127
0.25	0.66	0.163579
0.26	0.66	0.170019
0.27	0.66	0.176447
0.28	0.66	0.182861
0.29	0.66	0.189261
0.3	0.66	0.195647
0.31	0.66	0.202017
0.32	0.66	0.208372
0.33	0.66	0.21471
0.34	0.66	0.22103
0.35	0.66	0.227333
0.36	0.66	0.233617
0.37	0.66	0.239882
0.38	0.66	0.246126
0.39	0.66	0.25235
0.4	0.66	0.258552
0.41	0.66	0.264731
0.42	0.66	0.270887
0.43	0.66	0.277019
0.44	0.66	0.283126
0.45	0.66	0.289207
0.46	0.66	0.295261
0.47	0.66	0.301288
0.48	0.66	0.307286
0.49	0.66	0.313254
0.5	0.66	0.319192
0.51	0.66	0.325099
0.52	0.66	0.330973
0.53	0.66	0.336813
0.54	0.66	0.342619
0.55	0.66	0.34839
0.56	0.66	0.354124
0.57	0.66	0.35982
0.58	0.66	0.365477
0.59	0.66	0.371094
0.6	0.66	0.37667
0.61	0.66	0.382204
0.62	0.66	0.387694
0.63	0.66	0.39314
0.64	0.66	0.39854
0.65	0.66	0.403892
0.66	0.66	0.409196
0.67	0.66	0.414451
0.68	0.66	0.419654
0.69	0.66	0.424805
0.7	0.66	0.429902
0.71	0.66	0.434944
0.72	0.66	0.43993
0.73	0.66	0.444858
0.74	0.66	0.449727
0.75	0.66	0.454535
0.76	0.66	0.459281
0.77	0.66	0.463963
0.78	0.66	0.468581
0.79	0.66	0.473132
0.8	0.66	0.477615
0.81	0.66	0.482029
0.82	0.66	0.486371
0.83	0.66	0.490641
0.84	0.66	0.494837
0.85	0.66	0.498957
0.86	0.66	0.503
0.87	0.66	0.506964
0.88	0.66	0.510848
0.89	0.66	0.51465
0.9	0.66	0.518368
0.91	0.66	0.522001
0.92	0.66	0.525547
0.93	0.66	0.529005
0.94	0.66	0.532372
0.95	0.66	0.535648
0.96	0.66	0.53883
0.97	0.66	0.541917
0.98	0.66	0.544908
0.99	0.66	0.5478
0	0.67	0
0.01	0.67	0.0067051
0.02	0.67	0.0134098
0.03	0.67	0.0201136
0.04	0.67	0.0268161
0.05	0.67	0.0335169
0.06	0.67	0.0402155
0.07	0.67	0.0469115
0.08	0.67	0.0536045
0.09	0.67	0.0602941
0.1	0.67	0.0669796
0.11	0.67	0.0736608
0.12	0.67	0.0803372
0.13	0.67	0.0870083
0.14	0.67	0.0936736
0.15	0.67	0.100333
0.16	0.67	0.106985
0.17	0.67	0.11363
0.18	0.67	0.120267
0.19	0.67	0.126896
0.2	0.67	0.133517
0.21	0.67	0.140128
0.22	0.67	0.146729
0.23	0.67	0.15332
0.24	0.67	0.1599
0.25	0.67	0.166469
0.26	0.67	0.173025
0.27	0.67	0.179569
0.28	0.67	0.1861
0.29	0.67	0.192616
0.3	0.67	0.199118
0.31	0.67	0.205605
0.32	0.67	0.212077
0.33	0.67	0.218531
0.34	0.67	0.224969
0.35	0.67	0.231389
0.36	0.67	0.23779
0.37	0.67	0.244172
0.38	0.67	0.250533
0.39	0.67	0.256874
0.4	0.67	0.263193
0.41	0.67	0.26949
0.42	0.67	0.275764
0.43	0.67	0.282013
0.44	0.67	0.288238
0.45	0.67	0.294437
0.46	0.67	0.300609
0.47	0.67	0.306753
0.48	0.67	0.312869
0.49	0.67	0.318956
0.5	0.67	0.325012
0.51	0.67	0.331037
0.52	0.67	0.337029
0.53	0.67	0.342988
0.54	0.67	0.348912
0.55	0.67	0.354801
0.56	0.67	0.360653
0.57	0.67	0.366468
0.58	0.67	0.372244
0.59	0.67	0.37798
0.6	0.67	0.383675
0.61	0.67	0.389327
0.62	0.67	0.394936
0.63	0.67	0.400501
0.64	0.67	0.406019
0.65	0.67	0.411491
0.66	0.67	0.416914
0.67	0.67	0.422287
0.68	0.67	0.427609
0.69	0.67	0.432879
0.7	0.67	0.438096
0.71	0.67	0.443257
0.72	0.67	0.448362
0.73	0.67	0.453409
0.74	0.67	0.458397
0.75	0.67	0.463324
0.76	0.67	0.468189
0.77	0.67	0.472991
0.78	0.67	0.477728
0.79	0.67	0.482398
0.8	0.67	0.487
0.81	0.67	0.491533
0.82	0.67	0.495995
0.83	0.67	0.500384
0.84	0.67	0.504699
0.85	0.67	0.508938
0.86	0.67	0.513101
0.87	0.67	0.517184
0.88	0.67	0.521187
0.89	0.67	0.525108
0.9	0.67	0.528945
0.91	0.67	0.532697
0.92	0.67	0.536363
0.93	0.67	0.539939
0.94	0.67	0.543426
0.95	0.67	0.546821
0.96	0.67	0.550122
0.97	0.67	0.553329
0.98	0.67	0.556439
0.99	0.67	0.55945
0	0.68	0
0.01	0.68	0.00682086
0.02	0.68	0.0136413
0.03	0.68	0.0204609
0.04	0.68	0.0272792
0.05	0.68	0.0340958
0.06	0.68	0.0409102
0.07	0.68	0.0477221
0.08	0.68	0.054531
0.09	0.68	0.0613364
0.1	0.68	0.068138
0.11	0.68	0.0749351
0.12	0.68	0.0817275
0.13	0.68	0.0885147
0.14	0.68	0.0952961
0.15	0.68	0.102071
0.16	0.68	0.10884
0.17	0.68	0.115601
0.18	0.68	0.122355
0.19	0.68	0.1291
0.2	0.68	0.135837
0.21	0.68	0.142565
0.22	0.68	0.149283
0.23	0.68	0.15599
0.24	0.68	0.162687
0.25	0.68	0.169373
0.26	0.68	0.176046
0.27	0.68	0.182707
0.28	0.68	0.189355
0.29	0.68	0.195988
0.3	0.68	0.202608
0.31	0.68	0.209212
0.32	0.68	0.215801
0.33	0.68	0.222373
0.34	0.68	0.228929
0.35	0.68	0.235466
0.36	0.68	0.241985
0.37	0.68	0.248485
0.38	0.68	0.254964
0.39	0.68	0.261423
0.4	0.68	0.267861
0.41	0.68	0.274276
0.42	0.68	0.280668
0.43	0.68	0.287036
0.44	0.68	0.293379
0.45	0.68	0.299696
0.46	0.68	0.305987
0.47	0.68	0.312251
0.48	0.68	0.318486
0.49	0.68	0.324691
0.5	0.68	0.330866
0.51	0.68	0.33701
0.52	0.68	0.343122
0.53	0.68	0.3492
0.54	0.68	0.355244
0.55	0.68	0.361252
0.56	0.68	0.367224
0.57	0.68	0.373159
0.58	0.68	0.379054
0.59	0.68	0.38491
0.6	0.68	0.390725
0.61	0.68	0.396497
0.62	0.68	0.402226
0.63	0.68	0.407911
0.64	0.68	0.413549
0.65	0.68	0.419141
0.66	0.68	0.424684
0.67	0.68	0.430177
0.68	0.68	0.43562
0.69	0.68	0.44101
0.7	0.68	0.446347
0.71	0.68	0.451628
0.72	0.68	0.456854
0.73	0.68	0.462021
0.74	0.68	0.46713
0.75	0.68	0.472177
0.76	0.68	0.477163
0.77	0.68	0.482085
0.78	0.68	0.486943
0.79	0.68	0.491733
0.8	0.68	0.496456
0.81	0.68	0.50111
0.82	0.68	0.505692
0.83	0.68	0.510202
0.84	0.68	0.514638
0.85	0.68	0.518998
0.86	0.68	0.523281
0.87	0.68	0.527485
0.88	0.68	0.531609
0.89	0.68	0.53565
0.9	0.68	0.539609
0.91	0.68	0.543481
0.92	0.68	0.547267
0.93	0.68	0.550965
0.94	0.68	0.554572
0.95	0.68	0.558088
0.96	0.68	0.56151
0.97	0.68	0.564837
0.98	0.68	0.568068
0.99	0.68	0.5712
0	0.69	0
0.01	0.69	0.00693716
0.02	0.69	0.0138739
0.03	0.69	0.0208098
0.04	0.69	0.0277444
0.05	0.69	0.0346774
0.06	0.69	0.0416082
0.07	0.69	0.0485365
0.08	0.69	0.0554618
0.09	0.69	0.0623836
0.1	0.69	0.0693017
0.11	0.69	0.0762154
0.12	0.69	0.0831244
0.13	0.69	0.0900281
0.14	0.69	0.0969262
0.15	0.69	0.103818
0.16	0.69	0.110704
0.17	0.69	0.117582
0.18	0.69	0.124452
0.19	0.69	0.131315
0.2	0.69	0.138169
0.21	0.69	0.145014
0.22	0.69	0.151849
0.23	0.69	0.158674
0.24	0.69	0.165488
0.25	0.69	0.172291
0.26	0.69	0.179082
0.27	0.69	0.185861
0.28	0.69	0.192626
0.29	0.69	0.199378
0.3	0.69	0.206115
0.31	0.69	0.212838
0.32	0.69	0.219545
0.33	0.69	0.226235
0.34	0.69	0.232909
0.35	0.69	0.239565
0.36	0.69	0.246202
0.37	0.69	0.252821
0.38	0.69	0.259419
0.39	0.69	0.265997
0.4	0.69	0.272554
0.41	0.69	0.279088
0.42	0.69	0.285599
0.43	0.69	0.292087
0.44	0.69	0.298549
0.45	0.69	0.304986
0.46	0.69	0.311397
0.47	0.69	0.31778
0.48	0.69	0.324135
0.49	0.69	0.33046
0.5	0.69	0.336756
0.51	0.69	0.34302
0.52	0.69	0.349252
0.53	0.69	0.35545
0.54	0.69	0.361615
0.55	0.69	0.367744
0.56	0.69	0.373836
0.57	0.69	0.379891
0.58	0.69	0.385908
0.59	0.69	0.391884
0.6	0.69	0.39782
0.61	0.69	0.403713
0.62	0.69	0.409564
0.63	0.69	0.415369
0.64	0.69	0.421129
0.65	0.69	0.426842
0.66	0.69	0.432507
0.67	0.69	0.438121
0.68	0.69	0.443686
0.69	0.69	0.449197
0.7	0.69	0.454656
0.71	0.69	0.460059
0.72	0.69	0.465406
0.73	0.69	0.470695
0.74	0.69	0.475926
0.75	0.69	0.481095
0.76	0.69	0.486203
0.77	0.69	0.491247
0.78	0.69	0.496226
0.79	0.69	0.501139
0.8	0.69	0.505984
0.81	0.69	0.51076
0.82	0.69	0.515464
0.83	0.69	0.520096
0.84	0.69	0.524654
0.85	0.69	0.529136
0.86	0.69	0.533541
0.87	0.69	0.537868
0.88	0.69	0.542114
0.89	0.69	0.546278
0.9	0.69	0.550358
0.91	0.69	0.554353
0.92	0.69	0.558261
0.93	0.69	0.562081
0.94	0.69	0.565811
0.95	0.69	0.569449
0.96	0.69	0.572993
0.97	0.69	0.576443
0.98	0.69	0.579796
0.99	0.69	0.58305
0	0.7	0
0.01	0.7	0.00705399
0.02	0.7	0.0141076
0.03	0.7	0.0211603
0.04	0.7	0.0282118
0.05	0.7	0.0352616
0.06	0.7	0.0423093
0.07	0.7	0.0493545
0.08	0.7	0.0563968
0.09	0.7	0.0634357
0.1	0.7	0.0704708
0.11	0.7	0.0775016
0.12	0.7	0.0845277
0.13	0.7	0.0915487
0.14	0.7	0.098564
0.15	0.7	0.105573
0.16	0.7	0.112576
0.17	0.7	0.119572
0.18	0.7	0.12656
0.19	0.7	0.13354
0.2	0.7	0.140512
0.21	0.7	0.147474
0.22	0.7	0.154427
0.23	0.7	0.16137
0.24	0.7	0.168303
0.25	0.7	0.175224
0.26	0.7	0.182133
0.27	0.7	0.18903
0.28	0.7	0.195914
0.29	0.7	0.202784
0.3	0.7	0.20964
0.31	0.7	0.216482
0.32	0.7	0.223307
0.33	0.7	0.230117
0.34	0.7	0.23691
0.35	0.7	0.243685
0.36	0.7	0.250442
0.37	0.7	0.25718
0.38	0.7	0.263898
0.39	0.7	0.270596
0.4	0.7	0.277272
0.41	0.7	0.283927
0.42	0.7	0.290558
0.43	0.7	0.297165
0.44	0.7	0.303748
0.45	0.7	0.310306
0.46	0.7	0.316837
0.47	0.7	0.323341
0.48	0.7	0.329817
0.49	0.7	0.336263
0.5	0.7	0.34268
0.51	0.7	0.349065
0.52	0.7	0.355418
0.53	0.7	0.361738
0.54	0.7	0.368024
0.55	0.7	0.374275
0.56	0.7	0.380489
0.57	0.7	0.386666
0.58	0.7	0.392804
0.59	0.7	0.398903
0.6	0.7	0.40496
0.61	0.7	0.410976
0.62	0.7	0.416949
0.63	0.7	0.422877
0.64	0.7	0.428759
0.65	0.7	0.434595
0.66	0.7	0.440382
0.67	0.7	0.446119
0.68	0.7	0.451806
0.69	0.7	0.457441
0.7	0.7	0.463022
0.71	0.7	0.468549
0.72	0.7	0.474019
0.73	0.7	0.479431
0.74	0.7	0.484785
0.75	0.7	0.490077
0.76	0.7	0.495308
0.77	0.7	0.500476
0.78	0.7	0.505579
0.79	0.7	0.510615
0.8	0.7	0.515583
0.81	0.7	0.520482
0.82	0.7	0.52531
0.83	0.7	0.530066
0.84	0.7	0.534747
0.85	0.7	0.539353
0.86	0.7	0.543882
0.87	0.7	0.548332
0.88	0.7	0.552702
0.89	0.7	0.55699
0.9	0.7	0.561194
0.91	0.7	0.565313
0.92	0.7	0.569345
0.93	0.7	0.573288
0.94	0.7	0.577142
0.95	0.7	0.580903
0.96	0.7	0.584572
0.97	0.7	0.588145
0.98	0.7	0.591622
0.99	0.7	0.595
0	0.71	0
0.01	0.71	0.00717135
0.02	0.71	0.0143423
0.03	0.71	0.0215124
0.04	0.71	0.0286813
0.05	0.71	0.0358485
0.06	0.71	0.0430137
0.07	0.71	0.0501763
0.08	0.71	0.0573361
0.09	0.71	0.0644925
0.1	0.71	0.0716452
0.11	0.71	0.0787936
0.12	0.71	0.0859374
0.13	0.71	0.0930762
0.14	0.71	0.100209
0.15	0.71	0.107337
0.16	0.71	0.114457
0.17	0.71	0.121571
0.18	0.71	0.128677
0.19	0.71	0.135776
0.2	0.71	0.142866
0.21	0.71	0.149947
0.22	0.71	0.157018
0.23	0.71	0.16408
0.24	0.71	0.171131
0.25	0.71	0.178171
0.26	0.71	0.185199
0.27	0.71	0.192215
0.28	0.71	0.199218
0.29	0.71	0.206208
0.3	0.71	0.213183
0.31	0.71	0.220144
0.32	0.71	0.227089
0.33	0.71	0.234019
0.34	0.71	0.240931
0.35	0.71	0.247827
0.36	0.71	0.254704
0.37	0.71	0.261562
0.38	0.71	0.268401
0.39	0.71	0.275219
0.4	0.71	0.282016
0.41	0.71	0.288791
0.42	0.71	0.295544
0.43	0.71	0.302272
0.44	0.71	0.308977
0.45	0.71	0.315655
0.46	0.71	0.322308
0.47	0.71	0.328934
0.48	0.71	0.335531
0.49	0.71	0.3421
0.5	0.71	0.348638
0.51	0.71	0.355146
0.52	0.71	0.361621
0.53	0.71	0.368063
0.54	0.71	0.374472
0.55	0.71	0.380845
0.56	0.71	0.387182
0.57	0.71	0.393482
0.58	0.71	0.399743
0.59	0.71	0.405965
0.6	0.71	0.412146
0.61	0.71	0.418285
0.62	0.71	0.424381
0.63	0.71	0.430433
0.64	0.71	0.436439
0.65	0.71	0.442398
0.66	0.71	0.44831
0.67	0.71	0.454171
0.68	0.71	0.459982
0.69	0.71	0.465741
0.7	0.71	0.471446
0.71	0.71	0.477097
0.72	0.71	0.482692
0.73	0.71	0.488229
0.74	0.71	0.493707
0.75	0.71	0.499124
0.76	0.71	0.50448
0.77	0.71	0.509772
0.78	0.71	0.514999
0.79	0.71	0.520161
0.8	0.71	0.525254
0.81	0.71	0.530278
0.82	0.71	0.535231
0.83	0.71	0.540111
0.84	0.71	0.544918
0.85	0.71	0.549649
0.86	0.71	0.554303
0.87	0.71	0.558878
0.88	0.71	0.563373
0.89	0.71	0.567786
0.9	0.71	0.572115
0.91	0.71	0.57636
0.92	0.71	0.580517
0.93	0.71	0.584586
0.94	0.71	0.588565
0.95	0.71	0.592452
0.96	0.71	0.596246
0.97	0.71	0.599944
0.98	0.71	0.603546
0.99	0.71	0.60705
0	0.72	0
0.01	0.72	0.00728922
0.02	0.72	0.014578
0.03	0.72	0.021866
0.04	0.72	0.0291528
0.05	0.72	0.036438
0.06	0.72	0.0437211
0.07	0.72	0.0510018
0.08	0.72	0.0582796
0.09	0.72	0.0655541
0.1	0.72	0.0728249
0.11	0.72	0.0800915
0.12	0.72	0.0873536
0.13	0.72	0.0946106
0.14	0.72	0.101862
0.15	0.72	0.109108
0.16	0.72	0.116347
0.17	0.72	0.123579
0.18	0.72	0.130804
0.19	0.72	0.138022
0.2	0.72	0.145231
0.21	0.72	0.152431
0.22	0.72	0.159621
0.23	0.72	0.166802
0.24	0.72	0.173972
0.25	0.72	0.181132
0.26	0.72	0.18828
0.27	0.72	0.195415
0.28	0.72	0.202538
0.29	0.72	0.209648
0.3	0.72	0.216743
0.31	0.72	0.223824
0.32	0.72	0.23089
0.33	0.72	0.23794
0.34	0.72	0.244974
0.35	0.72	0.25199
0.36	0.72	0.258988
0.37	0.72	0.265967
0.38	0.72	0.272927
0.39	0.72	0.279867
0.4	0.72	0.286785
0.41	0.72	0.293682
0.42	0.72	0.300556
0.43	0.72	0.307407
0.44	0.72	0.314233
0.45	0.72	0.321035
0.46	0.72	0.32781
0.47	0.72	0.334558
0.48	0.72	0.341278
0.49	0.72	0.347969
0.5	0.72	0.354631
0.51	0.72	0.361262
0.52	0.72	0.36786
0.53	0.72	0.374426
0.54	0.72	0.380958
0.55	0.72	0.387456
0.56	0.72	0.393917
0.57	0.72	0.40034
0.58	0.72	0.406726
0.59	0.72	0.413072
0.6	0.72	0.419377
0.61	0.72	0.425641
0.62	0.72	0.431862
0.63	0.72	0.438038
0.64	0.72	0.444169
0.65	0.72	0.450253
0.66	0.72	0.45629
0.67	0.72	0.462277
0.68	0.72	0.468213
0.69	0.72	0.474097
0.7	0.72	0.479928
0.71	0.72	0.485705
0.72	0.72	0.491425
0.73	0.72	0.497088
0.74	0.72	0.502691
0.75	0.72	0.508235
0.76	0.72	0.513717
0.77	0.72	0.519135
0.78	0.72	0.524489
0.79	0.72	0.529776
0.8	0.72	0.534996
0.81	0.72	0.540146
0.82	0.72	0.545226
0.83	0.72	0.550233
0.84	0.72	0.555166
0.85	0.72	0.560024
0.86	0.72	0.564804
0.87	0.72	0.569506
0.88	0.72	0.574128
0.89	0.72	0.578667
0.9	0.72	0.583123
0.91	0.72	0.587494
0.92	0.72	0.591779
0.93	0.72	0.595974
0.94	0.72	0.60008
0.95	0.72	0.604094
0.96	0.72	0.608015
0.97	0.72	0.61184
0.98	0.72	0.615569
0.99	0.72	0.6192
0	0.73	0
0.01	0.73	0.00740762
0.02	0.73	0.0148148
0.03	0.73	0.0222213
0.04	0.73	0.0296265
0.05	0.73	0.0370301
0.06	0.73	0.0444317
0.07	0.73	0.0518309
0.08	0.73	0.0592273
0.09	0.73	0.0666204
0.1	0.73	0.0740098
0.11	0.73	0.0813952
0.12	0.73	0.0887761
0.13	0.73	0.096152
0.14	0.73	0.103522
0.15	0.73	0.110887
0.16	0.73	0.118245
0.17	0.73	0.125597
0.18	0.73	0.132941
0.19	0.73	0.140278
0.2	0.73	0.147606
0.21	0.73	0.154926
0.22	0.73	0.162236
0.23	0.73	0.169537
0.24	0.73	0.176827
0.25	0.73	0.184107
0.26	0.73	0.191375
0.27	0.73	0.198631
0.28	0.73	0.205874
0.29	0.73	0.213105
0.3	0.73	0.220321
0.31	0.73	0.227523
0.32	0.73	0.23471
0.33	0.73	0.241881
0.34	0.73	0.249036
0.35	0.73	0.256174
0.36	0.73	0.263294
0.37	0.73	0.270395
0.38	0.73	0.277477
0.39	0.73	0.284539
0.4	0.73	0.29158
0.41	0.73	0.298599
0.42	0.73	0.305596
0.43	0.73	0.31257
0.44	0.73	0.319519
0.45	0.73	0.326443
0.46	0.73	0.333342
0.47	0.73	0.340214
0.48	0.73	0.347058
0.49	0.73	0.353873
0.5	0.73	0.360658
0.51	0.73	0.367413
0.52	0.73	0.374136
0.53	0.73	0.380827
0.54	0.73	0.387484
0.55	0.73	0.394105
0.56	0.73	0.400691
0.57	0.73	0.40724
0.58	0.73	0.413751
0.59	0.73	0.420223
0.6	0.73	0.426654
0.61	0.73	0.433043
0.62	0.73	0.43939
0.63	0.73	0.445692
0.64	0.73	0.451949
0.65	0.73	0.45816
0.66	0.73	0.464322
0.67	0.73	0.470436
0.68	0.73	0.476499
0.69	0.73	0.48251
0.7	0.73	0.488468
0.71	0.73	0.494371
0.72	0.73	0.500218
0.73	0.73	0.506008
0.74	0.73	0.511739
0.75	0.73	0.51741
0.76	0.73	0.523019
0.77	0.73	0.528565
0.78	0.73	0.534046
0.79	0.73	0.539461
0.8	0.73	0.544809
0.81	0.73	0.550087
0.82	0.73	0.555294
0.83	0.73	0.56043
0.84	0.73	0.565491
0.85	0.73	0.570477
0.86	0.73	0.575385
0.87	0.73	0.580215
0.88	0.73	0.584965
0.89	0.73	0.589633
0.9	0.73	0.594218
0.91	0.73	0.598717
0.92	0.73	0.60313
0.93	0.73	0.607454
0.94	0.73	0.611688
0.95	0.73	0.61583
0.96	0.73	0.619879
0.97	0.73	0.623834
0.98	0.73	0.627691
0.99	0.73	0.63145
0	0.74	0
0.01	0.74	0.00752653
0.02	0.74	0.0150527
0.03	0.74	0.022578
0.04	0.74	0.0301022
0.05	0.74	0.0376248
0.06	0.74	0.0451454
0.07	0.74	0.0526636
0.08	0.74	0.0601791
0.09	0.74	0.0676913
0.1	0.74	0.0752
0.11	0.74	0.0827046
0.12	0.74	0.0902048
0.13	0.74	0.0977001
0.14	0.74	0.10519
0.15	0.74	0.112674
0.16	0.74	0.120152
0.17	0.74	0.127624
0.18	0.74	0.135088
0.19	0.74	0.142545
0.2	0.74	0.149993
0.21	0.74	0.157433
0.22	0.74	0.164864
0.23	0.74	0.172285
0.24	0.74	0.179696
0.25	0.74	0.187096
0.26	0.74	0.194485
0.27	0.74	0.201862
0.28	0.74	0.209227
0.29	0.74	0.216578
0.3	0.74	0.223916
0.31	0.74	0.23124
0.32	0.74	0.238549
0.33	0.74	0.245842
0.34	0.74	0.253119
0.35	0.74	0.260379
0.36	0.74	0.267621
0.37	0.74	0.274845
0.38	0.74	0.28205
0.39	0.74	0.289235
0.4	0.74	0.296399
0.41	0.74	0.303542
0.42	0.74	0.310662
0.43	0.74	0.31776
0.44	0.74	0.324833
0.45	0.74	0.331882
0.46	0.74	0.338904
0.47	0.74	0.345901
0.48	0.74	0.352869
0.49	0.74	0.359809
0.5	0.74	0.36672
0.51	0.74	0.3736
0.52	0.74	0.380448
0.53	0.74	0.387264
0.54	0.74	0.394047
0.55	0.74	0.400795
0.56	0.74	0.407507
0.57	0.74	0.414182
0.58	0.74	0.420819
0.59	0.74	0.427417
0.6	0.74	0.433975
0.61	0.74	0.440491
0.62	0.74	0.446965
0.63	0.74	0.453394
0.64	0.74	0.459779
0.65	0.74	0.466117
0.66	0.74	0.472407
0.67	0.74	0.478648
0.68	0.74	0.484839
0.69	0.74	0.490978
0.7	0.74	0.497064
0.71	0.74	0.503096
0.72	0.74	0.509071
0.73	0.74	0.51499
0.74	0.74	0.52085
0.75	0.74	0.526649
0.76	0.74	0.532387
0.77	0.74	0.538062
0.78	0.74	0.543672
0.79	0.74	0.549217
0.8	0.74	0.554693
0.81	0.74	0.560101
0.82	0.74	0.565437
0.83	0.74	0.570702
0.84	0.74	0.575893
0.85	0.74	0.581008
0.86	0.74	0.586046
0.87	0.74	0.591006
0.88	0.74	0.595886
0.89	0.74	0.600684
0.9	0.74	0.605398
0.91	0.74	0.610027
0.92	0.74	0.61457
0.93	0.74	0.619024
0.94	0.74	0.623388
0.95	0.74	0.62766
0.96	0.74	0.631839
0.97	0.74	0.635923
0.98	0.74	0.639911
0.99	0.74	0.6438
0	0.75	0
0.01	0.75	0.00764594
0.02	0.75	0.0152915
0.03	0.75	0.0229363
0.04	0.75	0.0305799
0.05	0.75	0.038222
0.06	0.75	0.0458621
0.07	0.75	0.0534999
0.08	0.75	0.061135
0.09	0.75	0.0687669
0.1	0.75	0.0763953
0.11	0.75	0.0840197
0.12	0.75	0.0916398
0.13	0.75	0.099255
0.14	0.75	0.106865
0.15	0.75	0.114469
0.16	0.75	0.122068
0.17	0.75	0.129659
0.18	0.75	0.137244
0.19	0.75	0.144821
0.2	0.75	0.15239
0.21	0.75	0.159951
0.22	0.75	0.167503
0.23	0.75	0.175045
0.24	0.75	0.182577
0.25	0.75	0.190099
0.26	0.75	0.197609
0.27	0.75	0.205108
0.28	0.75	0.212595
0.29	0.75	0.220068
0.3	0.75	0.227529
0.31	0.75	0.234975
0.32	0.75	0.242406
0.33	0.75	0.249822
0.34	0.75	0.257222
0.35	0.75	0.264605
0.36	0.75	0.27197
0.37	0.75	0.279318
0.38	0.75	0.286646
0.39	0.75	0.293955
0.4	0.75	0.301243
0.41	0.75	0.30851
0.42	0.75	0.315755
0.43	0.75	0.322977
0.44	0.75	0.330175
0.45	0.75	0.337349
0.46	0.75	0.344497
0.47	0.75	0.351619
0.48	0.75	0.358713
0.49	0.75	0.365779
0.5	0.75	0.372815
0.51	0.75	0.379822
0.52	0.75	0.386797
0.53	0.75	0.393739
0.54	0.75	0.400648
0.55	0.75	0.407523
0.56	0.75	0.414362
0.57	0.75	0.421165
0.58	0.75	0.42793
0.59	0.75	0.434655
0.6	0.75	0.441341
0.61	0.75	0.447985
0.62	0.75	0.454587
0.63	0.75	0.461145
0.64	0.75	0.467658
0.65	0.75	0.474125
0.66	0.75	0.480544
0.67	0.75	0.486914
0.68	0.75	0.493234
0.69	0.75	0.499503
0.7	0.75	0.505718
0.71	0.75	0.511879
0.72	0.75	0.517985
0.73	0.75	0.524033
0.74	0.75	0.530023
0.75	0.75	0.535952
0.76	0.75	0.541821
0.77	0.75	0.547626
0.78	0.75	0.553367
0.79	0.75	0.559041
0.8	0.75	0.564649
0.81	0.75	0.570187
0.82	0.75	0.575655
0.83	0.75	0.58105
0.84	0.75	0.586372
0.85	0.75	0.591618
0.86	0.75	0.596788
0.87	0.75	0.601879
0.88	0.75	0.606889
0.89	0.75	0.611818
0.9	0.75	0.616664
0.91	0.75	0.621425
0.92	0.75	0.626099
0.93	0.75	0.630684
0.94	0.75	0.63518
0.95	0.75	0.639584
0.96	0.75	0.643895
0.97	0.75	0.64811
0.98	0.75	0.652229
0.99	0.75	0.65625
0	0.76	0
0.01	0.76	0.00776585
0.02	0.76	0.0155313
0.03	0.76	0.023296
0.04	0.76	0.0310596
0.05	0.76	0.0388217
0.06	0.76	0.0465818
0.07	0.76	0.0543397
0.08	0.76	0.0620949
0.09	0.76	0.069847
0.1	0.76	0.0775956
0.11	0.76	0.0853404
0.12	0.76	0.0930809
0.13	0.76	0.100817
0.14	0.76	0.108547
0.15	0.76	0.116272
0.16	0.76	0.123991
0.17	0.76	0.131704
0.18	0.76	0.13941
0.19	0.76	0.147108
0.2	0.76	0.154798
0.21	0.76	0.162481
0.22	0.76	0.170154
0.23	0.76	0.177818
0.24	0.76	0.185472
0.25	0.76	0.193116
0.26	0.76	0.200748
0.27	0.76	0.208369
0.28	0.76	0.215978
0.29	0.76	0.223575
0.3	0.76	0.231158
0.31	0.76	0.238727
0.32	0.76	0.246282
0.33	0.76	0.253821
0.34	0.76	0.261345
0.35	0.76	0.268851
0.36	0.76	0.276341
0.37	0.76	0.283813
0.38	0.76	0.291266
0.39	0.76	0.298699
0.4	0.76	0.306112
0.41	0.76	0.313504
0.42	0.76	0.320875
0.43	0.76	0.328222
0.44	0.76	0.335546
0.45	0.76	0.342846
0.46	0.76	0.35012
0.47	0.76	0.357368
0.48	0.76	0.364589
0.49	0.76	0.371781
0.5	0.76	0.378945
0.51	0.76	0.386078
0.52	0.76	0.393181
0.53	0.76	0.400251
0.54	0.76	0.407288
0.55	0.76	0.414291
0.56	0.76	0.421258
0.57	0.76	0.428189
0.58	0.76	0.435083
0.59	0.76	0.441937
0.6	0.76	0.448752
0.61	0.76	0.455526
0.62	0.76	0.462257
0.63	0.76	0.468944
0.64	0.76	0.475587
0.65	0.76	0.482184
0.66	0.76	0.488733
0.67	0.76	0.495234
0.68	0.76	0.501684
0.69	0.76	0.508083
0.7	0.76	0.514429
0.71	0.76	0.520721
0.72	0.76	0.526958
0.73	0.76	0.533137
0.74	0.76	0.539259
0.75	0.76	0.54532
0.76	0.76	0.55132
0.77	0.76	0.557257
0.78	0.76	0.563129
0.79	0.76	0.568936
0.8	0.76	0.574675
0.81	0.76	0.580346
0.82	0.76	0.585946
0.83	0.76	0.591473
0.84	0.76	0.596928
0.85	0.76	0.602307
0.86	0.76	0.607609
0.87	0.76	0.612832
0.88	0.76	0.617976
0.89	0.76	0.623038
0.9	0.76	0.628017
0.91	0.76	0.63291
0.92	0.76	0.637717
0.93	0.76	0.642436
0.94	0.76	0.647064
0.95	0.76	0.651601
0.96	0.76	0.656045
0.97	0.76	0.660394
0.98	0.76	0.664646
0.99	0.76	0.6688
0	0.77	0
0.01	0.77	0.00788626
0.02	0.77	0.0157721
0.03	0.77	0.0236573
0.04	0.77	0.0315413
0.05	0.77	0.0394239
0.06	0.77	0.0473046
0.07	0.77	0.055183
0.08	0.77	0.0630588
0.09	0.77	0.0709316
0.1	0.77	0.078801
0.11	0.77	0.0866666
0.12	0.77	0.094528
0.13	0.77	0.102385
0.14	0.77	0.110237
0.15	0.77	0.118083
0.16	0.77	0.125923
0.17	0.77	0.133757
0.18	0.77	0.141585
0.19	0.77	0.149405
0.2	0.77	0.157217
0.21	0.77	0.165021
0.22	0.77	0.172817
0.23	0.77	0.180603
0.24	0.77	0.188379
0.25	0.77	0.196146
0.26	0.77	0.203901
0.27	0.77	0.211645
0.28	0.77	0.219378
0.29	0.77	0.227097
0.3	0.77	0.234804
0.31	0.77	0.242497
0.32	0.77	0.250176
0.33	0.77	0.257839
0.34	0.77	0.265487
0.35	0.77	0.273119
0.36	0.77	0.280733
0.37	0.77	0.28833
0.38	0.77	0.295908
0.39	0.77	0.303467
0.4	0.77	0.311006
0.41	0.77	0.318524
0.42	0.77	0.32602
0.43	0.77	0.333494
0.44	0.77	0.340945
0.45	0.77	0.348371
0.46	0.77	0.355772
0.47	0.77	0.363148
0.48	0.77	0.370496
0.49	0.77	0.377816
0.5	0.77	0.385108
0.51	0.77	0.39237
0.52	0.77	0.399601
0.53	0.77	0.406799
0.54	0.77	0.413965
0.55	0.77	0.421097
0.56	0.77	0.428194
0.57	0.77	0.435255
0.58	0.77	0.442278
0.59	0.77	0.449263
0.6	0.77	0.456207
0.61	0.77	0.463111
0.62	0.77	0.469973
0.63	0.77	0.476792
0.64	0.77	0.483565
0.65	0.77	0.490293
0.66	0.77	0.496974
0.67	0.77	0.503606
0.68	0.77	0.510188
0.69	0.77	0.516719
0.7	0.77	0.523198
0.71	0.77	0.529622
0.72	0.77	0.535991
0.73	0.77	0.542303
0.74	0.77	0.548557
0.75	0.77	0.554751
0.76	0.77	0.560884
0.77	0.77	0.566954
0.78	0.77	0.57296
0.79	0.77	0.5789
0.8	0.77	0.584773
0.81	0.77	0.590577
0.82	0.77	0.596311
0.83	0.77	0.601972
0.84	0.77	0.607561
0.85	0.77	0.613074
0.86	0.77	0.61851
0.87	0.77	0.623868
0.88	0.77	0.629146
0.89	0.77	0.634342
0.9	0.77	0.639455
0.91	0.77	0.644483
0.92	0.77	0.649424
0.93	0.77	0.654278
0.94	0.77	0.659041
0.95	0.77	0.663713
0.96	0.77	0.668291
0.97	0.77	0.672775
0.98	0.77	0.677161
0.99	0.77	0.68145
0	0.78	0
0.01	0.78	0.00800715
0.02	0.78	0.0160139
0.03	0.78	0.02402
0.04	0.78	0.032025
0.05	0.78	0.0400285
0.06	0.78	0.0480302
0.07	0.78	0.0560297
0.08	0.78	0.0640267
0.09	0.78	0.0720207
0.1	0.78	0.0800113
0.11	0.78	0.0879983
0.12	0.78	0.0959811
0.13	0.78	0.103959
0.14	0.78	0.111933
0.15	0.78	0.119901
0.16	0.78	0.127863
0.17	0.78	0.135819
0.18	0.78	0.143769
0.19	0.78	0.151711
0.2	0.78	0.159646
0.21	0.78	0.167573
0.22	0.78	0.175491
0.23	0.78	0.1834
0.24	0.78	0.1913
0.25	0.78	0.199189
0.26	0.78	0.207068
0.27	0.78	0.214936
0.28	0.78	0.222792
0.29	0.78	0.230636
0.3	0.78	0.238467
0.31	0.78	0.246284
0.32	0.78	0.254088
0.33	0.78	0.261876
0.34	0.78	0.269649
0.35	0.78	0.277406
0.36	0.78	0.285146
0.37	0.78	0.292869
0.38	0.78	0.300573
0.39	0.78	0.308258
0.4	0.78	0.315924
0.41	0.78	0.323568
0.42	0.78	0.331192
0.43	0.78	0.338793
0.44	0.78	0.346371
0.45	0.78	0.353925
0.46	0.78	0.361455
0.47	0.78	0.368958
0.48	0.78	0.376435
0.49	0.78	0.383884
0.5	0.78	0.391305
0.51	0.78	0.398696
0.52	0.78	0.406056
0.53	0.78	0.413385
0.54	0.78	0.420681
0.55	0.78	0.427943
0.56	0.78	0.43517
0.57	0.78	0.442361
0.58	0.78	0.449515
0.59	0.78	0.456631
0.6	0.78	0.463707
0.61	0.78	0.470743
0.62	0.78	0.477736
0.63	0.78	0.484687
0.64	0.78	0.491593
0.65	0.78	0.498453
0.66	0.78	0.505267
0.67	0.78	0.512031
0.68	0.78	0.518747
0.69	0.78	0.525411
0.7	0.78	0.532023
0.71	0.78	0.538581
0.72	0.78	0.545083
0.73	0.78	0.551529
0.74	0.78	0.557917
0.75	0.78	0.564246
0.76	0.78	0.570513
0.77	0.78	0.576718
0.78	0.78	0.582858
0.79	0.78	0.588934
0.8	0.78	0.594941
0.81	0.78	0.600881
0.82	0.78	0.60675
0.83	0.78	0.612547
0.84	0.78	0.61827
0.85	0.78	0.623919
0.86	0.78	0.629491
0.87	0.78	0.634984
0.88	0.78	0.640398
0.89	0.78	0.64573
0.9	0.78	0.650979
0.91	0.78	0.656143
0.92	0.78	0.661221
0.93	0.78	0.66621
0.94	0.78	0.67111
0.95	0.78	0.675918
0.96	0.78	0.680632
0.97	0.78	0.685252
0.98	0.78	0.689775
0.99	0.78	0.6942
0	0.79	0
0.01	0.79	0.00812852
0.02	0.79	0.0162567
0.03	0.79	0.0243842
0.04	0.79	0.0325106
0.05	0.79	0.0406355
0.06	0.79	0.0487587
0.07	0.79	0.0568798
0.08	0.79	0.0649984
0.09	0.79	0.0731141
0.1	0.79	0.0812265
0.11	0.79	0.0893353
0.12	0.79	0.0974401
0.13	0.79	0.105541
0.14	0.79	0.113636
0.15	0.79	0.121726
0.16	0.79	0.129811
0.17	0.79	0.13789
0.18	0.79	0.145962
0.19	0.79	0.154027
0.2	0.79	0.162085
0.21	0.79	0.170135
0.22	0.79	0.178176
0.23	0.79	0.186209
0.24	0.79	0.194233
0.25	0.79	0.202246
0.26	0.79	0.210249
0.27	0.79	0.218241
0.28	0.79	0.226222
0.29	0.79	0.234191
0.3	0.79	0.242146
0.31	0.79	0.250089
0.32	0.79	0.258018
0.33	0.79	0.265932
0.34	0.79	0.273831
0.35	0.79	0.281714
0.36	0.79	0.28958
0.37	0.79	0.297429
0.38	0.79	0.30526
0.39	0.79	0.313073
0.4	0.79	0.320866
0.41	0.79	0.328638
0.42	0.79	0.336389
0.43	0.79	0.344119
0.44	0.79	0.351825
0.45	0.79	0.359508
0.46	0.79	0.367166
0.47	0.79	0.374799
0.48	0.79	0.382405
0.49	0.79	0.389984
0.5	0.79	0.397535
0.51	0.79	0.405056
0.52	0.79	0.412547
0.53	0.79	0.420006
0.54	0.79	0.427433
0.55	0.79	0.434826
0.56	0.79	0.442185
0.57	0.79	0.449508
0.58	0.79	0.456794
0.59	0.79	0.464042
0.6	0.79	0.471251
0.61	0.79	0.47842
0.62	0.79	0.485546
0.63	0.79	0.49263
0.64	0.79	0.499669
0.65	0.79	0.506663
0.66	0.79	0.513611
0.67	0.79	0.52051
0.68	0.79	0.527359
0.69	0.79	0.534158
0.7	0.79	0.540905
0.71	0.79	0.547598
0.72	0.79	0.554235
0.73	0.79	0.560817
0.74	0.79	0.56734
0.75	0.79	0.573804
0.76	0.79	0.580207
0.77	0.79	0.586548
0.78	0.79	0.592825
0.79	0.79	0.599036
0.8	0.79	0.605181
0.81	0.79	0.611257
0.82	0.79	0.617262
0.83	0.79	0.623196
0.84	0.79	0.629057
0.85	0.79	0.634842
0.86	0.79	0.640551
0.87	0.79	0.646182
0.88	0.79	0.651734
0.89	0.79	0.657203
0.9	0.79	0.66259
0.91	0.79	0.667891
0.92	0.79	0.673106
0.93	0.79	0.678233
0.94	0.79	0.683271
0.95	0.79	0.688216
0.96	0.79	0.693069
0.97	0.79	0.697826
0.98	0.79	0.702487
0.99	0.79	0.70705
0	0.8	0
0.01	0.8	0.00825036
0.02	0.8	0.0165004
0.03	0.8	0.0247497
0.04	0.8	0.032998
0.05	0.8	0.0412449
0.06	0.8	0.0494901
0.07	0.8	0.0577332
0.08	0.8	0.0659739
0.09	0.8	0.0742118
0.1	0.8	0.0824465
0.11	0.8	0.0906777
0.12	0.8	0.0989049
0.13	0.8	0.107128
0.14	0.8	0.115346
0.15	0.8	0.123559
0.16	0.8	0.131767
0.17	0.8	0.139969
0.18	0.8	0.148164
0.19	0.8	0.156353
0.2	0.8	0.164534
0.21	0.8	0.172708
0.22	0.8	0.180873
0.23	0.8	0.18903
0.24	0.8	0.197178
0.25	0.8	0.205316
0.26	0.8	0.213444
0.27	0.8	0.221561
0.28	0.8	0.229667
0.29	0.8	0.237761
0.3	0.8	0.245842
0.31	0.8	0.253911
0.32	0.8	0.261965
0.33	0.8	0.270006
0.34	0.8	0.278031
0.35	0.8	0.286041
0.36	0.8	0.294035
0.37	0.8	0.302011
0.38	0.8	0.30997
0.39	0.8	0.31791
0.4	0.8	0.325831
0.41	0.8	0.333732
0.42	0.8	0.341612
0.43	0.8	0.349471
0.44	0.8	0.357306
0.45	0.8	0.365119
0.46	0.8	0.372907
0.47	0.8	0.38067
0.48	0.8	0.388406
0.49	0.8	0.396116
0.5	0.8	0.403798
0.51	0.8	0.41145
0.52	0.8	0.419072
0.53	0.8	0.426664
0.54	0.8	0.434223
0.55	0.8	0.441749
0.56	0.8	0.44924
0.57	0.8	0.456696
0.58	0.8	0.464115
0.59	0.8	0.471497
0.6	0.8	0.478839
0.61	0.8	0.486141
0.62	0.8	0.493402
0.63	0.8	0.500621
0.64	0.8	0.507795
0.65	0.8	0.514924
0.66	0.8	0.522006
0.67	0.8	0.529041
0.68	0.8	0.536026
0.69	0.8	0.54296
0.7	0.8	0.549843
0.71	0.8	0.556672
0.72	0.8	0.563447
0.73	0.8	0.570165
0.74	0.8	0.576825
0.75	0.8	0.583426
0.76	0.8	0.589967
0.77	0.8	0.596445
0.78	0.8	0.602859
0.79	0.8	0.609208
0.8	0.8	0.615491
0.81	0.8	0.621705
0.82	0.8	0.627848
0.83	0.8	0.633921
0.84	0.8	0.63992
0.85	0.8	0.645844
0.86	0.8	0.651692
0.87	0.8	0.657462
0.88	0.8	0.663152
0.89	0.8	0.66876
0.9	0.8	0.674286
0.91	0.8	0.679726
0.92	0.8	0.685081
0.93	0.8	0.690347
0.94	0.8	0.695524
0.95	0.8	0.700609
0.96	0.8	0.705601
0.97	0.8	0.710498
0.98	0.8	0.715298
0.99	0.8	0.72
0	0.81	0
0.01	0.81	0.00837267
0.02	0.81	0.016745
0.03	0.81	0.0251167
0.04	0.81	0.0334873
0.05	0.81	0.0418566
0.06	0.81	0.0502243
0.07	0.81	0.0585899
0.08	0.81	0.0669532
0.09	0.81	0.0753137
0.1	0.81	0.0836712
0.11	0.81	0.0920252
0.12	0.81	0.100375
0.13	0.81	0.108721
0.14	0.81	0.117063
0.15	0.81	0.125399
0.16	0.81	0.133731
0.17	0.81	0.142056
0.18	0.81	0.150375
0.19	0.81	0.158688
0.2	0.81	0.166993
0.21	0.81	0.175291
0.22	0.81	0.183581
0.23	0.81	0.191863
0.24	0.81	0.200135
0.25	0.81	0.208399
0.26	0.81	0.216652
0.27	0.81	0.224894
0.28	0.81	0.233126
0.29	0.81	0.241346
0.3	0.81	0.249554
0.31	0.81	0.257749
0.32	0.81	0.265931
0.33	0.81	0.274098
0.34	0.81	0.282251
0.35	0.81	0.290389
0.36	0.81	0.29851
0.37	0.81	0.306615
0.38	0.81	0.314702
0.39	0.81	0.322771
0.4	0.81	0.330821
0.41	0.81	0.338851
0.42	0.81	0.346861
0.43	0.81	0.354849
0.44	0.81	0.362815
0.45	0.81	0.370758
0.46	0.81	0.378677
0.47	0.81	0.386571
0.48	0.81	0.394439
0.49	0.81	0.40228
0.5	0.81	0.410093
0.51	0.81	0.417878
0.52	0.81	0.425633
0.53	0.81	0.433357
0.54	0.81	0.441049
0.55	0.81	0.448709
0.56	0.81	0.456334
0.57	0.81	0.463924
0.58	0.81	0.471477
0.59	0.81	0.478994
0.6	0.81	0.486471
0.61	0.81	0.493908
0.62	0.81	0.501305
0.63	0.81	0.508658
0.64	0.81	0.515969
0.65	0.81	0.523234
0.66	0.81	0.530453
0.67	0.81	0.537624
0.68	0.81	0.544746
0.69	0.81	0.551818
0.7	0.81	0.558838
0.71	0.81	0.565805
0.72	0.81	0.572717
0.73	0.81	0.579573
0.74	0.81	0.586372
0.75	0.81	0.593111
0.76	0.81	0.599791
0.77	0.81	0.606408
0.78	0.81	0.612961
0.79	0.81	0.61945
0.8	0.81	0.625871
0.81	0.81	0.632225
0.82	0.81	0.638508
0.83	0.81	0.64472
0.84	0.81	0.650859
0.85	0.81	0.656924
0.86	0.81	0.662912
0.87	0.81	0.668822
0.88	0.81	0.674652
0.89	0.81	0.680401
0.9	0.81	0.686068
0.91	0.81	0.691649
0.92	0.81	0.697144
0.93	0.81	0.702551
0.94	0.81	0.707869
0.95	0.81	0.713095
0.96	0.81	0.718228
0.97	0.81	0.723266
0.98	0.81	0.728207
0.99	0.81	0.73305
0	0.82	0
0.01	0.82	0.00849542
0.02	0.82	0.0169905
0.03	0.82	0.025485
0.04	0.82	0.0339784
0.05	0.82	0.0424706
0.06	0.82	0.0509612
0.07	0.82	0.0594498
0.08	0.82	0.0679361
0.09	0.82	0.0764198
0.1	0.82	0.0849004
0.11	0.82	0.0933778
0.12	0.82	0.101851
0.13	0.82	0.110321
0.14	0.82	0.118786
0.15	0.82	0.127247
0.16	0.82	0.135702
0.17	0.82	0.144151
0.18	0.82	0.152595
0.19	0.82	0.161032
0.2	0.82	0.169462
0.21	0.82	0.177885
0.22	0.82	0.1863
0.23	0.82	0.194707
0.24	0.82	0.203105
0.25	0.82	0.211494
0.26	0.82	0.219873
0.27	0.82	0.228242
0.28	0.82	0.2366
0.29	0.82	0.244947
0.3	0.82	0.253282
0.31	0.82	0.261604
0.32	0.82	0.269913
0.33	0.82	0.278208
0.34	0.82	0.286489
0.35	0.82	0.294755
0.36	0.82	0.303005
0.37	0.82	0.311239
0.38	0.82	0.319455
0.39	0.82	0.327654
0.4	0.82	0.335834
0.41	0.82	0.343994
0.42	0.82	0.352134
0.43	0.82	0.360253
0.44	0.82	0.36835
0.45	0.82	0.376424
0.46	0.82	0.384475
0.47	0.82	0.392501
0.48	0.82	0.400501
0.49	0.82	0.408475
0.5	0.82	0.416422
0.51	0.82	0.42434
0.52	0.82	0.432228
0.53	0.82	0.440086
0.54	0.82	0.447913
0.55	0.82	0.455707
0.56	0.82	0.463467
0.57	0.82	0.471192
0.58	0.82	0.478881
0.59	0.82	0.486533
0.6	0.82	0.494146
0.61	0.82	0.50172
0.62	0.82	0.509253
0.63	0.82	0.516743
0.64	0.82	0.524191
0.65	0.82	0.531593
0.66	0.82	0.53895
0.67	0.82	0.546259
0.68	0.82	0.55352
0.69	0.82	0.56073
0.7	0.82	0.567889
0.71	0.82	0.574995
0.72	0.82	0.582046
0.73	0.82	0.589042
0.74	0.82	0.59598
0.75	0.82	0.60286
0.76	0.82	0.609679
0.77	0.82	0.616436
0.78	0.82	0.62313
0.79	0.82	0.62976
0.8	0.82	0.636322
0.81	0.82	0.642817
0.82	0.82	0.649241
0.83	0.82	0.655595
0.84	0.82	0.661875
0.85	0.82	0.668081
0.86	0.82	0.674211
0.87	0.82	0.680263
0.88	0.82	0.686236
0.89	0.82	0.692127
0.9	0.82	0.697935
0.91	0.82	0.703659
0.92	0.82	0.709296
0.93	0.82	0.714846
0.94	0.82	0.720306
0.95	0.82	0.725674
0.96	0.82	0.73095
0.97	0.82	0.73613
0.98	0.82	0.741214
0.99	0.82	0.7462
0	0.83	0
0.01	0.83	0.00861862
0.02	0.83	0.0172369
0.03	0.83	0.0258546
0.04	0.83	0.0344713
0.05	0.83	0.0430868
0.06	0.83	0.0517008
0.07	0.83	0.0603128
0.08	0.83	0.0689226
0.09	0.83	0.0775299
0.1	0.83	0.0861342
0.11	0.83	0.0947354
0.12	0.83	0.103333
0.13	0.83	0.111927
0.14	0.83	0.120516
0.15	0.83	0.129101
0.16	0.83	0.13768
0.17	0.83	0.146254
0.18	0.83	0.154823
0.19	0.83	0.163385
0.2	0.83	0.17194
0.21	0.83	0.180489
0.22	0.83	0.189029
0.23	0.83	0.197562
0.24	0.83	0.206086
0.25	0.83	0.214602
0.26	0.83	0.223107
0.27	0.83	0.231603
0.28	0.83	0.240088
0.29	0.83	0.248562
0.3	0.83	0.257025
0.31	0.83	0.265475
0.32	0.83	0.273912
0.33	0.83	0.282336
0.34	0.83	0.290746
0.35	0.83	0.299141
0.36	0.83	0.30752
0.37	0.83	0.315884
0.38	0.83	0.32423
0.39	0.83	0.332559
0.4	0.83	0.34087
0.41	0.83	0.349161
0.42	0.83	0.357432
0.43	0.83	0.365683
0.44	0.83	0.373912
0.45	0.83	0.382118
0.46	0.83	0.390302
0.47	0.83	0.398461
0.48	0.83	0.406594
0.49	0.83	0.414702
0.5	0.83	0.422782
0.51	0.83	0.430835
0.52	0.83	0.438858
0.53	0.83	0.446851
0.54	0.83	0.454813
0.55	0.83	0.462742
0.56	0.83	0.470638
0.57	0.83	0.478499
0.58	0.83	0.486325
0.59	0.83	0.494114
0.6	0.83	0.501864
0.61	0.83	0.509576
0.62	0.83	0.517246
0.63	0.83	0.524875
0.64	0.83	0.532461
0.65	0.83	0.540003
0.66	0.83	0.547498
0.67	0.83	0.554947
0.68	0.83	0.562347
0.69	0.83	0.569697
0.7	0.83	0.576996
0.71	0.83	0.584242
0.72	0.83	0.591434
0.73	0.83	0.598571
0.74	0.83	0.60565
0.75	0.83	0.612671
0.76	0.83	0.619632
0.77	0.83	0.626531
0.78	0.83	0.633367
0.79	0.83	0.640138
0.8	0.83	0.646843
0.81	0.83	0.65348
0.82	0.83	0.660048
0.83	0.83	0.666544
0.84	0.83	0.672968
0.85	0.83	0.679317
0.86	0.83	0.68559
0.87	0.83	0.691785
0.88	0.83	0.697901
0.89	0.83	0.703936
0.9	0.83	0.709888
0.91	0.83	0.715756
0.92	0.83	0.721538
0.93	0.83	0.727231
0.94	0.83	0.732835
0.95	0.83	0.738348
0.96	0.83	0.743767
0.97	0.83	0.749092
0.98	0.83	0.75432
0.99	0.83	0.75945
0	0.84	0
0.01	0.84	0.00874225
0.02	0.84	0.0174842
0.03	0.84	0.0262255
0.04	0.84	0.034966
0.05	0.84	0.0437052
0.06	0.84	0.0524429
0.07	0.84	0.0611788
0.08	0.84	0.0699126
0.09	0.84	0.0786439
0.1	0.84	0.0873724
0.11	0.84	0.0960978
0.12	0.84	0.10482
0.13	0.84	0.113538
0.14	0.84	0.122252
0.15	0.84	0.130961
0.16	0.84	0.139666
0.17	0.84	0.148365
0.18	0.84	0.157059
0.19	0.84	0.165747
0.2	0.84	0.174428
0.21	0.84	0.183102
0.22	0.84	0.191769
0.23	0.84	0.200428
0.24	0.84	0.209079
0.25	0.84	0.217722
0.26	0.84	0.226355
0.27	0.84	0.234978
0.28	0.84	0.243591
0.29	0.84	0.252193
0.3	0.84	0.260783
0.31	0.84	0.269362
0.32	0.84	0.277928
0.33	0.84	0.286482
0.34	0.84	0.295021
0.35	0.84	0.303546
0.36	0.84	0.312055
0.37	0.84	0.320549
0.38	0.84	0.329026
0.39	0.84	0.337486
0.4	0.84	0.345928
0.41	0.84	0.354351
0.42	0.84	0.362755
0.43	0.84	0.371138
0.44	0.84	0.3795
0.45	0.84	0.38784
0.46	0.84	0.396156
0.47	0.84	0.404449
0.48	0.84	0.412717
0.49	0.84	0.420959
0.5	0.84	0.429175
0.51	0.84	0.437362
0.52	0.84	0.445521
0.53	0.84	0.45365
0.54	0.84	0.461748
0.55	0.84	0.469815
0.56	0.84	0.477848
0.57	0.84	0.485846
0.58	0.84	0.49381
0.59	0.84	0.501737
0.6	0.84	0.509626
0.61	0.84	0.517476
0.62	0.84	0.525286
0.63	0.84	0.533054
0.64	0.84	0.540779
0.65	0.84	0.548461
0.66	0.84	0.556097
0.67	0.84	0.563686
0.68	0.84	0.571227
0.69	0.84	0.578718
0.7	0.84	0.586159
0.71	0.84	0.593547
0.72	0.84	0.600881
0.73	0.84	0.608159
0.74	0.84	0.615381
0.75	0.84	0.622545
0.76	0.84	0.629649
0.77	0.84	0.636691
0.78	0.84	0.643671
0.79	0.84	0.650586
0.8	0.84	0.657434
0.81	0.84	0.664215
0.82	0.84	0.670927
0.83	0.84	0.677568
0.84	0.84	0.684136
0.85	0.84	0.69063
0.86	0.84	0.697048
0.87	0.84	0.703388
0.88	0.84	0.70965
0.89	0.84	0.71583
0.9	0.84	0.721927
0.91	0.84	0.72794
0.92	0.84	0.733867
0.93	0.84	0.739706
0.94	0.84	0.745456
0.95	0.84	0.751114
0.96	0.84	0.75668
0.97	0.84	0.76215
0.98	0.84	0.767524
0.99	0.84	0.7728
0	0.85	0
0.01	0.85	0.0088663
0.02	0.85	0.0177323
0.03	0.85	0.0265977
0.04	0.85	0.0354623
0.05	0.85	0.0443257
0.06	0.85	0.0531877
0.07	0.85	0.0620479
0.08	0.85	0.070906
0.09	0.85	0.0797618
0.1	0.85	0.0886149
0.11	0.85	0.097465
0.12	0.85	0.106312
0.13	0.85	0.115155
0.14	0.85	0.123994
0.15	0.85	0.132829
0.16	0.85	0.141659
0.17	0.85	0.150484
0.18	0.85	0.159304
0.19	0.85	0.168117
0.2	0.85	0.176925
0.21	0.85	0.185726
0.22	0.85	0.194519
0.23	0.85	0.203306
0.24	0.85	0.212084
0.25	0.85	0.220853
0.26	0.85	0.229614
0.27	0.85	0.238365
0.28	0.85	0.247107
0.29	0.85	0.255837
0.3	0.85	0.264557
0.31	0.85	0.273265
0.32	0.85	0.281961
0.33	0.85	0.290644
0.34	0.85	0.299313
0.35	0.85	0.307969
0.36	0.85	0.316609
0.37	0.85	0.325234
0.38	0.85	0.333843
0.39	0.85	0.342435
0.4	0.85	0.351009
0.41	0.85	0.359565
0.42	0.85	0.368102
0.43	0.85	0.376618
0.44	0.85	0.385114
0.45	0.85	0.393588
0.46	0.85	0.402039
0.47	0.85	0.410467
0.48	0.85	0.41887
0.49	0.85	0.427247
0.5	0.85	0.435599
0.51	0.85	0.443923
0.52	0.85	0.452218
0.53	0.85	0.460484
0.54	0.85	0.46872
0.55	0.85	0.476924
0.56	0.85	0.485095
0.57	0.85	0.493233
0.58	0.85	0.501335
0.59	0.85	0.509401
0.6	0.85	0.51743
0.61	0.85	0.52542
0.62	0.85	0.53337
0.63	0.85	0.541279
0.64	0.85	0.549145
0.65	0.85	0.556968
0.66	0.85	0.564745
0.67	0.85	0.572476
0.68	0.85	0.580159
0.69	0.85	0.587793
0.7	0.85	0.595377
0.71	0.85	0.602908
0.72	0.85	0.610385
0.73	0.85	0.617808
0.74	0.85	0.625174
0.75	0.85	0.632482
0.76	0.85	0.63973
0.77	0.85	0.646917
0.78	0.85	0.654041
0.79	0.85	0.661101
0.8	0.85	0.668095
0.81	0.85	0.675022
0.82	0.85	0.68188
0.83	0.85	0.688666
0.84	0.85	0.695381
0.85	0.85	0.702021
0.86	0.85	0.708585
0.87	0.85	0.715072
0.88	0.85	0.72148
0.89	0.85	0.727807
0.9	0.85	0.734051
0.91	0.85	0.740212
0.92	0.85	0.746286
0.93	0.85	0.752272
0.94	0.85	0.758169
0.95	0.85	0.763975
0.96	0.85	0.769687
0.97	0.85	0.775305
0.98	0.85	0.780827
0.99	0.85	0.78625
0	0.86	0
0.01	0.86	0.00899076
0.02	0.86	0.0179812
0.03	0.86	0.0269712
0.04	0.86	0.0359603
0.05	0.86	0.0449483
0.06	0.86	0.0539349
0.07	0.86	0.0629198
0.08	0.86	0.0719028
0.09	0.86	0.0808835
0.1	0.86	0.0898616
0.11	0.86	0.0988369
0.12	0.86	0.107809
0.13	0.86	0.116778
0.14	0.86	0.125742
0.15	0.86	0.134703
0.16	0.86	0.143659
0.17	0.86	0.15261
0.18	0.86	0.161556
0.19	0.86	0.170496
0.2	0.86	0.179431
0.21	0.86	0.188359
0.22	0.86	0.19728
0.23	0.86	0.206193
0.24	0.86	0.215099
0.25	0.86	0.223997
0.26	0.86	0.232886
0.27	0.86	0.241766
0.28	0.86	0.250636
0.29	0.86	0.259496
0.3	0.86	0.268346
0.31	0.86	0.277184
0.32	0.86	0.28601
0.33	0.86	0.294823
0.34	0.86	0.303623
0.35	0.86	0.31241
0.36	0.86	0.321182
0.37	0.86	0.329939
0.38	0.86	0.33868
0.39	0.86	0.347405
0.4	0.86	0.356112
0.41	0.86	0.364802
0.42	0.86	0.373472
0.43	0.86	0.382123
0.44	0.86	0.390753
0.45	0.86	0.399362
0.46	0.86	0.407949
0.47	0.86	0.416512
0.48	0.86	0.425051
0.49	0.86	0.433566
0.5	0.86	0.442054
0.51	0.86	0.450515
0.52	0.86	0.458949
0.53	0.86	0.467353
0.54	0.86	0.475727
0.55	0.86	0.48407
0.56	0.86	0.49238
0.57	0.86	0.500657
0.58	0.86	0.5089
0.59	0.86	0.517106
0.6	0.86	0.525276
0.61	0.86	0.533407
0.62	0.86	0.541498
0.63	0.86	0.549549
0.64	0.86	0.557558
0.65	0.86	0.565523
0.66	0.86	0.573444
0.67	0.86	0.581318
0.68	0.86	0.589145
0.69	0.86	0.596922
0.7	0.86	0.60465
0.71	0.86	0.612326
0.72	0.86	0.619948
0.73	0.86	0.627515
0.74	0.86	0.635027
0.75	0.86	0.64248
0.76	0.86	0.649874
0.77	0.86	0.657208
0.78	0.86	0.664478
0.79	0.86	0.671685
0.8	0.86	0.678826
0.81	0.86	0.6859
0.82	0.86	0.692905
0.83	0.86	0.699839
0.84	0.86	0.706701
0.85	0.86	0.713489
0.86	0.86	0.720201
0.87	0.86	0.726836
0.88	0.86	0.733393
0.89	0.86	0.739868
0.9	0.86	0.746261
0.91	0.86	0.75257
0.92	0.86	0.758793
0.93	0.86	0.764928
0.94	0.86	0.770974
0.95	0.86	0.776928
0.96	0.86	0.78279
0.97	0.86	0.788557
0.98	0.86	0.794228
0.99	0.86	0.7998
0	0.87	0
0.01	0.87	0.00911561
0.02	0.87	0.018231
0.03	0.87	0.0273458
0.04	0.87	0.0364598
0.05	0.87	0.0455728
0.06	0.87	0.0546845
0.07	0.87	0.0637945
0.08	0.87	0.0729027
0.09	0.87	0.0820088
0.1	0.87	0.0911124
0.11	0.87	0.100213
0.12	0.87	0.109311
0.13	0.87	0.118406
0.14	0.87	0.127496
0.15	0.87	0.136583
0.16	0.87	0.145666
0.17	0.87	0.154743
0.18	0.87	0.163816
0.19	0.87	0.172884
0.2	0.87	0.181945
0.21	0.87	0.191001
0.22	0.87	0.200049
0.23	0.87	0.209091
0.24	0.87	0.218126
0.25	0.87	0.227152
0.26	0.87	0.23617
0.27	0.87	0.245179
0.28	0.87	0.254179
0.29	0.87	0.263169
0.3	0.87	0.272148
0.31	0.87	0.281117
0.32	0.87	0.290074
0.33	0.87	0.299019
0.34	0.87	0.307951
0.35	0.87	0.316869
0.36	0.87	0.325774
0.37	0.87	0.334664
0.38	0.87	0.343538
0.39	0.87	0.352396
0.4	0.87	0.361237
0.41	0.87	0.370061
0.42	0.87	0.378866
0.43	0.87	0.387652
0.44	0.87	0.396418
0.45	0.87	0.405162
0.46	0.87	0.413885
0.47	0.87	0.422586
0.48	0.87	0.431262
0.49	0.87	0.439914
0.5	0.87	0.44854
0.51	0.87	0.45714
0.52	0.87	0.465712
0.53	0.87	0.474255
0.54	0.87	0.482769
0.55	0.87	0.491252
0.56	0.87	0.499703
0.57	0.87	0.508121
0.58	0.87	0.516504
0.59	0.87	0.524852
0.6	0.87	0.533164
0.61	0.87	0.541437
0.62	0.87	0.549672
0.63	0.87	0.557866
0.64	0.87	0.566018
0.65	0.87	0.574127
0.66	0.87	0.582191
0.67	0.87	0.59021
0.68	0.87	0.598182
0.69	0.87	0.606105
0.7	0.87	0.613978
0.71	0.87	0.6218
0.72	0.87	0.629568
0.73	0.87	0.637282
0.74	0.87	0.64494
0.75	0.87	0.652541
0.76	0.87	0.660082
0.77	0.87	0.667563
0.78	0.87	0.674982
0.79	0.87	0.682337
0.8	0.87	0.689626
0.81	0.87	0.696849
0.82	0.87	0.704002
0.83	0.87	0.711086
0.84	0.87	0.718097
0.85	0.87	0.725034
0.86	0.87	0.731896
0.87	0.87	0.738681
0.88	0.87	0.745387
0.89	0.87	0.752013
0.9	0.87	0.758556
0.91	0.87	0.765015
0.92	0.87	0.771388
0.93	0.87	0.777674
0.94	0.87	0.78387
0.95	0.87	0.789976
0.96	0.87	0.795988
0.97	0.87	0.801906
0.98	0.87	0.807727
0.99	0.87	0.81345
0	0.88	0
0.01	0.88	0.00924085
0.02	0.88	0.0184815
0.03	0.88	0.0277216
0.04	0.88	0.0369609
0.05	0.88	0.0461993
0.06	0.88	0.0554364
0.07	0.88	0.064672
0.08	0.88	0.0739058
0.09	0.88	0.0831376
0.1	0.88	0.0923671
0.11	0.88	0.101594
0.12	0.88	0.110818
0.13	0.88	0.120039
0.14	0.88	0.129256
0.15	0.88	0.138469
0.16	0.88	0.147679
0.17	0.88	0.156884
0.18	0.88	0.166084
0.19	0.88	0.175279
0.2	0.88	0.184468
0.21	0.88	0.193652
0.22	0.88	0.202829
0.23	0.88	0.211999
0.24	0.88	0.221162
0.25	0.88	0.230318
0.26	0.88	0.239466
0.27	0.88	0.248605
0.28	0.88	0.257735
0.29	0.88	0.266855
0.3	0.88	0.275966
0.31	0.88	0.285065
0.32	0.88	0.294154
0.33	0.88	0.30323
0.34	0.88	0.312295
0.35	0.88	0.321346
0.36	0.88	0.330384
0.37	0.88	0.339407
0.38	0.88	0.348415
0.39	0.88	0.357408
0.4	0.88	0.366384
0.41	0.88	0.375342
0.42	0.88	0.384283
0.43	0.88	0.393205
0.44	0.88	0.402107
0.45	0.88	0.410989
0.46	0.88	0.419849
0.47	0.88	0.428687
0.48	0.88	0.437501
0.49	0.88	0.446292
0.5	0.88	0.455057
0.51	0.88	0.463796
0.52	0.88	0.472508
0.53	0.88	0.481191
0.54	0.88	0.489846
0.55	0.88	0.49847
0.56	0.88	0.507062
0.57	0.88	0.515622
0.58	0.88	0.524148
0.59	0.88	0.532639
0.6	0.88	0.541093
0.61	0.88	0.54951
0.62	0.88	0.557889
0.63	0.88	0.566227
0.64	0.88	0.574524
0.65	0.88	0.582778
0.66	0.88	0.590988
0.67	0.88	0.599153
0.68	0.88	0.607271
0.69	0.88	0.615341
0.7	0.88	0.623361
0.71	0.88	0.63133
0.72	0.88	0.639246
0.73	0.88	0.647108
0.74	0.88	0.654914
0.75	0.88	0.662663
0.76	0.88	0.670354
0.77	0.88	0.677984
0.78	0.88	0.685552
0.79	0.88	0.693056
0.8	0.88	0.700496
0.81	0.88	0.707868
0.82	0.88	0.715172
0.83	0.88	0.722406
0.84	0.88	0.729568
0.85	0.88	0.736657
0.86	0.88	0.74367
0.87	0.88	0.750606
0.88	0.88	0.757464
0.89	0.88	0.764241
0.9	0.88	0.770936
0.91	0.88	0.777547
0.92	0.88	0.784072
0.93	0.88	0.79051
0.94	0.88	0.796859
0.95	0.88	0.803116
0.96	0.88	0.809281
0.97	0.88	0.815351
0.98	0.88	0.821325
0.99	0.88	0.8272
0	0.89	0
0.01	0.89	0.00936646
0.02	0.89	0.0187327
0.03	0.89	0.0280985
0.04	0.89	0.0374635
0.05	0.89	0.0468276
0.06	0.89	0.0561906
0.07	0.89	0.0655521
0.08	0.89	0.0749119
0.09	0.89	0.0842698
0.1	0.89	0.0936256
0.11	0.89	0.102979
0.12	0.89	0.112329
0.13	0.89	0.121677
0.14	0.89	0.131021
0.15	0.89	0.140362
0.16	0.89	0.149698
0.17	0.89	0.159031
0.18	0.89	0.168359
0.19	0.89	0.177682
0.2	0.89	0.186999
0.21	0.89	0.196311
0.22	0.89	0.205617
0.23	0.89	0.214917
0.24	0.89	0.22421
0.25	0.89	0.233495
0.26	0.89	0.242773
0.27	0.89	0.252042
0.28	0.89	0.261303
0.29	0.89	0.270554
0.3	0.89	0.279796
0.31	0.89	0.289028
0.32	0.89	0.298249
0.33	0.89	0.307458
0.34	0.89	0.316655
0.35	0.89	0.32584
0.36	0.89	0.335012
0.37	0.89	0.344169
0.38	0.89	0.353312
0.39	0.89	0.362439
0.4	0.89	0.371551
0.41	0.89	0.380646
0.42	0.89	0.389723
0.43	0.89	0.398781
0.44	0.89	0.407821
0.45	0.89	0.41684
0.46	0.89	0.425838
0.47	0.89	0.434815
0.48	0.89	0.443768
0.49	0.89	0.452698
0.5	0.89	0.461603
0.51	0.89	0.470483
0.52	0.89	0.479336
0.53	0.89	0.488161
0.54	0.89	0.496957
0.55	0.89	0.505723
0.56	0.89	0.514458
0.57	0.89	0.523161
0.58	0.89	0.53183
0.59	0.89	0.540465
0.6	0.89	0.549064
0.61	0.89	0.557626
0.62	0.89	0.56615
0.63	0.89	0.574633
0.64	0.89	0.583076
0.65	0.89	0.591477
0.66	0.89	0.599834
0.67	0.89	0.608146
0.68	0.89	0.616412
0.69	0.89	0.624629
0.7	0.89	0.632798
0.71	0.89	0.640915
0.72	0.89	0.648981
0.73	0.89	0.656992
0.74	0.89	0.664948
0.75	0.89	0.672847
0.76	0.89	0.680688
0.77	0.89	0.688469
0.78	0.89	0.696188
0.79	0.89	0.703843
0.8	0.89	0.711434
0.81	0.89	0.718958
0.82	0.89	0.726414
0.83	0.89	0.733801
0.84	0.89	0.741115
0.85	0.89	0.748356
0.86	0.89	0.755522
0.87	0.89	0.762611
0.88	0.89	0.769622
0.89	0.89	0.776553
0.9	0.89	0.783401
0.91	0.89	0.790166
0.92	0.89	0.796845
0.93	0.89	0.803436
0.94	0.89	0.809939
0.95	0.89	0.81635
0.96	0.89	0.822669
0.97	0.89	0.828893
0.98	0.89	0.83502
0.99	0.89	0.84105
0	0.9	0
0.01	0.9	0.00949243
0.02	0.9	0.0189846
0.03	0.9	0.0284764
0.04	0.9	0.0379675
0.05	0.9	0.0474578
0.06	0.9	0.0569469
0.07	0.9	0.0664347
0.08	0.9	0.0759209
0.09	0.9	0.0854054
0.1	0.9	0.0948877
0.11	0.9	0.104368
0.12	0.9	0.113845
0.13	0.9	0.12332
0.14	0.9	0.132792
0.15	0.9	0.14226
0.16	0.9	0.151724
0.17	0.9	0.161185
0.18	0.9	0.170641
0.19	0.9	0.180092
0.2	0.9	0.189539
0.21	0.9	0.19898
0.22	0.9	0.208415
0.23	0.9	0.217844
0.24	0.9	0.227267
0.25	0.9	0.236683
0.26	0.9	0.246091
0.27	0.9	0.255491
0.28	0.9	0.264883
0.29	0.9	0.274267
0.3	0.9	0.283641
0.31	0.9	0.293005
0.32	0.9	0.302358
0.33	0.9	0.311701
0.34	0.9	0.321032
0.35	0.9	0.330351
0.36	0.9	0.339657
0.37	0.9	0.348949
0.38	0.9	0.358228
0.39	0.9	0.367491
0.4	0.9	0.376739
0.41	0.9	0.38597
0.42	0.9	0.395184
0.43	0.9	0.404381
0.44	0.9	0.413558
0.45	0.9	0.422716
0.46	0.9	0.431853
0.47	0.9	0.440969
0.48	0.9	0.450063
0.49	0.9	0.459134
0.5	0.9	0.46818
0.51	0.9	0.477201
0.52	0.9	0.486195
0.53	0.9	0.495163
0.54	0.9	0.504102
0.55	0.9	0.513011
0.56	0.9	0.52189
0.57	0.9	0.530737
0.58	0.9	0.539551
0.59	0.9	0.548331
0.6	0.9	0.557076
0.61	0.9	0.565784
0.62	0.9	0.574454
0.63	0.9	0.583084
0.64	0.9	0.591675
0.65	0.9	0.600223
0.66	0.9	0.608728
0.67	0.9	0.617189
0.68	0.9	0.625604
0.69	0.9	0.633971
0.7	0.9	0.642289
0.71	0.9	0.650556
0.72	0.9	0.658772
0.73	0.9	0.666934
0.74	0.9	0.675042
0.75	0.9	0.683092
0.76	0.9	0.691085
0.77	0.9	0.699018
0.78	0.9	0.706889
0.79	0.9	0.714698
0.8	0.9	0.722441
0.81	0.9	0.730119
0.82	0.9	0.737729
0.83	0.9	0.745268
0.84	0.9	0.752737
0.85	0.9	0.760132
0.86	0.9	0.767453
0.87	0.9	0.774697
0.88	0.9	0.781862
0.89	0.9	0.788947
0.9	0.9	0.795951
0.91	0.9	0.802871
0.92	0.9	0.809705
0.93	0.9	0.816452
0.94	0.9	0.82311
0.95	0.9	0.829677
0.96	0.9	0.836151
0.97	0.9	0.842531
0.98	0.9	0.848815
0.99	0.9	0.855
0	0.91	0
0.01	0.91	0.00961874
0.02	0.91	0.0192373
0.03	0.91	0.0288554
0.04	0.91	0.0384729
0.05	0.91	0.0480896
0.06	0.91	0.0577053
0.07	0.91	0.0673198
0.08	0.91	0.0769327
0.09	0.91	0.086544
0.1	0.91	0.0961534
0.11	0.91	0.105761
0.12	0.91	0.115366
0.13	0.91	0.124968
0.14	0.91	0.134567
0.15	0.91	0.144163
0.16	0.91	0.153756
0.17	0.91	0.163345
0.18	0.91	0.172929
0.19	0.91	0.18251
0.2	0.91	0.192085
0.21	0.91	0.201656
0.22	0.91	0.211221
0.23	0.91	0.220781
0.24	0.91	0.230334
0.25	0.91	0.23988
0.26	0.91	0.24942
0.27	0.91	0.258952
0.28	0.91	0.268476
0.29	0.91	0.277991
0.3	0.91	0.287498
0.31	0.91	0.296995
0.32	0.91	0.306482
0.33	0.91	0.315959
0.34	0.91	0.325424
0.35	0.91	0.334878
0.36	0.91	0.344319
0.37	0.91	0.353747
0.38	0.91	0.363162
0.39	0.91	0.372562
0.4	0.91	0.381947
0.41	0.91	0.391316
0.42	0.91	0.400668
0.43	0.91	0.410003
0.44	0.91	0.419319
0.45	0.91	0.428617
0.46	0.91	0.437894
0.47	0.91	0.44715
0.48	0.91	0.456385
0.49	0.91	0.465597
0.5	0.91	0.474785
0.51	0.91	0.483948
0.52	0.91	0.493086
0.53	0.91	0.502197
0.54	0.91	0.51128
0.55	0.91	0.520334
0.56	0.91	0.529357
0.57	0.91	0.53835
0.58	0.91	0.54731
0.59	0.91	0.556236
0.6	0.91	0.565127
0.61	0.91	0.573983
0.62	0.91	0.5828
0.63	0.91	0.591579
0.64	0.91	0.600318
0.65	0.91	0.609016
0.66	0.91	0.617671
0.67	0.91	0.626281
0.68	0.91	0.634846
0.69	0.91	0.643364
0.7	0.91	0.651833
0.71	0.91	0.660252
0.72	0.91	0.66862
0.73	0.91	0.676935
0.74	0.91	0.685194
0.75	0.91	0.693398
0.76	0.91	0.701544
0.77	0.91	0.709631
0.78	0.91	0.717656
0.79	0.91	0.725619
0.8	0.91	0.733517
0.81	0.91	0.74135
0.82	0.91	0.749114
0.83	0.91	0.75681
0.84	0.91	0.764434
0.85	0.91	0.771985
0.86	0.91	0.779461
0.87	0.91	0.786862
0.88	0.91	0.794183
0.89	0.91	0.801425
0.9	0.91	0.808586
0.91	0.91	0.815662
0.92	0.91	0.822654
0.93	0.91	0.829558
0.94	0.91	0.836373
0.95	0.91	0.843097
0.96	0.91	0.849729
0.97	0.91	0.856266
0.98	0.91	0.862707
0.99	0.91	0.86905
0	0.92	0
0.01	0.92	0.00974538
0.02	0.92	0.0194906
0.03	0.92	0.0292354
0.04	0.92	0.0389796
0.05	0.92	0.0487231
0.06	0.92	0.0584657
0.07	0.92	0.0682071
0.08	0.92	0.0779472
0.09	0.92	0.0876857
0.1	0.92	0.0974225
0.11	0.92	0.107157
0.12	0.92	0.11689
0.13	0.92	0.12662
0.14	0.92	0.136347
0.15	0.92	0.146072
0.16	0.92	0.155793
0.17	0.92	0.165511
0.18	0.92	0.175225
0.19	0.92	0.184934
0.2	0.92	0.19464
0.21	0.92	0.20434
0.22	0.92	0.214036
0.23	0.92	0.223726
0.24	0.92	0.23341
0.25	0.92	0.243088
0.26	0.92	0.252759
0.27	0.92	0.262423
0.28	0.92	0.272079
0.29	0.92	0.281728
0.3	0.92	0.291368
0.31	0.92	0.300999
0.32	0.92	0.31062
0.33	0.92	0.320231
0.34	0.92	0.329832
0.35	0.92	0.339421
0.36	0.92	0.348998
0.37	0.92	0.358563
0.38	0.92	0.368114
0.39	0.92	0.377651
0.4	0.92	0.387174
0.41	0.92	0.396681
0.42	0.92	0.406173
0.43	0.92	0.415647
0.44	0.92	0.425103
0.45	0.92	0.434541
0.46	0.92	0.443959
0.47	0.92	0.453357
0.48	0.92	0.462734
0.49	0.92	0.472088
0.5	0.92	0.481419
0.51	0.92	0.490726
0.52	0.92	0.500008
0.53	0.92	0.509263
0.54	0.92	0.518491
0.55	0.92	0.52769
0.56	0.92	0.53686
0.57	0.92	0.545999
0.58	0.92	0.555106
0.59	0.92	0.56418
0.6	0.92	0.573219
0.61	0.92	0.582223
0.62	0.92	0.59119
0.63	0.92	0.600118
0.64	0.92	0.609007
0.65	0.92	0.617855
0.66	0.92	0.62666
0.67	0.92	0.635422
0.68	0.92	0.644139
0.69	0.92	0.652809
0.7	0.92	0.661431
0.71	0.92	0.670003
0.72	0.92	0.678524
0.73	0.92	0.686992
0.74	0.92	0.695406
0.75	0.92	0.703765
0.76	0.92	0.712065
0.77	0.92	0.720307
0.78	0.92	0.728488
0.79	0.92	0.736607
0.8	0.92	0.744661
0.81	0.92	0.75265
0.82	0.92	0.760572
0.83	0.92	0.768424
0.84	0.92	0.776205
0.85	0.92	0.783914
0.86	0.92	0.791548
0.87	0.92	0.799106
0.88	0.92	0.806586
0.89	0.92	0.813986
0.9	0.92	0.821305
0.91	0.92	0.82854
0.92	0.92	0.835691
0.93	0.92	0.842753
0.94	0.92	0.849728
0.95	0.92	0.856611
0.96	0.92	0.863402
0.97	0.92	0.870098
0.98	0.92	0.876698
0.99	0.92	0.8832
0	0.93	0
0.01	0.93	0.00987232
0.02	0.93	0.0197445
0.03	0.93	0.0296163
0.04	0.93	0.0394876
0.05	0.93	0.0493582
0.06	0.93	0.059228
0.07	0.93	0.0690967
0.08	0.93	0.0789642
0.09	0.93	0.0888303
0.1	0.93	0.0986948
0.11	0.93	0.108557
0.12	0.93	0.118418
0.13	0.93	0.128276
0.14	0.93	0.138132
0.15	0.93	0.147985
0.16	0.93	0.157836
0.17	0.93	0.167683
0.18	0.93	0.177526
0.19	0.93	0.187366
0.2	0.93	0.197201
0.21	0.93	0.207032
0.22	0.93	0.216858
0.23	0.93	0.226679
0.24	0.93	0.236495
0.25	0.93	0.246305
0.26	0.93	0.256108
0.27	0.93	0.265905
0.28	0.93	0.275694
0.29	0.93	0.285476
0.3	0.93	0.29525
0.31	0.93	0.305015
0.32	0.93	0.314771
0.33	0.93	0.324518
0.34	0.93	0.334254
0.35	0.93	0.343979
0.36	0.93	0.353693
0.37	0.93	0.363395
0.38	0.93	0.373084
0.39	0.93	0.382759
0.4	0.93	0.392421
0.41	0.93	0.402067
0.42	0.93	0.411698
0.43	0.93	0.421313
0.44	0.93	0.43091
0.45	0.93	0.440489
0.46	0.93	0.450049
0.47	0.93	0.459589
0.48	0.93	0.469109
0.49	0.93	0.478606
0.5	0.93	0.488081
0.51	0.93	0.497533
0.52	0.93	0.506959
0.53	0.93	0.51636
0.54	0.93	0.525734
0.55	0.93	0.53508
0.56	0.93	0.544397
0.57	0.93	0.553684
0.58	0.93	0.562939
0.59	0.93	0.572162
0.6	0.93	0.58135
0.61	0.93	0.590504
0.62	0.93	0.599621
0.63	0.93	0.6087
0.64	0.93	0.61774
0.65	0.93	0.62674
0.66	0.93	0.635697
0.67	0.93	0.644612
0.68	0.93	0.653482
0.69	0.93	0.662305
0.7	0.93	0.671081
0.71	0.93	0.679808
0.72	0.93	0.688483
0.73	0.93	0.697107
0.74	0.93	0.705677
0.75	0.93	0.714191
0.76	0.93	0.722648
0.77	0.93	0.731047
0.78	0.93	0.739385
0.79	0.93	0.747661
0.8	0.93	0.755873
0.81	0.93	0.76402
0.82	0.93	0.7721
0.83	0.93	0.780111
0.84	0.93	0.788051
0.85	0.93	0.795919
0.86	0.93	0.803713
0.87	0.93	0.81143
0.88	0.93	0.81907
0.89	0.93	0.82663
0.9	0.93	0.834109
0.91	0.93	0.841505
0.92	0.93	0.848815
0.93	0.93	0.856039
0.94	0.93	0.863173
0.95	0.93	0.870218
0.96	0.93	0.877169
0.97	0.93	0.884026
0.98	0.93	0.890787
0.99	0.93	0.89745
0	0.94	0
0.01	0.94	0.00999956
0.02	0.94	0.019999
0.03	0.94	0.0299981
0.04	0.94	0.0399967
0.05	0.94	0.0499948
0.06	0.94	0.0599921
0.07	0.94	0.0699884
0.08	0.94	0.0799836
0.09	0.94	0.0899776
0.1	0.94	0.0999701
0.11	0.94	0.109961
0.12	0.94	0.11995
0.13	0.94	0.129937
0.14	0.94	0.139922
0.15	0.94	0.149904
0.16	0.94	0.159883
0.17	0.94	0.16986
0.18	0.94	0.179833
0.19	0.94	0.189803
0.2	0.94	0.199769
0.21	0.94	0.209731
0.22	0.94	0.219688
0.23	0.94	0.229641
0.24	0.94	0.239589
0.25	0.94	0.249531
0.26	0.94	0.259467
0.27	0.94	0.269397
0.28	0.94	0.27932
0.29	0.94	0.289236
0.3	0.94	0.299144
0.31	0.94	0.309044
0.32	0.94	0.318936
0.33	0.94	0.328818
0.34	0.94	0.33869
0.35	0.94	0.348553
0.36	0.94	0.358404
0.37	0.94	0.368243
0.38	0.94	0.378071
0.39	0.94	0.387885
0.4	0.94	0.397686
0.41	0.94	0.407473
0.42	0.94	0.417244
0.43	0.94	0.427
0.44	0.94	0.436738
0.45	0.94	0.44646
0.46	0.94	0.456162
0.47	0.94	0.465846
0.48	0.94	0.475509
0.49	0.94	0.485151
0.5	0.94	0.494771
0.51	0.94	0.504368
0.52	0.94	0.513941
0.53	0.94	0.523488
0.54	0.94	0.533009
0.55	0.94	0.542503
0.56	0.94	0.551968
0.57	0.94	0.561404
0.58	0.94	0.570809
0.59	0.94	0.580181
0.6	0.94	0.58952
0.61	0.94	0.598825
0.62	0.94	0.608093
0.63	0.94	0.617324
0.64	0.94	0.626517
0.65	0.94	0.63567
0.66	0.94	0.644781
0.67	0.94	0.65385
0.68	0.94	0.662874
0.69	0.94	0.671852
0.7	0.94	0.680784
0.71	0.94	0.689666
0.72	0.94	0.698498
0.73	0.94	0.707279
0.74	0.94	0.716006
0.75	0.94	0.724677
0.76	0.94	0.733293
0.77	0.94	0.741849
0.78	0.94	0.750346
0.79	0.94	0.758781
0.8	0.94	0.767153
0.81	0.94	0.77546
0.82	0.94	0.783699
0.83	0.94	0.79187
0.84	0.94	0.799971
0.85	0.94	0.808
0.86	0.94	0.815955
0.87	0.94	0.823833
0.88	0.94	0.831635
0.89	0.94	0.839357
0.9	0.94	0.846997
0.91	0.94	0.854555
0.92	0.94	0.862028
0.93	0.94	0.869413
0.94	0.94	0.876711
0.95	0.94	0.883917
0.96	0.94	0.891031
0.97	0.94	0.898051
0.98	0.94	0.904975
0.99	0.94	0.9118
0	0.95	0
0.01	0.95	0.0101271
0.02	0.95	0.020254
0.03	0.95	0.0303807
0.04	0.95	0.040507
0.05	0.95	0.0506327
0.06	0.95	0.0607578
0.07	0.95	0.070882
0.08	0.95	0.0810053
0.09	0.95	0.0911275
0.1	0.95	0.101248
0.11	0.95	0.111368
0.12	0.95	0.121485
0.13	0.95	0.131601
0.14	0.95	0.141715
0.15	0.95	0.151827
0.16	0.95	0.161936
0.17	0.95	0.172043
0.18	0.95	0.182146
0.19	0.95	0.192247
0.2	0.95	0.202344
0.21	0.95	0.212437
0.22	0.95	0.222526
0.23	0.95	0.232611
0.24	0.95	0.242691
0.25	0.95	0.252766
0.26	0.95	0.262835
0.27	0.95	0.272898
0.28	0.95	0.282956
0.29	0.95	0.293006
0.3	0.95	0.303049
0.31	0.95	0.313085
0.32	0.95	0.323113
0.33	0.95	0.333131
0.34	0.95	0.343141
0.35	0.95	0.353141
0.36	0.95	0.36313
0.37	0.95	0.373108
0.38	0.95	0.383075
0.39	0.95	0.393029
0.4	0.95	0.40297
0.41	0.95	0.412897
0.42	0.95	0.42281
0.43	0.95	0.432707
0.44	0.95	0.442588
0.45	0.95	0.452453
0.46	0.95	0.462299
0.47	0.95	0.472127
0.48	0.95	0.481935
0.49	0.95	0.491722
0.5	0.95	0.501488
0.51	0.95	0.511232
0.52	0.95	0.520951
0.53	0.95	0.530647
0.54	0.95	0.540316
0.55	0.95	0.549959
0.56	0.95	0.559573
0.57	0.95	0.569159
0.58	0.95	0.578714
0.59	0.95	0.588238
0.6	0.95	0.597728
0.61	0.95	0.607185
0.62	0.95	0.616607
0.63	0.95	0.625991
0.64	0.95	0.635338
0.65	0.95	0.644645
0.66	0.95	0.653911
0.67	0.95	0.663135
0.68	0.95	0.672315
0.69	0.95	0.68145
0.7	0.95	0.690538
0.71	0.95	0.699578
0.72	0.95	0.708568
0.73	0.95	0.717507
0.74	0.95	0.726392
0.75	0.95	0.735223
0.76	0.95	0.743998
0.77	0.95	0.752715
0.78	0.95	0.761372
0.79	0.95	0.769967
0.8	0.95	0.7785
0.81	0.95	0.786968
0.82	0.95	0.795369
0.83	0.95	0.803702
0.84	0.95	0.811965
0.85	0.95	0.820156
0.86	0.95	0.828274
0.87	0.95	0.836316
0.88	0.95	0.84428
0.89	0.95	0.852166
0.9	0.95	0.85997
0.91	0.95	0.867691
0.92	0.95	0.875328
0.93	0.95	0.882878
0.94	0.95	0.890339
0.95	0.95	0.89771
0.96	0.95	0.904988
0.97	0.95	0.912172
0.98	0.95	0.91926
0.99	0.95	0.92625
0	0.96	0
0.01	0.96	0.0102548
0.02	0.96	0.0205096
0.03	0.96	0.0307641
0.04	0.96	0.0410183
0.05	0.96	0.051272
0.06	0.96	0.0615251
0.07	0.96	0.0717775
0.08	0.96	0.0820291
0.09	0.96	0.0922797
0.1	0.96	0.102529
0.11	0.96	0.112777
0.12	0.96	0.123024
0.13	0.96	0.133269
0.14	0.96	0.143513
0.15	0.96	0.153754
0.16	0.96	0.163994
0.17	0.96	0.17423
0.18	0.96	0.184465
0.19	0.96	0.194696
0.2	0.96	0.204924
0.21	0.96	0.215149
0.22	0.96	0.22537
0.23	0.96	0.235588
0.24	0.96	0.2458
0.25	0.96	0.256009
0.26	0.96	0.266212
0.27	0.96	0.276409
0.28	0.96	0.286601
0.29	0.96	0.296787
0.3	0.96	0.306966
0.31	0.96	0.317138
0.32	0.96	0.327302
0.33	0.96	0.337457
0.34	0.96	0.347605
0.35	0.96	0.357742
0.36	0.96	0.36787
0.37	0.96	0.377988
0.38	0.96	0.388094
0.39	0.96	0.398189
0.4	0.96	0.408271
0.41	0.96	0.41834
0.42	0.96	0.428394
0.43	0.96	0.438435
0.44	0.96	0.448459
0.45	0.96	0.458467
0.46	0.96	0.468458
0.47	0.96	0.478431
0.48	0.96	0.488385
0.49	0.96	0.498319
0.5	0.96	0.508232
0.51	0.96	0.518123
0.52	0.96	0.527991
0.53	0.96	0.537835
0.54	0.96	0.547653
0.55	0.96	0.557446
0.56	0.96	0.567211
0.57	0.96	0.576948
0.58	0.96	0.586655
0.59	0.96	0.596331
0.6	0.96	0.605975
0.61	0.96	0.615585
0.62	0.96	0.62516
0.63	0.96	0.6347
0.64	0.96	0.644201
0.65	0.96	0.653664
0.66	0.96	0.663087
0.67	0.96	0.672467
0.68	0.96	0.681805
0.69	0.96	0.691098
0.7	0.96	0.700344
0.71	0.96	0.709543
0.72	0.96	0.718692
0.73	0.96	0.727791
0.74	0.96	0.736836
0.75	0.96	0.745828
0.76	0.96	0.754764
0.77	0.96	0.763642
0.78	0.96	0.772461
0.79	0.96	0.781219
0.8	0.96	0.789914
0.81	0.96	0.798545
0.82	0.96	0.80711
0.83	0.96	0.815606
0.84	0.96	0.824033
0.85	0.96	0.832389
0.86	0.96	0.84067
0.87	0.96	0.848877
0.88	0.96	0.857006
0.89	0.96	0.865057
0.9	0.96	0.873026
0.91	0.96	0.880913
0.92	0.96	0.888715
0.93	0.96	0.896431
0.94	0.96	0.904058
0.95	0.96	0.911595
0.96	0.96	0.91904
0.97	0.96	0.92639
0.98	0.96	0.933644
0.99	0.96	0.9408
0	0.97	0
0.01	0.97	0.0103829
0.02	0.97	0.0207656
0.03	0.97	0.0311482
0.04	0.97	0.0415305
0.05	0.97	0.0519124
0.06	0.97	0.0622939
0.07	0.97	0.0726747
0.08	0.97	0.0830549
0.09	0.97	0.0934342
0.1	0.97	0.103813
0.11	0.97	0.11419
0.12	0.97	0.124566
0.13	0.97	0.134941
0.14	0.97	0.145314
0.15	0.97	0.155686
0.16	0.97	0.166055
0.17	0.97	0.176423
0.18	0.97	0.186788
0.19	0.97	0.197151
0.2	0.97	0.207511
0.21	0.97	0.217868
0.22	0.97	0.228221
0.23	0.97	0.238571
0.24	0.97	0.248918
0.25	0.97	0.25926
0.26	0.97	0.269597
0.27	0.97	0.279929
0.28	0.97	0.290256
0.29	0.97	0.300577
0.3	0.97	0.310893
0.31	0.97	0.321201
0.32	0.97	0.331502
0.33	0.97	0.341796
0.34	0.97	0.352081
0.35	0.97	0.362358
0.36	0.97	0.372625
0.37	0.97	0.382883
0.38	0.97	0.393129
0.39	0.97	0.403365
0.4	0.97	0.413589
0.41	0.97	0.4238
0.42	0.97	0.433998
0.43	0.97	0.444181
0.44	0.97	0.45435
0.45	0.97	0.464503
0.46	0.97	0.47464
0.47	0.97	0.484758
0.48	0.97	0.494859
0.49	0.97	0.50494
0.5	0.97	0.515001
0.51	0.97	0.525041
0.52	0.97	0.535058
0.53	0.97	0.545052
0.54	0.97	0.555021
0.55	0.97	0.564965
0.56	0.97	0.574882
0.57	0.97	0.584771
0.58	0.97	0.594631
0.59	0.97	0.60446
0.6	0.97	0.614258
0.61	0.97	0.624023
0.62	0.97	0.633754
0.63	0.97	0.643449
0.64	0.97	0.653107
0.65	0.97	0.662727
0.66	0.97	0.672308
0.67	0.97	0.681847
0.68	0.97	0.691343
0.69	0.97	0.700795
0.7	0.97	0.710201
0.71	0.97	0.71956
0.72	0.97	0.72887
0.73	0.97	0.73813
0.74	0.97	0.747337
0.75	0.97	0.756491
0.76	0.97	0.76559
0.77	0.97	0.774631
0.78	0.97	0.783613
0.79	0.97	0.792535
0.8	0.97	0.801395
0.81	0.97	0.81019
0.82	0.97	0.81892
0.83	0.97	0.827582
0.84	0.97	0.836174
0.85	0.97	0.844696
0.86	0.97	0.853144
0.87	0.97	0.861517
0.88	0.97	0.869813
0.89	0.97	0.87803
0.9	0.97	0.886167
0.91	0.97	0.894221
0.92	0.97	0.902191
0.93	0.97	0.910074
0.94	0.97	0.917869
0.95	0.97	0.925573
0.96	0.97	0.933186
0.97	0.97	0.940704
0.98	0.97	0.948126
0.99	0.97	0.95545
0	0.98	0
0.01	0.98	0.0105111
0.02	0.98	0.0210221
0.03	0.98	0.031533
0.04	0.98	0.0420436
0.05	0.98	0.052554
0.06	0.98	0.063064
0.07	0.98	0.0735735
0.08	0.98	0.0840825
0.09	0.98	0.0945908
0.1	0.98	0.105098
0.11	0.98	0.115605
0.12	0.98	0.126111
0.13	0.98	0.136615
0.14	0.98	0.147119
0.15	0.98	0.157621
0.16	0.98	0.168121
0.17	0.98	0.17862
0.18	0.98	0.189116
0.19	0.98	0.199611
0.2	0.98	0.210103
0.21	0.98	0.220592
0.22	0.98	0.231079
0.23	0.98	0.241562
0.24	0.98	0.252042
0.25	0.98	0.262518
0.26	0.98	0.27299
0.27	0.98	0.283457
0.28	0.98	0.29392
0.29	0.98	0.304377
0.3	0.98	0.314829
0.31	0.98	0.325275
0.32	0.98	0.335714
0.33	0.98	0.346146
0.34	0.98	0.35657
0.35	0.98	0.366986
0.36	0.98	0.377393
0.37	0.98	0.387791
0.38	0.98	0.39818
0.39	0.98	0.408557
0.4	0.98	0.418923
0.41	0.98	0.429278
0.42	0.98	0.439619
0.43	0.98	0.449947
0.44	0.98	0.460261
0.45	0.98	0.47056
0.46	0.98	0.480842
0.47	0.98	0.491108
0.48	0.98	0.501356
0.49	0.98	0.511586
0.5	0.98	0.521796
0.51	0.98	0.531985
0.52	0.98	0.542152
0.53	0.98	0.552297
0.54	0.98	0.562418
0.55	0.98	0.572514
0.56	0.98	0.582584
0.57	0.98	0.592626
0.58	0.98	0.60264
0.59	0.98	0.612625
0.6	0.98	0.622578
0.61	0.98	0.632499
0.62	0.98	0.642387
0.63	0.98	0.652239
0.64	0.98	0.662055
0.65	0.98	0.671834
0.66	0.98	0.681573
0.67	0.98	0.691272
0.68	0.98	0.700928
0.69	0.98	0.710541
0.7	0.98	0.720109
0.71	0.98	0.729629
0.72	0.98	0.739102
0.73	0.98	0.748524
0.74	0.98	0.757895
0.75	0.98	0.767213
0.76	0.98	0.776475
0.77	0.98	0.785681
0.78	0.98	0.794829
0.79	0.98	0.803916
0.8	0.98	0.812942
0.81	0.98	0.821904
0.82	0.98	0.8308
0.83	0.98	0.839629
0.84	0.98	0.848389
0.85	0.98	0.857078
0.86	0.98	0.865694
0.87	0.98	0.874235
0.88	0.98	0.882699
0.89	0.98	0.891085
0.9	0.98	0.899391
0.91	0.98	0.907614
0.92	0.98	0.915753
0.93	0.98	0.923806
0.94	0.98	0.93177
0.95	0.98	0.939644
0.96	0.98	0.947426
0.97	0.98	0.955114
0.98	0.98	0.962706
0.99	0.98	0.9702
0	0.99	0
0.01	0.99	0.0106395
0.02	0.99	0.021279
0.03	0.99	0.0319183
0.04	0.99	0.0425576
0.05	0.99	0.0531966
0.06	0.99	0.0638353
0.07	0.99	0.0744737
0.08	0.99	0.0851117
0.09	0.99	0.0957492
0.1	0.99	0.106386
0.11	0.99	0.117023
0.12	0.99	0.127658
0.13	0.99	0.138293
0.14	0.99	0.148926
0.15	0.99	0.159559
0.16	0.99	0.17019
0.17	0.99	0.18082
0.18	0.99	0.191449
0.19	0.99	0.202075
0.2	0.99	0.212699
0.21	0.99	0.223322
0.22	0.99	0.233941
0.23	0.99	0.244559
0.24	0.99	0.255173
0.25	0.99	0.265783
0.26	0.99	0.27639
0.27	0.99	0.286993
0.28	0.99	0.297592
0.29	0.99	0.308186
0.3	0.99	0.318775
0.31	0.99	0.329358
0.32	0.99	0.339936
0.33	0.99	0.350506
0.34	0.99	0.36107
0.35	0.99	0.371626
0.36	0.99	0.382175
0.37	0.99	0.392714
0.38	0.99	0.403244
0.39	0.99	0.413764
0.4	0.99	0.424274
0.41	0.99	0.434772
0.42	0.99	0.445258
0.43	0.99	0.455731
0.44	0.99	0.466191
0.45	0.99	0.476636
0.46	0.99	0.487066
0.47	0.99	0.49748
0.48	0.99	0.507876
0.49	0.99	0.518255
0.5	0.99	0.528615
0.51	0.99	0.538955
0.52	0.99	0.549273
0.53	0.99	0.55957
0.54	0.99	0.569844
0.55	0.99	0.580093
0.56	0.99	0.590317
0.57	0.99	0.600514
0.58	0.99	0.610684
0.59	0.99	0.620824
0.6	0.99	0.630934
0.61	0.99	0.641013
0.62	0.99	0.651058
0.63	0.99	0.661069
0.64	0.99	0.671045
0.65	0.99	0.680983
0.66	0.99	0.690883
0.67	0.99	0.700742
0.68	0.99	0.710561
0.69	0.99	0.720336
0.7	0.99	0.730066
0.71	0.99	0.73975
0.72	0.99	0.749386
0.73	0.99	0.758973
0.74	0.99	0.768509
0.75	0.99	0.777992
0.76	0.99	0.787421
0.77	0.99	0.796793
0.78	0.99	0.806107
0.79	0.99	0.815362
0.8	0.99	0.824555
0.81	0.99	0.833685
0.82	0.99	0.842749
0.83	0.99	0.851747
0.84	0.99	0.860676
0.85	0.99	0.869534
0.86	0.99	0.87832
0.87	0.99	0.887031
0.88	0.99	0.895666
0.89	0.99	0.904222
0.9	0.99	0.912699
0.91	0.99	0.921093
0.92	0.99	0.929403
0.93	0.99	0.937626
0.94	0.99	0.945762
0.95	0.99	0.953808
0.96	0.99	0.961761
0.97	0.99	0.969621
0.98	0.99	0.977384
0.99	0.99	0.98505
0	1	0
0.01	1	0.0107681
0.02	1	0.0215362
0.03	1	0.0323042
0.04	1	0.0430722
0.05	1	0.05384
0.06	1	0.0646077
0.07	1	0.0753752
0.08	1	0.0861424
0.09	1	0.0969094
0.1	1	0.107676
0.11	1	0.118442
0.12	1	0.129208
0.13	1	0.139973
0.14	1	0.150737
0.15	1	0.161501
0.16	1	0.172263
0.17	1	0.183025
0.18	1	0.193785
0.19	1	0.204544
0.2	1	0.215301
0.21	1	0.226056
0.22	1	0.23681
0.23	1	0.247561
0.24	1	0.258309
0.25	1	0.269055
0.26	1	0.279798
0.27	1	0.290537
0.28	1	0.301272
0.29	1	0.312003
0.3	1	0.32273
0.31	1	0.333451
0.32	1	0.344168
0.33	1	0.354878
0.34	1	0.365582
0.35	1	0.376279
0.36	1	0.386968
0.37	1	0.397649
0.38	1	0.408322
0.39	1	0.418986
0.4	1	0.429639
0.41	1	0.440282
0.42	1	0.450913
0.43	1	0.461533
0.44	1	0.472139
0.45	1	0.482732
0.46	1	0.49331
0.47	1	0.503872
0.48	1	0.514418
0.49	1	0.524947
0.5	1	0.535458
0.51	1	0.54595
0.52	1	0.556421
0.53	1	0.566871
0.54	1	0.577298
0.55	1	0.587702
0.56	1	0.598081
0.57	1	0.608434
0.58	1	0.61876
0.59	1	0.629058
0.6	1	0.639326
0.61	1	0.649563
0.62	1	0.659768
0.63	1	0.669939
0.64	1	0.680075
0.65	1	0.690174
0.66	1	0.700236
0.67	1	0.710258
0.68	1	0.720239
0.69	1	0.730178
0.7	1	0.740073
0.71	1	0.749922
0.72	1	0.759723
0.73	1	0.769476
0.74	1	0.779179
0.75	1	0.788829
0.76	1	0.798425
0.77	1	0.807965
0.78	1	0.817448
0.79	1	0.826871
0.8	1	0.836233
0.81	1	0.845533
0.82	1	0.854768
0.83	1	0.863936
0.84	1	0.873036
0.85	1	0.882065
0.86	1	0.891022
0.87	1	0.899905
0.88	1	0.908712
0.89	1	0.917441
0.9	1	0.92609
0.91	1	0.934656
0.92	1	0.943139
0.93	1	0.951536
0.94	1	0.959845
0.95	1	0.968064
0.96	1	0.976191
0.97	1	0.984224
0.98	1	0.992161
0.99	1	1
0	1.01	0
0.01	1.01	0.0108969
0.02	1.01	0.0217938
0.03	1.01	0.0326906
0.04	1.01	0.0435875
0.05	1.01	0.0544843
0.06	1.01	0.0653811
0.07	1.01	0.0762778
0.08	1.01	0.0871744
0.09	1.01	0.098071
0.1	1.01	0.108967
0.11	1.01	0.119864
0.12	1.01	0.130759
0.13	1.01	0.141655
0.14	1.01	0.15255
0.15	1.01	0.163445
0.16	1.01	0.174339
0.17	1.01	0.185232
0.18	1.01	0.196125
0.19	1.01	0.207016
0.2	1.01	0.217906
0.21	1.01	0.228795
0.22	1.01	0.239683
0.23	1.01	0.250568
0.24	1.01	0.261452
0.25	1.01	0.272333
0.26	1.01	0.283211
0.27	1.01	0.294087
0.28	1.01	0.304959
0.29	1.01	0.315828
0.3	1.01	0.326693
0.31	1.01	0.337553
0.32	1.01	0.348409
0.33	1.01	0.359259
0.34	1.01	0.370104
0.35	1.01	0.380942
0.36	1.01	0.391773
0.37	1.01	0.402597
0.38	1.01	0.413413
0.39	1.01	0.424221
0.4	1.01	0.435019
0.41	1.01	0.445807
0.42	1.01	0.456585
0.43	1.01	0.467351
0.44	1.01	0.478105
0.45	1.01	0.488846
0.46	1.01	0.499573
0.47	1.01	0.510285
0.48	1.01	0.520982
0.49	1.01	0.531662
0.5	1.01	0.542325
0.51	1.01	0.552969
0.52	1.01	0.563593
0.53	1.01	0.574197
0.54	1.01	0.58478
0.55	1.01	0.595339
0.56	1.01	0.605875
0.57	1.01	0.616385
0.58	1.01	0.626869
0.59	1.01	0.637325
0.6	1.01	0.647752
0.61	1.01	0.658149
0.62	1.01	0.668515
0.63	1.01	0.678847
0.64	1.01	0.689145
0.65	1.01	0.699407
0.66	1.01	0.709632
0.67	1.01	0.719818
0.68	1.01	0.729964
0.69	1.01	0.740068
0.7	1.01	0.750128
0.71	1.01	0.760144
0.72	1.01	0.770112
0.73	1.01	0.780033
0.74	1.01	0.789903
0.75	1.01	0.799722
0.76	1.01	0.809487
0.77	1.01	0.819197
0.78	1.01	0.82885
0.79	1.01	0.838444
0.8	1.01	0.847977
0.81	1.01	0.857448
0.82	1.01	0.866855
0.83	1.01	0.876195
0.84	1.01	0.885468
0.85	1.01	0.89467
0.86	1.01	0.9038
0.87	1.01	0.912857
0.88	1.01	0.921838
0.89	1.01	0.930741
0.9	1.01	0.939564
0.91	1.01	0.948305
0.92	1.01	0.956963
0.93	1.01	0.965534
0.94	1.01	0.974018
0.95	1.01	0.982412
0.96	1.01	0.990715
0.97	1.01	0.998923
0.98	1.01	1.00704
0.99	1.01	1.01505
0	1.02	0
0.01	1.02	0.0110258
0.02	1.02	0.0220516
0.03	1.02	0.0330774
0.04	1.02	0.0441033
0.05	1.02	0.0551292
0.06	1.02	0.0661552
0.07	1.02	0.0771814
0.08	1.02	0.0882076
0.09	1.02	0.0992339
0.1	1.02	0.11026
0.11	1.02	0.121287
0.12	1.02	0.132313
0.13	1.02	0.143339
0.14	1.02	0.154366
0.15	1.02	0.165392
0.16	1.02	0.176417
0.17	1.02	0.187443
0.18	1.02	0.198468
0.19	1.02	0.209492
0.2	1.02	0.220516
0.21	1.02	0.231539
0.22	1.02	0.24256
0.23	1.02	0.25358
0.24	1.02	0.264599
0.25	1.02	0.275616
0.26	1.02	0.286631
0.27	1.02	0.297643
0.28	1.02	0.308653
0.29	1.02	0.31966
0.3	1.02	0.330664
0.31	1.02	0.341663
0.32	1.02	0.352659
0.33	1.02	0.36365
0.34	1.02	0.374635
0.35	1.02	0.385616
0.36	1.02	0.39659
0.37	1.02	0.407557
0.38	1.02	0.418517
0.39	1.02	0.429469
0.4	1.02	0.440413
0.41	1.02	0.451347
0.42	1.02	0.462271
0.43	1.02	0.473185
0.44	1.02	0.484087
0.45	1.02	0.494978
0.46	1.02	0.505854
0.47	1.02	0.516717
0.48	1.02	0.527566
0.49	1.02	0.538398
0.5	1.02	0.549214
0.51	1.02	0.560011
0.52	1.02	0.570791
0.53	1.02	0.58155
0.54	1.02	0.592288
0.55	1.02	0.603004
0.56	1.02	0.613697
0.57	1.02	0.624366
0.58	1.02	0.635009
0.59	1.02	0.645625
0.6	1.02	0.656212
0.61	1.02	0.666771
0.62	1.02	0.677298
0.63	1.02	0.687793
0.64	1.02	0.698254
0.65	1.02	0.708681
0.66	1.02	0.71907
0.67	1.02	0.729422
0.68	1.02	0.739734
0.69	1.02	0.750004
0.7	1.02	0.760232
0.71	1.02	0.770415
0.72	1.02	0.780553
0.73	1.02	0.790642
0.74	1.02	0.800682
0.75	1.02	0.810671
0.76	1.02	0.820607
0.77	1.02	0.830488
0.78	1.02	0.840313
0.79	1.02	0.850079
0.8	1.02	0.859786
0.81	1.02	0.86943
0.82	1.02	0.87901
0.83	1.02	0.888525
0.84	1.02	0.897971
0.85	1.02	0.907349
0.86	1.02	0.916654
0.87	1.02	0.925886
0.88	1.02	0.935042
0.89	1.02	0.944121
0.9	1.02	0.953121
0.91	1.02	0.962038
0.92	1.02	0.970873
0.93	1.02	0.979621
0.94	1.02	0.988282
0.95	1.02	0.996853
0.96	1.02	1.00533
0.97	1.02	1.01372
0.98	1.02	1.02201
0.99	1.02	1.0302
0	1.03	0
0.01	1.03	0.0111548
0.02	1.03	0.0223096
0.03	1.03	0.0334645
0.04	1.03	0.0446195
0.05	1.03	0.0557747
0.06	1.03	0.0669301
0.07	1.03	0.0780857
0.08	1.03	0.0892416
0.09	1.03	0.100398
0.1	1.03	0.111554
0.11	1.03	0.122711
0.12	1.03	0.133868
0.13	1.03	0.145025
0.14	1.03	0.156183
0.15	1.03	0.16734
0.16	1.03	0.178498
0.17	1.03	0.189656
0.18	1.03	0.200814
0.19	1.03	0.211971
0.2	1.03	0.223128
0.21	1.03	0.234285
0.22	1.03	0.245441
0.23	1.03	0.256597
0.24	1.03	0.267751
0.25	1.03	0.278904
0.26	1.03	0.290056
0.27	1.03	0.301206
0.28	1.03	0.312353
0.29	1.03	0.323499
0.3	1.03	0.334641
0.31	1.03	0.345781
0.32	1.03	0.356917
0.33	1.03	0.368049
0.34	1.03	0.379176
0.35	1.03	0.390299
0.36	1.03	0.401416
0.37	1.03	0.412527
0.38	1.03	0.423632
0.39	1.03	0.43473
0.4	1.03	0.445819
0.41	1.03	0.456901
0.42	1.03	0.467973
0.43	1.03	0.479035
0.44	1.03	0.490086
0.45	1.03	0.501126
0.46	1.03	0.512154
0.47	1.03	0.523169
0.48	1.03	0.534169
0.49	1.03	0.545155
0.5	1.03	0.556124
0.51	1.03	0.567077
0.52	1.03	0.578012
0.53	1.03	0.588927
0.54	1.03	0.599823
0.55	1.03	0.610697
0.56	1.03	0.621548
0.57	1.03	0.632376
0.58	1.03	0.64318
0.59	1.03	0.653957
0.6	1.03	0.664706
0.61	1.03	0.675427
0.62	1.03	0.686117
0.63	1.03	0.696777
0.64	1.03	0.707403
0.65	1.03	0.717994
0.66	1.03	0.72855
0.67	1.03	0.739069
0.68	1.03	0.749548
0.69	1.03	0.759987
0.7	1.03	0.770384
0.71	1.03	0.780736
0.72	1.03	0.791044
0.73	1.03	0.801304
0.74	1.03	0.811516
0.75	1.03	0.821676
0.76	1.03	0.831785
0.77	1.03	0.841839
0.78	1.03	0.851837
0.79	1.03	0.861778
0.8	1.03	0.871658
0.81	1.03	0.881478
0.82	1.03	0.891233
0.83	1.03	0.900924
0.84	1.03	0.910547
0.85	1.03	0.9201
0.86	1.03	0.929583
0.87	1.03	0.938992
0.88	1.03	0.948326
0.89	1.03	0.957583
0.9	1.03	0.96676
0.91	1.03	0.975856
0.92	1.03	0.984869
0.93	1.03	0.993796
0.94	1.03	1.00264
0.95	1.03	1.01139
0.96	1.03	1.02005
0.97	1.03	1.02861
0.98	1.03	1.03708
0.99	1.03	1.04545
0	1.04	0
0.01	1.04	0.0112838
0.02	1.04	0.0225677
0.03	1.04	0.0338518
0.04	1.04	0.045136
0.05	1.04	0.0564206
0.06	1.04	0.0677055
0.07	1.04	0.0789907
0.08	1.04	0.0902764
0.09	1.04	0.101563
0.1	1.04	0.112849
0.11	1.04	0.124137
0.12	1.04	0.135424
0.13	1.04	0.146713
0.14	1.04	0.158002
0.15	1.04	0.169291
0.16	1.04	0.180581
0.17	1.04	0.191871
0.18	1.04	0.203162
0.19	1.04	0.214453
0.2	1.04	0.225744
0.21	1.04	0.237035
0.22	1.04	0.248326
0.23	1.04	0.259617
0.24	1.04	0.270907
0.25	1.04	0.282197
0.26	1.04	0.293485
0.27	1.04	0.304773
0.28	1.04	0.316059
0.29	1.04	0.327343
0.3	1.04	0.338625
0.31	1.04	0.349905
0.32	1.04	0.361182
0.33	1.04	0.372456
0.34	1.04	0.383726
0.35	1.04	0.394991
0.36	1.04	0.406252
0.37	1.04	0.417508
0.38	1.04	0.428758
0.39	1.04	0.440002
0.4	1.04	0.451238
0.41	1.04	0.462467
0.42	1.04	0.473688
0.43	1.04	0.484899
0.44	1.04	0.496101
0.45	1.04	0.507292
0.46	1.04	0.518471
0.47	1.04	0.529638
0.48	1.04	0.540792
0.49	1.04	0.551932
0.5	1.04	0.563056
0.51	1.04	0.574164
0.52	1.04	0.585256
0.53	1.04	0.596329
0.54	1.04	0.607382
0.55	1.04	0.618415
0.56	1.04	0.629427
0.57	1.04	0.640416
0.58	1.04	0.65138
0.59	1.04	0.66232
0.6	1.04	0.673232
0.61	1.04	0.684117
0.62	1.04	0.694972
0.63	1.04	0.705797
0.64	1.04	0.716589
0.65	1.04	0.727348
0.66	1.04	0.738071
0.67	1.04	0.748758
0.68	1.04	0.759406
0.69	1.04	0.770015
0.7	1.04	0.780582
0.71	1.04	0.791106
0.72	1.04	0.801585
0.73	1.04	0.812018
0.74	1.04	0.822402
0.75	1.04	0.832737
0.76	1.04	0.843019
0.77	1.04	0.853248
0.78	1.04	0.863422
0.79	1.04	0.873538
0.8	1.04	0.883595
0.81	1.04	0.893591
0.82	1.04	0.903524
0.83	1.04	0.913392
0.84	1.04	0.923193
0.85	1.04	0.932925
0.86	1.04	0.942587
0.87	1.04	0.952175
0.88	1.04	0.961688
0.89	1.04	0.971125
0.9	1.04	0.980482
0.91	1.04	0.989759
0.92	1.04	0.998952
0.93	1.04	1.00806
0.94	1.04	1.01708
0.95	1.04	1.02601
0.96	1.04	1.03485
0.97	1.04	1.0436
0.98	1.04	1.05225
0.99	1.04	1.0608
0	1.05	0
0.01	1.05	0.011413
0.02	1.05	0.022826
0.03	1.05	0.0342393
0.04	1.05	0.0456528
0.05	1.05	0.0570668
0.06	1.05	0.0684812
0.07	1.05	0.0798961
0.08	1.05	0.0913117
0.09	1.05	0.102728
0.1	1.05	0.114145
0.11	1.05	0.125563
0.12	1.05	0.136982
0.13	1.05	0.148401
0.14	1.05	0.159822
0.15	1.05	0.171243
0.16	1.05	0.182665
0.17	1.05	0.194088
0.18	1.05	0.205512
0.19	1.05	0.216937
0.2	1.05	0.228362
0.21	1.05	0.239787
0.22	1.05	0.251214
0.23	1.05	0.26264
0.24	1.05	0.274067
0.25	1.05	0.285493
0.26	1.05	0.296919
0.27	1.05	0.308345
0.28	1.05	0.319769
0.29	1.05	0.331193
0.3	1.05	0.342615
0.31	1.05	0.354036
0.32	1.05	0.365454
0.33	1.05	0.37687
0.34	1.05	0.388283
0.35	1.05	0.399692
0.36	1.05	0.411097
0.37	1.05	0.422498
0.38	1.05	0.433894
0.39	1.05	0.445285
0.4	1.05	0.456669
0.41	1.05	0.468046
0.42	1.05	0.479416
0.43	1.05	0.490777
0.44	1.05	0.50213
0.45	1.05	0.513472
0.46	1.05	0.524804
0.47	1.05	0.536125
0.48	1.05	0.547433
0.49	1.05	0.558727
0.5	1.05	0.570008
0.51	1.05	0.581273
0.52	1.05	0.592522
0.53	1.05	0.603753
0.54	1.05	0.614966
0.55	1.05	0.62616
0.56	1.05	0.637332
0.57	1.05	0.648483
0.58	1.05	0.65961
0.59	1.05	0.670713
0.6	1.05	0.68179
0.61	1.05	0.69284
0.62	1.05	0.703861
0.63	1.05	0.714853
0.64	1.05	0.725812
0.65	1.05	0.736739
0.66	1.05	0.747632
0.67	1.05	0.758489
0.68	1.05	0.769308
0.69	1.05	0.780088
0.7	1.05	0.790827
0.71	1.05	0.801523
0.72	1.05	0.812176
0.73	1.05	0.822783
0.74	1.05	0.833342
0.75	1.05	0.843851
0.76	1.05	0.85431
0.77	1.05	0.864715
0.78	1.05	0.875066
0.79	1.05	0.88536
0.8	1.05	0.895595
0.81	1.05	0.90577
0.82	1.05	0.915882
0.83	1.05	0.925929
0.84	1.05	0.93591
0.85	1.05	0.945823
0.86	1.05	0.955665
0.87	1.05	0.965434
0.88	1.05	0.975129
0.89	1.05	0.984747
0.9	1.05	0.994287
0.91	1.05	1.00375
0.92	1.05	1.01312
0.93	1.05	1.02241
0.94	1.05	1.03162
0.95	1.05	1.04073
0.96	1.05	1.04975
0.97	1.05	1.05868
0.98	1.05	1.06751
0.99	1.05	1.07625
0	1.06	0
0.01	1.06	0.0115421
0.02	1.06	0.0230844
0.03	1.06	0.0346269
0.04	1.06	0.0461698
0.05	1.06	0.0577131
0.06	1.06	0.0692571
0.07	1.06	0.0808018
0.08	1.06	0.0923473
0.09	1.06	0.103894
0.1	1.06	0.115441
0.11	1.06	0.12699
0.12	1.06	0.138539
0.13	1.06	0.15009
0.14	1.06	0.161642
0.15	1.06	0.173196
0.16	1.06	0.18475
0.17	1.06	0.196306
0.18	1.06	0.207863
0.19	1.06	0.219422
0.2	1.06	0.230981
0.21	1.06	0.242542
0.22	1.06	0.254103
0.23	1.06	0.265666
0.24	1.06	0.277229
0.25	1.06	0.288792
0.26	1.06	0.300356
0.27	1.06	0.31192
0.28	1.06	0.323484
0.29	1.06	0.335047
0.3	1.06	0.34661
0.31	1.06	0.358172
0.32	1.06	0.369732
0.33	1.06	0.38129
0.34	1.06	0.392847
0.35	1.06	0.4044
0.36	1.06	0.415951
0.37	1.06	0.427497
0.38	1.06	0.43904
0.39	1.06	0.450578
0.4	1.06	0.46211
0.41	1.06	0.473636
0.42	1.06	0.485156
0.43	1.06	0.496668
0.44	1.06	0.508172
0.45	1.06	0.519667
0.46	1.06	0.531153
0.47	1.06	0.542628
0.48	1.06	0.554091
0.49	1.06	0.565542
0.5	1.06	0.576979
0.51	1.06	0.588402
0.52	1.06	0.59981
0.53	1.06	0.611201
0.54	1.06	0.622574
0.55	1.06	0.633929
0.56	1.06	0.645264
0.57	1.06	0.656577
0.58	1.06	0.667869
0.59	1.06	0.679136
0.6	1.06	0.690379
0.61	1.06	0.701595
0.62	1.06	0.712784
0.63	1.06	0.723944
0.64	1.06	0.735072
0.65	1.06	0.746169
0.66	1.06	0.757232
0.67	1.06	0.76826
0.68	1.06	0.779251
0.69	1.06	0.790204
0.7	1.06	0.801117
0.71	1.06	0.811988
0.72	1.06	0.822816
0.73	1.06	0.833598
0.74	1.06	0.844334
0.75	1.06	0.85502
0.76	1.06	0.865656
0.77	1.06	0.87624
0.78	1.06	0.88677
0.79	1.06	0.897243
0.8	1.06	0.907658
0.81	1.06	0.918013
0.82	1.06	0.928306
0.83	1.06	0.938535
0.84	1.06	0.948698
0.85	1.06	0.958792
0.86	1.06	0.968817
0.87	1.06	0.97877
0.88	1.06	0.988648
0.89	1.06	0.99845
0.9	1.06	1.00817
0.91	1.06	1.01782
0.92	1.06	1.02738
0.93	1.06	1.03685
0.94	1.06	1.04624
0.95	1.06	1.05554
0.96	1.06	1.06475
0.97	1.06	1.07386
0.98	1.06	1.08288
0.99	1.06	1.0918
0	1.07	0
0.01	1.07	0.0116713
0.02	1.07	0.0233427
0.03	1.07	0.0350145
0.04	1.07	0.0466867
0.05	1.07	0.0583595
0.06	1.07	0.0700331
0.07	1.07	0.0817075
0.08	1.07	0.093383
0.09	1.07	0.10506
0.1	1.07	0.116738
0.11	1.07	0.128417
0.12	1.07	0.140098
0.13	1.07	0.15178
0.14	1.07	0.163464
0.15	1.07	0.175149
0.16	1.07	0.186836
0.17	1.07	0.198525
0.18	1.07	0.210216
0.19	1.07	0.221908
0.2	1.07	0.233602
0.21	1.07	0.245298
0.22	1.07	0.256995
0.23	1.07	0.268693
0.24	1.07	0.280393
0.25	1.07	0.292094
0.26	1.07	0.303796
0.27	1.07	0.315499
0.28	1.07	0.327202
0.29	1.07	0.338906
0.3	1.07	0.350609
0.31	1.07	0.362312
0.32	1.07	0.374015
0.33	1.07	0.385717
0.34	1.07	0.397417
0.35	1.07	0.409115
0.36	1.07	0.420811
0.37	1.07	0.432504
0.38	1.07	0.444194
0.39	1.07	0.45588
0.4	1.07	0.467561
0.41	1.07	0.479237
0.42	1.07	0.490908
0.43	1.07	0.502571
0.44	1.07	0.514228
0.45	1.07	0.525876
0.46	1.07	0.537516
0.47	1.07	0.549146
0.48	1.07	0.560765
0.49	1.07	0.572373
0.5	1.07	0.583968
0.51	1.07	0.59555
0.52	1.07	0.607118
0.53	1.07	0.618669
0.54	1.07	0.630205
0.55	1.07	0.641722
0.56	1.07	0.65322
0.57	1.07	0.664698
0.58	1.07	0.676155
0.59	1.07	0.687588
0.6	1.07	0.698998
0.61	1.07	0.710382
0.62	1.07	0.72174
0.63	1.07	0.733069
0.64	1.07	0.744368
0.65	1.07	0.755636
0.66	1.07	0.766871
0.67	1.07	0.778072
0.68	1.07	0.789237
0.69	1.07	0.800364
0.7	1.07	0.811452
0.71	1.07	0.822499
0.72	1.07	0.833504
0.73	1.07	0.844463
0.74	1.07	0.855377
0.75	1.07	0.866242
0.76	1.07	0.877058
0.77	1.07	0.887822
0.78	1.07	0.898532
0.79	1.07	0.909186
0.8	1.07	0.919783
0.81	1.07	0.93032
0.82	1.07	0.940796
0.83	1.07	0.951208
0.84	1.07	0.961555
0.85	1.07	0.971834
0.86	1.07	0.982043
0.87	1.07	0.992181
0.88	1.07	1.00224
0.89	1.07	1.01223
0.9	1.07	1.02214
0.91	1.07	1.03197
0.92	1.07	1.04172
0.93	1.07	1.05138
0.94	1.07	1.06095
0.95	1.07	1.07044
0.96	1.07	1.07983
0.97	1.07	1.08914
0.98	1.07	1.09834
0.99	1.07	1.10745
0	1.08	0
0.01	1.08	0.0118004
0.02	1.08	0.023601
0.03	1.08	0.035402
0.04	1.08	0.0472035
0.05	1.08	0.0590058
0.06	1.08	0.0708089
0.07	1.08	0.0826131
0.08	1.08	0.0944186
0.09	1.08	0.106225
0.1	1.08	0.118034
0.11	1.08	0.129844
0.12	1.08	0.141656
0.13	1.08	0.153469
0.14	1.08	0.165285
0.15	1.08	0.177103
0.16	1.08	0.188923
0.17	1.08	0.200745
0.18	1.08	0.212569
0.19	1.08	0.224395
0.2	1.08	0.236224
0.21	1.08	0.248055
0.22	1.08	0.259888
0.23	1.08	0.271723
0.24	1.08	0.283559
0.25	1.08	0.295398
0.26	1.08	0.307238
0.27	1.08	0.31908
0.28	1.08	0.330923
0.29	1.08	0.342767
0.3	1.08	0.354612
0.31	1.08	0.366457
0.32	1.08	0.378303
0.33	1.08	0.390148
0.34	1.08	0.401992
0.35	1.08	0.413836
0.36	1.08	0.425678
0.37	1.08	0.437518
0.38	1.08	0.449356
0.39	1.08	0.46119
0.4	1.08	0.473021
0.41	1.08	0.484848
0.42	1.08	0.49667
0.43	1.08	0.508486
0.44	1.08	0.520296
0.45	1.08	0.532098
0.46	1.08	0.543893
0.47	1.08	0.555679
0.48	1.08	0.567455
0.49	1.08	0.579221
0.5	1.08	0.590975
0.51	1.08	0.602717
0.52	1.08	0.614445
0.53	1.08	0.626159
0.54	1.08	0.637857
0.55	1.08	0.649538
0.56	1.08	0.661201
0.57	1.08	0.672844
0.58	1.08	0.684467
0.59	1.08	0.696068
0.6	1.08	0.707646
0.61	1.08	0.7192
0.62	1.08	0.730727
0.63	1.08	0.742227
0.64	1.08	0.753699
0.65	1.08	0.765139
0.66	1.08	0.776548
0.67	1.08	0.787923
0.68	1.08	0.799264
0.69	1.08	0.810567
0.7	1.08	0.821832
0.71	1.08	0.833056
0.72	1.08	0.844239
0.73	1.08	0.855378
0.74	1.08	0.866471
0.75	1.08	0.877517
0.76	1.08	0.888514
0.77	1.08	0.89946
0.78	1.08	0.910352
0.79	1.08	0.92119
0.8	1.08	0.93197
0.81	1.08	0.942691
0.82	1.08	0.953352
0.83	1.08	0.963949
0.84	1.08	0.974482
0.85	1.08	0.984947
0.86	1.08	0.995343
0.87	1.08	1.00567
0.88	1.08	1.01592
0.89	1.08	1.02609
0.9	1.08	1.03619
0.91	1.08	1.04621
0.92	1.08	1.05614
0.93	1.08	1.06599
0.94	1.08	1.07576
0.95	1.08	1.08543
0.96	1.08	1.09502
0.97	1.08	1.10451
0.98	1.08	1.1139
0.99	1.08	1.1232
0	1.09	0
0.01	1.09	0.0119295
0.02	1.09	0.0238592
0.03	1.09	0.0357893
0.04	1.09	0.0477201
0.05	1.09	0.0596517
0.06	1.09	0.0715844
0.07	1.09	0.0835184
0.08	1.09	0.0954538
0.09	1.09	0.107391
0.1	1.09	0.11933
0.11	1.09	0.13127
0.12	1.09	0.143213
0.13	1.09	0.155158
0.14	1.09	0.167106
0.15	1.09	0.179056
0.16	1.09	0.191009
0.17	1.09	0.202964
0.18	1.09	0.214922
0.19	1.09	0.226882
0.2	1.09	0.238846
0.21	1.09	0.250812
0.22	1.09	0.262781
0.23	1.09	0.274752
0.24	1.09	0.286726
0.25	1.09	0.298703
0.26	1.09	0.310682
0.27	1.09	0.322663
0.28	1.09	0.334646
0.29	1.09	0.346631
0.3	1.09	0.358617
0.31	1.09	0.370605
0.32	1.09	0.382594
0.33	1.09	0.394583
0.34	1.09	0.406572
0.35	1.09	0.418562
0.36	1.09	0.43055
0.37	1.09	0.442538
0.38	1.09	0.454524
0.39	1.09	0.466508
0.4	1.09	0.478489
0.41	1.09	0.490467
0.42	1.09	0.502441
0.43	1.09	0.51441
0.44	1.09	0.526374
0.45	1.09	0.538332
0.46	1.09	0.550283
0.47	1.09	0.562226
0.48	1.09	0.57416
0.49	1.09	0.586085
0.5	1.09	0.597999
0.51	1.09	0.609902
0.52	1.09	0.621792
0.53	1.09	0.633668
0.54	1.09	0.64553
0.55	1.09	0.657376
0.56	1.09	0.669204
0.57	1.09	0.681015
0.58	1.09	0.692805
0.59	1.09	0.704575
0.6	1.09	0.716323
0.61	1.09	0.728047
0.62	1.09	0.739746
0.63	1.09	0.751419
0.64	1.09	0.763063
0.65	1.09	0.774678
0.66	1.09	0.786262
0.67	1.09	0.797813
0.68	1.09	0.80933
0.69	1.09	0.820811
0.7	1.09	0.832255
0.71	1.09	0.843658
0.72	1.09	0.855021
0.73	1.09	0.866341
0.74	1.09	0.877616
0.75	1.09	0.888844
0.76	1.09	0.900024
0.77	1.09	0.911153
0.78	1.09	0.92223
0.79	1.09	0.933252
0.8	1.09	0.944218
0.81	1.09	0.955126
0.82	1.09	0.965973
0.83	1.09	0.976758
0.84	1.09	0.987478
0.85	1.09	0.998131
0.86	1.09	1.00872
0.87	1.09	1.01923
0.88	1.09	1.02967
0.89	1.09	1.04003
0.9	1.09	1.05032
0.91	1.09	1.06053
0.92	1.09	1.07065
0.93	1.09	1.0807
0.94	1.09	1.09065
0.95	1.09	1.10052
0.96	1.09	1.11029
0.97	1.09	1.11997
0.98	1.09	1.12956
0.99	1.09	1.13905
0	1.1	0
0.01	1.1	0.0120585
0.02	1.1	0.0241172
0.03	1.1	0.0361764
0.04	1.1	0.0482363
0.05	1.1	0.0602973
0.06	1.1	0.0723594
0.07	1.1	0.084423
0.08	1.1	0.0964883
0.09	1.1	0.108555
0.1	1.1	0.120625
0.11	1.1	0.132696
0.12	1.1	0.14477
0.13	1.1	0.156847
0.14	1.1	0.168926
0.15	1.1	0.181009
0.16	1.1	0.193094
0.17	1.1	0.205182
0.18	1.1	0.217274
0.19	1.1	0.229369
0.2	1.1	0.241467
0.21	1.1	0.253569
0.22	1.1	0.265674
0.23	1.1	0.277782
0.24	1.1	0.289894
0.25	1.1	0.302009
0.26	1.1	0.314126
0.27	1.1	0.326247
0.28	1.1	0.33837
0.29	1.1	0.350496
0.3	1.1	0.362625
0.31	1.1	0.374755
0.32	1.1	0.386888
0.33	1.1	0.399021
0.34	1.1	0.411156
0.35	1.1	0.423292
0.36	1.1	0.435427
0.37	1.1	0.447563
0.38	1.1	0.459698
0.39	1.1	0.471832
0.4	1.1	0.483964
0.41	1.1	0.496094
0.42	1.1	0.508221
0.43	1.1	0.520344
0.44	1.1	0.532463
0.45	1.1	0.544576
0.46	1.1	0.556684
0.47	1.1	0.568785
0.48	1.1	0.580878
0.49	1.1	0.592963
0.5	1.1	0.605038
0.51	1.1	0.617102
0.52	1.1	0.629156
0.53	1.1	0.641196
0.54	1.1	0.653223
0.55	1.1	0.665234
0.56	1.1	0.67723
0.57	1.1	0.689209
0.58	1.1	0.701168
0.59	1.1	0.713108
0.6	1.1	0.725027
0.61	1.1	0.736923
0.62	1.1	0.748795
0.63	1.1	0.760641
0.64	1.1	0.772461
0.65	1.1	0.784251
0.66	1.1	0.796012
0.67	1.1	0.807741
0.68	1.1	0.819436
0.69	1.1	0.831096
0.7	1.1	0.84272
0.71	1.1	0.854305
0.72	1.1	0.865849
0.73	1.1	0.877352
0.74	1.1	0.88881
0.75	1.1	0.900222
0.76	1.1	0.911587
0.77	1.1	0.922901
0.78	1.1	0.934164
0.79	1.1	0.945374
0.8	1.1	0.956527
0.81	1.1	0.967623
0.82	1.1	0.978658
0.83	1.1	0.989632
0.84	1.1	1.00054
0.85	1.1	1.01139
0.86	1.1	1.02216
0.87	1.1	1.03286
0.88	1.1	1.0435
0.89	1.1	1.05405
0.9	1.1	1.06453
0.91	1.1	1.07493
0.92	1.1	1.08525
0.93	1.1	1.09549
0.94	1.1	1.10563
0.95	1.1	1.11569
0.96	1.1	1.12566
0.97	1.1	1.13554
0.98	1.1	1.14532
0.99	1.1	1.155
0	1.11	0
0.01	1.11	0.0121873
0.02	1.11	0.0243749
0.03	1.11	0.0365631
0.04	1.11	0.0487521
0.05	1.11	0.0609422
0.06	1.11	0.0731338
0.07	1.11	0.0853269
0.08	1.11	0.097522
0.09	1.11	0.109719
0.1	1.11	0.121919
0.11	1.11	0.134121
0.12	1.11	0.146326
0.13	1.11	0.158534
0.14	1.11	0.170745
0.15	1.11	0.18296
0.16	1.11	0.195178
0.17	1.11	0.2074
0.18	1.11	0.219625
0.19	1.11	0.231855
0.2	1.11	0.244088
0.21	1.11	0.256325
0.22	1.11	0.268566
0.23	1.11	0.280812
0.24	1.11	0.293061
0.25	1.11	0.305314
0.26	1.11	0.317571
0.27	1.11	0.329831
0.28	1.11	0.342095
0.29	1.11	0.354363
0.3	1.11	0.366633
0.31	1.11	0.378907
0.32	1.11	0.391183
0.33	1.11	0.403462
0.34	1.11	0.415743
0.35	1.11	0.428025
0.36	1.11	0.440308
0.37	1.11	0.452593
0.38	1.11	0.464877
0.39	1.11	0.477162
0.4	1.11	0.489446
0.41	1.11	0.501728
0.42	1.11	0.514008
0.43	1.11	0.526286
0.44	1.11	0.538561
0.45	1.11	0.550831
0.46	1.11	0.563096
0.47	1.11	0.575356
0.48	1.11	0.587609
0.49	1.11	0.599854
0.5	1.11	0.612091
0.51	1.11	0.624319
0.52	1.11	0.636536
0.53	1.11	0.648742
0.54	1.11	0.660934
0.55	1.11	0.673113
0.56	1.11	0.685277
0.57	1.11	0.697425
0.58	1.11	0.709555
0.59	1.11	0.721666
0.6	1.11	0.733757
0.61	1.11	0.745827
0.62	1.11	0.757873
0.63	1.11	0.769895
0.64	1.11	0.78189
0.65	1.11	0.793858
0.66	1.11	0.805797
0.67	1.11	0.817705
0.68	1.11	0.829581
0.69	1.11	0.841422
0.7	1.11	0.853227
0.71	1.11	0.864995
0.72	1.11	0.876723
0.73	1.11	0.888409
0.74	1.11	0.900053
0.75	1.11	0.911651
0.76	1.11	0.923202
0.77	1.11	0.934704
0.78	1.11	0.946155
0.79	1.11	0.957553
0.8	1.11	0.968896
0.81	1.11	0.980182
0.82	1.11	0.991408
0.83	1.11	1.00257
0.84	1.11	1.01367
0.85	1.11	1.02471
0.86	1.11	1.03568
0.87	1.11	1.04658
0.88	1.11	1.0574
0.89	1.11	1.06815
0.9	1.11	1.07882
0.91	1.11	1.08942
0.92	1.11	1.09993
0.93	1.11	1.11036
0.94	1.11	1.1207
0.95	1.11	1.13096
0.96	1.11	1.14112
0.97	1.11	1.1512
0.98	1.11	1.16117
0.99	1.11	1.17105
0	1.12	0
0.01	1.12	0.012316
0.02	1.12	0.0246324
0.03	1.12	0.0369493
0.04	1.12	0.0492673
0.05	1.12	0.0615864
0.06	1.12	0.0739072
0.07	1.12	0.0862298
0.08	1.12	0.0985545
0.09	1.12	0.110882
0.1	1.12	0.123211
0.11	1.12	0.135544
0.12	1.12	0.14788
0.13	1.12	0.16022
0.14	1.12	0.172563
0.15	1.12	0.184909
0.16	1.12	0.19726
0.17	1.12	0.209615
0.18	1.12	0.221975
0.19	1.12	0.234339
0.2	1.12	0.246707
0.21	1.12	0.25908
0.22	1.12	0.271457
0.23	1.12	0.28384
0.24	1.12	0.296227
0.25	1.12	0.308618
0.26	1.12	0.321014
0.27	1.12	0.333415
0.28	1.12	0.34582
0.29	1.12	0.358229
0.3	1.12	0.370642
0.31	1.12	0.383059
0.32	1.12	0.39548
0.33	1.12	0.407904
0.34	1.12	0.420331
0.35	1.12	0.43276
0.36	1.12	0.445192
0.37	1.12	0.457626
0.38	1.12	0.470061
0.39	1.12	0.482496
0.4	1.12	0.494932
0.41	1.12	0.507368
0.42	1.12	0.519802
0.43	1.12	0.532235
0.44	1.12	0.544666
0.45	1.12	0.557094
0.46	1.12	0.569518
0.47	1.12	0.581937
0.48	1.12	0.594351
0.49	1.12	0.606758
0.5	1.12	0.619158
0.51	1.12	0.63155
0.52	1.12	0.643932
0.53	1.12	0.656304
0.54	1.12	0.668664
0.55	1.12	0.681011
0.56	1.12	0.693345
0.57	1.12	0.705663
0.58	1.12	0.717964
0.59	1.12	0.730248
0.6	1.12	0.742513
0.61	1.12	0.754757
0.62	1.12	0.766979
0.63	1.12	0.779178
0.64	1.12	0.791351
0.65	1.12	0.803498
0.66	1.12	0.815617
0.67	1.12	0.827705
0.68	1.12	0.839762
0.69	1.12	0.851786
0.7	1.12	0.863775
0.71	1.12	0.875727
0.72	1.12	0.88764
0.73	1.12	0.899513
0.74	1.12	0.911343
0.75	1.12	0.923129
0.76	1.12	0.934869
0.77	1.12	0.946561
0.78	1.12	0.958202
0.79	1.12	0.96979
0.8	1.12	0.981324
0.81	1.12	0.992802
0.82	1.12	1.00422
0.83	1.12	1.01558
0.84	1.12	1.02687
0.85	1.12	1.0381
0.86	1.12	1.04927
0.87	1.12	1.06036
0.88	1.12	1.07138
0.89	1.12	1.08233
0.9	1.12	1.0932
0.91	1.12	1.10399
0.92	1.12	1.1147
0.93	1.12	1.12532
0.94	1.12	1.13587
0.95	1.12	1.14632
0.96	1.12	1.15668
0.97	1.12	1.16695
0.98	1.12	1.17712
0.99	1.12	1.1872
0	1.13	0
0.01	1.13	0.0124445
0.02	1.13	0.0248894
0.03	1.13	0.037335
0.04	1.13	0.0497817
0.05	1.13	0.0622297
0.06	1.13	0.0746795
0.07	1.13	0.0871313
0.08	1.13	0.0995856
0.09	1.13	0.112042
0.1	1.13	0.124502
0.11	1.13	0.136966
0.12	1.13	0.149432
0.13	1.13	0.161903
0.14	1.13	0.174378
0.15	1.13	0.186857
0.16	1.13	0.19934
0.17	1.13	0.211829
0.18	1.13	0.224322
0.19	1.13	0.23682
0.2	1.13	0.249324
0.21	1.13	0.261832
0.22	1.13	0.274346
0.23	1.13	0.286866
0.24	1.13	0.29939
0.25	1.13	0.311921
0.26	1.13	0.324456
0.27	1.13	0.336997
0.28	1.13	0.349543
0.29	1.13	0.362095
0.3	1.13	0.374651
0.31	1.13	0.387212
0.32	1.13	0.399777
0.33	1.13	0.412347
0.34	1.13	0.42492
0.35	1.13	0.437497
0.36	1.13	0.450078
0.37	1.13	0.462661
0.38	1.13	0.475247
0.39	1.13	0.487834
0.4	1.13	0.500423
0.41	1.13	0.513012
0.42	1.13	0.525602
0.43	1.13	0.538191
0.44	1.13	0.550779
0.45	1.13	0.563365
0.46	1.13	0.575948
0.47	1.13	0.588528
0.48	1.13	0.601104
0.49	1.13	0.613674
0.5	1.13	0.626238
0.51	1.13	0.638794
0.52	1.13	0.651343
0.53	1.13	0.663882
0.54	1.13	0.67641
0.55	1.13	0.688927
0.56	1.13	0.701431
0.57	1.13	0.713921
0.58	1.13	0.726396
0.59	1.13	0.738853
0.6	1.13	0.751293
0.61	1.13	0.763713
0.62	1.13	0.776113
0.63	1.13	0.788489
0.64	1.13	0.800842
0.65	1.13	0.813169
0.66	1.13	0.825469
0.67	1.13	0.83774
0.68	1.13	0.849981
0.69	1.13	0.862189
0.7	1.13	0.874363
0.71	1.13	0.886501
0.72	1.13	0.898602
0.73	1.13	0.910662
0.74	1.13	0.922681
0.75	1.13	0.934657
0.76	1.13	0.946587
0.77	1.13	0.95847
0.78	1.13	0.970303
0.79	1.13	0.982084
0.8	1.13	0.993812
0.81	1.13	1.00548
0.82	1.13	1.0171
0.83	1.13	1.02865
0.84	1.13	1.04014
0.85	1.13	1.05157
0.86	1.13	1.06293
0.87	1.13	1.07422
0.88	1.13	1.08544
0.89	1.13	1.09658
0.9	1.13	1.10765
0.91	1.13	1.11864
0.92	1.13	1.12955
0.93	1.13	1.14037
0.94	1.13	1.15112
0.95	1.13	1.16177
0.96	1.13	1.17233
0.97	1.13	1.1828
0.98	1.13	1.19317
0.99	1.13	1.20345
0	1.14	0
0.01	1.14	0.0125728
0.02	1.14	0.025146
0.03	1.14	0.03772
0.04	1.14	0.0502952
0.05	1.14	0.0628719
0.06	1.14	0.0754505
0.07	1.14	0.0880314
0.08	1.14	0.100615
0.09	1.14	0.113201
0.1	1.14	0.125791
0.11	1.14	0.138385
0.12	1.14	0.150982
0.13	1.14	0.163584
0.14	1.14	0.17619
0.15	1.14	0.188802
0.16	1.14	0.201418
0.17	1.14	0.214039
0.18	1.14	0.226666
0.19	1.14	0.239299
0.2	1.14	0.251937
0.21	1.14	0.264582
0.22	1.14	0.277232
0.23	1.14	0.289889
0.24	1.14	0.302552
0.25	1.14	0.315221
0.26	1.14	0.327896
0.27	1.14	0.340577
0.28	1.14	0.353265
0.29	1.14	0.365958
0.3	1.14	0.378658
0.31	1.14	0.391363
0.32	1.14	0.404073
0.33	1.14	0.416789
0.34	1.14	0.429509
0.35	1.14	0.442235
0.36	1.14	0.454964
0.37	1.14	0.467698
0.38	1.14	0.480434
0.39	1.14	0.493174
0.4	1.14	0.505916
0.41	1.14	0.51866
0.42	1.14	0.531406
0.43	1.14	0.544152
0.44	1.14	0.556898
0.45	1.14	0.569643
0.46	1.14	0.582386
0.47	1.14	0.595127
0.48	1.14	0.607865
0.49	1.14	0.620599
0.5	1.14	0.633328
0.51	1.14	0.646051
0.52	1.14	0.658766
0.53	1.14	0.671474
0.54	1.14	0.684172
0.55	1.14	0.696859
0.56	1.14	0.709535
0.57	1.14	0.722198
0.58	1.14	0.734847
0.59	1.14	0.74748
0.6	1.14	0.760096
0.61	1.14	0.772694
0.62	1.14	0.785272
0.63	1.14	0.797829
0.64	1.14	0.810362
0.65	1.14	0.822872
0.66	1.14	0.835354
0.67	1.14	0.84781
0.68	1.14	0.860235
0.69	1.14	0.872629
0.7	1.14	0.88499
0.71	1.14	0.897316
0.72	1.14	0.909605
0.73	1.14	0.921856
0.74	1.14	0.934066
0.75	1.14	0.946233
0.76	1.14	0.958355
0.77	1.14	0.970431
0.78	1.14	0.982458
0.79	1.14	0.994434
0.8	1.14	1.00636
0.81	1.14	1.01822
0.82	1.14	1.03004
0.83	1.14	1.04179
0.84	1.14	1.05347
0.85	1.14	1.0651
0.86	1.14	1.07666
0.87	1.14	1.08815
0.88	1.14	1.09957
0.89	1.14	1.11091
0.9	1.14	1.12218
0.91	1.14	1.13337
0.92	1.14	1.14448
0.93	1.14	1.15551
0.94	1.14	1.16645
0.95	1.14	1.17731
0.96	1.14	1.18807
0.97	1.14	1.19874
0.98	1.14	1.20932
0.99	1.14	1.2198
0	1.15	0
0.01	1.15	0.0127008
0.02	1.15	0.0254021
0.03	1.15	0.0381042
0.04	1.15	0.0508077
0.05	1.15	0.0635128
0.06	1.15	0.07622
0.07	1.15	0.0889297
0.08	1.15	0.101642
0.09	1.15	0.114358
0.1	1.15	0.127078
0.11	1.15	0.139801
0.12	1.15	0.152529
0.13	1.15	0.165262
0.14	1.15	0.178
0.15	1.15	0.190743
0.16	1.15	0.203492
0.17	1.15	0.216246
0.18	1.15	0.229007
0.19	1.15	0.241774
0.2	1.15	0.254547
0.21	1.15	0.267328
0.22	1.15	0.280115
0.23	1.15	0.292908
0.24	1.15	0.305709
0.25	1.15	0.318517
0.26	1.15	0.331332
0.27	1.15	0.344154
0.28	1.15	0.356983
0.29	1.15	0.369819
0.3	1.15	0.382662
0.31	1.15	0.395511
0.32	1.15	0.408367
0.33	1.15	0.421229
0.34	1.15	0.434097
0.35	1.15	0.446971
0.36	1.15	0.45985
0.37	1.15	0.472734
0.38	1.15	0.485623
0.39	1.15	0.498516
0.4	1.15	0.511412
0.41	1.15	0.524311
0.42	1.15	0.537213
0.43	1.15	0.550116
0.44	1.15	0.563021
0.45	1.15	0.575926
0.46	1.15	0.58883
0.47	1.15	0.601734
0.48	1.15	0.614635
0.49	1.15	0.627534
0.5	1.15	0.640428
0.51	1.15	0.653318
0.52	1.15	0.666202
0.53	1.15	0.679079
0.54	1.15	0.691948
0.55	1.15	0.704807
0.56	1.15	0.717656
0.57	1.15	0.730494
0.58	1.15	0.743318
0.59	1.15	0.756128
0.6	1.15	0.768922
0.61	1.15	0.781699
0.62	1.15	0.794457
0.63	1.15	0.807195
0.64	1.15	0.819911
0.65	1.15	0.832603
0.66	1.15	0.845271
0.67	1.15	0.857912
0.68	1.15	0.870524
0.69	1.15	0.883106
0.7	1.15	0.895655
0.71	1.15	0.908171
0.72	1.15	0.920651
0.73	1.15	0.933093
0.74	1.15	0.945496
0.75	1.15	0.957856
0.76	1.15	0.970173
0.77	1.15	0.982444
0.78	1.15	0.994667
0.79	1.15	1.00684
0.8	1.15	1.01896
0.81	1.15	1.03103
0.82	1.15	1.04304
0.83	1.15	1.05499
0.84	1.15	1.06687
0.85	1.15	1.0787
0.86	1.15	1.09046
0.87	1.15	1.10215
0.88	1.15	1.11377
0.89	1.15	1.12532
0.9	1.15	1.13679
0.91	1.15	1.14819
0.92	1.15	1.1595
0.93	1.15	1.17073
0.94	1.15	1.18188
0.95	1.15	1.19294
0.96	1.15	1.20391
0.97	1.15	1.21478
0.98	1.15	1.22557
0.99	1.15	1.23625
0	1.16	0
0.01	1.16	0.0128286
0.02	1.16	0.0256576
0.03	1.16	0.0384876
0.04	1.16	0.0513189
0.05	1.16	0.0641521
0.06	1.16	0.0769876
0.07	1.16	0.0898259
0.08	1.16	0.102667
0.09	1.16	0.115512
0.1	1.16	0.128361
0.11	1.16	0.141215
0.12	1.16	0.154073
0.13	1.16	0.166937
0.14	1.16	0.179806
0.15	1.16	0.192681
0.16	1.16	0.205562
0.17	1.16	0.218449
0.18	1.16	0.231344
0.19	1.16	0.244245
0.2	1.16	0.257153
0.21	1.16	0.270069
0.22	1.16	0.282993
0.23	1.16	0.295924
0.24	1.16	0.308863
0.25	1.16	0.32181
0.26	1.16	0.334764
0.27	1.16	0.347727
0.28	1.16	0.360698
0.29	1.16	0.373676
0.3	1.16	0.386663
0.31	1.16	0.399657
0.32	1.16	0.412658
0.33	1.16	0.425667
0.34	1.16	0.438683
0.35	1.16	0.451706
0.36	1.16	0.464735
0.37	1.16	0.47777
0.38	1.16	0.490811
0.39	1.16	0.503857
0.4	1.16	0.516908
0.41	1.16	0.529963
0.42	1.16	0.543022
0.43	1.16	0.556083
0.44	1.16	0.569147
0.45	1.16	0.582213
0.46	1.16	0.59528
0.47	1.16	0.608346
0.48	1.16	0.621412
0.49	1.16	0.634476
0.5	1.16	0.647538
0.51	1.16	0.660596
0.52	1.16	0.673649
0.53	1.16	0.686696
0.54	1.16	0.699737
0.55	1.16	0.71277
0.56	1.16	0.725793
0.57	1.16	0.738806
0.58	1.16	0.751807
0.59	1.16	0.764795
0.6	1.16	0.777768
0.61	1.16	0.790726
0.62	1.16	0.803665
0.63	1.16	0.816586
0.64	1.16	0.829486
0.65	1.16	0.842364
0.66	1.16	0.855217
0.67	1.16	0.868045
0.68	1.16	0.880846
0.69	1.16	0.893617
0.7	1.16	0.906358
0.71	1.16	0.919065
0.72	1.16	0.931737
0.73	1.16	0.944373
0.74	1.16	0.95697
0.75	1.16	0.969526
0.76	1.16	0.982039
0.77	1.16	0.994507
0.78	1.16	1.00693
0.79	1.16	1.0193
0.8	1.16	1.03162
0.81	1.16	1.04389
0.82	1.16	1.0561
0.83	1.16	1.06825
0.84	1.16	1.08034
0.85	1.16	1.09237
0.86	1.16	1.10433
0.87	1.16	1.11623
0.88	1.16	1.12805
0.89	1.16	1.1398
0.9	1.16	1.15148
0.91	1.16	1.16308
0.92	1.16	1.1746
0.93	1.16	1.18604
0.94	1.16	1.19739
0.95	1.16	1.20866
0.96	1.16	1.21984
0.97	1.16	1.23092
0.98	1.16	1.24191
0.99	1.16	1.2528
0	1.17	0
0.01	1.17	0.0129559
0.02	1.17	0.0259124
0.03	1.17	0.0388699
0.04	1.17	0.0518288
0.05	1.17	0.0647898
0.06	1.17	0.0777533
0.07	1.17	0.0907198
0.08	1.17	0.10369
0.09	1.17	0.116664
0.1	1.17	0.129642
0.11	1.17	0.142625
0.12	1.17	0.155613
0.13	1.17	0.168607
0.14	1.17	0.181607
0.15	1.17	0.194614
0.16	1.17	0.207627
0.17	1.17	0.220648
0.18	1.17	0.233675
0.19	1.17	0.246711
0.2	1.17	0.259754
0.21	1.17	0.272806
0.22	1.17	0.285865
0.23	1.17	0.298934
0.24	1.17	0.312011
0.25	1.17	0.325097
0.26	1.17	0.338192
0.27	1.17	0.351295
0.28	1.17	0.364408
0.29	1.17	0.377529
0.3	1.17	0.390659
0.31	1.17	0.403798
0.32	1.17	0.416946
0.33	1.17	0.430102
0.34	1.17	0.443266
0.35	1.17	0.456438
0.36	1.17	0.469617
0.37	1.17	0.482804
0.38	1.17	0.495998
0.39	1.17	0.509198
0.4	1.17	0.522404
0.41	1.17	0.535615
0.42	1.17	0.548832
0.43	1.17	0.562052
0.44	1.17	0.575276
0.45	1.17	0.588503
0.46	1.17	0.601733
0.47	1.17	0.614963
0.48	1.17	0.628194
0.49	1.17	0.641425
0.5	1.17	0.654654
0.51	1.17	0.667882
0.52	1.17	0.681105
0.53	1.17	0.694325
0.54	1.17	0.707538
0.55	1.17	0.720745
0.56	1.17	0.733944
0.57	1.17	0.747134
0.58	1.17	0.760313
0.59	1.17	0.773481
0.6	1.17	0.786635
0.61	1.17	0.799774
0.62	1.17	0.812897
0.63	1.17	0.826002
0.64	1.17	0.839087
0.65	1.17	0.852151
0.66	1.17	0.865193
0.67	1.17	0.87821
0.68	1.17	0.891201
0.69	1.17	0.904163
0.7	1.17	0.917096
0.71	1.17	0.929997
0.72	1.17	0.942864
0.73	1.17	0.955695
0.74	1.17	0.968488
0.75	1.17	0.981241
0.76	1.17	0.993953
0.77	1.17	1.00662
0.78	1.17	1.01924
0.79	1.17	1.03181
0.8	1.17	1.04433
0.81	1.17	1.0568
0.82	1.17	1.06922
0.83	1.17	1.08157
0.84	1.17	1.09387
0.85	1.17	1.1061
0.86	1.17	1.11827
0.87	1.17	1.13037
0.88	1.17	1.14241
0.89	1.17	1.15437
0.9	1.17	1.16625
0.91	1.17	1.17806
0.92	1.17	1.18979
0.93	1.17	1.20143
0.94	1.17	1.213
0.95	1.17	1.22447
0.96	1.17	1.23586
0.97	1.17	1.24715
0.98	1.17	1.25835
0.99	1.17	1.26945
0	1.18	0
0.01	1.18	0.0130829
0.02	1.18	0.0261664
0.03	1.18	0.039251
0.04	1.18	0.0523372
0.05	1.18	0.0654256
0.06	1.18	0.0785168
0.07	1.18	0.0916111
0.08	1.18	0.104709
0.09	1.18	0.117812
0.1	1.18	0.130919
0.11	1.18	0.144031
0.12	1.18	0.157149
0.13	1.18	0.170274
0.14	1.18	0.183404
0.15	1.18	0.196542
0.16	1.18	0.209687
0.17	1.18	0.22284
0.18	1.18	0.236001
0.19	1.18	0.249171
0.2	1.18	0.262349
0.21	1.18	0.275536
0.22	1.18	0.288732
0.23	1.18	0.301938
0.24	1.18	0.315153
0.25	1.18	0.328378
0.26	1.18	0.341613
0.27	1.18	0.354857
0.28	1.18	0.368112
0.29	1.18	0.381376
0.3	1.18	0.39465
0.31	1.18	0.407934
0.32	1.18	0.421228
0.33	1.18	0.434531
0.34	1.18	0.447844
0.35	1.18	0.461165
0.36	1.18	0.474496
0.37	1.18	0.487834
0.38	1.18	0.501181
0.39	1.18	0.514536
0.4	1.18	0.527898
0.41	1.18	0.541266
0.42	1.18	0.554641
0.43	1.18	0.568021
0.44	1.18	0.581406
0.45	1.18	0.594795
0.46	1.18	0.608188
0.47	1.18	0.621584
0.48	1.18	0.634981
0.49	1.18	0.648379
0.5	1.18	0.661777
0.51	1.18	0.675175
0.52	1.18	0.68857
0.53	1.18	0.701962
0.54	1.18	0.71535
0.55	1.18	0.728733
0.56	1.18	0.742108
0.57	1.18	0.755476
0.58	1.18	0.768835
0.59	1.18	0.782183
0.6	1.18	0.795519
0.61	1.18	0.808842
0.62	1.18	0.822149
0.63	1.18	0.83544
0.64	1.18	0.848713
0.65	1.18	0.861965
0.66	1.18	0.875197
0.67	1.18	0.888404
0.68	1.18	0.901587
0.69	1.18	0.914743
0.7	1.18	0.927869
0.71	1.18	0.940965
0.72	1.18	0.954029
0.73	1.18	0.967057
0.74	1.18	0.980049
0.75	1.18	0.993001
0.76	1.18	1.00591
0.77	1.18	1.01878
0.78	1.18	1.0316
0.79	1.18	1.04438
0.8	1.18	1.05711
0.81	1.18	1.06978
0.82	1.18	1.0824
0.83	1.18	1.09496
0.84	1.18	1.10746
0.85	1.18	1.1199
0.86	1.18	1.13228
0.87	1.18	1.14459
0.88	1.18	1.15683
0.89	1.18	1.169
0.9	1.18	1.1811
0.91	1.18	1.19312
0.92	1.18	1.20506
0.93	1.18	1.21691
0.94	1.18	1.22869
0.95	1.18	1.24037
0.96	1.18	1.25197
0.97	1.18	1.26348
0.98	1.18	1.27489
0.99	1.18	1.2862
0	1.19	0
0.01	1.19	0.0132095
0.02	1.19	0.0264196
0.03	1.19	0.0396309
0.04	1.19	0.0528439
0.05	1.19	0.0660594
0.06	1.19	0.0792777
0.07	1.19	0.0924996
0.08	1.19	0.105725
0.09	1.19	0.118956
0.1	1.19	0.132192
0.11	1.19	0.145433
0.12	1.19	0.158681
0.13	1.19	0.171935
0.14	1.19	0.185196
0.15	1.19	0.198465
0.16	1.19	0.211742
0.17	1.19	0.225027
0.18	1.19	0.238321
0.19	1.19	0.251624
0.2	1.19	0.264937
0.21	1.19	0.27826
0.22	1.19	0.291592
0.23	1.19	0.304935
0.24	1.19	0.318288
0.25	1.19	0.331652
0.26	1.19	0.345027
0.27	1.19	0.358412
0.28	1.19	0.371809
0.29	1.19	0.385216
0.3	1.19	0.398635
0.31	1.19	0.412064
0.32	1.19	0.425504
0.33	1.19	0.438955
0.34	1.19	0.452416
0.35	1.19	0.465888
0.36	1.19	0.479369
0.37	1.19	0.49286
0.38	1.19	0.506361
0.39	1.19	0.519871
0.4	1.19	0.533389
0.41	1.19	0.546915
0.42	1.19	0.560448
0.43	1.19	0.573989
0.44	1.19	0.587536
0.45	1.19	0.601088
0.46	1.19	0.614645
0.47	1.19	0.628206
0.48	1.19	0.641771
0.49	1.19	0.655337
0.5	1.19	0.668905
0.51	1.19	0.682474
0.52	1.19	0.696042
0.53	1.19	0.709608
0.54	1.19	0.723171
0.55	1.19	0.73673
0.56	1.19	0.750284
0.57	1.19	0.763832
0.58	1.19	0.777371
0.59	1.19	0.790902
0.6	1.19	0.804421
0.61	1.19	0.817928
0.62	1.19	0.831422
0.63	1.19	0.8449
0.64	1.19	0.858362
0.65	1.19	0.871804
0.66	1.19	0.885227
0.67	1.19	0.898627
0.68	1.19	0.912003
0.69	1.19	0.925354
0.7	1.19	0.938677
0.71	1.19	0.95197
0.72	1.19	0.965231
0.73	1.19	0.978459
0.74	1.19	0.991651
0.75	1.19	1.00481
0.76	1.19	1.01792
0.77	1.19	1.03099
0.78	1.19	1.04402
0.79	1.19	1.057
0.8	1.19	1.06993
0.81	1.19	1.08281
0.82	1.19	1.09564
0.83	1.19	1.10841
0.84	1.19	1.12112
0.85	1.19	1.13377
0.86	1.19	1.14636
0.87	1.19	1.15888
0.88	1.19	1.17133
0.89	1.19	1.18371
0.9	1.19	1.19602
0.91	1.19	1.20825
0.92	1.19	1.22041
0.93	1.19	1.23248
0.94	1.19	1.24447
0.95	1.19	1.25637
0.96	1.19	1.26818
0.97	1.19	1.2799
0.98	1.19	1.29152
0.99	1.19	1.30305
0	1.2	0
0.01	1.2	0.0133356
0.02	1.2	0.0266718
0.03	1.2	0.0400094
0.04	1.2	0.0533488
0.05	1.2	0.0666907
0.06	1.2	0.0800359
0.07	1.2	0.0933848
0.08	1.2	0.106738
0.09	1.2	0.120096
0.1	1.2	0.13346
0.11	1.2	0.14683
0.12	1.2	0.160207
0.13	1.2	0.17359
0.14	1.2	0.186982
0.15	1.2	0.200381
0.16	1.2	0.21379
0.17	1.2	0.227207
0.18	1.2	0.240634
0.19	1.2	0.254071
0.2	1.2	0.267518
0.21	1.2	0.280976
0.22	1.2	0.294444
0.23	1.2	0.307924
0.24	1.2	0.321415
0.25	1.2	0.334918
0.26	1.2	0.348433
0.27	1.2	0.361959
0.28	1.2	0.375498
0.29	1.2	0.389048
0.3	1.2	0.402611
0.31	1.2	0.416186
0.32	1.2	0.429773
0.33	1.2	0.443371
0.34	1.2	0.456982
0.35	1.2	0.470603
0.36	1.2	0.484237
0.37	1.2	0.497881
0.38	1.2	0.511536
0.39	1.2	0.525201
0.4	1.2	0.538876
0.41	1.2	0.55256
0.42	1.2	0.566253
0.43	1.2	0.579954
0.44	1.2	0.593663
0.45	1.2	0.607379
0.46	1.2	0.621102
0.47	1.2	0.634829
0.48	1.2	0.648562
0.49	1.2	0.662298
0.5	1.2	0.676037
0.51	1.2	0.689777
0.52	1.2	0.703519
0.53	1.2	0.71726
0.54	1.2	0.731
0.55	1.2	0.744737
0.56	1.2	0.758471
0.57	1.2	0.772199
0.58	1.2	0.78592
0.59	1.2	0.799634
0.6	1.2	0.813339
0.61	1.2	0.827033
0.62	1.2	0.840714
0.63	1.2	0.854381
0.64	1.2	0.868033
0.65	1.2	0.881667
0.66	1.2	0.895283
0.67	1.2	0.908877
0.68	1.2	0.922449
0.69	1.2	0.935996
0.7	1.2	0.949517
0.71	1.2	0.963009
0.72	1.2	0.976471
0.73	1.2	0.9899
0.74	1.2	1.00329
0.75	1.2	1.01665
0.76	1.2	1.02997
0.77	1.2	1.04325
0.78	1.2	1.05648
0.79	1.2	1.06967
0.8	1.2	1.08281
0.81	1.2	1.0959
0.82	1.2	1.10894
0.83	1.2	1.12192
0.84	1.2	1.13484
0.85	1.2	1.1477
0.86	1.2	1.1605
0.87	1.2	1.17324
0.88	1.2	1.1859
0.89	1.2	1.1985
0.9	1.2	1.21102
0.91	1.2	1.22347
0.92	1.2	1.23584
0.93	1.2	1.24813
0.94	1.2	1.26033
0.95	1.2	1.27245
0.96	1.2	1.28448
0.97	1.2	1.29641
0.98	1.2	1.30826
0.99	1.2	1.32
0	1.21	0
0.01	1.21	0.0134612
0.02	1.21	0.026923
0.03	1.21	0.0403863
0.04	1.21	0.0538516
0.05	1.21	0.0673196
0.06	1.21	0.080791
0.07	1.21	0.0942664
0.08	1.21	0.107747
0.09	1.21	0.121232
0.1	1.21	0.134724
0.11	1.21	0.148222
0.12	1.21	0.161727
0.13	1.21	0.17524
0.14	1.21	0.188761
0.15	1.21	0.202291
0.16	1.21	0.21583
0.17	1.21	0.22938
0.18	1.21	0.242939
0.19	1.21	0.256509
0.2	1.21	0.27009
0.21	1.21	0.283683
0.22	1.21	0.297288
0.23	1.21	0.310904
0.24	1.21	0.324533
0.25	1.21	0.338175
0.26	1.21	0.35183
0.27	1.21	0.365497
0.28	1.21	0.379178
0.29	1.21	0.392872
0.3	1.21	0.406579
0.31	1.21	0.420299
0.32	1.21	0.434033
0.33	1.21	0.447779
0.34	1.21	0.461539
0.35	1.21	0.475311
0.36	1.21	0.489097
0.37	1.21	0.502894
0.38	1.21	0.516703
0.39	1.21	0.530524
0.4	1.21	0.544357
0.41	1.21	0.5582
0.42	1.21	0.572053
0.43	1.21	0.585916
0.44	1.21	0.599788
0.45	1.21	0.613668
0.46	1.21	0.627557
0.47	1.21	0.641452
0.48	1.21	0.655353
0.49	1.21	0.669259
0.5	1.21	0.68317
0.51	1.21	0.697084
0.52	1.21	0.711
0.53	1.21	0.724918
0.54	1.21	0.738835
0.55	1.21	0.752752
0.56	1.21	0.766666
0.57	1.21	0.780576
0.58	1.21	0.794481
0.59	1.21	0.80838
0.6	1.21	0.822271
0.61	1.21	0.836153
0.62	1.21	0.850023
0.63	1.21	0.863881
0.64	1.21	0.877725
0.65	1.21	0.891553
0.66	1.21	0.905363
0.67	1.21	0.919153
0.68	1.21	0.932922
0.69	1.21	0.946668
0.7	1.21	0.960388
0.71	1.21	0.974081
0.72	1.21	0.987745
0.73	1.21	1.00138
0.74	1.21	1.01498
0.75	1.21	1.02854
0.76	1.21	1.04207
0.77	1.21	1.05555
0.78	1.21	1.06899
0.79	1.21	1.08239
0.8	1.21	1.09574
0.81	1.21	1.10904
0.82	1.21	1.12229
0.83	1.21	1.13548
0.84	1.21	1.14862
0.85	1.21	1.1617
0.86	1.21	1.17471
0.87	1.21	1.18766
0.88	1.21	1.20055
0.89	1.21	1.21336
0.9	1.21	1.2261
0.91	1.21	1.23877
0.92	1.21	1.25135
0.93	1.21	1.26386
0.94	1.21	1.27628
0.95	1.21	1.28862
0.96	1.21	1.30087
0.97	1.21	1.31302
0.98	1.21	1.32509
0.99	1.21	1.33705
0	1.22	0
0.01	1.22	0.0135862
0.02	1.22	0.0271731
0.03	1.22	0.0407615
0.04	1.22	0.0543521
0.05	1.22	0.0679456
0.06	1.22	0.0815428
0.07	1.22	0.0951443
0.08	1.22	0.108751
0.09	1.22	0.122363
0.1	1.22	0.135982
0.11	1.22	0.149607
0.12	1.22	0.163241
0.13	1.22	0.176882
0.14	1.22	0.190533
0.15	1.22	0.204193
0.16	1.22	0.217863
0.17	1.22	0.231544
0.18	1.22	0.245235
0.19	1.22	0.258938
0.2	1.22	0.272654
0.21	1.22	0.286381
0.22	1.22	0.300121
0.23	1.22	0.313875
0.24	1.22	0.327642
0.25	1.22	0.341422
0.26	1.22	0.355216
0.27	1.22	0.369025
0.28	1.22	0.382848
0.29	1.22	0.396685
0.3	1.22	0.410536
0.31	1.22	0.424402
0.32	1.22	0.438283
0.33	1.22	0.452178
0.34	1.22	0.466087
0.35	1.22	0.48001
0.36	1.22	0.493948
0.37	1.22	0.507899
0.38	1.22	0.521863
0.39	1.22	0.53584
0.4	1.22	0.549831
0.41	1.22	0.563833
0.42	1.22	0.577847
0.43	1.22	0.591872
0.44	1.22	0.605908
0.45	1.22	0.619954
0.46	1.22	0.634009
0.47	1.22	0.648072
0.48	1.22	0.662143
0.49	1.22	0.67622
0.5	1.22	0.690304
0.51	1.22	0.704392
0.52	1.22	0.718484
0.53	1.22	0.732579
0.54	1.22	0.746676
0.55	1.22	0.760772
0.56	1.22	0.774868
0.57	1.22	0.788962
0.58	1.22	0.803052
0.59	1.22	0.817138
0.6	1.22	0.831216
0.61	1.22	0.845287
0.62	1.22	0.859349
0.63	1.22	0.873399
0.64	1.22	0.887436
0.65	1.22	0.901459
0.66	1.22	0.915465
0.67	1.22	0.929454
0.68	1.22	0.943422
0.69	1.22	0.957368
0.7	1.22	0.97129
0.71	1.22	0.985186
0.72	1.22	0.999054
0.73	1.22	1.01289
0.74	1.22	1.0267
0.75	1.22	1.04047
0.76	1.22	1.0542
0.77	1.22	1.0679
0.78	1.22	1.08155
0.79	1.22	1.09516
0.8	1.22	1.10872
0.81	1.22	1.12224
0.82	1.22	1.1357
0.83	1.22	1.14911
0.84	1.22	1.16246
0.85	1.22	1.17576
0.86	1.22	1.18899
0.87	1.22	1.20216
0.88	1.22	1.21526
0.89	1.22	1.2283
0.9	1.22	1.24126
0.91	1.22	1.25414
0.92	1.22	1.26695
0.93	1.22	1.27968
0.94	1.22	1.29232
0.95	1.22	1.30488
0.96	1.22	1.31735
0.97	1.22	1.32973
0.98	1.22	1.34201
0.99	1.22	1.3542
0	1.23	0
0.01	1.23	0.0137106
0.02	1.23	0.027422
0.03	1.23	0.0411349
0.04	1.23	0.0548502
0.05	1.23	0.0685687
0.06	1.23	0.082291
0.07	1.23	0.0960179
0.08	1.23	0.10975
0.09	1.23	0.123489
0.1	1.23	0.137234
0.11	1.23	0.150987
0.12	1.23	0.164748
0.13	1.23	0.178518
0.14	1.23	0.192297
0.15	1.23	0.206087
0.16	1.23	0.219887
0.17	1.23	0.233699
0.18	1.23	0.247522
0.19	1.23	0.261358
0.2	1.23	0.275207
0.21	1.23	0.289069
0.22	1.23	0.302945
0.23	1.23	0.316834
0.24	1.23	0.330739
0.25	1.23	0.344658
0.26	1.23	0.358592
0.27	1.23	0.372541
0.28	1.23	0.386506
0.29	1.23	0.400486
0.3	1.23	0.414482
0.31	1.23	0.428494
0.32	1.23	0.442522
0.33	1.23	0.456565
0.34	1.23	0.470624
0.35	1.23	0.484699
0.36	1.23	0.498788
0.37	1.23	0.512893
0.38	1.23	0.527013
0.39	1.23	0.541148
0.4	1.23	0.555296
0.41	1.23	0.569458
0.42	1.23	0.583634
0.43	1.23	0.597822
0.44	1.23	0.612022
0.45	1.23	0.626233
0.46	1.23	0.640456
0.47	1.23	0.654688
0.48	1.23	0.66893
0.49	1.23	0.68318
0.5	1.23	0.697437
0.51	1.23	0.7117
0.52	1.23	0.725969
0.53	1.23	0.740243
0.54	1.23	0.754519
0.55	1.23	0.768798
0.56	1.23	0.783077
0.57	1.23	0.797355
0.58	1.23	0.811632
0.59	1.23	0.825905
0.6	1.23	0.840173
0.61	1.23	0.854435
0.62	1.23	0.868689
0.63	1.23	0.882933
0.64	1.23	0.897165
0.65	1.23	0.911385
0.66	1.23	0.92559
0.67	1.23	0.939778
0.68	1.23	0.953947
0.69	1.23	0.968095
0.7	1.23	0.982221
0.71	1.23	0.996322
0.72	1.23	1.0104
0.73	1.23	1.02444
0.74	1.23	1.03846
0.75	1.23	1.05244
0.76	1.23	1.06638
0.77	1.23	1.08029
0.78	1.23	1.09416
0.79	1.23	1.10798
0.8	1.23	1.12176
0.81	1.23	1.13549
0.82	1.23	1.14917
0.83	1.23	1.1628
0.84	1.23	1.17637
0.85	1.23	1.18988
0.86	1.23	1.20334
0.87	1.23	1.21673
0.88	1.23	1.23005
0.89	1.23	1.2433
0.9	1.23	1.25649
0.91	1.23	1.2696
0.92	1.23	1.28263
0.93	1.23	1.29558
0.94	1.23	1.30845
0.95	1.23	1.32123
0.96	1.23	1.33393
0.97	1.23	1.34653
0.98	1.23	1.35904
0.99	1.23	1.37145
0	1.24	0
0.01	1.24	0.0138343
0.02	1.24	0.0276695
0.03	1.24	0.0415064
0.04	1.24	0.0553457
0.05	1.24	0.0691884
0.06	1.24	0.0830352
0.07	1.24	0.096887
0.08	1.24	0.110744
0.09	1.24	0.124609
0.1	1.24	0.13848
0.11	1.24	0.152359
0.12	1.24	0.166247
0.13	1.24	0.180145
0.14	1.24	0.194053
0.15	1.24	0.207971
0.16	1.24	0.221902
0.17	1.24	0.235844
0.18	1.24	0.249799
0.19	1.24	0.263767
0.2	1.24	0.277749
0.21	1.24	0.291745
0.22	1.24	0.305756
0.23	1.24	0.319782
0.24	1.24	0.333824
0.25	1.24	0.347881
0.26	1.24	0.361955
0.27	1.24	0.376045
0.28	1.24	0.390152
0.29	1.24	0.404275
0.3	1.24	0.418416
0.31	1.24	0.432574
0.32	1.24	0.446748
0.33	1.24	0.46094
0.34	1.24	0.475149
0.35	1.24	0.489375
0.36	1.24	0.503618
0.37	1.24	0.517877
0.38	1.24	0.532152
0.39	1.24	0.546444
0.4	1.24	0.560751
0.41	1.24	0.575074
0.42	1.24	0.589411
0.43	1.24	0.603763
0.44	1.24	0.618128
0.45	1.24	0.632506
0.46	1.24	0.646897
0.47	1.24	0.661299
0.48	1.24	0.675712
0.49	1.24	0.690135
0.5	1.24	0.704567
0.51	1.24	0.719007
0.52	1.24	0.733454
0.53	1.24	0.747907
0.54	1.24	0.762365
0.55	1.24	0.776826
0.56	1.24	0.79129
0.57	1.24	0.805754
0.58	1.24	0.820219
0.59	1.24	0.834681
0.6	1.24	0.84914
0.61	1.24	0.863594
0.62	1.24	0.878042
0.63	1.24	0.892482
0.64	1.24	0.906911
0.65	1.24	0.921329
0.66	1.24	0.935734
0.67	1.24	0.950123
0.68	1.24	0.964495
0.69	1.24	0.978848
0.7	1.24	0.99318
0.71	1.24	1.00749
0.72	1.24	1.02177
0.73	1.24	1.03603
0.74	1.24	1.05025
0.75	1.24	1.06444
0.76	1.24	1.0786
0.77	1.24	1.09272
0.78	1.24	1.10681
0.79	1.24	1.12085
0.8	1.24	1.13484
0.81	1.24	1.14879
0.82	1.24	1.16269
0.83	1.24	1.17654
0.84	1.24	1.19033
0.85	1.24	1.20407
0.86	1.24	1.21774
0.87	1.24	1.23136
0.88	1.24	1.24491
0.89	1.24	1.25839
0.9	1.24	1.27179
0.91	1.24	1.28513
0.92	1.24	1.29839
0.93	1.24	1.31156
0.94	1.24	1.32466
0.95	1.24	1.33767
0.96	1.24	1.35059
0.97	1.24	1.36342
0.98	1.24	1.37616
0.99	1.24	1.3888
0	1.25	0
0.01	1.25	0.0139574
0.02	1.25	0.0279156
0.03	1.25	0.0418757
0.04	1.25	0.0558384
0.05	1.25	0.0698046
0.06	1.25	0.0837752
0.07	1.25	0.0977512
0.08	1.25	0.111733
0.09	1.25	0.125722
0.1	1.25	0.139719
0.11	1.25	0.153724
0.12	1.25	0.167739
0.13	1.25	0.181764
0.14	1.25	0.195799
0.15	1.25	0.209846
0.16	1.25	0.223906
0.17	1.25	0.237978
0.18	1.25	0.252064
0.19	1.25	0.266164
0.2	1.25	0.280279
0.21	1.25	0.294409
0.22	1.25	0.308555
0.23	1.25	0.322717
0.24	1.25	0.336896
0.25	1.25	0.351091
0.26	1.25	0.365304
0.27	1.25	0.379535
0.28	1.25	0.393784
0.29	1.25	0.40805
0.3	1.25	0.422336
0.31	1.25	0.436639
0.32	1.25	0.450961
0.33	1.25	0.465302
0.34	1.25	0.479661
0.35	1.25	0.494038
0.36	1.25	0.508434
0.37	1.25	0.522848
0.38	1.25	0.537279
0.39	1.25	0.551729
0.4	1.25	0.566195
0.41	1.25	0.580678
0.42	1.25	0.595178
0.43	1.25	0.609694
0.44	1.25	0.624225
0.45	1.25	0.63877
0.46	1.25	0.65333
0.47	1.25	0.667903
0.48	1.25	0.682488
0.49	1.25	0.697085
0.5	1.25	0.711693
0.51	1.25	0.72631
0.52	1.25	0.740937
0.53	1.25	0.75557
0.54	1.25	0.770211
0.55	1.25	0.784856
0.56	1.25	0.799505
0.57	1.25	0.814157
0.58	1.25	0.828811
0.59	1.25	0.843464
0.6	1.25	0.858115
0.61	1.25	0.872764
0.62	1.25	0.887407
0.63	1.25	0.902044
0.64	1.25	0.916672
0.65	1.25	0.931291
0.66	1.25	0.945897
0.67	1.25	0.96049
0.68	1.25	0.975067
0.69	1.25	0.989626
0.7	1.25	1.00416
0.71	1.25	1.01868
0.72	1.25	1.03318
0.73	1.25	1.04764
0.74	1.25	1.06208
0.75	1.25	1.07649
0.76	1.25	1.09086
0.77	1.25	1.1052
0.78	1.25	1.1195
0.79	1.25	1.13376
0.8	1.25	1.14798
0.81	1.25	1.16215
0.82	1.25	1.17627
0.83	1.25	1.19034
0.84	1.25	1.20436
0.85	1.25	1.21832
0.86	1.25	1.23222
0.87	1.25	1.24606
0.88	1.25	1.25983
0.89	1.25	1.27354
0.9	1.25	1.28718
0.91	1.25	1.30074
0.92	1.25	1.31423
0.93	1.25	1.32763
0.94	1.25	1.34096
0.95	1.25	1.3542
0.96	1.25	1.36735
0.97	1.25	1.38041
0.98	1.25	1.39338
0.99	1.25	1.40625
0	1.26	0
0.01	1.26	0.0140796
0.02	1.26	0.0281602
0.03	1.26	0.0422427
0.04	1.26	0.056328
0.05	1.26	0.070417
0.06	1.26	0.0845107
0.07	1.26	0.09861
0.08	1.26	0.112716
0.09	1.26	0.126829
0.1	1.26	0.140951
0.11	1.26	0.155081
0.12	1.26	0.169222
0.13	1.26	0.183373
0.14	1.26	0.197536
0.15	1.26	0.211711
0.16	1.26	0.225899
0.17	1.26	0.240101
0.18	1.26	0.254317
0.19	1.26	0.268549
0.2	1.26	0.282796
0.21	1.26	0.29706
0.22	1.26	0.31134
0.23	1.26	0.325638
0.24	1.26	0.339953
0.25	1.26	0.354287
0.26	1.26	0.368639
0.27	1.26	0.38301
0.28	1.26	0.3974
0.29	1.26	0.41181
0.3	1.26	0.42624
0.31	1.26	0.440689
0.32	1.26	0.455158
0.33	1.26	0.469648
0.34	1.26	0.484157
0.35	1.26	0.498686
0.36	1.26	0.513235
0.37	1.26	0.527804
0.38	1.26	0.542392
0.39	1.26	0.556999
0.4	1.26	0.571626
0.41	1.26	0.58627
0.42	1.26	0.600933
0.43	1.26	0.615613
0.44	1.26	0.630311
0.45	1.26	0.645024
0.46	1.26	0.659754
0.47	1.26	0.674498
0.48	1.26	0.689257
0.49	1.26	0.704029
0.5	1.26	0.718813
0.51	1.26	0.733609
0.52	1.26	0.748415
0.53	1.26	0.763231
0.54	1.26	0.778055
0.55	1.26	0.792886
0.56	1.26	0.807722
0.57	1.26	0.822563
0.58	1.26	0.837407
0.59	1.26	0.852252
0.6	1.26	0.867097
0.61	1.26	0.881941
0.62	1.26	0.896782
0.63	1.26	0.911617
0.64	1.26	0.926446
0.65	1.26	0.941267
0.66	1.26	0.956077
0.67	1.26	0.970875
0.68	1.26	0.985659
0.69	1.26	1.00043
0.7	1.26	1.01518
0.71	1.26	1.0299
0.72	1.26	1.04461
0.73	1.26	1.05929
0.74	1.26	1.07394
0.75	1.26	1.08857
0.76	1.26	1.10316
0.77	1.26	1.11772
0.78	1.26	1.13224
0.79	1.26	1.14672
0.8	1.26	1.16116
0.81	1.26	1.17555
0.82	1.26	1.1899
0.83	1.26	1.20419
0.84	1.26	1.21844
0.85	1.26	1.23262
0.86	1.26	1.24675
0.87	1.26	1.26082
0.88	1.26	1.27483
0.89	1.26	1.28876
0.9	1.26	1.30263
0.91	1.26	1.31643
0.92	1.26	1.33014
0.93	1.26	1.34378
0.94	1.26	1.35734
0.95	1.26	1.37082
0.96	1.26	1.3842
0.97	1.26	1.3975
0.98	1.26	1.4107
0.99	1.26	1.4238
0	1.27	0
0.01	1.27	0.0142011
0.02	1.27	0.0284031
0.03	1.27	0.0426072
0.04	1.27	0.0568143
0.05	1.27	0.0710253
0.06	1.27	0.0852413
0.07	1.27	0.0994633
0.08	1.27	0.113692
0.09	1.27	0.127929
0.1	1.27	0.142174
0.11	1.27	0.156429
0.12	1.27	0.170695
0.13	1.27	0.184972
0.14	1.27	0.199262
0.15	1.27	0.213564
0.16	1.27	0.22788
0.17	1.27	0.242211
0.18	1.27	0.256558
0.19	1.27	0.27092
0.2	1.27	0.285299
0.21	1.27	0.299696
0.22	1.27	0.31411
0.23	1.27	0.328543
0.24	1.27	0.342995
0.25	1.27	0.357466
0.26	1.27	0.371957
0.27	1.27	0.386468
0.28	1.27	0.401
0.29	1.27	0.415553
0.3	1.27	0.430127
0.31	1.27	0.444722
0.32	1.27	0.459339
0.33	1.27	0.473977
0.34	1.27	0.488637
0.35	1.27	0.503318
0.36	1.27	0.51802
0.37	1.27	0.532744
0.38	1.27	0.547489
0.39	1.27	0.562255
0.4	1.27	0.577041
0.41	1.27	0.591848
0.42	1.27	0.606674
0.43	1.27	0.621519
0.44	1.27	0.636384
0.45	1.27	0.651266
0.46	1.27	0.666166
0.47	1.27	0.681083
0.48	1.27	0.696016
0.49	1.27	0.710963
0.5	1.27	0.725925
0.51	1.27	0.740901
0.52	1.27	0.755888
0.53	1.27	0.770887
0.54	1.27	0.785896
0.55	1.27	0.800913
0.56	1.27	0.815938
0.57	1.27	0.830969
0.58	1.27	0.846005
0.59	1.27	0.861044
0.6	1.27	0.876085
0.61	1.27	0.891126
0.62	1.27	0.906165
0.63	1.27	0.921201
0.64	1.27	0.936233
0.65	1.27	0.951257
0.66	1.27	0.966273
0.67	1.27	0.981278
0.68	1.27	0.99627
0.69	1.27	1.01125
0.7	1.27	1.02621
0.71	1.27	1.04115
0.72	1.27	1.05607
0.73	1.27	1.07097
0.74	1.27	1.08584
0.75	1.27	1.10068
0.76	1.27	1.11549
0.77	1.27	1.13027
0.78	1.27	1.14502
0.79	1.27	1.15972
0.8	1.27	1.17438
0.81	1.27	1.189
0.82	1.27	1.20358
0.83	1.27	1.2181
0.84	1.27	1.23257
0.85	1.27	1.24699
0.86	1.27	1.26135
0.87	1.27	1.27565
0.88	1.27	1.28989
0.89	1.27	1.30406
0.9	1.27	1.31816
0.91	1.27	1.33219
0.92	1.27	1.34614
0.93	1.27	1.36002
0.94	1.27	1.37381
0.95	1.27	1.38752
0.96	1.27	1.40114
0.97	1.27	1.41467
0.98	1.27	1.42811
0.99	1.27	1.44145
0	1.28	0
0.01	1.28	0.0143216
0.02	1.28	0.0286443
0.03	1.28	0.0429691
0.04	1.28	0.057297
0.05	1.28	0.0716292
0.06	1.28	0.0859667
0.07	1.28	0.10031
0.08	1.28	0.114661
0.09	1.28	0.129021
0.1	1.28	0.143389
0.11	1.28	0.157768
0.12	1.28	0.172158
0.13	1.28	0.186561
0.14	1.28	0.200976
0.15	1.28	0.215405
0.16	1.28	0.229849
0.17	1.28	0.244308
0.18	1.28	0.258784
0.19	1.28	0.273277
0.2	1.28	0.287787
0.21	1.28	0.302316
0.22	1.28	0.316864
0.23	1.28	0.331432
0.24	1.28	0.346019
0.25	1.28	0.360628
0.26	1.28	0.375258
0.27	1.28	0.389909
0.28	1.28	0.404583
0.29	1.28	0.419278
0.3	1.28	0.433996
0.31	1.28	0.448737
0.32	1.28	0.463501
0.33	1.28	0.478288
0.34	1.28	0.493098
0.35	1.28	0.507931
0.36	1.28	0.522788
0.37	1.28	0.537667
0.38	1.28	0.552569
0.39	1.28	0.567493
0.4	1.28	0.58244
0.41	1.28	0.597409
0.42	1.28	0.612399
0.43	1.28	0.62741
0.44	1.28	0.642442
0.45	1.28	0.657494
0.46	1.28	0.672565
0.47	1.28	0.687655
0.48	1.28	0.702763
0.49	1.28	0.717887
0.5	1.28	0.733028
0.51	1.28	0.748184
0.52	1.28	0.763354
0.53	1.28	0.778537
0.54	1.28	0.793731
0.55	1.28	0.808937
0.56	1.28	0.824151
0.57	1.28	0.839374
0.58	1.28	0.854603
0.59	1.28	0.869838
0.6	1.28	0.885075
0.61	1.28	0.900315
0.62	1.28	0.915555
0.63	1.28	0.930794
0.64	1.28	0.946029
0.65	1.28	0.961259
0.66	1.28	0.976482
0.67	1.28	0.991696
0.68	1.28	1.0069
0.69	1.28	1.02209
0.7	1.28	1.03726
0.71	1.28	1.05242
0.72	1.28	1.06756
0.73	1.28	1.08267
0.74	1.28	1.09777
0.75	1.28	1.11283
0.76	1.28	1.12786
0.77	1.28	1.14287
0.78	1.28	1.15783
0.79	1.28	1.17277
0.8	1.28	1.18766
0.81	1.28	1.20251
0.82	1.28	1.21731
0.83	1.28	1.23207
0.84	1.28	1.24677
0.85	1.28	1.26142
0.86	1.28	1.27601
0.87	1.28	1.29055
0.88	1.28	1.30502
0.89	1.28	1.31943
0.9	1.28	1.33376
0.91	1.28	1.34803
0.92	1.28	1.36222
0.93	1.28	1.37633
0.94	1.28	1.39037
0.95	1.28	1.40431
0.96	1.28	1.41817
0.97	1.28	1.43194
0.98	1.28	1.44562
0.99	1.28	1.4592
0	1.29	0
0.01	1.29	0.0144412
0.02	1.29	0.0288836
0.03	1.29	0.0433281
0.04	1.29	0.0577761
0.05	1.29	0.0722285
0.06	1.29	0.0866864
0.07	1.29	0.101151
0.08	1.29	0.115623
0.09	1.29	0.130105
0.1	1.29	0.144596
0.11	1.29	0.159097
0.12	1.29	0.173611
0.13	1.29	0.188138
0.14	1.29	0.202678
0.15	1.29	0.217233
0.16	1.29	0.231803
0.17	1.29	0.246391
0.18	1.29	0.260995
0.19	1.29	0.275617
0.2	1.29	0.290259
0.21	1.29	0.30492
0.22	1.29	0.319601
0.23	1.29	0.334303
0.24	1.29	0.349026
0.25	1.29	0.363772
0.26	1.29	0.37854
0.27	1.29	0.393331
0.28	1.29	0.408145
0.29	1.29	0.422983
0.3	1.29	0.437846
0.31	1.29	0.452732
0.32	1.29	0.467643
0.33	1.29	0.482579
0.34	1.29	0.49754
0.35	1.29	0.512525
0.36	1.29	0.527535
0.37	1.29	0.54257
0.38	1.29	0.557629
0.39	1.29	0.572713
0.4	1.29	0.587821
0.41	1.29	0.602952
0.42	1.29	0.618107
0.43	1.29	0.633285
0.44	1.29	0.648485
0.45	1.29	0.663707
0.46	1.29	0.67895
0.47	1.29	0.694214
0.48	1.29	0.709497
0.49	1.29	0.724799
0.5	1.29	0.74012
0.51	1.29	0.755457
0.52	1.29	0.77081
0.53	1.29	0.786178
0.54	1.29	0.80156
0.55	1.29	0.816955
0.56	1.29	0.832361
0.57	1.29	0.847776
0.58	1.29	0.8632
0.59	1.29	0.878631
0.6	1.29	0.894068
0.61	1.29	0.909508
0.62	1.29	0.92495
0.63	1.29	0.940393
0.64	1.29	0.955834
0.65	1.29	0.971271
0.66	1.29	0.986704
0.67	1.29	1.00213
0.68	1.29	1.01755
0.69	1.29	1.03295
0.7	1.29	1.04834
0.71	1.29	1.06372
0.72	1.29	1.07907
0.73	1.29	1.09441
0.74	1.29	1.10972
0.75	1.29	1.12501
0.76	1.29	1.14027
0.77	1.29	1.1555
0.78	1.29	1.17069
0.79	1.29	1.18585
0.8	1.29	1.20098
0.81	1.29	1.21606
0.82	1.29	1.23109
0.83	1.29	1.24608
0.84	1.29	1.26102
0.85	1.29	1.27591
0.86	1.29	1.29074
0.87	1.29	1.30551
0.88	1.29	1.32022
0.89	1.29	1.33486
0.9	1.29	1.34944
0.91	1.29	1.36395
0.92	1.29	1.37838
0.93	1.29	1.39273
0.94	1.29	1.40701
0.95	1.29	1.42119
0.96	1.29	1.4353
0.97	1.29	1.44931
0.98	1.29	1.46323
0.99	1.29	1.47705
0	1.3	0
0.01	1.3	0.0145598
0.02	1.3	0.0291208
0.03	1.3	0.0436842
0.04	1.3	0.0582511
0.05	1.3	0.0728227
0.06	1.3	0.0874003
0.07	1.3	0.101985
0.08	1.3	0.116578
0.09	1.3	0.13118
0.1	1.3	0.145792
0.11	1.3	0.160416
0.12	1.3	0.175052
0.13	1.3	0.189702
0.14	1.3	0.204367
0.15	1.3	0.219047
0.16	1.3	0.233743
0.17	1.3	0.248457
0.18	1.3	0.26319
0.19	1.3	0.277941
0.2	1.3	0.292713
0.21	1.3	0.307505
0.22	1.3	0.322319
0.23	1.3	0.337155
0.24	1.3	0.352013
0.25	1.3	0.366895
0.26	1.3	0.381801
0.27	1.3	0.396732
0.28	1.3	0.411687
0.29	1.3	0.426668
0.3	1.3	0.441674
0.31	1.3	0.456706
0.32	1.3	0.471764
0.33	1.3	0.486849
0.34	1.3	0.50196
0.35	1.3	0.517097
0.36	1.3	0.532261
0.37	1.3	0.547452
0.38	1.3	0.562669
0.39	1.3	0.577912
0.4	1.3	0.593181
0.41	1.3	0.608475
0.42	1.3	0.623795
0.43	1.3	0.63914
0.44	1.3	0.654509
0.45	1.3	0.669902
0.46	1.3	0.685317
0.47	1.3	0.700756
0.48	1.3	0.716216
0.49	1.3	0.731697
0.5	1.3	0.747198
0.51	1.3	0.762717
0.52	1.3	0.778255
0.53	1.3	0.79381
0.54	1.3	0.80938
0.55	1.3	0.824965
0.56	1.3	0.840563
0.57	1.3	0.856173
0.58	1.3	0.871794
0.59	1.3	0.887423
0.6	1.3	0.903059
0.61	1.3	0.918702
0.62	1.3	0.934348
0.63	1.3	0.949996
0.64	1.3	0.965645
0.65	1.3	0.981292
0.66	1.3	0.996936
0.67	1.3	1.01257
0.68	1.3	1.02821
0.69	1.3	1.04383
0.7	1.3	1.05944
0.71	1.3	1.07503
0.72	1.3	1.09061
0.73	1.3	1.10617
0.74	1.3	1.1217
0.75	1.3	1.13722
0.76	1.3	1.15271
0.77	1.3	1.16816
0.78	1.3	1.18359
0.79	1.3	1.19898
0.8	1.3	1.21434
0.81	1.3	1.22965
0.82	1.3	1.24492
0.83	1.3	1.26015
0.84	1.3	1.27532
0.85	1.3	1.29045
0.86	1.3	1.30552
0.87	1.3	1.32053
0.88	1.3	1.33548
0.89	1.3	1.35037
0.9	1.3	1.36519
0.91	1.3	1.37994
0.92	1.3	1.39461
0.93	1.3	1.40921
0.94	1.3	1.42373
0.95	1.3	1.43816
0.96	1.3	1.45251
0.97	1.3	1.46677
0.98	1.3	1.48093
0.99	1.3	1.495
0	1.31	0
0.01	1.31	0.0146773
0.02	1.31	0.0293559
0.03	1.31	0.044037
0.04	1.31	0.0587219
0.05	1.31	0.0734117
0.06	1.31	0.0881077
0.07	1.31	0.102811
0.08	1.31	0.117523
0.09	1.31	0.132245
0.1	1.31	0.146978
0.11	1.31	0.161723
0.12	1.31	0.176481
0.13	1.31	0.191254
0.14	1.31	0.206042
0.15	1.31	0.220846
0.16	1.31	0.235668
0.17	1.31	0.250508
0.18	1.31	0.265368
0.19	1.31	0.280248
0.2	1.31	0.295149
0.21	1.31	0.310072
0.22	1.31	0.325017
0.23	1.31	0.339986
0.24	1.31	0.35498
0.25	1.31	0.369998
0.26	1.31	0.385041
0.27	1.31	0.400111
0.28	1.31	0.415206
0.29	1.31	0.430329
0.3	1.31	0.445479
0.31	1.31	0.460656
0.32	1.31	0.475862
0.33	1.31	0.491095
0.34	1.31	0.506357
0.35	1.31	0.521646
0.36	1.31	0.536965
0.37	1.31	0.552311
0.38	1.31	0.567686
0.39	1.31	0.583088
0.4	1.31	0.598519
0.41	1.31	0.613977
0.42	1.31	0.629462
0.43	1.31	0.644974
0.44	1.31	0.660513
0.45	1.31	0.676077
0.46	1.31	0.691666
0.47	1.31	0.70728
0.48	1.31	0.722917
0.49	1.31	0.738578
0.5	1.31	0.75426
0.51	1.31	0.769964
0.52	1.31	0.785687
0.53	1.31	0.801429
0.54	1.31	0.817189
0.55	1.31	0.832966
0.56	1.31	0.848758
0.57	1.31	0.864564
0.58	1.31	0.880382
0.59	1.31	0.896211
0.6	1.31	0.912049
0.61	1.31	0.927895
0.62	1.31	0.943747
0.63	1.31	0.959603
0.64	1.31	0.975461
0.65	1.31	0.99132
0.66	1.31	1.00718
0.67	1.31	1.02303
0.68	1.31	1.03888
0.69	1.31	1.05472
0.7	1.31	1.07055
0.71	1.31	1.08636
0.72	1.31	1.10217
0.73	1.31	1.11795
0.74	1.31	1.13372
0.75	1.31	1.14946
0.76	1.31	1.16518
0.77	1.31	1.18086
0.78	1.31	1.19652
0.79	1.31	1.21215
0.8	1.31	1.22774
0.81	1.31	1.24329
0.82	1.31	1.2588
0.83	1.31	1.27427
0.84	1.31	1.28968
0.85	1.31	1.30505
0.86	1.31	1.32036
0.87	1.31	1.33562
0.88	1.31	1.35081
0.89	1.31	1.36594
0.9	1.31	1.38101
0.91	1.31	1.396
0.92	1.31	1.41093
0.93	1.31	1.42577
0.94	1.31	1.44054
0.95	1.31	1.45522
0.96	1.31	1.46981
0.97	1.31	1.48432
0.98	1.31	1.49873
0.99	1.31	1.51305
0	1.32	0
0.01	1.32	0.0147937
0.02	1.32	0.0295888
0.03	1.32	0.0443865
0.04	1.32	0.0591881
0.05	1.32	0.073995
0.06	1.32	0.0888085
0.07	1.32	0.10363
0.08	1.32	0.11846
0.09	1.32	0.133301
0.1	1.32	0.148153
0.11	1.32	0.163018
0.12	1.32	0.177897
0.13	1.32	0.192791
0.14	1.32	0.207702
0.15	1.32	0.222629
0.16	1.32	0.237575
0.17	1.32	0.252541
0.18	1.32	0.267527
0.19	1.32	0.282535
0.2	1.32	0.297564
0.21	1.32	0.312617
0.22	1.32	0.327694
0.23	1.32	0.342796
0.24	1.32	0.357924
0.25	1.32	0.373077
0.26	1.32	0.388258
0.27	1.32	0.403466
0.28	1.32	0.418702
0.29	1.32	0.433966
0.3	1.32	0.449259
0.31	1.32	0.464582
0.32	1.32	0.479934
0.33	1.32	0.495316
0.34	1.32	0.510728
0.35	1.32	0.52617
0.36	1.32	0.541643
0.37	1.32	0.557145
0.38	1.32	0.572678
0.39	1.32	0.588241
0.4	1.32	0.603833
0.41	1.32	0.619455
0.42	1.32	0.635106
0.43	1.32	0.650786
0.44	1.32	0.666495
0.45	1.32	0.682231
0.46	1.32	0.697994
0.47	1.32	0.713784
0.48	1.32	0.7296
0.49	1.32	0.745441
0.5	1.32	0.761305
0.51	1.32	0.777193
0.52	1.32	0.793103
0.53	1.32	0.809035
0.54	1.32	0.824986
0.55	1.32	0.840955
0.56	1.32	0.856942
0.57	1.32	0.872945
0.58	1.32	0.888962
0.59	1.32	0.904993
0.6	1.32	0.921034
0.61	1.32	0.937086
0.62	1.32	0.953145
0.63	1.32	0.96921
0.64	1.32	0.98528
0.65	1.32	1.00135
0.66	1.32	1.01742
0.67	1.32	1.0335
0.68	1.32	1.04956
0.69	1.32	1.06562
0.7	1.32	1.08167
0.71	1.32	1.09772
0.72	1.32	1.11374
0.73	1.32	1.12976
0.74	1.32	1.14575
0.75	1.32	1.16172
0.76	1.32	1.17767
0.77	1.32	1.1936
0.78	1.32	1.20949
0.79	1.32	1.22536
0.8	1.32	1.24118
0.81	1.32	1.25698
0.82	1.32	1.27273
0.83	1.32	1.28843
0.84	1.32	1.30409
0.85	1.32	1.3197
0.86	1.32	1.33526
0.87	1.32	1.35076
0.88	1.32	1.36621
0.89	1.32	1.38159
0.9	1.32	1.3969
0.91	1.32	1.41214
0.92	1.32	1.42732
0.93	1.32	1.44241
0.94	1.32	1.45743
0.95	1.32	1.47236
0.96	1.32	1.48721
0.97	1.32	1.50197
0.98	1.32	1.51663
0.99	1.32	1.5312
0	1.33	0
0.01	1.33	0.0149089
0.02	1.33	0.0298193
0.03	1.33	0.0447324
0.04	1.33	0.0596496
0.05	1.33	0.0745724
0.06	1.33	0.0895021
0.07	1.33	0.10444
0.08	1.33	0.119387
0.09	1.33	0.134346
0.1	1.33	0.149316
0.11	1.33	0.1643
0.12	1.33	0.179299
0.13	1.33	0.194314
0.14	1.33	0.209346
0.15	1.33	0.224396
0.16	1.33	0.239465
0.17	1.33	0.254556
0.18	1.33	0.269667
0.19	1.33	0.284801
0.2	1.33	0.299959
0.21	1.33	0.315141
0.22	1.33	0.330349
0.23	1.33	0.345583
0.24	1.33	0.360844
0.25	1.33	0.376132
0.26	1.33	0.39145
0.27	1.33	0.406796
0.28	1.33	0.422171
0.29	1.33	0.437577
0.3	1.33	0.453014
0.31	1.33	0.468481
0.32	1.33	0.48398
0.33	1.33	0.499511
0.34	1.33	0.515073
0.35	1.33	0.530667
0.36	1.33	0.546294
0.37	1.33	0.561953
0.38	1.33	0.577643
0.39	1.33	0.593366
0.4	1.33	0.609121
0.41	1.33	0.624907
0.42	1.33	0.640725
0.43	1.33	0.656573
0.44	1.33	0.672452
0.45	1.33	0.688361
0.46	1.33	0.704299
0.47	1.33	0.720266
0.48	1.33	0.736261
0.49	1.33	0.752283
0.5	1.33	0.768331
0.51	1.33	0.784405
0.52	1.33	0.800502
0.53	1.33	0.816624
0.54	1.33	0.832767
0.55	1.33	0.848931
0.56	1.33	0.865114
0.57	1.33	0.881316
0.58	1.33	0.897534
0.59	1.33	0.913767
0.6	1.33	0.930013
0.61	1.33	0.946272
0.62	1.33	0.96254
0.63	1.33	0.978817
0.64	1.33	0.9951
0.65	1.33	1.01139
0.66	1.33	1.02768
0.67	1.33	1.04397
0.68	1.33	1.06025
0.69	1.33	1.07654
0.7	1.33	1.09282
0.71	1.33	1.10908
0.72	1.33	1.12534
0.73	1.33	1.14158
0.74	1.33	1.15781
0.75	1.33	1.17402
0.76	1.33	1.1902
0.77	1.33	1.20636
0.78	1.33	1.2225
0.79	1.33	1.2386
0.8	1.33	1.25467
0.81	1.33	1.2707
0.82	1.33	1.2867
0.83	1.33	1.30265
0.84	1.33	1.31856
0.85	1.33	1.33441
0.86	1.33	1.35022
0.87	1.33	1.36597
0.88	1.33	1.38166
0.89	1.33	1.39729
0.9	1.33	1.41286
0.91	1.33	1.42836
0.92	1.33	1.44378
0.93	1.33	1.45913
0.94	1.33	1.4744
0.95	1.33	1.48959
0.96	1.33	1.50469
0.97	1.33	1.51971
0.98	1.33	1.53463
0.99	1.33	1.54945
0	1.34	0
0.01	1.34	0.0150228
0.02	1.34	0.0300472
0.03	1.34	0.0450744
0.04	1.34	0.060106
0.05	1.34	0.0751434
0.06	1.34	0.0901881
0.07	1.34	0.105241
0.08	1.34	0.120305
0.09	1.34	0.13538
0.1	1.34	0.150467
0.11	1.34	0.165569
0.12	1.34	0.180687
0.13	1.34	0.195821
0.14	1.34	0.210973
0.15	1.34	0.226145
0.16	1.34	0.241337
0.17	1.34	0.25655
0.18	1.34	0.271787
0.19	1.34	0.287047
0.2	1.34	0.302332
0.21	1.34	0.317642
0.22	1.34	0.33298
0.23	1.34	0.348345
0.24	1.34	0.363739
0.25	1.34	0.379162
0.26	1.34	0.394615
0.27	1.34	0.410099
0.28	1.34	0.425614
0.29	1.34	0.44116
0.3	1.34	0.45674
0.31	1.34	0.472352
0.32	1.34	0.487997
0.33	1.34	0.503676
0.34	1.34	0.519389
0.35	1.34	0.535135
0.36	1.34	0.550916
0.37	1.34	0.566731
0.38	1.34	0.58258
0.39	1.34	0.598463
0.4	1.34	0.614381
0.41	1.34	0.630331
0.42	1.34	0.646316
0.43	1.34	0.662333
0.44	1.34	0.678383
0.45	1.34	0.694465
0.46	1.34	0.710579
0.47	1.34	0.726723
0.48	1.34	0.742898
0.49	1.34	0.759102
0.5	1.34	0.775335
0.51	1.34	0.791595
0.52	1.34	0.807882
0.53	1.34	0.824194
0.54	1.34	0.840531
0.55	1.34	0.85689
0.56	1.34	0.873271
0.57	1.34	0.889673
0.58	1.34	0.906093
0.59	1.34	0.922531
0.6	1.34	0.938984
0.61	1.34	0.955451
0.62	1.34	0.971931
0.63	1.34	0.988421
0.64	1.34	1.00492
0.65	1.34	1.02142
0.66	1.34	1.03793
0.67	1.34	1.05444
0.68	1.34	1.07095
0.69	1.34	1.08746
0.7	1.34	1.10397
0.71	1.34	1.12047
0.72	1.34	1.13695
0.73	1.34	1.15343
0.74	1.34	1.16989
0.75	1.34	1.18633
0.76	1.34	1.20276
0.77	1.34	1.21916
0.78	1.34	1.23553
0.79	1.34	1.25188
0.8	1.34	1.26819
0.81	1.34	1.28447
0.82	1.34	1.30071
0.83	1.34	1.31691
0.84	1.34	1.33307
0.85	1.34	1.34918
0.86	1.34	1.36523
0.87	1.34	1.38124
0.88	1.34	1.39718
0.89	1.34	1.41307
0.9	1.34	1.42889
0.91	1.34	1.44464
0.92	1.34	1.46032
0.93	1.34	1.47593
0.94	1.34	1.49146
0.95	1.34	1.50691
0.96	1.34	1.52227
0.97	1.34	1.53754
0.98	1.34	1.55272
0.99	1.34	1.5678
0	1.35	0
0.01	1.35	0.0151354
0.02	1.35	0.0302724
0.03	1.35	0.0454124
0.04	1.35	0.060557
0.05	1.35	0.0757077
0.06	1.35	0.0908661
0.07	1.35	0.106034
0.08	1.35	0.121212
0.09	1.35	0.136402
0.1	1.35	0.151605
0.11	1.35	0.166824
0.12	1.35	0.182059
0.13	1.35	0.197311
0.14	1.35	0.212583
0.15	1.35	0.227875
0.16	1.35	0.243188
0.17	1.35	0.258524
0.18	1.35	0.273884
0.19	1.35	0.289269
0.2	1.35	0.30468
0.21	1.35	0.320119
0.22	1.35	0.335585
0.23	1.35	0.351081
0.24	1.35	0.366607
0.25	1.35	0.382164
0.26	1.35	0.397752
0.27	1.35	0.413373
0.28	1.35	0.429027
0.29	1.35	0.444714
0.3	1.35	0.460436
0.31	1.35	0.476192
0.32	1.35	0.491984
0.33	1.35	0.507811
0.34	1.35	0.523674
0.35	1.35	0.539573
0.36	1.35	0.555508
0.37	1.35	0.571479
0.38	1.35	0.587486
0.39	1.35	0.60353
0.4	1.35	0.61961
0.41	1.35	0.635726
0.42	1.35	0.651877
0.43	1.35	0.668064
0.44	1.35	0.684285
0.45	1.35	0.700541
0.46	1.35	0.716831
0.47	1.35	0.733154
0.48	1.35	0.74951
0.49	1.35	0.765897
0.5	1.35	0.782315
0.51	1.35	0.798763
0.52	1.35	0.815239
0.53	1.35	0.831744
0.54	1.35	0.848275
0.55	1.35	0.864831
0.56	1.35	0.881412
0.57	1.35	0.898015
0.58	1.35	0.914639
0.59	1.35	0.931283
0.6	1.35	0.947944
0.61	1.35	0.964622
0.62	1.35	0.981314
0.63	1.35	0.998019
0.64	1.35	1.01473
0.65	1.35	1.03146
0.66	1.35	1.04819
0.67	1.35	1.06492
0.68	1.35	1.08166
0.69	1.35	1.0984
0.7	1.35	1.11513
0.71	1.35	1.13186
0.72	1.35	1.14858
0.73	1.35	1.16529
0.74	1.35	1.18199
0.75	1.35	1.19867
0.76	1.35	1.21534
0.77	1.35	1.23198
0.78	1.35	1.2486
0.79	1.35	1.26519
0.8	1.35	1.28175
0.81	1.35	1.29828
0.82	1.35	1.31477
0.83	1.35	1.33122
0.84	1.35	1.34763
0.85	1.35	1.36399
0.86	1.35	1.3803
0.87	1.35	1.39656
0.88	1.35	1.41277
0.89	1.35	1.42891
0.9	1.35	1.44499
0.91	1.35	1.461
0.92	1.35	1.47694
0.93	1.35	1.49281
0.94	1.35	1.5086
0.95	1.35	1.52431
0.96	1.35	1.53993
0.97	1.35	1.55546
0.98	1.35	1.57091
0.99	1.35	1.58625
0	1.36	0
0.01	1.36	0.0152466
0.02	1.36	0.0304947
0.03	1.36	0.0457461
0.04	1.36	0.0610023
0.05	1.36	0.076265
0.06	1.36	0.0915357
0.07	1.36	0.106816
0.08	1.36	0.122107
0.09	1.36	0.137411
0.1	1.36	0.15273
0.11	1.36	0.168064
0.12	1.36	0.183415
0.13	1.36	0.198784
0.14	1.36	0.214174
0.15	1.36	0.229585
0.16	1.36	0.245018
0.17	1.36	0.260476
0.18	1.36	0.275958
0.19	1.36	0.291467
0.2	1.36	0.307004
0.21	1.36	0.322569
0.22	1.36	0.338164
0.23	1.36	0.353789
0.24	1.36	0.369447
0.25	1.36	0.385136
0.26	1.36	0.400859
0.27	1.36	0.416617
0.28	1.36	0.432409
0.29	1.36	0.448236
0.3	1.36	0.4641
0.31	1.36	0.48
0.32	1.36	0.495938
0.33	1.36	0.511913
0.34	1.36	0.527926
0.35	1.36	0.543977
0.36	1.36	0.560066
0.37	1.36	0.576193
0.38	1.36	0.59236
0.39	1.36	0.608564
0.4	1.36	0.624807
0.41	1.36	0.641088
0.42	1.36	0.657407
0.43	1.36	0.673763
0.44	1.36	0.690157
0.45	1.36	0.706587
0.46	1.36	0.723054
0.47	1.36	0.739556
0.48	1.36	0.756093
0.49	1.36	0.772664
0.5	1.36	0.789268
0.51	1.36	0.805905
0.52	1.36	0.822572
0.53	1.36	0.83927
0.54	1.36	0.855997
0.55	1.36	0.872752
0.56	1.36	0.889533
0.57	1.36	0.906339
0.58	1.36	0.923168
0.59	1.36	0.94002
0.6	1.36	0.956891
0.61	1.36	0.973781
0.62	1.36	0.990688
0.63	1.36	1.00761
0.64	1.36	1.02454
0.65	1.36	1.04149
0.66	1.36	1.05844
0.67	1.36	1.0754
0.68	1.36	1.09237
0.69	1.36	1.10934
0.7	1.36	1.1263
0.71	1.36	1.14326
0.72	1.36	1.16022
0.73	1.36	1.17717
0.74	1.36	1.19411
0.75	1.36	1.21103
0.76	1.36	1.22794
0.77	1.36	1.24483
0.78	1.36	1.26169
0.79	1.36	1.27853
0.8	1.36	1.29535
0.81	1.36	1.31212
0.82	1.36	1.32887
0.83	1.36	1.34558
0.84	1.36	1.36224
0.85	1.36	1.37886
0.86	1.36	1.39543
0.87	1.36	1.41195
0.88	1.36	1.42841
0.89	1.36	1.44481
0.9	1.36	1.46116
0.91	1.36	1.47743
0.92	1.36	1.49364
0.93	1.36	1.50977
0.94	1.36	1.52582
0.95	1.36	1.54179
0.96	1.36	1.55768
0.97	1.36	1.57348
0.98	1.36	1.58919
0.99	1.36	1.6048
0	1.37	0
0.01	1.37	0.0153562
0.02	1.37	0.0307141
0.03	1.37	0.0460754
0.04	1.37	0.0614417
0.05	1.37	0.0768148
0.06	1.37	0.0921963
0.07	1.37	0.107588
0.08	1.37	0.122991
0.09	1.37	0.138408
0.1	1.37	0.153839
0.11	1.37	0.169287
0.12	1.37	0.184753
0.13	1.37	0.200238
0.14	1.37	0.215745
0.15	1.37	0.231274
0.16	1.37	0.246826
0.17	1.37	0.262404
0.18	1.37	0.278008
0.19	1.37	0.29364
0.2	1.37	0.309301
0.21	1.37	0.324992
0.22	1.37	0.340714
0.23	1.37	0.356468
0.24	1.37	0.372256
0.25	1.37	0.388078
0.26	1.37	0.403935
0.27	1.37	0.419828
0.28	1.37	0.435758
0.29	1.37	0.451725
0.3	1.37	0.467731
0.31	1.37	0.483774
0.32	1.37	0.499858
0.33	1.37	0.51598
0.34	1.37	0.532143
0.35	1.37	0.548346
0.36	1.37	0.564589
0.37	1.37	0.580873
0.38	1.37	0.597197
0.39	1.37	0.613563
0.4	1.37	0.629969
0.41	1.37	0.646415
0.42	1.37	0.662902
0.43	1.37	0.679429
0.44	1.37	0.695995
0.45	1.37	0.7126
0.46	1.37	0.729244
0.47	1.37	0.745926
0.48	1.37	0.762646
0.49	1.37	0.779401
0.5	1.37	0.796193
0.51	1.37	0.813019
0.52	1.37	0.829879
0.53	1.37	0.846771
0.54	1.37	0.863695
0.55	1.37	0.88065
0.56	1.37	0.897633
0.57	1.37	0.914643
0.58	1.37	0.931679
0.59	1.37	0.94874
0.6	1.37	0.965823
0.61	1.37	0.982927
0.62	1.37	1.00005
0.63	1.37	1.01719
0.64	1.37	1.03435
0.65	1.37	1.05152
0.66	1.37	1.0687
0.67	1.37	1.08588
0.68	1.37	1.10308
0.69	1.37	1.12028
0.7	1.37	1.13748
0.71	1.37	1.15468
0.72	1.37	1.17187
0.73	1.37	1.18906
0.74	1.37	1.20624
0.75	1.37	1.22341
0.76	1.37	1.24057
0.77	1.37	1.2577
0.78	1.37	1.27482
0.79	1.37	1.29191
0.8	1.37	1.30897
0.81	1.37	1.32601
0.82	1.37	1.34301
0.83	1.37	1.35997
0.84	1.37	1.3769
0.85	1.37	1.39377
0.86	1.37	1.41061
0.87	1.37	1.42739
0.88	1.37	1.44412
0.89	1.37	1.46078
0.9	1.37	1.47739
0.91	1.37	1.49393
0.92	1.37	1.5104
0.93	1.37	1.5268
0.94	1.37	1.54313
0.95	1.37	1.55937
0.96	1.37	1.57552
0.97	1.37	1.59159
0.98	1.37	1.60757
0.99	1.37	1.62345
0	1.38	0
0.01	1.38	0.0154642
0.02	1.38	0.0309303
0.03	1.38	0.0463998
0.04	1.38	0.0618747
0.05	1.38	0.0773567
0.06	1.38	0.0928475
0.07	1.38	0.108349
0.08	1.38	0.123863
0.09	1.38	0.13939
0.1	1.38	0.154933
0.11	1.38	0.170494
0.12	1.38	0.186073
0.13	1.38	0.201673
0.14	1.38	0.217295
0.15	1.38	0.23294
0.16	1.38	0.248611
0.17	1.38	0.264307
0.18	1.38	0.280032
0.19	1.38	0.295786
0.2	1.38	0.31157
0.21	1.38	0.327385
0.22	1.38	0.343234
0.23	1.38	0.359116
0.24	1.38	0.375034
0.25	1.38	0.390987
0.26	1.38	0.406978
0.27	1.38	0.423006
0.28	1.38	0.439073
0.29	1.38	0.455179
0.3	1.38	0.471325
0.31	1.38	0.487512
0.32	1.38	0.50374
0.33	1.38	0.52001
0.34	1.38	0.536323
0.35	1.38	0.552677
0.36	1.38	0.569074
0.37	1.38	0.585515
0.38	1.38	0.601998
0.39	1.38	0.618524
0.4	1.38	0.635094
0.41	1.38	0.651706
0.42	1.38	0.668361
0.43	1.38	0.685058
0.44	1.38	0.701797
0.45	1.38	0.718578
0.46	1.38	0.7354
0.47	1.38	0.752263
0.48	1.38	0.769165
0.49	1.38	0.786107
0.5	1.38	0.803086
0.51	1.38	0.820103
0.52	1.38	0.837156
0.53	1.38	0.854245
0.54	1.38	0.871367
0.55	1.38	0.888522
0.56	1.38	0.905708
0.57	1.38	0.922924
0.58	1.38	0.940169
0.59	1.38	0.957441
0.6	1.38	0.974737
0.61	1.38	0.992057
0.62	1.38	1.0094
0.63	1.38	1.02676
0.64	1.38	1.04414
0.65	1.38	1.06153
0.66	1.38	1.07894
0.67	1.38	1.09636
0.68	1.38	1.11379
0.69	1.38	1.13122
0.7	1.38	1.14866
0.71	1.38	1.1661
0.72	1.38	1.18353
0.73	1.38	1.20097
0.74	1.38	1.21839
0.75	1.38	1.23581
0.76	1.38	1.25321
0.77	1.38	1.2706
0.78	1.38	1.28797
0.79	1.38	1.30531
0.8	1.38	1.32263
0.81	1.38	1.33993
0.82	1.38	1.35719
0.83	1.38	1.37441
0.84	1.38	1.3916
0.85	1.38	1.40874
0.86	1.38	1.42584
0.87	1.38	1.44288
0.88	1.38	1.45988
0.89	1.38	1.47682
0.9	1.38	1.49369
0.91	1.38	1.5105
0.92	1.38	1.52725
0.93	1.38	1.54392
0.94	1.38	1.56051
0.95	1.38	1.57702
0.96	1.38	1.59345
0.97	1.38	1.6098
0.98	1.38	1.62605
0.99	1.38	1.6422
0	1.39	0
0.01	1.39	0.0155706
0.02	1.39	0.0311431
0.03	1.39	0.0467193
0.04	1.39	0.0623011
0.05	1.39	0.0778903
0.06	1.39	0.0934888
0.07	1.39	0.109098
0.08	1.39	0.124721
0.09	1.39	0.140358
0.1	1.39	0.156011
0.11	1.39	0.171683
0.12	1.39	0.187374
0.13	1.39	0.203087
0.14	1.39	0.218823
0.15	1.39	0.234584
0.16	1.39	0.25037
0.17	1.39	0.266185
0.18	1.39	0.282029
0.19	1.39	0.297903
0.2	1.39	0.313809
0.21	1.39	0.329748
0.22	1.39	0.345722
0.23	1.39	0.361732
0.24	1.39	0.377778
0.25	1.39	0.393862
0.26	1.39	0.409985
0.27	1.39	0.426147
0.28	1.39	0.44235
0.29	1.39	0.458595
0.3	1.39	0.474882
0.31	1.39	0.491211
0.32	1.39	0.507584
0.33	1.39	0.524001
0.34	1.39	0.540463
0.35	1.39	0.556969
0.36	1.39	0.57352
0.37	1.39	0.590117
0.38	1.39	0.606758
0.39	1.39	0.623446
0.4	1.39	0.640179
0.41	1.39	0.656957
0.42	1.39	0.67378
0.43	1.39	0.690648
0.44	1.39	0.707561
0.45	1.39	0.724518
0.46	1.39	0.741519
0.47	1.39	0.758563
0.48	1.39	0.775649
0.49	1.39	0.792777
0.5	1.39	0.809946
0.51	1.39	0.827154
0.52	1.39	0.844402
0.53	1.39	0.861687
0.54	1.39	0.879009
0.55	1.39	0.896366
0.56	1.39	0.913757
0.57	1.39	0.931181
0.58	1.39	0.948635
0.59	1.39	0.96612
0.6	1.39	0.983631
0.61	1.39	1.00117
0.62	1.39	1.01873
0.63	1.39	1.03631
0.64	1.39	1.05392
0.65	1.39	1.07154
0.66	1.39	1.08918
0.67	1.39	1.10683
0.68	1.39	1.12449
0.69	1.39	1.14216
0.7	1.39	1.15984
0.71	1.39	1.17752
0.72	1.39	1.1952
0.73	1.39	1.21288
0.74	1.39	1.23055
0.75	1.39	1.24822
0.76	1.39	1.26588
0.77	1.39	1.28352
0.78	1.39	1.30114
0.79	1.39	1.31875
0.8	1.39	1.33633
0.81	1.39	1.35388
0.82	1.39	1.3714
0.83	1.39	1.38889
0.84	1.39	1.40634
0.85	1.39	1.42375
0.86	1.39	1.44112
0.87	1.39	1.45844
0.88	1.39	1.4757
0.89	1.39	1.49291
0.9	1.39	1.51006
0.91	1.39	1.52714
0.92	1.39	1.54416
0.93	1.39	1.56111
0.94	1.39	1.57798
0.95	1.39	1.59477
0.96	1.39	1.61147
0.97	1.39	1.62809
0.98	1.39	1.64462
0.99	1.39	1.66105
0	1.4	0
0.01	1.4	0.0156753
0.02	1.4	0.0313525
0.03	1.4	0.0470336
0.04	1.4	0.0627205
0.05	1.4	0.0784153
0.06	1.4	0.0941197
0.07	1.4	0.109836
0.08	1.4	0.125565
0.09	1.4	0.14131
0.1	1.4	0.157072
0.11	1.4	0.172853
0.12	1.4	0.188655
0.13	1.4	0.204479
0.14	1.4	0.220328
0.15	1.4	0.236202
0.16	1.4	0.252104
0.17	1.4	0.268035
0.18	1.4	0.283997
0.19	1.4	0.29999
0.2	1.4	0.316017
0.21	1.4	0.332079
0.22	1.4	0.348177
0.23	1.4	0.364312
0.24	1.4	0.380486
0.25	1.4	0.3967
0.26	1.4	0.412954
0.27	1.4	0.42925
0.28	1.4	0.445589
0.29	1.4	0.461972
0.3	1.4	0.478398
0.31	1.4	0.49487
0.32	1.4	0.511387
0.33	1.4	0.527951
0.34	1.4	0.544561
0.35	1.4	0.561219
0.36	1.4	0.577924
0.37	1.4	0.594676
0.38	1.4	0.611477
0.39	1.4	0.628325
0.4	1.4	0.645222
0.41	1.4	0.662166
0.42	1.4	0.679158
0.43	1.4	0.696198
0.44	1.4	0.713285
0.45	1.4	0.730418
0.46	1.4	0.747598
0.47	1.4	0.764824
0.48	1.4	0.782095
0.49	1.4	0.79941
0.5	1.4	0.816769
0.51	1.4	0.83417
0.52	1.4	0.851613
0.53	1.4	0.869096
0.54	1.4	0.886619
0.55	1.4	0.904179
0.56	1.4	0.921777
0.57	1.4	0.939409
0.58	1.4	0.957076
0.59	1.4	0.974774
0.6	1.4	0.992503
0.61	1.4	1.01026
0.62	1.4	1.02804
0.63	1.4	1.04585
0.64	1.4	1.06368
0.65	1.4	1.08154
0.66	1.4	1.09941
0.67	1.4	1.11729
0.68	1.4	1.13519
0.69	1.4	1.1531
0.7	1.4	1.17102
0.71	1.4	1.18894
0.72	1.4	1.20687
0.73	1.4	1.2248
0.74	1.4	1.24273
0.75	1.4	1.26064
0.76	1.4	1.27856
0.77	1.4	1.29645
0.78	1.4	1.31434
0.79	1.4	1.3322
0.8	1.4	1.35005
0.81	1.4	1.36786
0.82	1.4	1.38565
0.83	1.4	1.40341
0.84	1.4	1.42113
0.85	1.4	1.43881
0.86	1.4	1.45645
0.87	1.4	1.47404
0.88	1.4	1.49158
0.89	1.4	1.50906
0.9	1.4	1.52649
0.91	1.4	1.54385
0.92	1.4	1.56115
0.93	1.4	1.57837
0.94	1.4	1.59552
0.95	1.4	1.61259
0.96	1.4	1.62958
0.97	1.4	1.64648
0.98	1.4	1.66329
0.99	1.4	1.68
0	1.41	0
0.01	1.41	0.015778
0.02	1.41	0.0315581
0.03	1.41	0.0473423
0.04	1.41	0.0631326
0.05	1.41	0.078931
0.06	1.41	0.0947396
0.07	1.41	0.11056
0.08	1.41	0.126395
0.09	1.41	0.142246
0.1	1.41	0.158115
0.11	1.41	0.174004
0.12	1.41	0.189915
0.13	1.41	0.205849
0.14	1.41	0.221808
0.15	1.41	0.237795
0.16	1.41	0.25381
0.17	1.41	0.269856
0.18	1.41	0.285934
0.19	1.41	0.302046
0.2	1.41	0.318192
0.21	1.41	0.334375
0.22	1.41	0.350596
0.23	1.41	0.366857
0.24	1.41	0.383157
0.25	1.41	0.3995
0.26	1.41	0.415885
0.27	1.41	0.432314
0.28	1.41	0.448787
0.29	1.41	0.465307
0.3	1.41	0.481873
0.31	1.41	0.498486
0.32	1.41	0.515147
0.33	1.41	0.531857
0.34	1.41	0.548616
0.35	1.41	0.565424
0.36	1.41	0.582282
0.37	1.41	0.599191
0.38	1.41	0.61615
0.39	1.41	0.63316
0.4	1.41	0.65022
0.41	1.41	0.667331
0.42	1.41	0.684492
0.43	1.41	0.701703
0.44	1.41	0.718964
0.45	1.41	0.736275
0.46	1.41	0.753635
0.47	1.41	0.771043
0.48	1.41	0.7885
0.49	1.41	0.806003
0.5	1.41	0.823552
0.51	1.41	0.841147
0.52	1.41	0.858787
0.53	1.41	0.876469
0.54	1.41	0.894194
0.55	1.41	0.91196
0.56	1.41	0.929765
0.57	1.41	0.947608
0.58	1.41	0.965487
0.59	1.41	0.983401
0.6	1.41	1.00135
0.61	1.41	1.01933
0.62	1.41	1.03734
0.63	1.41	1.05537
0.64	1.41	1.07343
0.65	1.41	1.09152
0.66	1.41	1.10962
0.67	1.41	1.12774
0.68	1.41	1.14588
0.69	1.41	1.16403
0.7	1.41	1.1822
0.71	1.41	1.20037
0.72	1.41	1.21855
0.73	1.41	1.23673
0.74	1.41	1.25491
0.75	1.41	1.27308
0.76	1.41	1.29125
0.77	1.41	1.30941
0.78	1.41	1.32755
0.79	1.41	1.34568
0.8	1.41	1.36379
0.81	1.41	1.38188
0.82	1.41	1.39994
0.83	1.41	1.41797
0.84	1.41	1.43596
0.85	1.41	1.45392
0.86	1.41	1.47183
0.87	1.41	1.4897
0.88	1.41	1.50752
0.89	1.41	1.52528
0.9	1.41	1.54299
0.91	1.41	1.56063
0.92	1.41	1.57821
0.93	1.41	1.59572
0.94	1.41	1.61315
0.95	1.41	1.6305
0.96	1.41	1.64777
0.97	1.41	1.66496
0.98	1.41	1.68205
0.99	1.41	1.69905
0	1.42	0
0.01	1.42	0.0158789
0.02	1.42	0.0317599
0.03	1.42	0.0476452
0.04	1.42	0.0635369
0.05	1.42	0.0794371
0.06	1.42	0.095348
0.07	1.42	0.111272
0.08	1.42	0.12721
0.09	1.42	0.143165
0.1	1.42	0.159139
0.11	1.42	0.175134
0.12	1.42	0.191152
0.13	1.42	0.207194
0.14	1.42	0.223263
0.15	1.42	0.23936
0.16	1.42	0.255488
0.17	1.42	0.271647
0.18	1.42	0.28784
0.19	1.42	0.304068
0.2	1.42	0.320333
0.21	1.42	0.336636
0.22	1.42	0.352979
0.23	1.42	0.369363
0.24	1.42	0.385789
0.25	1.42	0.402259
0.26	1.42	0.418774
0.27	1.42	0.435334
0.28	1.42	0.451942
0.29	1.42	0.468598
0.3	1.42	0.485302
0.31	1.42	0.502056
0.32	1.42	0.518861
0.33	1.42	0.535716
0.34	1.42	0.552623
0.35	1.42	0.569582
0.36	1.42	0.586594
0.37	1.42	0.603658
0.38	1.42	0.620776
0.39	1.42	0.637947
0.4	1.42	0.655171
0.41	1.42	0.672448
0.42	1.42	0.689778
0.43	1.42	0.707162
0.44	1.42	0.724598
0.45	1.42	0.742086
0.46	1.42	0.759626
0.47	1.42	0.777218
0.48	1.42	0.79486
0.49	1.42	0.812553
0.5	1.42	0.830294
0.51	1.42	0.848084
0.52	1.42	0.865921
0.53	1.42	0.883804
0.54	1.42	0.901732
0.55	1.42	0.919703
0.56	1.42	0.937718
0.57	1.42	0.955772
0.58	1.42	0.973867
0.59	1.42	0.991999
0.6	1.42	1.01017
0.61	1.42	1.02837
0.62	1.42	1.0466
0.63	1.42	1.06487
0.64	1.42	1.08316
0.65	1.42	1.10148
0.66	1.42	1.11982
0.67	1.42	1.13818
0.68	1.42	1.15656
0.69	1.42	1.17496
0.7	1.42	1.19337
0.71	1.42	1.21179
0.72	1.42	1.23022
0.73	1.42	1.24865
0.74	1.42	1.26709
0.75	1.42	1.28553
0.76	1.42	1.30396
0.77	1.42	1.32238
0.78	1.42	1.34079
0.79	1.42	1.35919
0.8	1.42	1.37757
0.81	1.42	1.39592
0.82	1.42	1.41426
0.83	1.42	1.43256
0.84	1.42	1.45083
0.85	1.42	1.46906
0.86	1.42	1.48726
0.87	1.42	1.50541
0.88	1.42	1.52351
0.89	1.42	1.54155
0.9	1.42	1.55954
0.91	1.42	1.57747
0.92	1.42	1.59534
0.93	1.42	1.61313
0.94	1.42	1.63085
0.95	1.42	1.6485
0.96	1.42	1.66606
0.97	1.42	1.68353
0.98	1.42	1.70091
0.99	1.42	1.7182
0	1.43	0
0.01	1.43	0.0159777
0.02	1.43	0.0319576
0.03	1.43	0.0479419
0.04	1.43	0.063933
0.05	1.43	0.0799331
0.06	1.43	0.0959442
0.07	1.43	0.111969
0.08	1.43	0.128009
0.09	1.43	0.144066
0.1	1.43	0.160143
0.11	1.43	0.176243
0.12	1.43	0.192365
0.13	1.43	0.208514
0.14	1.43	0.224691
0.15	1.43	0.240897
0.16	1.43	0.257135
0.17	1.43	0.273406
0.18	1.43	0.289712
0.19	1.43	0.306056
0.2	1.43	0.322437
0.21	1.43	0.338859
0.22	1.43	0.355322
0.23	1.43	0.371829
0.24	1.43	0.388379
0.25	1.43	0.404976
0.26	1.43	0.421619
0.27	1.43	0.438311
0.28	1.43	0.455052
0.29	1.43	0.471843
0.3	1.43	0.488685
0.31	1.43	0.505579
0.32	1.43	0.522526
0.33	1.43	0.539527
0.34	1.43	0.556582
0.35	1.43	0.573691
0.36	1.43	0.590856
0.37	1.43	0.608076
0.38	1.43	0.625352
0.39	1.43	0.642683
0.4	1.43	0.660071
0.41	1.43	0.677515
0.42	1.43	0.695015
0.43	1.43	0.712571
0.44	1.43	0.730182
0.45	1.43	0.747849
0.46	1.43	0.76557
0.47	1.43	0.783345
0.48	1.43	0.801174
0.49	1.43	0.819057
0.5	1.43	0.836991
0.51	1.43	0.854976
0.52	1.43	0.873012
0.53	1.43	0.891096
0.54	1.43	0.909229
0.55	1.43	0.927408
0.56	1.43	0.945633
0.57	1.43	0.963901
0.58	1.43	0.982212
0.59	1.43	1.00056
0.6	1.43	1.01895
0.61	1.43	1.03738
0.62	1.43	1.05584
0.63	1.43	1.07434
0.64	1.43	1.09286
0.65	1.43	1.11142
0.66	1.43	1.13
0.67	1.43	1.1486
0.68	1.43	1.16723
0.69	1.43	1.18587
0.7	1.43	1.20453
0.71	1.43	1.22321
0.72	1.43	1.24189
0.73	1.43	1.26058
0.74	1.43	1.27928
0.75	1.43	1.29798
0.76	1.43	1.31667
0.77	1.43	1.33536
0.78	1.43	1.35404
0.79	1.43	1.37271
0.8	1.43	1.39136
0.81	1.43	1.40999
0.82	1.43	1.4286
0.83	1.43	1.44719
0.84	1.43	1.46574
0.85	1.43	1.48425
0.86	1.43	1.50273
0.87	1.43	1.52116
0.88	1.43	1.53955
0.89	1.43	1.55788
0.9	1.43	1.57616
0.91	1.43	1.59438
0.92	1.43	1.61254
0.93	1.43	1.63062
0.94	1.43	1.64864
0.95	1.43	1.66657
0.96	1.43	1.68443
0.97	1.43	1.70219
0.98	1.43	1.71987
0.99	1.43	1.73745
0	1.44	0
0.01	1.44	0.0160743
0.02	1.44	0.032151
0.03	1.44	0.0482323
0.04	1.44	0.0643207
0.05	1.44	0.0804184
0.06	1.44	0.0965278
0.07	1.44	0.112651
0.08	1.44	0.128791
0.09	1.44	0.144948
0.1	1.44	0.161127
0.11	1.44	0.177328
0.12	1.44	0.193555
0.13	1.44	0.209808
0.14	1.44	0.22609
0.15	1.44	0.242404
0.16	1.44	0.25875
0.17	1.44	0.275132
0.18	1.44	0.29155
0.19	1.44	0.308006
0.2	1.44	0.324503
0.21	1.44	0.341042
0.22	1.44	0.357625
0.23	1.44	0.374252
0.24	1.44	0.390926
0.25	1.44	0.407648
0.26	1.44	0.424419
0.27	1.44	0.44124
0.28	1.44	0.458113
0.29	1.44	0.475039
0.3	1.44	0.492018
0.31	1.44	0.509052
0.32	1.44	0.526141
0.33	1.44	0.543286
0.34	1.44	0.560488
0.35	1.44	0.577748
0.36	1.44	0.595065
0.37	1.44	0.61244
0.38	1.44	0.629874
0.39	1.44	0.647367
0.4	1.44	0.664919
0.41	1.44	0.68253
0.42	1.44	0.700199
0.43	1.44	0.717927
0.44	1.44	0.735714
0.45	1.44	0.753559
0.46	1.44	0.771462
0.47	1.44	0.789422
0.48	1.44	0.807439
0.49	1.44	0.825512
0.5	1.44	0.843639
0.51	1.44	0.861821
0.52	1.44	0.880057
0.53	1.44	0.898344
0.54	1.44	0.916683
0.55	1.44	0.935071
0.56	1.44	0.953507
0.57	1.44	0.971991
0.58	1.44	0.990519
0.59	1.44	1.00909
0.6	1.44	1.02771
0.61	1.44	1.04636
0.62	1.44	1.06505
0.63	1.44	1.08378
0.64	1.44	1.10254
0.65	1.44	1.12133
0.66	1.44	1.14016
0.67	1.44	1.15901
0.68	1.44	1.17788
0.69	1.44	1.19677
0.7	1.44	1.21569
0.71	1.44	1.23462
0.72	1.44	1.25356
0.73	1.44	1.27251
0.74	1.44	1.29147
0.75	1.44	1.31043
0.76	1.44	1.3294
0.77	1.44	1.34836
0.78	1.44	1.36731
0.79	1.44	1.38625
0.8	1.44	1.40518
0.81	1.44	1.42409
0.82	1.44	1.44298
0.83	1.44	1.46185
0.84	1.44	1.48068
0.85	1.44	1.49948
0.86	1.44	1.51825
0.87	1.44	1.53697
0.88	1.44	1.55565
0.89	1.44	1.57427
0.9	1.44	1.59284
0.91	1.44	1.61136
0.92	1.44	1.62981
0.93	1.44	1.64819
0.94	1.44	1.6665
0.95	1.44	1.68473
0.96	1.44	1.70288
0.97	1.44	1.72095
0.98	1.44	1.73892
0.99	1.44	1.7568
0	1.45	0
0.01	1.45	0.0161687
0.02	1.45	0.0323399
0.03	1.45	0.048516
0.04	1.45	0.0646994
0.05	1.45	0.0808926
0.06	1.45	0.097098
0.07	1.45	0.113318
0.08	1.45	0.129555
0.09	1.45	0.145811
0.1	1.45	0.162089
0.11	1.45	0.17839
0.12	1.45	0.194718
0.13	1.45	0.211074
0.14	1.45	0.22746
0.15	1.45	0.243879
0.16	1.45	0.260332
0.17	1.45	0.276822
0.18	1.45	0.29335
0.19	1.45	0.309919
0.2	1.45	0.32653
0.21	1.45	0.343184
0.22	1.45	0.359884
0.23	1.45	0.376631
0.24	1.45	0.393427
0.25	1.45	0.410273
0.26	1.45	0.427171
0.27	1.45	0.444121
0.28	1.45	0.461125
0.29	1.45	0.478184
0.3	1.45	0.495299
0.31	1.45	0.512472
0.32	1.45	0.529702
0.33	1.45	0.546992
0.34	1.45	0.56434
0.35	1.45	0.581749
0.36	1.45	0.599219
0.37	1.45	0.616749
0.38	1.45	0.634341
0.39	1.45	0.651995
0.4	1.45	0.669711
0.41	1.45	0.687488
0.42	1.45	0.705328
0.43	1.45	0.723229
0.44	1.45	0.741191
0.45	1.45	0.759215
0.46	1.45	0.7773
0.47	1.45	0.795446
0.48	1.45	0.813651
0.49	1.45	0.831915
0.5	1.45	0.850237
0.51	1.45	0.868617
0.52	1.45	0.887053
0.53	1.45	0.905544
0.54	1.45	0.92409
0.55	1.45	0.942688
0.56	1.45	0.961338
0.57	1.45	0.980038
0.58	1.45	0.998787
0.59	1.45	1.01758
0.6	1.45	1.03642
0.61	1.45	1.0553
0.62	1.45	1.07423
0.63	1.45	1.09319
0.64	1.45	1.11219
0.65	1.45	1.13123
0.66	1.45	1.15029
0.67	1.45	1.16939
0.68	1.45	1.18851
0.69	1.45	1.20766
0.7	1.45	1.22683
0.71	1.45	1.24602
0.72	1.45	1.26522
0.73	1.45	1.28443
0.74	1.45	1.30366
0.75	1.45	1.32289
0.76	1.45	1.34212
0.77	1.45	1.36136
0.78	1.45	1.38059
0.79	1.45	1.39981
0.8	1.45	1.41902
0.81	1.45	1.43821
0.82	1.45	1.45738
0.83	1.45	1.47654
0.84	1.45	1.49566
0.85	1.45	1.51475
0.86	1.45	1.53381
0.87	1.45	1.55282
0.88	1.45	1.57179
0.89	1.45	1.59072
0.9	1.45	1.60959
0.91	1.45	1.6284
0.92	1.45	1.64715
0.93	1.45	1.66583
0.94	1.45	1.68444
0.95	1.45	1.70297
0.96	1.45	1.72142
0.97	1.45	1.73979
0.98	1.45	1.75807
0.99	1.45	1.77625
0	1.46	0
0.01	1.46	0.0162608
0.02	1.46	0.0325242
0.03	1.46	0.0487926
0.04	1.46	0.0650688
0.05	1.46	0.0813551
0.06	1.46	0.0976542
0.07	1.46	0.113969
0.08	1.46	0.130301
0.09	1.46	0.146653
0.1	1.46	0.163027
0.11	1.46	0.179427
0.12	1.46	0.195854
0.13	1.46	0.21231
0.14	1.46	0.228799
0.15	1.46	0.245321
0.16	1.46	0.261879
0.17	1.46	0.278475
0.18	1.46	0.295112
0.19	1.46	0.311791
0.2	1.46	0.328514
0.21	1.46	0.345282
0.22	1.46	0.362099
0.23	1.46	0.378964
0.24	1.46	0.395881
0.25	1.46	0.412849
0.26	1.46	0.429872
0.27	1.46	0.44695
0.28	1.46	0.464084
0.29	1.46	0.481276
0.3	1.46	0.498526
0.31	1.46	0.515837
0.32	1.46	0.533208
0.33	1.46	0.55064
0.34	1.46	0.568135
0.35	1.46	0.585693
0.36	1.46	0.603314
0.37	1.46	0.621
0.38	1.46	0.63875
0.39	1.46	0.656564
0.4	1.46	0.674443
0.41	1.46	0.692388
0.42	1.46	0.710397
0.43	1.46	0.728471
0.44	1.46	0.74661
0.45	1.46	0.764814
0.46	1.46	0.783081
0.47	1.46	0.801412
0.48	1.46	0.819806
0.49	1.46	0.838263
0.5	1.46	0.85678
0.51	1.46	0.875359
0.52	1.46	0.893997
0.53	1.46	0.912693
0.54	1.46	0.931447
0.55	1.46	0.950258
0.56	1.46	0.969122
0.57	1.46	0.98804
0.58	1.46	1.00701
0.59	1.46	1.02603
0.6	1.46	1.0451
0.61	1.46	1.06421
0.62	1.46	1.08337
0.63	1.46	1.10257
0.64	1.46	1.12181
0.65	1.46	1.14109
0.66	1.46	1.1604
0.67	1.46	1.17975
0.68	1.46	1.19912
0.69	1.46	1.21852
0.7	1.46	1.23795
0.71	1.46	1.2574
0.72	1.46	1.27687
0.73	1.46	1.29635
0.74	1.46	1.31584
0.75	1.46	1.33535
0.76	1.46	1.35486
0.77	1.46	1.37437
0.78	1.46	1.39387
0.79	1.46	1.41338
0.8	1.46	1.43287
0.81	1.46	1.45235
0.82	1.46	1.47181
0.83	1.46	1.49125
0.84	1.46	1.51067
0.85	1.46	1.53006
0.86	1.46	1.54941
0.87	1.46	1.56872
0.88	1.46	1.58799
0.89	1.46	1.60721
0.9	1.46	1.62638
0.91	1.46	1.6455
0.92	1.46	1.66455
0.93	1.46	1.68354
0.94	1.46	1.70245
0.95	1.46	1.72129
0.96	1.46	1.74005
0.97	1.46	1.75873
0.98	1.46	1.77731
0.99	1.46	1.7958
0	1.47	0
0.01	1.47	0.0163504
0.02	1.47	0.0327035
0.03	1.47	0.0490619
0.04	1.47	0.0654283
0.05	1.47	0.0818054
0.06	1.47	0.0981958
0.07	1.47	0.114602
0.08	1.47	0.131027
0.09	1.47	0.147473
0.1	1.47	0.163942
0.11	1.47	0.180438
0.12	1.47	0.196962
0.13	1.47	0.213516
0.14	1.47	0.230104
0.15	1.47	0.246728
0.16	1.47	0.263389
0.17	1.47	0.28009
0.18	1.47	0.296834
0.19	1.47	0.313621
0.2	1.47	0.330454
0.21	1.47	0.347335
0.22	1.47	0.364266
0.23	1.47	0.381248
0.24	1.47	0.398283
0.25	1.47	0.415374
0.26	1.47	0.43252
0.27	1.47	0.449724
0.28	1.47	0.466987
0.29	1.47	0.484311
0.3	1.47	0.501696
0.31	1.47	0.519143
0.32	1.47	0.536654
0.33	1.47	0.554229
0.34	1.47	0.57187
0.35	1.47	0.589576
0.36	1.47	0.607349
0.37	1.47	0.625189
0.38	1.47	0.643096
0.39	1.47	0.661071
0.4	1.47	0.679114
0.41	1.47	0.697226
0.42	1.47	0.715405
0.43	1.47	0.733653
0.44	1.47	0.751968
0.45	1.47	0.770351
0.46	1.47	0.788802
0.47	1.47	0.807319
0.48	1.47	0.825903
0.49	1.47	0.844552
0.5	1.47	0.863266
0.51	1.47	0.882044
0.52	1.47	0.900885
0.53	1.47	0.919788
0.54	1.47	0.938752
0.55	1.47	0.957775
0.56	1.47	0.976856
0.57	1.47	0.995994
0.58	1.47	1.01519
0.59	1.47	1.03443
0.6	1.47	1.05373
0.61	1.47	1.07308
0.62	1.47	1.09247
0.63	1.47	1.11191
0.64	1.47	1.13139
0.65	1.47	1.15092
0.66	1.47	1.17048
0.67	1.47	1.19008
0.68	1.47	1.20971
0.69	1.47	1.22937
0.7	1.47	1.24906
0.71	1.47	1.26877
0.72	1.47	1.2885
0.73	1.47	1.30826
0.74	1.47	1.32802
0.75	1.47	1.3478
0.76	1.47	1.36759
0.77	1.47	1.38738
0.78	1.47	1.40717
0.79	1.47	1.42696
0.8	1.47	1.44674
0.81	1.47	1.46651
0.82	1.47	1.48627
0.83	1.47	1.506
0.84	1.47	1.52571
0.85	1.47	1.5454
0.86	1.47	1.56505
0.87	1.47	1.58466
0.88	1.47	1.60424
0.89	1.47	1.62377
0.9	1.47	1.64324
0.91	1.47	1.66266
0.92	1.47	1.68202
0.93	1.47	1.70132
0.94	1.47	1.72055
0.95	1.47	1.7397
0.96	1.47	1.75877
0.97	1.47	1.77775
0.98	1.47	1.79665
0.99	1.47	1.81545
0	1.48	0
0.01	1.48	0.0164374
0.02	1.48	0.0328776
0.03	1.48	0.0493234
0.04	1.48	0.0657776
0.05	1.48	0.0822429
0.06	1.48	0.0987221
0.07	1.48	0.115218
0.08	1.48	0.131733
0.09	1.48	0.14827
0.1	1.48	0.164832
0.11	1.48	0.181421
0.12	1.48	0.19804
0.13	1.48	0.214691
0.14	1.48	0.231376
0.15	1.48	0.248099
0.16	1.48	0.264861
0.17	1.48	0.281665
0.18	1.48	0.298513
0.19	1.48	0.315406
0.2	1.48	0.332348
0.21	1.48	0.34934
0.22	1.48	0.366383
0.23	1.48	0.383481
0.24	1.48	0.400634
0.25	1.48	0.417844
0.26	1.48	0.435113
0.27	1.48	0.452442
0.28	1.48	0.469833
0.29	1.48	0.487287
0.3	1.48	0.504805
0.31	1.48	0.522389
0.32	1.48	0.540038
0.33	1.48	0.557755
0.34	1.48	0.575541
0.35	1.48	0.593395
0.36	1.48	0.611319
0.37	1.48	0.629313
0.38	1.48	0.647377
0.39	1.48	0.665513
0.4	1.48	0.68372
0.41	1.48	0.701998
0.42	1.48	0.720348
0.43	1.48	0.738769
0.44	1.48	0.757261
0.45	1.48	0.775824
0.46	1.48	0.794458
0.47	1.48	0.813163
0.48	1.48	0.831937
0.49	1.48	0.85078
0.5	1.48	0.869691
0.51	1.48	0.88867
0.52	1.48	0.907715
0.53	1.48	0.926825
0.54	1.48	0.946
0.55	1.48	0.965237
0.56	1.48	0.984536
0.57	1.48	1.0039
0.58	1.48	1.02331
0.59	1.48	1.04279
0.6	1.48	1.06232
0.61	1.48	1.0819
0.62	1.48	1.10153
0.63	1.48	1.12121
0.64	1.48	1.14094
0.65	1.48	1.16071
0.66	1.48	1.18052
0.67	1.48	1.20038
0.68	1.48	1.22026
0.69	1.48	1.24019
0.7	1.48	1.26014
0.71	1.48	1.28012
0.72	1.48	1.30012
0.73	1.48	1.32015
0.74	1.48	1.34019
0.75	1.48	1.36025
0.76	1.48	1.38032
0.77	1.48	1.40039
0.78	1.48	1.42047
0.79	1.48	1.44055
0.8	1.48	1.46062
0.81	1.48	1.48069
0.82	1.48	1.50074
0.83	1.48	1.52077
0.84	1.48	1.54079
0.85	1.48	1.56077
0.86	1.48	1.58073
0.87	1.48	1.60065
0.88	1.48	1.62053
0.89	1.48	1.64037
0.9	1.48	1.66016
0.91	1.48	1.67989
0.92	1.48	1.69956
0.93	1.48	1.71917
0.94	1.48	1.73871
0.95	1.48	1.75818
0.96	1.48	1.77757
0.97	1.48	1.79687
0.98	1.48	1.81608
0.99	1.48	1.8352
0	1.49	0
0.01	1.49	0.0165217
0.02	1.49	0.0330464
0.03	1.49	0.0495769
0.04	1.49	0.0661161
0.05	1.49	0.082667
0.06	1.49	0.0992323
0.07	1.49	0.115815
0.08	1.49	0.132418
0.09	1.49	0.149044
0.1	1.49	0.165695
0.11	1.49	0.182375
0.12	1.49	0.199087
0.13	1.49	0.215831
0.14	1.49	0.232612
0.15	1.49	0.249432
0.16	1.49	0.266293
0.17	1.49	0.283197
0.18	1.49	0.300147
0.19	1.49	0.317145
0.2	1.49	0.334194
0.21	1.49	0.351294
0.22	1.49	0.368449
0.23	1.49	0.38566
0.24	1.49	0.402929
0.25	1.49	0.420258
0.26	1.49	0.437648
0.27	1.49	0.455101
0.28	1.49	0.472618
0.29	1.49	0.490201
0.3	1.49	0.507852
0.31	1.49	0.52557
0.32	1.49	0.543358
0.33	1.49	0.561216
0.34	1.49	0.579146
0.35	1.49	0.597147
0.36	1.49	0.615222
0.37	1.49	0.633369
0.38	1.49	0.651591
0.39	1.49	0.669887
0.4	1.49	0.688257
0.41	1.49	0.706702
0.42	1.49	0.725222
0.43	1.49	0.743816
0.44	1.49	0.762486
0.45	1.49	0.78123
0.46	1.49	0.800048
0.47	1.49	0.81894
0.48	1.49	0.837905
0.49	1.49	0.856942
0.5	1.49	0.876051
0.51	1.49	0.895232
0.52	1.49	0.914482
0.53	1.49	0.933801
0.54	1.49	0.953188
0.55	1.49	0.972641
0.56	1.49	0.99216
0.57	1.49	1.01174
0.58	1.49	1.03139
0.59	1.49	1.05109
0.6	1.49	1.07085
0.61	1.49	1.09067
0.62	1.49	1.11054
0.63	1.49	1.13047
0.64	1.49	1.15044
0.65	1.49	1.17047
0.66	1.49	1.19053
0.67	1.49	1.21064
0.68	1.49	1.23079
0.69	1.49	1.25098
0.7	1.49	1.2712
0.71	1.49	1.29145
0.72	1.49	1.31173
0.73	1.49	1.33203
0.74	1.49	1.35235
0.75	1.49	1.37269
0.76	1.49	1.39304
0.77	1.49	1.41341
0.78	1.49	1.43377
0.79	1.49	1.45415
0.8	1.49	1.47451
0.81	1.49	1.49488
0.82	1.49	1.51523
0.83	1.49	1.53557
0.84	1.49	1.55588
0.85	1.49	1.57618
0.86	1.49	1.59644
0.87	1.49	1.61668
0.88	1.49	1.63687
0.89	1.49	1.65702
0.9	1.49	1.67712
0.91	1.49	1.69717
0.92	1.49	1.71717
0.93	1.49	1.7371
0.94	1.49	1.75696
0.95	1.49	1.77674
0.96	1.49	1.79645
0.97	1.49	1.81608
0.98	1.49	1.83561
0.99	1.49	1.85505
0	1.5	0
0.01	1.5	0.0166032
0.02	1.5	0.0332095
0.03	1.5	0.0498218
0.04	1.5	0.0664433
0.05	1.5	0.083077
0.06	1.5	0.0997258
0.07	1.5	0.116393
0.08	1.5	0.133081
0.09	1.5	0.149793
0.1	1.5	0.166531
0.11	1.5	0.1833
0.12	1.5	0.200101
0.13	1.5	0.216937
0.14	1.5	0.233811
0.15	1.5	0.250725
0.16	1.5	0.267682
0.17	1.5	0.284685
0.18	1.5	0.301735
0.19	1.5	0.318836
0.2	1.5	0.335989
0.21	1.5	0.353196
0.22	1.5	0.370461
0.23	1.5	0.387783
0.24	1.5	0.405167
0.25	1.5	0.422612
0.26	1.5	0.440122
0.27	1.5	0.457697
0.28	1.5	0.47534
0.29	1.5	0.493051
0.3	1.5	0.510832
0.31	1.5	0.528685
0.32	1.5	0.54661
0.33	1.5	0.564608
0.34	1.5	0.582681
0.35	1.5	0.600829
0.36	1.5	0.619054
0.37	1.5	0.637355
0.38	1.5	0.655733
0.39	1.5	0.674188
0.4	1.5	0.692722
0.41	1.5	0.711334
0.42	1.5	0.730024
0.43	1.5	0.748792
0.44	1.5	0.767639
0.45	1.5	0.786564
0.46	1.5	0.805567
0.47	1.5	0.824646
0.48	1.5	0.843803
0.49	1.5	0.863036
0.5	1.5	0.882344
0.51	1.5	0.901727
0.52	1.5	0.921183
0.53	1.5	0.940712
0.54	1.5	0.960313
0.55	1.5	0.979983
0.56	1.5	0.999722
0.57	1.5	1.01953
0.58	1.5	1.0394
0.59	1.5	1.05934
0.6	1.5	1.07933
0.61	1.5	1.09939
0.62	1.5	1.11951
0.63	1.5	1.13968
0.64	1.5	1.1599
0.65	1.5	1.18018
0.66	1.5	1.2005
0.67	1.5	1.22087
0.68	1.5	1.24128
0.69	1.5	1.26174
0.7	1.5	1.28223
0.71	1.5	1.30275
0.72	1.5	1.3233
0.73	1.5	1.34389
0.74	1.5	1.36449
0.75	1.5	1.38512
0.76	1.5	1.40576
0.77	1.5	1.42641
0.78	1.5	1.44708
0.79	1.5	1.46775
0.8	1.5	1.48842
0.81	1.5	1.50908
0.82	1.5	1.52974
0.83	1.5	1.55038
0.84	1.5	1.57101
0.85	1.5	1.59162
0.86	1.5	1.61219
0.87	1.5	1.63274
0.88	1.5	1.65325
0.89	1.5	1.67372
0.9	1.5	1.69415
0.91	1.5	1.71452
0.92	1.5	1.73483
0.93	1.5	1.75509
0.94	1.5	1.77527
0.95	1.5	1.79538
0.96	1.5	1.81542
0.97	1.5	1.83537
0.98	1.5	1.85523
0.99	1.5	1.875
0	1.51	0
0.01	1.51	0.0166817
0.02	1.51	0.0333667
0.03	1.51	0.0500579
0.04	1.51	0.0667588
0.05	1.51	0.0834723
0.06	1.51	0.100202
0.07	1.51	0.11695
0.08	1.51	0.13372
0.09	1.51	0.150515
0.1	1.51	0.167339
0.11	1.51	0.184193
0.12	1.51	0.201081
0.13	1.51	0.218006
0.14	1.51	0.23497
0.15	1.51	0.251977
0.16	1.51	0.269028
0.17	1.51	0.286126
0.18	1.51	0.303275
0.19	1.51	0.320476
0.2	1.51	0.337731
0.21	1.51	0.355044
0.22	1.51	0.372415
0.23	1.51	0.389848
0.24	1.51	0.407344
0.25	1.51	0.424905
0.26	1.51	0.442532
0.27	1.51	0.460229
0.28	1.51	0.477995
0.29	1.51	0.495833
0.3	1.51	0.513744
0.31	1.51	0.53173
0.32	1.51	0.549791
0.33	1.51	0.567929
0.34	1.51	0.586144
0.35	1.51	0.604438
0.36	1.51	0.622812
0.37	1.51	0.641265
0.38	1.51	0.659799
0.39	1.51	0.678415
0.4	1.51	0.697112
0.41	1.51	0.71589
0.42	1.51	0.734751
0.43	1.51	0.753693
0.44	1.51	0.772717
0.45	1.51	0.791823
0.46	1.51	0.811011
0.47	1.51	0.830279
0.48	1.51	0.849628
0.49	1.51	0.869057
0.5	1.51	0.888565
0.51	1.51	0.908151
0.52	1.51	0.927815
0.53	1.51	0.947555
0.54	1.51	0.96737
0.55	1.51	0.987259
0.56	1.51	1.00722
0.57	1.51	1.02725
0.58	1.51	1.04735
0.59	1.51	1.06752
0.6	1.51	1.08776
0.61	1.51	1.10806
0.62	1.51	1.12842
0.63	1.51	1.14884
0.64	1.51	1.16931
0.65	1.51	1.18984
0.66	1.51	1.21043
0.67	1.51	1.23106
0.68	1.51	1.25174
0.69	1.51	1.27246
0.7	1.51	1.29322
0.71	1.51	1.31402
0.72	1.51	1.33486
0.73	1.51	1.35572
0.74	1.51	1.37662
0.75	1.51	1.39753
0.76	1.51	1.41847
0.77	1.51	1.43942
0.78	1.51	1.46038
0.79	1.51	1.48135
0.8	1.51	1.50232
0.81	1.51	1.52329
0.82	1.51	1.54426
0.83	1.51	1.56522
0.84	1.51	1.58616
0.85	1.51	1.60708
0.86	1.51	1.62798
0.87	1.51	1.64884
0.88	1.51	1.66968
0.89	1.51	1.69047
0.9	1.51	1.71122
0.91	1.51	1.73192
0.92	1.51	1.75256
0.93	1.51	1.77315
0.94	1.51	1.79366
0.95	1.51	1.81411
0.96	1.51	1.83447
0.97	1.51	1.85476
0.98	1.51	1.87495
0.99	1.51	1.89505
0	1.52	0
0.01	1.52	0.0167572
0.02	1.52	0.0335177
0.03	1.52	0.0502848
0.04	1.52	0.0670619
0.05	1.52	0.0838522
0.06	1.52	0.100659
0.07	1.52	0.117486
0.08	1.52	0.134335
0.09	1.52	0.151211
0.1	1.52	0.168116
0.11	1.52	0.185053
0.12	1.52	0.202026
0.13	1.52	0.219036
0.14	1.52	0.236089
0.15	1.52	0.253185
0.16	1.52	0.270327
0.17	1.52	0.28752
0.18	1.52	0.304764
0.19	1.52	0.322063
0.2	1.52	0.339419
0.21	1.52	0.356834
0.22	1.52	0.374311
0.23	1.52	0.391851
0.24	1.52	0.409458
0.25	1.52	0.427132
0.26	1.52	0.444876
0.27	1.52	0.462692
0.28	1.52	0.480581
0.29	1.52	0.498544
0.3	1.52	0.516584
0.31	1.52	0.534701
0.32	1.52	0.552897
0.33	1.52	0.571174
0.34	1.52	0.589531
0.35	1.52	0.60797
0.36	1.52	0.626492
0.37	1.52	0.645098
0.38	1.52	0.663788
0.39	1.52	0.682563
0.4	1.52	0.701422
0.41	1.52	0.720368
0.42	1.52	0.739398
0.43	1.52	0.758515
0.44	1.52	0.777717
0.45	1.52	0.797004
0.46	1.52	0.816377
0.47	1.52	0.835834
0.48	1.52	0.855376
0.49	1.52	0.875002
0.5	1.52	0.89471
0.51	1.52	0.914501
0.52	1.52	0.934373
0.53	1.52	0.954325
0.54	1.52	0.974356
0.55	1.52	0.994465
0.56	1.52	1.01465
0.57	1.52	1.03491
0.58	1.52	1.05524
0.59	1.52	1.07565
0.6	1.52	1.09612
0.61	1.52	1.11666
0.62	1.52	1.13727
0.63	1.52	1.15794
0.64	1.52	1.17867
0.65	1.52	1.19946
0.66	1.52	1.22031
0.67	1.52	1.2412
0.68	1.52	1.26215
0.69	1.52	1.28315
0.7	1.52	1.30419
0.71	1.52	1.32527
0.72	1.52	1.34638
0.73	1.52	1.36754
0.74	1.52	1.38872
0.75	1.52	1.40993
0.76	1.52	1.43116
0.77	1.52	1.45241
0.78	1.52	1.47367
0.79	1.52	1.49495
0.8	1.52	1.51623
0.81	1.52	1.53751
0.82	1.52	1.55879
0.83	1.52	1.58007
0.84	1.52	1.60133
0.85	1.52	1.62257
0.86	1.52	1.64379
0.87	1.52	1.66498
0.88	1.52	1.68614
0.89	1.52	1.70727
0.9	1.52	1.72835
0.91	1.52	1.74938
0.92	1.52	1.77035
0.93	1.52	1.79127
0.94	1.52	1.81212
0.95	1.52	1.8329
0.96	1.52	1.85361
0.97	1.52	1.87423
0.98	1.52	1.89476
0.99	1.52	1.9152
0	1.53	0
0.01	1.53	0.0168294
0.02	1.53	0.0336622
0.03	1.53	0.050502
0.04	1.53	0.0673521
0.05	1.53	0.0842161
0.06	1.53	0.101097
0.07	1.53	0.117999
0.08	1.53	0.134925
0.09	1.53	0.151878
0.1	1.53	0.168862
0.11	1.53	0.185879
0.12	1.53	0.202933
0.13	1.53	0.220027
0.14	1.53	0.237164
0.15	1.53	0.254347
0.16	1.53	0.271579
0.17	1.53	0.288862
0.18	1.53	0.3062
0.19	1.53	0.323594
0.2	1.53	0.341048
0.21	1.53	0.358564
0.22	1.53	0.376144
0.23	1.53	0.393791
0.24	1.53	0.411506
0.25	1.53	0.429292
0.26	1.53	0.447151
0.27	1.53	0.465084
0.28	1.53	0.483094
0.29	1.53	0.501181
0.3	1.53	0.519348
0.31	1.53	0.537596
0.32	1.53	0.555926
0.33	1.53	0.57434
0.34	1.53	0.592838
0.35	1.53	0.611422
0.36	1.53	0.630092
0.37	1.53	0.648849
0.38	1.53	0.667694
0.39	1.53	0.686628
0.4	1.53	0.70565
0.41	1.53	0.724762
0.42	1.53	0.743963
0.43	1.53	0.763253
0.44	1.53	0.782633
0.45	1.53	0.802103
0.46	1.53	0.821661
0.47	1.53	0.841308
0.48	1.53	0.861043
0.49	1.53	0.880866
0.5	1.53	0.900776
0.51	1.53	0.920772
0.52	1.53	0.940854
0.53	1.53	0.961019
0.54	1.53	0.981268
0.55	1.53	1.0016
0.56	1.53	1.02201
0.57	1.53	1.0425
0.58	1.53	1.06306
0.59	1.53	1.08371
0.6	1.53	1.10442
0.61	1.53	1.12521
0.62	1.53	1.14606
0.63	1.53	1.16699
0.64	1.53	1.18798
0.65	1.53	1.20903
0.66	1.53	1.23014
0.67	1.53	1.2513
0.68	1.53	1.27252
0.69	1.53	1.29379
0.7	1.53	1.31511
0.71	1.53	1.33647
0.72	1.53	1.35788
0.73	1.53	1.37932
0.74	1.53	1.4008
0.75	1.53	1.4223
0.76	1.53	1.44383
0.77	1.53	1.46539
0.78	1.53	1.48696
0.79	1.53	1.50854
0.8	1.53	1.53014
0.81	1.53	1.55174
0.82	1.53	1.57334
0.83	1.53	1.59493
0.84	1.53	1.61651
0.85	1.53	1.63808
0.86	1.53	1.65963
0.87	1.53	1.68116
0.88	1.53	1.70265
0.89	1.53	1.72411
0.9	1.53	1.74552
0.91	1.53	1.76689
0.92	1.53	1.78821
0.93	1.53	1.80946
0.94	1.53	1.83066
0.95	1.53	1.85178
0.96	1.53	1.87283
0.97	1.53	1.89379
0.98	1.53	1.91467
0.99	1.53	1.93545
0	1.54	0
0.01	1.54	0.0168982
0.02	1.54	0.0338
0.03	1.54	0.050709
0.04	1.54	0.0676289
0.05	1.54	0.0845632
0.06	1.54	0.101516
0.07	1.54	0.118489
0.08	1.54	0.135488
0.09	1.54	0.152515
0.1	1.54	0.169574
0.11	1.54	0.186669
0.12	1.54	0.203801
0.13	1.54	0.220976
0.14	1.54	0.238195
0.15	1.54	0.255462
0.16	1.54	0.27278
0.17	1.54	0.290152
0.18	1.54	0.30758
0.19	1.54	0.325068
0.2	1.54	0.342618
0.21	1.54	0.360232
0.22	1.54	0.377913
0.23	1.54	0.395664
0.24	1.54	0.413486
0.25	1.54	0.431382
0.26	1.54	0.449353
0.27	1.54	0.467403
0.28	1.54	0.485531
0.29	1.54	0.503741
0.3	1.54	0.522034
0.31	1.54	0.540411
0.32	1.54	0.558874
0.33	1.54	0.577424
0.34	1.54	0.596062
0.35	1.54	0.61479
0.36	1.54	0.633607
0.37	1.54	0.652515
0.38	1.54	0.671515
0.39	1.54	0.690607
0.4	1.54	0.709792
0.41	1.54	0.72907
0.42	1.54	0.748441
0.43	1.54	0.767905
0.44	1.54	0.787463
0.45	1.54	0.807115
0.46	1.54	0.826859
0.47	1.54	0.846696
0.48	1.54	0.866626
0.49	1.54	0.886647
0.5	1.54	0.906759
0.51	1.54	0.926961
0.52	1.54	0.947253
0.53	1.54	0.967633
0.54	1.54	0.9881
0.55	1.54	1.00865
0.56	1.54	1.02929
0.57	1.54	1.05001
0.58	1.54	1.07081
0.59	1.54	1.09169
0.6	1.54	1.11265
0.61	1.54	1.13369
0.62	1.54	1.15479
0.63	1.54	1.17597
0.64	1.54	1.19722
0.65	1.54	1.21853
0.66	1.54	1.23991
0.67	1.54	1.26135
0.68	1.54	1.28284
0.69	1.54	1.30439
0.7	1.54	1.32599
0.71	1.54	1.34764
0.72	1.54	1.36934
0.73	1.54	1.39107
0.74	1.54	1.41285
0.75	1.54	1.43465
0.76	1.54	1.45649
0.77	1.54	1.47835
0.78	1.54	1.50023
0.79	1.54	1.52213
0.8	1.54	1.54404
0.81	1.54	1.56596
0.82	1.54	1.58789
0.83	1.54	1.6098
0.84	1.54	1.63172
0.85	1.54	1.65362
0.86	1.54	1.6755
0.87	1.54	1.69736
0.88	1.54	1.71919
0.89	1.54	1.74099
0.9	1.54	1.76275
0.91	1.54	1.78446
0.92	1.54	1.80612
0.93	1.54	1.82772
0.94	1.54	1.84926
0.95	1.54	1.87073
0.96	1.54	1.89213
0.97	1.54	1.91344
0.98	1.54	1.93467
0.99	1.54	1.9558
0	1.55	0
0.01	1.55	0.0169635
0.02	1.55	0.0339307
0.03	1.55	0.0509055
0.04	1.55	0.0678916
0.05	1.55	0.0848928
0.06	1.55	0.101913
0.07	1.55	0.118955
0.08	1.55	0.136024
0.09	1.55	0.153122
0.1	1.55	0.170253
0.11	1.55	0.187421
0.12	1.55	0.204629
0.13	1.55	0.221881
0.14	1.55	0.239179
0.15	1.55	0.256528
0.16	1.55	0.273929
0.17	1.55	0.291386
0.18	1.55	0.308903
0.19	1.55	0.326481
0.2	1.55	0.344124
0.21	1.55	0.361834
0.22	1.55	0.379614
0.23	1.55	0.397467
0.24	1.55	0.415393
0.25	1.55	0.433397
0.26	1.55	0.45148
0.27	1.55	0.469643
0.28	1.55	0.48789
0.29	1.55	0.506221
0.3	1.55	0.524638
0.31	1.55	0.543143
0.32	1.55	0.561738
0.33	1.55	0.580423
0.34	1.55	0.5992
0.35	1.55	0.61807
0.36	1.55	0.637033
0.37	1.55	0.656092
0.38	1.55	0.675246
0.39	1.55	0.694496
0.4	1.55	0.713843
0.41	1.55	0.733287
0.42	1.55	0.752828
0.43	1.55	0.772467
0.44	1.55	0.792203
0.45	1.55	0.812036
0.46	1.55	0.831967
0.47	1.55	0.851995
0.48	1.55	0.872119
0.49	1.55	0.892339
0.5	1.55	0.912654
0.51	1.55	0.933064
0.52	1.55	0.953567
0.53	1.55	0.974163
0.54	1.55	0.99485
0.55	1.55	1.01563
0.56	1.55	1.03649
0.57	1.55	1.05745
0.58	1.55	1.07848
0.59	1.55	1.09961
0.6	1.55	1.12081
0.61	1.55	1.14209
0.62	1.55	1.16345
0.63	1.55	1.18489
0.64	1.55	1.2064
0.65	1.55	1.22798
0.66	1.55	1.24963
0.67	1.55	1.27134
0.68	1.55	1.29311
0.69	1.55	1.31494
0.7	1.55	1.33683
0.71	1.55	1.35877
0.72	1.55	1.38076
0.73	1.55	1.40279
0.74	1.55	1.42486
0.75	1.55	1.44698
0.76	1.55	1.46912
0.77	1.55	1.49129
0.78	1.55	1.51349
0.79	1.55	1.53571
0.8	1.55	1.55794
0.81	1.55	1.58019
0.82	1.55	1.60244
0.83	1.55	1.62469
0.84	1.55	1.64693
0.85	1.55	1.66917
0.86	1.55	1.69139
0.87	1.55	1.71359
0.88	1.55	1.73577
0.89	1.55	1.75791
0.9	1.55	1.78001
0.91	1.55	1.80208
0.92	1.55	1.82409
0.93	1.55	1.84604
0.94	1.55	1.86794
0.95	1.55	1.88976
0.96	1.55	1.91151
0.97	1.55	1.93318
0.98	1.55	1.95476
0.99	1.55	1.97625
0	1.56	0
0.01	1.56	0.017025
0.02	1.56	0.034054
0.03	1.56	0.0510909
0.04	1.56	0.0681396
0.05	1.56	0.085204
0.06	1.56	0.102288
0.07	1.56	0.119395
0.08	1.56	0.13653
0.09	1.56	0.153696
0.1	1.56	0.170896
0.11	1.56	0.188134
0.12	1.56	0.205415
0.13	1.56	0.22274
0.14	1.56	0.240115
0.15	1.56	0.257541
0.16	1.56	0.275023
0.17	1.56	0.292563
0.18	1.56	0.310165
0.19	1.56	0.327831
0.2	1.56	0.345565
0.21	1.56	0.363369
0.22	1.56	0.381245
0.23	1.56	0.399197
0.24	1.56	0.417226
0.25	1.56	0.435335
0.26	1.56	0.453527
0.27	1.56	0.471803
0.28	1.56	0.490165
0.29	1.56	0.508616
0.3	1.56	0.527156
0.31	1.56	0.545788
0.32	1.56	0.564513
0.33	1.56	0.583332
0.34	1.56	0.602247
0.35	1.56	0.621258
0.36	1.56	0.640368
0.37	1.56	0.659576
0.38	1.56	0.678883
0.39	1.56	0.698291
0.4	1.56	0.7178
0.41	1.56	0.737409
0.42	1.56	0.75712
0.43	1.56	0.776933
0.44	1.56	0.796847
0.45	1.56	0.816863
0.46	1.56	0.836981
0.47	1.56	0.857199
0.48	1.56	0.877519
0.49	1.56	0.897938
0.5	1.56	0.918457
0.51	1.56	0.939075
0.52	1.56	0.959791
0.53	1.56	0.980604
0.54	1.56	1.00151
0.55	1.56	1.02251
0.56	1.56	1.04361
0.57	1.56	1.0648
0.58	1.56	1.08607
0.59	1.56	1.10744
0.6	1.56	1.12889
0.61	1.56	1.15042
0.62	1.56	1.17204
0.63	1.56	1.19374
0.64	1.56	1.21551
0.65	1.56	1.23736
0.66	1.56	1.25928
0.67	1.56	1.28127
0.68	1.56	1.30332
0.69	1.56	1.32544
0.7	1.56	1.34762
0.71	1.56	1.36985
0.72	1.56	1.39213
0.73	1.56	1.41447
0.74	1.56	1.43685
0.75	1.56	1.45927
0.76	1.56	1.48173
0.77	1.56	1.50422
0.78	1.56	1.52673
0.79	1.56	1.54927
0.8	1.56	1.57183
0.81	1.56	1.59441
0.82	1.56	1.61699
0.83	1.56	1.63958
0.84	1.56	1.66216
0.85	1.56	1.68474
0.86	1.56	1.70731
0.87	1.56	1.72985
0.88	1.56	1.75238
0.89	1.56	1.77487
0.9	1.56	1.79733
0.91	1.56	1.81974
0.92	1.56	1.84211
0.93	1.56	1.86443
0.94	1.56	1.88668
0.95	1.56	1.90886
0.96	1.56	1.93097
0.97	1.56	1.953
0.98	1.56	1.97495
0.99	1.56	1.9968
0	1.57	0
0.01	1.57	0.0170828
0.02	1.57	0.0341696
0.03	1.57	0.0512647
0.04	1.57	0.0683722
0.05	1.57	0.085496
0.06	1.57	0.10264
0.07	1.57	0.119809
0.08	1.57	0.137006
0.09	1.57	0.154235
0.1	1.57	0.171501
0.11	1.57	0.188806
0.12	1.57	0.206156
0.13	1.57	0.223552
0.14	1.57	0.240999
0.15	1.57	0.258501
0.16	1.57	0.27606
0.17	1.57	0.29368
0.18	1.57	0.311364
0.19	1.57	0.329116
0.2	1.57	0.346937
0.21	1.57	0.364832
0.22	1.57	0.382802
0.23	1.57	0.400851
0.24	1.57	0.418981
0.25	1.57	0.437194
0.26	1.57	0.455492
0.27	1.57	0.473879
0.28	1.57	0.492355
0.29	1.57	0.510923
0.3	1.57	0.529585
0.31	1.57	0.548342
0.32	1.57	0.567195
0.33	1.57	0.586147
0.34	1.57	0.605199
0.35	1.57	0.624351
0.36	1.57	0.643605
0.37	1.57	0.662962
0.38	1.57	0.682423
0.39	1.57	0.701988
0.4	1.57	0.721657
0.41	1.57	0.741433
0.42	1.57	0.761313
0.43	1.57	0.7813
0.44	1.57	0.801393
0.45	1.57	0.821592
0.46	1.57	0.841896
0.47	1.57	0.862306
0.48	1.57	0.882821
0.49	1.57	0.903441
0.5	1.57	0.924165
0.51	1.57	0.944992
0.52	1.57	0.965921
0.53	1.57	0.986951
0.54	1.57	1.00808
0.55	1.57	1.02931
0.56	1.57	1.05064
0.57	1.57	1.07206
0.58	1.57	1.09358
0.59	1.57	1.11519
0.6	1.57	1.13689
0.61	1.57	1.15868
0.62	1.57	1.18055
0.63	1.57	1.20251
0.64	1.57	1.22455
0.65	1.57	1.24667
0.66	1.57	1.26887
0.67	1.57	1.29113
0.68	1.57	1.31347
0.69	1.57	1.33588
0.7	1.57	1.35835
0.71	1.57	1.38088
0.72	1.57	1.40346
0.73	1.57	1.4261
0.74	1.57	1.44879
0.75	1.57	1.47153
0.76	1.57	1.4943
0.77	1.57	1.51711
0.78	1.57	1.53995
0.79	1.57	1.56282
0.8	1.57	1.58571
0.81	1.57	1.60862
0.82	1.57	1.63154
0.83	1.57	1.65447
0.84	1.57	1.6774
0.85	1.57	1.70032
0.86	1.57	1.72324
0.87	1.57	1.74614
0.88	1.57	1.76902
0.89	1.57	1.79187
0.9	1.57	1.81469
0.91	1.57	1.83746
0.92	1.57	1.86019
0.93	1.57	1.88287
0.94	1.57	1.90549
0.95	1.57	1.92804
0.96	1.57	1.95052
0.97	1.57	1.97292
0.98	1.57	1.99523
0.99	1.57	2.01745
0	1.58	0
0.01	1.58	0.0171364
0.02	1.58	0.0342772
0.03	1.58	0.0514265
0.04	1.58	0.0685887
0.05	1.58	0.085768
0.06	1.58	0.102969
0.07	1.58	0.120195
0.08	1.58	0.137451
0.09	1.58	0.15474
0.1	1.58	0.172067
0.11	1.58	0.189436
0.12	1.58	0.20685
0.13	1.58	0.224314
0.14	1.58	0.24183
0.15	1.58	0.259404
0.16	1.58	0.277037
0.17	1.58	0.294734
0.18	1.58	0.312497
0.19	1.58	0.330331
0.2	1.58	0.348238
0.21	1.58	0.366221
0.22	1.58	0.384282
0.23	1.58	0.402426
0.24	1.58	0.420653
0.25	1.58	0.438968
0.26	1.58	0.457371
0.27	1.58	0.475866
0.28	1.58	0.494455
0.29	1.58	0.513139
0.3	1.58	0.53192
0.31	1.58	0.550801
0.32	1.58	0.569782
0.33	1.58	0.588866
0.34	1.58	0.608053
0.35	1.58	0.627345
0.36	1.58	0.646743
0.37	1.58	0.666248
0.38	1.58	0.685861
0.39	1.58	0.705582
0.4	1.58	0.725413
0.41	1.58	0.745353
0.42	1.58	0.765403
0.43	1.58	0.785564
0.44	1.58	0.805835
0.45	1.58	0.826217
0.46	1.58	0.846708
0.47	1.58	0.86731
0.48	1.58	0.888022
0.49	1.58	0.908842
0.5	1.58	0.929771
0.51	1.58	0.950808
0.52	1.58	0.971952
0.53	1.58	0.993202
0.54	1.58	1.01456
0.55	1.58	1.03601
0.56	1.58	1.05757
0.57	1.58	1.07923
0.58	1.58	1.10099
0.59	1.58	1.12285
0.6	1.58	1.1448
0.61	1.58	1.16685
0.62	1.58	1.18898
0.63	1.58	1.2112
0.64	1.58	1.23351
0.65	1.58	1.25591
0.66	1.58	1.27838
0.67	1.58	1.30093
0.68	1.58	1.32356
0.69	1.58	1.34626
0.7	1.58	1.36902
0.71	1.58	1.39185
0.72	1.58	1.41474
0.73	1.58	1.43769
0.74	1.58	1.46069
0.75	1.58	1.48374
0.76	1.58	1.50684
0.77	1.58	1.52997
0.78	1.58	1.55314
0.79	1.58	1.57635
0.8	1.58	1.59957
0.81	1.58	1.62282
0.82	1.58	1.64609
0.83	1.58	1.66936
0.84	1.58	1.69264
0.85	1.58	1.71592
0.86	1.58	1.73919
0.87	1.58	1.76245
0.88	1.58	1.78569
0.89	1.58	1.8089
0.9	1.58	1.83208
0.91	1.58	1.85523
0.92	1.58	1.87833
0.93	1.58	1.90137
0.94	1.58	1.92436
0.95	1.58	1.94729
0.96	1.58	1.97014
0.97	1.58	1.99292
0.98	1.58	2.0156
0.99	1.58	2.0382
0	1.59	0
0.01	1.59	0.0171859
0.02	1.59	0.0343763
0.03	1.59	0.0515757
0.04	1.59	0.0687885
0.05	1.59	0.0860191
0.06	1.59	0.103272
0.07	1.59	0.120551
0.08	1.59	0.137862
0.09	1.59	0.155207
0.1	1.59	0.172592
0.11	1.59	0.190021
0.12	1.59	0.207497
0.13	1.59	0.225024
0.14	1.59	0.242606
0.15	1.59	0.260248
0.16	1.59	0.277952
0.17	1.59	0.295722
0.18	1.59	0.313562
0.19	1.59	0.331475
0.2	1.59	0.349464
0.21	1.59	0.367532
0.22	1.59	0.385683
0.23	1.59	0.403918
0.24	1.59	0.422241
0.25	1.59	0.440655
0.26	1.59	0.459161
0.27	1.59	0.477763
0.28	1.59	0.496461
0.29	1.59	0.515259
0.3	1.59	0.534159
0.31	1.59	0.553161
0.32	1.59	0.572269
0.33	1.59	0.591482
0.34	1.59	0.610804
0.35	1.59	0.630235
0.36	1.59	0.649775
0.37	1.59	0.669428
0.38	1.59	0.689192
0.39	1.59	0.709069
0.4	1.59	0.72906
0.41	1.59	0.749166
0.42	1.59	0.769385
0.43	1.59	0.78972
0.44	1.59	0.810169
0.45	1.59	0.830734
0.46	1.59	0.851413
0.47	1.59	0.872207
0.48	1.59	0.893115
0.49	1.59	0.914138
0.5	1.59	0.935273
0.51	1.59	0.956521
0.52	1.59	0.97788
0.53	1.59	0.99935
0.54	1.59	1.02093
0.55	1.59	1.04262
0.56	1.59	1.06441
0.57	1.59	1.08631
0.58	1.59	1.10831
0.59	1.59	1.13042
0.6	1.59	1.15262
0.61	1.59	1.17493
0.62	1.59	1.19732
0.63	1.59	1.21981
0.64	1.59	1.2424
0.65	1.59	1.26507
0.66	1.59	1.28782
0.67	1.59	1.31066
0.68	1.59	1.33358
0.69	1.59	1.35657
0.7	1.59	1.37963
0.71	1.59	1.40277
0.72	1.59	1.42597
0.73	1.59	1.44923
0.74	1.59	1.47255
0.75	1.59	1.49592
0.76	1.59	1.51934
0.77	1.59	1.5428
0.78	1.59	1.56631
0.79	1.59	1.58985
0.8	1.59	1.61342
0.81	1.59	1.63701
0.82	1.59	1.66062
0.83	1.59	1.68425
0.84	1.59	1.70788
0.85	1.59	1.73152
0.86	1.59	1.75515
0.87	1.59	1.77878
0.88	1.59	1.80238
0.89	1.59	1.82597
0.9	1.59	1.84952
0.91	1.59	1.87304
0.92	1.59	1.89651
0.93	1.59	1.91994
0.94	1.59	1.94331
0.95	1.59	1.96661
0.96	1.59	1.98985
0.97	1.59	2.013
0.98	1.59	2.03607
0.99	1.59	2.05905
0	1.6	0
0.01	1.6	0.017231
0.02	1.6	0.0344666
0.03	1.6	0.0517116
0.04	1.6	0.0689707
0.05	1.6	0.0862483
0.06	1.6	0.103549
0.07	1.6	0.120878
0.08	1.6	0.138239
0.09	1.6	0.155636
0.1	1.6	0.173075
0.11	1.6	0.190559
0.12	1.6	0.208092
0.13	1.6	0.225679
0.14	1.6	0.243324
0.15	1.6	0.26103
0.16	1.6	0.278802
0.17	1.6	0.296642
0.18	1.6	0.314555
0.19	1.6	0.332544
0.2	1.6	0.350612
0.21	1.6	0.368763
0.22	1.6	0.387
0.23	1.6	0.405324
0.24	1.6	0.423741
0.25	1.6	0.442251
0.26	1.6	0.460858
0.27	1.6	0.479563
0.28	1.6	0.49837
0.29	1.6	0.51728
0.3	1.6	0.536296
0.31	1.6	0.555419
0.32	1.6	0.574651
0.33	1.6	0.593994
0.34	1.6	0.613448
0.35	1.6	0.633016
0.36	1.6	0.652699
0.37	1.6	0.672498
0.38	1.6	0.692413
0.39	1.6	0.712446
0.4	1.6	0.732596
0.41	1.6	0.752866
0.42	1.6	0.773255
0.43	1.6	0.793763
0.44	1.6	0.814391
0.45	1.6	0.835139
0.46	1.6	0.856006
0.47	1.6	0.876992
0.48	1.6	0.898098
0.49	1.6	0.919322
0.5	1.6	0.940664
0.51	1.6	0.962124
0.52	1.6	0.9837
0.53	1.6	1.00539
0.54	1.6	1.0272
0.55	1.6	1.04911
0.56	1.6	1.07115
0.57	1.6	1.09329
0.58	1.6	1.11553
0.59	1.6	1.13789
0.6	1.6	1.16035
0.61	1.6	1.18291
0.62	1.6	1.20557
0.63	1.6	1.22834
0.64	1.6	1.25119
0.65	1.6	1.27414
0.66	1.6	1.29718
0.67	1.6	1.32031
0.68	1.6	1.34352
0.69	1.6	1.36681
0.7	1.6	1.39018
0.71	1.6	1.41362
0.72	1.6	1.43713
0.73	1.6	1.46071
0.74	1.6	1.48435
0.75	1.6	1.50805
0.76	1.6	1.5318
0.77	1.6	1.5556
0.78	1.6	1.57944
0.79	1.6	1.60332
0.8	1.6	1.62724
0.81	1.6	1.65118
0.82	1.6	1.67515
0.83	1.6	1.69913
0.84	1.6	1.72313
0.85	1.6	1.74713
0.86	1.6	1.77113
0.87	1.6	1.79512
0.88	1.6	1.8191
0.89	1.6	1.84306
0.9	1.6	1.86699
0.91	1.6	1.89089
0.92	1.6	1.91475
0.93	1.6	1.93856
0.94	1.6	1.96231
0.95	1.6	1.98601
0.96	1.6	2.00963
0.97	1.6	2.03317
0.98	1.6	2.05663
0.99	1.6	2.08
0	1.61	0
0.01	1.61	0.0172714
0.02	1.61	0.0345477
0.03	1.61	0.0518338
0.04	1.61	0.0691345
0.05	1.61	0.0864547
0.06	1.61	0.103799
0.07	1.61	0.121172
0.08	1.61	0.13858
0.09	1.61	0.156025
0.1	1.61	0.173513
0.11	1.61	0.191048
0.12	1.61	0.208636
0.13	1.61	0.226279
0.14	1.61	0.243982
0.15	1.61	0.261749
0.16	1.61	0.279584
0.17	1.61	0.297491
0.18	1.61	0.315474
0.19	1.61	0.333535
0.2	1.61	0.35168
0.21	1.61	0.36991
0.22	1.61	0.38823
0.23	1.61	0.406641
0.24	1.61	0.425148
0.25	1.61	0.443752
0.26	1.61	0.462457
0.27	1.61	0.481265
0.28	1.61	0.500178
0.29	1.61	0.519198
0.3	1.61	0.538328
0.31	1.61	0.55757
0.32	1.61	0.576925
0.33	1.61	0.596395
0.34	1.61	0.615981
0.35	1.61	0.635686
0.36	1.61	0.655509
0.37	1.61	0.675453
0.38	1.61	0.695518
0.39	1.61	0.715706
0.4	1.61	0.736016
0.41	1.61	0.75645
0.42	1.61	0.777007
0.43	1.61	0.797689
0.44	1.61	0.818495
0.45	1.61	0.839426
0.46	1.61	0.860481
0.47	1.61	0.881661
0.48	1.61	0.902964
0.49	1.61	0.924391
0.5	1.61	0.945941
0.51	1.61	0.967613
0.52	1.61	0.989406
0.53	1.61	1.01132
0.54	1.61	1.03335
0.55	1.61	1.0555
0.56	1.61	1.07777
0.57	1.61	1.10015
0.58	1.61	1.12265
0.59	1.61	1.14526
0.6	1.61	1.16798
0.61	1.61	1.1908
0.62	1.61	1.21373
0.63	1.61	1.23676
0.64	1.61	1.2599
0.65	1.61	1.28313
0.66	1.61	1.30646
0.67	1.61	1.32987
0.68	1.61	1.35338
0.69	1.61	1.37698
0.7	1.61	1.40065
0.71	1.61	1.4244
0.72	1.61	1.44823
0.73	1.61	1.47213
0.74	1.61	1.4961
0.75	1.61	1.52012
0.76	1.61	1.54421
0.77	1.61	1.56835
0.78	1.61	1.59253
0.79	1.61	1.61676
0.8	1.61	1.64103
0.81	1.61	1.66533
0.82	1.61	1.68966
0.83	1.61	1.714
0.84	1.61	1.73837
0.85	1.61	1.76274
0.86	1.61	1.78711
0.87	1.61	1.81148
0.88	1.61	1.83584
0.89	1.61	1.86018
0.9	1.61	1.8845
0.91	1.61	1.90879
0.92	1.61	1.93303
0.93	1.61	1.95724
0.94	1.61	1.98138
0.95	1.61	2.00547
0.96	1.61	2.02949
0.97	1.61	2.05343
0.98	1.61	2.07729
0.99	1.61	2.10105
0	1.62	0
0.01	1.62	0.0173071
0.02	1.62	0.0346192
0.03	1.62	0.0519416
0.04	1.62	0.0692792
0.05	1.62	0.0866372
0.06	1.62	0.10402
0.07	1.62	0.121434
0.08	1.62	0.138883
0.09	1.62	0.156371
0.1	1.62	0.173905
0.11	1.62	0.191487
0.12	1.62	0.209124
0.13	1.62	0.226818
0.14	1.62	0.244576
0.15	1.62	0.2624
0.16	1.62	0.280295
0.17	1.62	0.298265
0.18	1.62	0.316314
0.19	1.62	0.334445
0.2	1.62	0.352663
0.21	1.62	0.370969
0.22	1.62	0.389369
0.23	1.62	0.407864
0.24	1.62	0.426458
0.25	1.62	0.445154
0.26	1.62	0.463955
0.27	1.62	0.482862
0.28	1.62	0.501879
0.29	1.62	0.521008
0.3	1.62	0.540251
0.31	1.62	0.559609
0.32	1.62	0.579086
0.33	1.62	0.598682
0.34	1.62	0.618399
0.35	1.62	0.638238
0.36	1.62	0.658201
0.37	1.62	0.67829
0.38	1.62	0.698504
0.39	1.62	0.718845
0.4	1.62	0.739314
0.41	1.62	0.759912
0.42	1.62	0.780638
0.43	1.62	0.801493
0.44	1.62	0.822478
0.45	1.62	0.843592
0.46	1.62	0.864835
0.47	1.62	0.886208
0.48	1.62	0.90771
0.49	1.62	0.92934
0.5	1.62	0.951098
0.51	1.62	0.972983
0.52	1.62	0.994995
0.53	1.62	1.01713
0.54	1.62	1.03939
0.55	1.62	1.06178
0.56	1.62	1.08429
0.57	1.62	1.10691
0.58	1.62	1.12966
0.59	1.62	1.15252
0.6	1.62	1.1755
0.61	1.62	1.19859
0.62	1.62	1.22179
0.63	1.62	1.24509
0.64	1.62	1.26851
0.65	1.62	1.29202
0.66	1.62	1.31564
0.67	1.62	1.33936
0.68	1.62	1.36316
0.69	1.62	1.38706
0.7	1.62	1.41105
0.71	1.62	1.43511
0.72	1.62	1.45926
0.73	1.62	1.48349
0.74	1.62	1.50778
0.75	1.62	1.53214
0.76	1.62	1.55657
0.77	1.62	1.58105
0.78	1.62	1.60558
0.79	1.62	1.63017
0.8	1.62	1.65479
0.81	1.62	1.67945
0.82	1.62	1.70414
0.83	1.62	1.72886
0.84	1.62	1.7536
0.85	1.62	1.77834
0.86	1.62	1.8031
0.87	1.62	1.82785
0.88	1.62	1.8526
0.89	1.62	1.87733
0.9	1.62	1.90204
0.91	1.62	1.92672
0.92	1.62	1.95136
0.93	1.62	1.97597
0.94	1.62	2.00051
0.95	1.62	2.025
0.96	1.62	2.04942
0.97	1.62	2.07377
0.98	1.62	2.09803
0.99	1.62	2.1222
0	1.63	0
0.01	1.63	0.0173377
0.02	1.63	0.0346807
0.03	1.63	0.0520343
0.04	1.63	0.0694039
0.05	1.63	0.0867948
0.06	1.63	0.104212
0.07	1.63	0.121661
0.08	1.63	0.139146
0.09	1.63	0.156674
0.1	1.63	0.174248
0.11	1.63	0.191873
0.12	1.63	0.209554
0.13	1.63	0.227297
0.14	1.63	0.245104
0.15	1.63	0.262982
0.16	1.63	0.280933
0.17	1.63	0.298962
0.18	1.63	0.317074
0.19	1.63	0.335271
0.2	1.63	0.353557
0.21	1.63	0.371937
0.22	1.63	0.390414
0.23	1.63	0.40899
0.24	1.63	0.427669
0.25	1.63	0.446454
0.26	1.63	0.465348
0.27	1.63	0.484352
0.28	1.63	0.503471
0.29	1.63	0.522706
0.3	1.63	0.542059
0.31	1.63	0.561533
0.32	1.63	0.581129
0.33	1.63	0.600849
0.34	1.63	0.620695
0.35	1.63	0.640669
0.36	1.63	0.660771
0.37	1.63	0.681002
0.38	1.63	0.701365
0.39	1.63	0.72186
0.4	1.63	0.742487
0.41	1.63	0.763247
0.42	1.63	0.784141
0.43	1.63	0.80517
0.44	1.63	0.826333
0.45	1.63	0.84763
0.46	1.63	0.869062
0.47	1.63	0.890628
0.48	1.63	0.912329
0.49	1.63	0.934163
0.5	1.63	0.95613
0.51	1.63	0.97823
0.52	1.63	1.00046
0.53	1.63	1.02282
0.54	1.63	1.04531
0.55	1.63	1.06793
0.56	1.63	1.09068
0.57	1.63	1.11355
0.58	1.63	1.13655
0.59	1.63	1.15967
0.6	1.63	1.18291
0.61	1.63	1.20626
0.62	1.63	1.22974
0.63	1.63	1.25332
0.64	1.63	1.27702
0.65	1.63	1.30082
0.66	1.63	1.32473
0.67	1.63	1.34874
0.68	1.63	1.37285
0.69	1.63	1.39706
0.7	1.63	1.42136
0.71	1.63	1.44575
0.72	1.63	1.47022
0.73	1.63	1.49477
0.74	1.63	1.5194
0.75	1.63	1.5441
0.76	1.63	1.56887
0.77	1.63	1.5937
0.78	1.63	1.61859
0.79	1.63	1.64353
0.8	1.63	1.66852
0.81	1.63	1.69354
0.82	1.63	1.71861
0.83	1.63	1.7437
0.84	1.63	1.76881
0.85	1.63	1.79395
0.86	1.63	1.81909
0.87	1.63	1.84423
0.88	1.63	1.86937
0.89	1.63	1.8945
0.9	1.63	1.91961
0.91	1.63	1.94469
0.92	1.63	1.96974
0.93	1.63	1.99475
0.94	1.63	2.0197
0.95	1.63	2.0446
0.96	1.63	2.06944
0.97	1.63	2.09419
0.98	1.63	2.11887
0.99	1.63	2.14345
0	1.64	0
0.01	1.64	0.017363
0.02	1.64	0.0347316
0.03	1.64	0.0521113
0.04	1.64	0.0695077
0.05	1.64	0.0869262
0.06	1.64	0.104372
0.07	1.64	0.121852
0.08	1.64	0.139369
0.09	1.64	0.15693
0.1	1.64	0.17454
0.11	1.64	0.192203
0.12	1.64	0.209925
0.13	1.64	0.227711
0.14	1.64	0.245564
0.15	1.64	0.26349
0.16	1.64	0.281494
0.17	1.64	0.299578
0.18	1.64	0.317748
0.19	1.64	0.336008
0.2	1.64	0.354361
0.21	1.64	0.37281
0.22	1.64	0.39136
0.23	1.64	0.410014
0.24	1.64	0.428775
0.25	1.64	0.447647
0.26	1.64	0.466631
0.27	1.64	0.48573
0.28	1.64	0.504948
0.29	1.64	0.524287
0.3	1.64	0.543749
0.31	1.64	0.563336
0.32	1.64	0.58305
0.33	1.64	0.602893
0.34	1.64	0.622867
0.35	1.64	0.642973
0.36	1.64	0.663212
0.37	1.64	0.683586
0.38	1.64	0.704096
0.39	1.64	0.724743
0.4	1.64	0.745528
0.41	1.64	0.766451
0.42	1.64	0.787513
0.43	1.64	0.808714
0.44	1.64	0.830055
0.45	1.64	0.851536
0.46	1.64	0.873156
0.47	1.64	0.894917
0.48	1.64	0.916816
0.49	1.64	0.938855
0.5	1.64	0.961032
0.51	1.64	0.983346
0.52	1.64	1.0058
0.53	1.64	1.02839
0.54	1.64	1.05111
0.55	1.64	1.07397
0.56	1.64	1.09695
0.57	1.64	1.12007
0.58	1.64	1.14332
0.59	1.64	1.1667
0.6	1.64	1.1902
0.61	1.64	1.21383
0.62	1.64	1.23757
0.63	1.64	1.26144
0.64	1.64	1.28542
0.65	1.64	1.30952
0.66	1.64	1.33372
0.67	1.64	1.35803
0.68	1.64	1.38245
0.69	1.64	1.40697
0.7	1.64	1.43159
0.71	1.64	1.4563
0.72	1.64	1.4811
0.73	1.64	1.50599
0.74	1.64	1.53095
0.75	1.64	1.556
0.76	1.64	1.58111
0.77	1.64	1.6063
0.78	1.64	1.63155
0.79	1.64	1.65685
0.8	1.64	1.6822
0.81	1.64	1.7076
0.82	1.64	1.73304
0.83	1.64	1.75852
0.84	1.64	1.78402
0.85	1.64	1.80954
0.86	1.64	1.83507
0.87	1.64	1.86062
0.88	1.64	1.88616
0.89	1.64	1.91169
0.9	1.64	1.93721
0.91	1.64	1.9627
0.92	1.64	1.98816
0.93	1.64	2.01358
0.94	1.64	2.03895
0.95	1.64	2.06427
0.96	1.64	2.08952
0.97	1.64	2.1147
0.98	1.64	2.1398
0.99	1.64	2.1648
0	1.65	0
0.01	1.65	0.0173829
0.02	1.65	0.0347715
0.03	1.65	0.0521718
0.04	1.65	0.0695896
0.05	1.65	0.0870305
0.06	1.65	0.1045
0.07	1.65	0.122004
0.08	1.65	0.139549
0.09	1.65	0.157138
0.1	1.65	0.174779
0.11	1.65	0.192475
0.12	1.65	0.210233
0.13	1.65	0.228057
0.14	1.65	0.245952
0.15	1.65	0.263923
0.16	1.65	0.281974
0.17	1.65	0.30011
0.18	1.65	0.318335
0.19	1.65	0.336653
0.2	1.65	0.355068
0.21	1.65	0.373584
0.22	1.65	0.392205
0.23	1.65	0.410933
0.24	1.65	0.429773
0.25	1.65	0.448728
0.26	1.65	0.4678
0.27	1.65	0.486992
0.28	1.65	0.506307
0.29	1.65	0.525747
0.3	1.65	0.545316
0.31	1.65	0.565014
0.32	1.65	0.584844
0.33	1.65	0.604808
0.34	1.65	0.624908
0.35	1.65	0.645145
0.36	1.65	0.665521
0.37	1.65	0.686036
0.38	1.65	0.706693
0.39	1.65	0.727491
0.4	1.65	0.748433
0.41	1.65	0.769518
0.42	1.65	0.790747
0.43	1.65	0.812121
0.44	1.65	0.83364
0.45	1.65	0.855304
0.46	1.65	0.877114
0.47	1.65	0.899068
0.48	1.65	0.921167
0.49	1.65	0.94341
0.5	1.65	0.965798
0.51	1.65	0.988328
0.52	1.65	1.011
0.53	1.65	1.03382
0.54	1.65	1.05677
0.55	1.65	1.07987
0.56	1.65	1.1031
0.57	1.65	1.12647
0.58	1.65	1.14997
0.59	1.65	1.17361
0.6	1.65	1.19737
0.61	1.65	1.22127
0.62	1.65	1.24529
0.63	1.65	1.26944
0.64	1.65	1.29371
0.65	1.65	1.3181
0.66	1.65	1.34261
0.67	1.65	1.36722
0.68	1.65	1.39195
0.69	1.65	1.41679
0.7	1.65	1.44172
0.71	1.65	1.46676
0.72	1.65	1.49189
0.73	1.65	1.51712
0.74	1.65	1.54243
0.75	1.65	1.56782
0.76	1.65	1.59329
0.77	1.65	1.61883
0.78	1.65	1.64444
0.79	1.65	1.67012
0.8	1.65	1.69585
0.81	1.65	1.72162
0.82	1.65	1.74745
0.83	1.65	1.77331
0.84	1.65	1.7992
0.85	1.65	1.82512
0.86	1.65	1.85106
0.87	1.65	1.877
0.88	1.65	1.90295
0.89	1.65	1.92889
0.9	1.65	1.95483
0.91	1.65	1.98074
0.92	1.65	2.00662
0.93	1.65	2.03246
0.94	1.65	2.05826
0.95	1.65	2.084
0.96	1.65	2.10968
0.97	1.65	2.13529
0.98	1.65	2.16082
0.99	1.65	2.18625
0	1.66	0
0.01	1.66	0.0173969
0.02	1.66	0.0348
0.03	1.66	0.0522152
0.04	1.66	0.0696486
0.05	1.66	0.0871062
0.06	1.66	0.104594
0.07	1.66	0.122118
0.08	1.66	0.139683
0.09	1.66	0.157296
0.1	1.66	0.174963
0.11	1.66	0.192687
0.12	1.66	0.210476
0.13	1.66	0.228334
0.14	1.66	0.246265
0.15	1.66	0.264276
0.16	1.66	0.282371
0.17	1.66	0.300553
0.18	1.66	0.318829
0.19	1.66	0.337202
0.2	1.66	0.355676
0.21	1.66	0.374255
0.22	1.66	0.392942
0.23	1.66	0.411742
0.24	1.66	0.430658
0.25	1.66	0.449693
0.26	1.66	0.46885
0.27	1.66	0.488132
0.28	1.66	0.507541
0.29	1.66	0.527081
0.3	1.66	0.546754
0.31	1.66	0.566561
0.32	1.66	0.586506
0.33	1.66	0.60659
0.34	1.66	0.626814
0.35	1.66	0.647181
0.36	1.66	0.667691
0.37	1.66	0.688347
0.38	1.66	0.709149
0.39	1.66	0.730098
0.4	1.66	0.751196
0.41	1.66	0.772443
0.42	1.66	0.793839
0.43	1.66	0.815386
0.44	1.66	0.837082
0.45	1.66	0.85893
0.46	1.66	0.880928
0.47	1.66	0.903077
0.48	1.66	0.925376
0.49	1.66	0.947825
0.5	1.66	0.970423
0.51	1.66	0.99317
0.52	1.66	1.01607
0.53	1.66	1.03911
0.54	1.66	1.0623
0.55	1.66	1.08563
0.56	1.66	1.10911
0.57	1.66	1.13273
0.58	1.66	1.15649
0.59	1.66	1.18038
0.6	1.66	1.20442
0.61	1.66	1.22859
0.62	1.66	1.25289
0.63	1.66	1.27733
0.64	1.66	1.30189
0.65	1.66	1.32657
0.66	1.66	1.35138
0.67	1.66	1.3763
0.68	1.66	1.40135
0.69	1.66	1.4265
0.7	1.66	1.45176
0.71	1.66	1.47713
0.72	1.66	1.5026
0.73	1.66	1.52816
0.74	1.66	1.55382
0.75	1.66	1.57957
0.76	1.66	1.6054
0.77	1.66	1.6313
0.78	1.66	1.65728
0.79	1.66	1.68333
0.8	1.66	1.70944
0.81	1.66	1.7356
0.82	1.66	1.76182
0.83	1.66	1.78807
0.84	1.66	1.81436
0.85	1.66	1.84068
0.86	1.66	1.86703
0.87	1.66	1.89339
0.88	1.66	1.91975
0.89	1.66	1.94611
0.9	1.66	1.97247
0.91	1.66	1.9988
0.92	1.66	2.02512
0.93	1.66	2.05139
0.94	1.66	2.07762
0.95	1.66	2.1038
0.96	1.66	2.12992
0.97	1.66	2.15596
0.98	1.66	2.18193
0.99	1.66	2.2078
0	1.67	0
0.01	1.67	0.017405
0.02	1.67	0.0348164
0.03	1.67	0.0522405
0.04	1.67	0.0696836
0.05	1.67	0.0871521
0.06	1.67	0.104652
0.07	1.67	0.12219
0.08	1.67	0.139771
0.09	1.67	0.157402
0.1	1.67	0.175089
0.11	1.67	0.192836
0.12	1.67	0.21065
0.13	1.67	0.228537
0.14	1.67	0.2465
0.15	1.67	0.264546
0.16	1.67	0.28268
0.17	1.67	0.300906
0.18	1.67	0.319228
0.19	1.67	0.337651
0.2	1.67	0.35618
0.21	1.67	0.374818
0.22	1.67	0.393569
0.23	1.67	0.412437
0.24	1.67	0.431425
0.25	1.67	0.450538
0.26	1.67	0.469777
0.27	1.67	0.489146
0.28	1.67	0.508647
0.29	1.67	0.528284
0.3	1.67	0.548059
0.31	1.67	0.567974
0.32	1.67	0.588031
0.33	1.67	0.608232
0.34	1.67	0.628579
0.35	1.67	0.649074
0.36	1.67	0.669719
0.37	1.67	0.690513
0.38	1.67	0.71146
0.39	1.67	0.732559
0.4	1.67	0.753812
0.41	1.67	0.77522
0.42	1.67	0.796783
0.43	1.67	0.818502
0.44	1.67	0.840376
0.45	1.67	0.862407
0.46	1.67	0.884594
0.47	1.67	0.906937
0.48	1.67	0.929436
0.49	1.67	0.952091
0.5	1.67	0.974901
0.51	1.67	0.997866
0.52	1.67	1.02098
0.53	1.67	1.04426
0.54	1.67	1.06768
0.55	1.67	1.09125
0.56	1.67	1.11498
0.57	1.67	1.13885
0.58	1.67	1.16287
0.59	1.67	1.18703
0.6	1.67	1.21133
0.61	1.67	1.23578
0.62	1.67	1.26036
0.63	1.67	1.28508
0.64	1.67	1.30994
0.65	1.67	1.33492
0.66	1.67	1.36003
0.67	1.67	1.38527
0.68	1.67	1.41063
0.69	1.67	1.43611
0.7	1.67	1.4617
0.71	1.67	1.4874
0.72	1.67	1.51321
0.73	1.67	1.53912
0.74	1.67	1.56513
0.75	1.67	1.59123
0.76	1.67	1.61743
0.77	1.67	1.6437
0.78	1.67	1.67006
0.79	1.67	1.69648
0.8	1.67	1.72298
0.81	1.67	1.74953
0.82	1.67	1.77614
0.83	1.67	1.8028
0.84	1.67	1.8295
0.85	1.67	1.85623
0.86	1.67	1.88299
0.87	1.67	1.90976
0.88	1.67	1.93655
0.89	1.67	1.96334
0.9	1.67	1.99013
0.91	1.67	2.0169
0.92	1.67	2.04365
0.93	1.67	2.07036
0.94	1.67	2.09704
0.95	1.67	2.12366
0.96	1.67	2.15022
0.97	1.67	2.17672
0.98	1.67	2.20313
0.99	1.67	2.22945
0	1.68	0
0.01	1.68	0.0174068
0.02	1.68	0.0348202
0.03	1.68	0.0522469
0.04	1.68	0.0696936
0.05	1.68	0.0871668
0.06	1.68	0.104673
0.07	1.68	0.122218
0.08	1.68	0.13981
0.09	1.68	0.157453
0.1	1.68	0.175154
0.11	1.68	0.192919
0.12	1.68	0.210753
0.13	1.68	0.228663
0.14	1.68	0.246654
0.15	1.68	0.264731
0.16	1.68	0.282898
0.17	1.68	0.301162
0.18	1.68	0.319526
0.19	1.68	0.337996
0.2	1.68	0.356576
0.21	1.68	0.375269
0.22	1.68	0.39408
0.23	1.68	0.413012
0.24	1.68	0.43207
0.25	1.68	0.451257
0.26	1.68	0.470575
0.27	1.68	0.490028
0.28	1.68	0.509619
0.29	1.68	0.529351
0.3	1.68	0.549226
0.31	1.68	0.569246
0.32	1.68	0.589413
0.33	1.68	0.60973
0.34	1.68	0.630199
0.35	1.68	0.650821
0.36	1.68	0.671597
0.37	1.68	0.69253
0.38	1.68	0.71362
0.39	1.68	0.734868
0.4	1.68	0.756276
0.41	1.68	0.777844
0.42	1.68	0.799573
0.43	1.68	0.821463
0.44	1.68	0.843515
0.45	1.68	0.865729
0.46	1.68	0.888105
0.47	1.68	0.910643
0.48	1.68	0.933343
0.49	1.68	0.956205
0.5	1.68	0.979227
0.51	1.68	1.00241
0.52	1.68	1.02575
0.53	1.68	1.04925
0.54	1.68	1.07291
0.55	1.68	1.09673
0.56	1.68	1.1207
0.57	1.68	1.14483
0.58	1.68	1.1691
0.59	1.68	1.19353
0.6	1.68	1.21811
0.61	1.68	1.24283
0.62	1.68	1.2677
0.63	1.68	1.29271
0.64	1.68	1.31786
0.65	1.68	1.34315
0.66	1.68	1.36857
0.67	1.68	1.39412
0.68	1.68	1.4198
0.69	1.68	1.4456
0.7	1.68	1.47152
0.71	1.68	1.49756
0.72	1.68	1.52372
0.73	1.68	1.54998
0.74	1.68	1.57635
0.75	1.68	1.60281
0.76	1.68	1.62937
0.77	1.68	1.65602
0.78	1.68	1.68276
0.79	1.68	1.70957
0.8	1.68	1.73646
0.81	1.68	1.76341
0.82	1.68	1.79042
0.83	1.68	1.81748
0.84	1.68	1.84459
0.85	1.68	1.87174
0.86	1.68	1.89893
0.87	1.68	1.92613
0.88	1.68	1.95335
0.89	1.68	1.98058
0.9	1.68	2.0078
0.91	1.68	2.03502
0.92	1.68	2.06221
0.93	1.68	2.08938
0.94	1.68	2.1165
0.95	1.68	2.14358
0.96	1.68	2.1706
0.97	1.68	2.19755
0.98	1.68	2.22442
0.99	1.68	2.2512
0	1.69	0
0.01	1.69	0.0174019
0.02	1.69	0.0348108
0.03	1.69	0.0522336
0.04	1.69	0.0696773
0.05	1.69	0.0871488
0.06	1.69	0.104655
0.07	1.69	0.122202
0.08	1.69	0.139797
0.09	1.69	0.157446
0.1	1.69	0.175156
0.11	1.69	0.192933
0.12	1.69	0.210782
0.13	1.69	0.22871
0.14	1.69	0.246722
0.15	1.69	0.264824
0.16	1.69	0.283021
0.17	1.69	0.301319
0.18	1.69	0.319721
0.19	1.69	0.338233
0.2	1.69	0.356859
0.21	1.69	0.375603
0.22	1.69	0.39447
0.23	1.69	0.413464
0.24	1.69	0.432588
0.25	1.69	0.451846
0.26	1.69	0.47124
0.27	1.69	0.490775
0.28	1.69	0.510453
0.29	1.69	0.530276
0.3	1.69	0.550249
0.31	1.69	0.570372
0.32	1.69	0.590648
0.33	1.69	0.611079
0.34	1.69	0.631667
0.35	1.69	0.652414
0.36	1.69	0.673322
0.37	1.69	0.694391
0.38	1.69	0.715623
0.39	1.69	0.73702
0.4	1.69	0.758582
0.41	1.69	0.780309
0.42	1.69	0.802204
0.43	1.69	0.824266
0.44	1.69	0.846495
0.45	1.69	0.868892
0.46	1.69	0.891457
0.47	1.69	0.91419
0.48	1.69	0.937091
0.49	1.69	0.960159
0.5	1.69	0.983395
0.51	1.69	1.0068
0.52	1.69	1.03036
0.53	1.69	1.0541
0.54	1.69	1.07799
0.55	1.69	1.10205
0.56	1.69	1.12627
0.57	1.69	1.15065
0.58	1.69	1.17519
0.59	1.69	1.19989
0.6	1.69	1.22474
0.61	1.69	1.24974
0.62	1.69	1.2749
0.63	1.69	1.3002
0.64	1.69	1.32565
0.65	1.69	1.35124
0.66	1.69	1.37697
0.67	1.69	1.40284
0.68	1.69	1.42884
0.69	1.69	1.45497
0.7	1.69	1.48123
0.71	1.69	1.50762
0.72	1.69	1.53412
0.73	1.69	1.56074
0.74	1.69	1.58746
0.75	1.69	1.6143
0.76	1.69	1.64123
0.77	1.69	1.66826
0.78	1.69	1.69538
0.79	1.69	1.72259
0.8	1.69	1.74987
0.81	1.69	1.77722
0.82	1.69	1.80464
0.83	1.69	1.83212
0.84	1.69	1.85966
0.85	1.69	1.88723
0.86	1.69	1.91484
0.87	1.69	1.94248
0.88	1.69	1.97014
0.89	1.69	1.99782
0.9	1.69	2.02549
0.91	1.69	2.05316
0.92	1.69	2.08081
0.93	1.69	2.10843
0.94	1.69	2.13602
0.95	1.69	2.16356
0.96	1.69	2.19105
0.97	1.69	2.21846
0.98	1.69	2.2458
0.99	1.69	2.27305
0	1.7	0
0.01	1.7	0.0173901
0.02	1.7	0.0347876
0.03	1.7	0.0521997
0.04	1.7	0.0696336
0.05	1.7	0.0870966
0.06	1.7	0.104596
0.07	1.7	0.122138
0.08	1.7	0.13973
0.09	1.7	0.15738
0.1	1.7	0.175092
0.11	1.7	0.192874
0.12	1.7	0.210733
0.13	1.7	0.228673
0.14	1.7	0.246702
0.15	1.7	0.264824
0.16	1.7	0.283045
0.17	1.7	0.301371
0.18	1.7	0.319806
0.19	1.7	0.338356
0.2	1.7	0.357025
0.21	1.7	0.375816
0.22	1.7	0.394736
0.23	1.7	0.413787
0.24	1.7	0.432973
0.25	1.7	0.452299
0.26	1.7	0.471766
0.27	1.7	0.49138
0.28	1.7	0.511142
0.29	1.7	0.531055
0.3	1.7	0.551122
0.31	1.7	0.571346
0.32	1.7	0.591728
0.33	1.7	0.612272
0.34	1.7	0.632978
0.35	1.7	0.653849
0.36	1.7	0.674886
0.37	1.7	0.696091
0.38	1.7	0.717464
0.39	1.7	0.739008
0.4	1.7	0.760723
0.41	1.7	0.78261
0.42	1.7	0.804669
0.43	1.7	0.826902
0.44	1.7	0.849308
0.45	1.7	0.871888
0.46	1.7	0.894643
0.47	1.7	0.917571
0.48	1.7	0.940673
0.49	1.7	0.963949
0.5	1.7	0.987397
0.51	1.7	1.01102
0.52	1.7	1.03481
0.53	1.7	1.05878
0.54	1.7	1.08291
0.55	1.7	1.10721
0.56	1.7	1.13169
0.57	1.7	1.15632
0.58	1.7	1.18113
0.59	1.7	1.20609
0.6	1.7	1.23122
0.61	1.7	1.2565
0.62	1.7	1.28195
0.63	1.7	1.30754
0.64	1.7	1.33329
0.65	1.7	1.35919
0.66	1.7	1.38524
0.67	1.7	1.41143
0.68	1.7	1.43776
0.69	1.7	1.46422
0.7	1.7	1.49082
0.71	1.7	1.51755
0.72	1.7	1.54441
0.73	1.7	1.57138
0.74	1.7	1.59848
0.75	1.7	1.62568
0.76	1.7	1.653
0.77	1.7	1.68041
0.78	1.7	1.70792
0.79	1.7	1.73552
0.8	1.7	1.76321
0.81	1.7	1.79098
0.82	1.7	1.81881
0.83	1.7	1.84671
0.84	1.7	1.87467
0.85	1.7	1.90268
0.86	1.7	1.93073
0.87	1.7	1.95882
0.88	1.7	1.98693
0.89	1.7	2.01505
0.9	1.7	2.04318
0.91	1.7	2.07131
0.92	1.7	2.09943
0.93	1.7	2.12752
0.94	1.7	2.15558
0.95	1.7	2.1836
0.96	1.7	2.21156
0.97	1.7	2.23945
0.98	1.7	2.26727
0.99	1.7	2.295
0	1.71	0
0.01	1.71	0.0173711
0.02	1.71	0.0347499
0.03	1.71	0.052144
0.04	1.71	0.069561
0.05	1.71	0.0870085
0.06	1.71	0.104494
0.07	1.71	0.122024
0.08	1.71	0.139608
0.09	1.71	0.15725
0.1	1.71	0.174959
0.11	1.71	0.192741
0.12	1.71	0.210602
0.13	1.71	0.228549
0.14	1.71	0.246588
0.15	1.71	0.264725
0.16	1.71	0.282966
0.17	1.71	0.301315
0.18	1.71	0.319779
0.19	1.71	0.338362
0.2	1.71	0.357068
0.21	1.71	0.375903
0.22	1.71	0.394871
0.23	1.71	0.413976
0.24	1.71	0.433221
0.25	1.71	0.452611
0.26	1.71	0.472149
0.27	1.71	0.491837
0.28	1.71	0.511681
0.29	1.71	0.531681
0.3	1.71	0.551841
0.31	1.71	0.572163
0.32	1.71	0.59265
0.33	1.71	0.613304
0.34	1.71	0.634126
0.35	1.71	0.655119
0.36	1.71	0.676284
0.37	1.71	0.697623
0.38	1.71	0.719137
0.39	1.71	0.740827
0.4	1.71	0.762694
0.41	1.71	0.784739
0.42	1.71	0.806963
0.43	1.71	0.829367
0.44	1.71	0.85195
0.45	1.71	0.874713
0.46	1.71	0.897656
0.47	1.71	0.92078
0.48	1.71	0.944083
0.49	1.71	0.967567
0.5	1.71	0.991229
0.51	1.71	1.01507
0.52	1.71	1.03909
0.53	1.71	1.06329
0.54	1.71	1.08766
0.55	1.71	1.11221
0.56	1.71	1.13693
0.57	1.71	1.16183
0.58	1.71	1.1869
0.59	1.71	1.21213
0.6	1.71	1.23754
0.61	1.71	1.26311
0.62	1.71	1.28884
0.63	1.71	1.31474
0.64	1.71	1.34079
0.65	1.71	1.367
0.66	1.71	1.39336
0.67	1.71	1.41988
0.68	1.71	1.44654
0.69	1.71	1.47334
0.7	1.71	1.50028
0.71	1.71	1.52736
0.72	1.71	1.55458
0.73	1.71	1.58192
0.74	1.71	1.60938
0.75	1.71	1.63696
0.76	1.71	1.66466
0.77	1.71	1.69247
0.78	1.71	1.72037
0.79	1.71	1.74838
0.8	1.71	1.77648
0.81	1.71	1.80466
0.82	1.71	1.83292
0.83	1.71	1.86125
0.84	1.71	1.88964
0.85	1.71	1.91809
0.86	1.71	1.94659
0.87	1.71	1.97513
0.88	1.71	2.00369
0.89	1.71	2.03228
0.9	1.71	2.06088
0.91	1.71	2.08948
0.92	1.71	2.11807
0.93	1.71	2.14665
0.94	1.71	2.17519
0.95	1.71	2.20369
0.96	1.71	2.23214
0.97	1.71	2.26052
0.98	1.71	2.28883
0.99	1.71	2.31705
0	1.72	0
0.01	1.72	0.0173445
0.02	1.72	0.034697
0.03	1.72	0.0520656
0.04	1.72	0.0694582
0.05	1.72	0.0868828
0.06	1.72	0.104347
0.07	1.72	0.121859
0.08	1.72	0.139426
0.09	1.72	0.157055
0.1	1.72	0.174753
0.11	1.72	0.192528
0.12	1.72	0.210386
0.13	1.72	0.228334
0.14	1.72	0.246378
0.15	1.72	0.264524
0.16	1.72	0.282778
0.17	1.72	0.301146
0.18	1.72	0.319633
0.19	1.72	0.338244
0.2	1.72	0.356984
0.21	1.72	0.375858
0.22	1.72	0.39487
0.23	1.72	0.414025
0.24	1.72	0.433325
0.25	1.72	0.452776
0.26	1.72	0.472381
0.27	1.72	0.492142
0.28	1.72	0.512064
0.29	1.72	0.532148
0.3	1.72	0.552399
0.31	1.72	0.572817
0.32	1.72	0.593406
0.33	1.72	0.614168
0.34	1.72	0.635105
0.35	1.72	0.656219
0.36	1.72	0.677511
0.37	1.72	0.698982
0.38	1.72	0.720635
0.39	1.72	0.74247
0.4	1.72	0.764489
0.41	1.72	0.786692
0.42	1.72	0.80908
0.43	1.72	0.831653
0.44	1.72	0.854413
0.45	1.72	0.877359
0.46	1.72	0.900491
0.47	1.72	0.92381
0.48	1.72	0.947315
0.49	1.72	0.971007
0.5	1.72	0.994884
0.51	1.72	1.01895
0.52	1.72	1.04319
0.53	1.72	1.06763
0.54	1.72	1.09224
0.55	1.72	1.11704
0.56	1.72	1.14201
0.57	1.72	1.16717
0.58	1.72	1.1925
0.59	1.72	1.21801
0.6	1.72	1.2437
0.61	1.72	1.26955
0.62	1.72	1.29558
0.63	1.72	1.32177
0.64	1.72	1.34813
0.65	1.72	1.37466
0.66	1.72	1.40134
0.67	1.72	1.42818
0.68	1.72	1.45517
0.69	1.72	1.48232
0.7	1.72	1.50961
0.71	1.72	1.53704
0.72	1.72	1.56462
0.73	1.72	1.59233
0.74	1.72	1.62017
0.75	1.72	1.64813
0.76	1.72	1.67622
0.77	1.72	1.70442
0.78	1.72	1.73273
0.79	1.72	1.76114
0.8	1.72	1.78966
0.81	1.72	1.81826
0.82	1.72	1.84695
0.83	1.72	1.87572
0.84	1.72	1.90456
0.85	1.72	1.93346
0.86	1.72	1.96241
0.87	1.72	1.99141
0.88	1.72	2.02044
0.89	1.72	2.0495
0.9	1.72	2.07858
0.91	1.72	2.10766
0.92	1.72	2.13674
0.93	1.72	2.1658
0.94	1.72	2.19484
0.95	1.72	2.22384
0.96	1.72	2.25278
0.97	1.72	2.28167
0.98	1.72	2.31048
0.99	1.72	2.3392
0	1.73	0
0.01	1.73	0.0173098
0.02	1.73	0.0346281
0.03	1.73	0.0519633
0.04	1.73	0.0693237
0.05	1.73	0.0867177
0.06	1.73	0.104153
0.07	1.73	0.121639
0.08	1.73	0.139182
0.09	1.73	0.15679
0.1	1.73	0.174471
0.11	1.73	0.192233
0.12	1.73	0.210081
0.13	1.73	0.228023
0.14	1.73	0.246066
0.15	1.73	0.264216
0.16	1.73	0.282478
0.17	1.73	0.300859
0.18	1.73	0.319364
0.19	1.73	0.337999
0.2	1.73	0.356768
0.21	1.73	0.375676
0.22	1.73	0.394728
0.23	1.73	0.413929
0.24	1.73	0.433281
0.25	1.73	0.452789
0.26	1.73	0.472457
0.27	1.73	0.492288
0.28	1.73	0.512285
0.29	1.73	0.532451
0.3	1.73	0.55279
0.31	1.73	0.573302
0.32	1.73	0.593991
0.33	1.73	0.61486
0.34	1.73	0.635909
0.35	1.73	0.657142
0.36	1.73	0.678559
0.37	1.73	0.700162
0.38	1.73	0.721953
0.39	1.73	0.743932
0.4	1.73	0.766101
0.41	1.73	0.788461
0.42	1.73	0.811012
0.43	1.73	0.833755
0.44	1.73	0.856691
0.45	1.73	0.87982
0.46	1.73	0.903141
0.47	1.73	0.926656
0.48	1.73	0.950363
0.49	1.73	0.974263
0.5	1.73	0.998356
0.51	1.73	1.02264
0.52	1.73	1.04712
0.53	1.73	1.07178
0.54	1.73	1.09664
0.55	1.73	1.12168
0.56	1.73	1.14691
0.57	1.73	1.17233
0.58	1.73	1.19793
0.59	1.73	1.22372
0.6	1.73	1.24968
0.61	1.73	1.27583
0.62	1.73	1.30215
0.63	1.73	1.32865
0.64	1.73	1.35532
0.65	1.73	1.38215
0.66	1.73	1.40916
0.67	1.73	1.43633
0.68	1.73	1.46366
0.69	1.73	1.49115
0.7	1.73	1.51879
0.71	1.73	1.54659
0.72	1.73	1.57453
0.73	1.73	1.60261
0.74	1.73	1.63083
0.75	1.73	1.65918
0.76	1.73	1.68766
0.77	1.73	1.71626
0.78	1.73	1.74498
0.79	1.73	1.77381
0.8	1.73	1.80275
0.81	1.73	1.83178
0.82	1.73	1.86091
0.83	1.73	1.89012
0.84	1.73	1.91941
0.85	1.73	1.94877
0.86	1.73	1.97818
0.87	1.73	2.00765
0.88	1.73	2.03716
0.89	1.73	2.0667
0.9	1.73	2.09627
0.91	1.73	2.12584
0.92	1.73	2.15542
0.93	1.73	2.18498
0.94	1.73	2.21453
0.95	1.73	2.24403
0.96	1.73	2.27349
0.97	1.73	2.30289
0.98	1.73	2.33221
0.99	1.73	2.36145
0	1.74	0
0.01	1.74	0.0172668
0.02	1.74	0.0345424
0.03	1.74	0.0518358
0.04	1.74	0.0691558
0.05	1.74	0.0865111
0.06	1.74	0.10391
0.07	1.74	0.121361
0.08	1.74	0.138873
0.09	1.74	0.156454
0.1	1.74	0.17411
0.11	1.74	0.191851
0.12	1.74	0.209683
0.13	1.74	0.227613
0.14	1.74	0.245648
0.15	1.74	0.263795
0.16	1.74	0.28206
0.17	1.74	0.300448
0.18	1.74	0.318967
0.19	1.74	0.33762
0.2	1.74	0.356413
0.21	1.74	0.375351
0.22	1.74	0.394439
0.23	1.74	0.413682
0.24	1.74	0.433082
0.25	1.74	0.452644
0.26	1.74	0.472372
0.27	1.74	0.492269
0.28	1.74	0.512339
0.29	1.74	0.532584
0.3	1.74	0.553007
0.31	1.74	0.573611
0.32	1.74	0.594399
0.33	1.74	0.615372
0.34	1.74	0.636532
0.35	1.74	0.657882
0.36	1.74	0.679422
0.37	1.74	0.701156
0.38	1.74	0.723083
0.39	1.74	0.745206
0.4	1.74	0.767524
0.41	1.74	0.79004
0.42	1.74	0.812754
0.43	1.74	0.835667
0.44	1.74	0.858778
0.45	1.74	0.882089
0.46	1.74	0.9056
0.47	1.74	0.92931
0.48	1.74	0.95322
0.49	1.74	0.977329
0.5	1.74	1.00164
0.51	1.74	1.02614
0.52	1.74	1.05085
0.53	1.74	1.07575
0.54	1.74	1.10085
0.55	1.74	1.12614
0.56	1.74	1.15163
0.57	1.74	1.17731
0.58	1.74	1.20318
0.59	1.74	1.22924
0.6	1.74	1.25549
0.61	1.74	1.28193
0.62	1.74	1.30855
0.63	1.74	1.33535
0.64	1.74	1.36233
0.65	1.74	1.38949
0.66	1.74	1.41682
0.67	1.74	1.44432
0.68	1.74	1.47199
0.69	1.74	1.49983
0.7	1.74	1.52783
0.71	1.74	1.55598
0.72	1.74	1.58429
0.73	1.74	1.61275
0.74	1.74	1.64136
0.75	1.74	1.6701
0.76	1.74	1.69898
0.77	1.74	1.72799
0.78	1.74	1.75712
0.79	1.74	1.78638
0.8	1.74	1.81574
0.81	1.74	1.84521
0.82	1.74	1.87479
0.83	1.74	1.90445
0.84	1.74	1.93419
0.85	1.74	1.96402
0.86	1.74	1.99391
0.87	1.74	2.02385
0.88	1.74	2.05385
0.89	1.74	2.08388
0.9	1.74	2.11395
0.91	1.74	2.14403
0.92	1.74	2.17411
0.93	1.74	2.20419
0.94	1.74	2.23425
0.95	1.74	2.26428
0.96	1.74	2.29426
0.97	1.74	2.32418
0.98	1.74	2.35403
0.99	1.74	2.3838
0	1.75	0
0.01	1.75	0.0172149
0.02	1.75	0.0344391
0.03	1.75	0.051682
0.04	1.75	0.0689529
0.05	1.75	0.0862609
0.06	1.75	0.103615
0.07	1.75	0.121024
0.08	1.75	0.138497
0.09	1.75	0.156041
0.1	1.75	0.173666
0.11	1.75	0.191378
0.12	1.75	0.209187
0.13	1.75	0.227098
0.14	1.75	0.245119
0.15	1.75	0.263257
0.16	1.75	0.281519
0.17	1.75	0.299909
0.18	1.75	0.318435
0.19	1.75	0.337102
0.2	1.75	0.355914
0.21	1.75	0.374878
0.22	1.75	0.393998
0.23	1.75	0.413277
0.24	1.75	0.432722
0.25	1.75	0.452334
0.26	1.75	0.472119
0.27	1.75	0.492079
0.28	1.75	0.512219
0.29	1.75	0.53254
0.3	1.75	0.553046
0.31	1.75	0.573739
0.32	1.75	0.594622
0.33	1.75	0.615697
0.34	1.75	0.636967
0.35	1.75	0.658432
0.36	1.75	0.680095
0.37	1.75	0.701957
0.38	1.75	0.72402
0.39	1.75	0.746284
0.4	1.75	0.768752
0.41	1.75	0.791423
0.42	1.75	0.8143
0.43	1.75	0.837381
0.44	1.75	0.860668
0.45	1.75	0.884161
0.46	1.75	0.907861
0.47	1.75	0.931767
0.48	1.75	0.955879
0.49	1.75	0.980197
0.5	1.75	1.00472
0.51	1.75	1.02945
0.52	1.75	1.05439
0.53	1.75	1.07952
0.54	1.75	1.10487
0.55	1.75	1.13041
0.56	1.75	1.15615
0.57	1.75	1.1821
0.58	1.75	1.20824
0.59	1.75	1.23458
0.6	1.75	1.26112
0.61	1.75	1.28785
0.62	1.75	1.31476
0.63	1.75	1.34187
0.64	1.75	1.36917
0.65	1.75	1.39665
0.66	1.75	1.42431
0.67	1.75	1.45215
0.68	1.75	1.48016
0.69	1.75	1.50835
0.7	1.75	1.53671
0.71	1.75	1.56523
0.72	1.75	1.59391
0.73	1.75	1.62275
0.74	1.75	1.65175
0.75	1.75	1.68089
0.76	1.75	1.71017
0.77	1.75	1.73959
0.78	1.75	1.76915
0.79	1.75	1.79883
0.8	1.75	1.82863
0.81	1.75	1.85855
0.82	1.75	1.88857
0.83	1.75	1.91869
0.84	1.75	1.9489
0.85	1.75	1.9792
0.86	1.75	2.00957
0.87	1.75	2.04001
0.88	1.75	2.0705
0.89	1.75	2.10104
0.9	1.75	2.13161
0.91	1.75	2.16221
0.92	1.75	2.19281
0.93	1.75	2.22341
0.94	1.75	2.254
0.95	1.75	2.28457
0.96	1.75	2.31509
0.97	1.75	2.34555
0.98	1.75	2.37594
0.99	1.75	2.40625
0	1.76	0
0.01	1.76	0.0171537
0.02	1.76	0.0343172
0.03	1.76	0.0515004
0.04	1.76	0.0687131
0.05	1.76	0.0859649
0.06	1.76	0.103265
0.07	1.76	0.120623
0.08	1.76	0.138048
0.09	1.76	0.155549
0.1	1.76	0.173134
0.11	1.76	0.190811
0.12	1.76	0.208588
0.13	1.76	0.226474
0.14	1.76	0.244474
0.15	1.76	0.262597
0.16	1.76	0.280849
0.17	1.76	0.299236
0.18	1.76	0.317763
0.19	1.76	0.336438
0.2	1.76	0.355265
0.21	1.76	0.37425
0.22	1.76	0.393396
0.23	1.76	0.41271
0.24	1.76	0.432194
0.25	1.76	0.451853
0.26	1.76	0.471691
0.27	1.76	0.491712
0.28	1.76	0.511918
0.29	1.76	0.532312
0.3	1.76	0.552898
0.31	1.76	0.573678
0.32	1.76	0.594655
0.33	1.76	0.61583
0.34	1.76	0.637207
0.35	1.76	0.658786
0.36	1.76	0.680569
0.37	1.76	0.702559
0.38	1.76	0.724756
0.39	1.76	0.747162
0.4	1.76	0.769777
0.41	1.76	0.792603
0.42	1.76	0.815641
0.43	1.76	0.838891
0.44	1.76	0.862353
0.45	1.76	0.886028
0.46	1.76	0.909917
0.47	1.76	0.934018
0.48	1.76	0.958333
0.49	1.76	0.982861
0.5	1.76	1.0076
0.51	1.76	1.03256
0.52	1.76	1.05772
0.53	1.76	1.0831
0.54	1.76	1.10868
0.55	1.76	1.13448
0.56	1.76	1.16048
0.57	1.76	1.18669
0.58	1.76	1.21311
0.59	1.76	1.23973
0.6	1.76	1.26655
0.61	1.76	1.29357
0.62	1.76	1.32079
0.63	1.76	1.34821
0.64	1.76	1.37582
0.65	1.76	1.40363
0.66	1.76	1.43162
0.67	1.76	1.4598
0.68	1.76	1.48816
0.69	1.76	1.5167
0.7	1.76	1.54542
0.71	1.76	1.57431
0.72	1.76	1.60337
0.73	1.76	1.6326
0.74	1.76	1.66199
0.75	1.76	1.69153
0.76	1.76	1.72122
0.77	1.76	1.75107
0.78	1.76	1.78105
0.79	1.76	1.81116
0.8	1.76	1.84141
0.81	1.76	1.87177
0.82	1.76	1.90225
0.83	1.76	1.93284
0.84	1.76	1.96353
0.85	1.76	1.99431
0.86	1.76	2.02517
0.87	1.76	2.05611
0.88	1.76	2.08711
0.89	1.76	2.11816
0.9	1.76	2.14925
0.91	1.76	2.18037
0.92	1.76	2.21151
0.93	1.76	2.24265
0.94	1.76	2.27379
0.95	1.76	2.3049
0.96	1.76	2.33597
0.97	1.76	2.36699
0.98	1.76	2.39794
0.99	1.76	2.4288
0	1.77	0
0.01	1.77	0.0170826
0.02	1.77	0.0341756
0.03	1.77	0.0512895
0.04	1.77	0.0684344
0.05	1.77	0.0856205
0.06	1.77	0.102858
0.07	1.77	0.120156
0.08	1.77	0.137525
0.09	1.77	0.154973
0.1	1.77	0.17251
0.11	1.77	0.190143
0.12	1.77	0.207883
0.13	1.77	0.225735
0.14	1.77	0.243708
0.15	1.77	0.261809
0.16	1.77	0.280044
0.17	1.77	0.298421
0.18	1.77	0.316946
0.19	1.77	0.335624
0.2	1.77	0.35446
0.21	1.77	0.37346
0.22	1.77	0.39263
0.23	1.77	0.411972
0.24	1.77	0.431493
0.25	1.77	0.451195
0.26	1.77	0.471083
0.27	1.77	0.49116
0.28	1.77	0.511429
0.29	1.77	0.531894
0.3	1.77	0.552557
0.31	1.77	0.573422
0.32	1.77	0.59449
0.33	1.77	0.615764
0.34	1.77	0.637245
0.35	1.77	0.658936
0.36	1.77	0.680839
0.37	1.77	0.702955
0.38	1.77	0.725285
0.39	1.77	0.747831
0.4	1.77	0.770593
0.41	1.77	0.793573
0.42	1.77	0.816772
0.43	1.77	0.840189
0.44	1.77	0.863826
0.45	1.77	0.887684
0.46	1.77	0.911761
0.47	1.77	0.936058
0.48	1.77	0.960576
0.49	1.77	0.985314
0.5	1.77	1.01027
0.51	1.77	1.03545
0.52	1.77	1.06085
0.53	1.77	1.08646
0.54	1.77	1.11229
0.55	1.77	1.13834
0.56	1.77	1.1646
0.57	1.77	1.19108
0.58	1.77	1.21777
0.59	1.77	1.24467
0.6	1.77	1.27178
0.61	1.77	1.2991
0.62	1.77	1.32663
0.63	1.77	1.35436
0.64	1.77	1.38229
0.65	1.77	1.41042
0.66	1.77	1.43875
0.67	1.77	1.46727
0.68	1.77	1.49598
0.69	1.77	1.52488
0.7	1.77	1.55397
0.71	1.77	1.58323
0.72	1.77	1.61267
0.73	1.77	1.64229
0.74	1.77	1.67208
0.75	1.77	1.70202
0.76	1.77	1.73213
0.77	1.77	1.7624
0.78	1.77	1.79281
0.79	1.77	1.82337
0.8	1.77	1.85406
0.81	1.77	1.88488
0.82	1.77	1.91583
0.83	1.77	1.9469
0.84	1.77	1.97807
0.85	1.77	2.00934
0.86	1.77	2.0407
0.87	1.77	2.07215
0.88	1.77	2.10366
0.89	1.77	2.13524
0.9	1.77	2.16686
0.91	1.77	2.19852
0.92	1.77	2.23021
0.93	1.77	2.2619
0.94	1.77	2.2936
0.95	1.77	2.32527
0.96	1.77	2.35691
0.97	1.77	2.38849
0.98	1.77	2.42001
0.99	1.77	2.45145
0	1.78	0
0.01	1.78	0.0170012
0.02	1.78	0.0340134
0.03	1.78	0.0510476
0.04	1.78	0.0681147
0.05	1.78	0.0852253
0.06	1.78	0.10239
0.07	1.78	0.119619
0.08	1.78	0.136922
0.09	1.78	0.154309
0.1	1.78	0.171789
0.11	1.78	0.189371
0.12	1.78	0.207064
0.13	1.78	0.224876
0.14	1.78	0.242814
0.15	1.78	0.260886
0.16	1.78	0.2791
0.17	1.78	0.297461
0.18	1.78	0.315976
0.19	1.78	0.334651
0.2	1.78	0.353491
0.21	1.78	0.372503
0.22	1.78	0.39169
0.23	1.78	0.411058
0.24	1.78	0.43061
0.25	1.78	0.450352
0.26	1.78	0.470286
0.27	1.78	0.490416
0.28	1.78	0.510746
0.29	1.78	0.531279
0.3	1.78	0.552017
0.31	1.78	0.572963
0.32	1.78	0.59412
0.33	1.78	0.61549
0.34	1.78	0.637075
0.35	1.78	0.658877
0.36	1.78	0.680897
0.37	1.78	0.703138
0.38	1.78	0.7256
0.39	1.78	0.748284
0.4	1.78	0.771193
0.41	1.78	0.794326
0.42	1.78	0.817685
0.43	1.78	0.84127
0.44	1.78	0.865081
0.45	1.78	0.88912
0.46	1.78	0.913386
0.47	1.78	0.93788
0.48	1.78	0.9626
0.49	1.78	0.987549
0.5	1.78	1.01272
0.51	1.78	1.03813
0.52	1.78	1.06375
0.53	1.78	1.08961
0.54	1.78	1.11568
0.55	1.78	1.14199
0.56	1.78	1.16851
0.57	1.78	1.19526
0.58	1.78	1.22222
0.59	1.78	1.24941
0.6	1.78	1.27681
0.61	1.78	1.30443
0.62	1.78	1.33226
0.63	1.78	1.3603
0.64	1.78	1.38856
0.65	1.78	1.41702
0.66	1.78	1.44568
0.67	1.78	1.47455
0.68	1.78	1.50361
0.69	1.78	1.53287
0.7	1.78	1.56233
0.71	1.78	1.59197
0.72	1.78	1.6218
0.73	1.78	1.65181
0.74	1.78	1.682
0.75	1.78	1.71236
0.76	1.78	1.74289
0.77	1.78	1.77358
0.78	1.78	1.80443
0.79	1.78	1.83544
0.8	1.78	1.86658
0.81	1.78	1.89787
0.82	1.78	1.92929
0.83	1.78	1.96084
0.84	1.78	1.9925
0.85	1.78	2.02428
0.86	1.78	2.05615
0.87	1.78	2.08811
0.88	1.78	2.12016
0.89	1.78	2.15227
0.9	1.78	2.18444
0.91	1.78	2.21665
0.92	1.78	2.2489
0.93	1.78	2.28116
0.94	1.78	2.31342
0.95	1.78	2.34567
0.96	1.78	2.37789
0.97	1.78	2.41007
0.98	1.78	2.44217
0.99	1.78	2.4742
0	1.79	0
0.01	1.79	0.0169088
0.02	1.79	0.0338292
0.03	1.79	0.050773
0.04	1.79	0.0677515
0.05	1.79	0.0847762
0.06	1.79	0.101858
0.07	1.79	0.119008
0.08	1.79	0.136236
0.09	1.79	0.153552
0.1	1.79	0.170967
0.11	1.79	0.188489
0.12	1.79	0.206127
0.13	1.79	0.223891
0.14	1.79	0.241787
0.15	1.79	0.259823
0.16	1.79	0.278008
0.17	1.79	0.296347
0.18	1.79	0.314847
0.19	1.79	0.333513
0.2	1.79	0.352353
0.21	1.79	0.37137
0.22	1.79	0.390571
0.23	1.79	0.40996
0.24	1.79	0.42954
0.25	1.79	0.449317
0.26	1.79	0.469294
0.27	1.79	0.489474
0.28	1.79	0.509862
0.29	1.79	0.530459
0.3	1.79	0.551269
0.31	1.79	0.572295
0.32	1.79	0.593539
0.33	1.79	0.615003
0.34	1.79	0.63669
0.35	1.79	0.6586
0.36	1.79	0.680737
0.37	1.79	0.7031
0.38	1.79	0.725693
0.39	1.79	0.748516
0.4	1.79	0.771569
0.41	1.79	0.794855
0.42	1.79	0.818373
0.43	1.79	0.842125
0.44	1.79	0.866111
0.45	1.79	0.890331
0.46	1.79	0.914785
0.47	1.79	0.939475
0.48	1.79	0.964399
0.49	1.79	0.989557
0.5	1.79	1.01495
0.51	1.79	1.04058
0.52	1.79	1.06644
0.53	1.79	1.09253
0.54	1.79	1.11886
0.55	1.79	1.14541
0.56	1.79	1.1722
0.57	1.79	1.19922
0.58	1.79	1.22646
0.59	1.79	1.25393
0.6	1.79	1.28162
0.61	1.79	1.30954
0.62	1.79	1.33768
0.63	1.79	1.36604
0.64	1.79	1.39462
0.65	1.79	1.42341
0.66	1.79	1.45241
0.67	1.79	1.48163
0.68	1.79	1.51105
0.69	1.79	1.54068
0.7	1.79	1.5705
0.71	1.79	1.60053
0.72	1.79	1.63075
0.73	1.79	1.66116
0.74	1.79	1.69175
0.75	1.79	1.72253
0.76	1.79	1.75348
0.77	1.79	1.78461
0.78	1.79	1.8159
0.79	1.79	1.84736
0.8	1.79	1.87897
0.81	1.79	1.91073
0.82	1.79	1.94263
0.83	1.79	1.97467
0.84	1.79	2.00683
0.85	1.79	2.03912
0.86	1.79	2.07151
0.87	1.79	2.104
0.88	1.79	2.13658
0.89	1.79	2.16924
0.9	1.79	2.20197
0.91	1.79	2.23475
0.92	1.79	2.26757
0.93	1.79	2.30041
0.94	1.79	2.33326
0.95	1.79	2.36611
0.96	1.79	2.39893
0.97	1.79	2.4317
0.98	1.79	2.46442
0.99	1.79	2.49705
0	1.8	0
0.01	1.8	0.0168047
0.02	1.8	0.0336219
0.03	1.8	0.0504637
0.04	1.8	0.0673425
0.05	1.8	0.0842701
0.06	1.8	0.101258
0.07	1.8	0.118318
0.08	1.8	0.135461
0.09	1.8	0.152698
0.1	1.8	0.170037
0.11	1.8	0.187491
0.12	1.8	0.205066
0.13	1.8	0.222773
0.14	1.8	0.24062
0.15	1.8	0.258613
0.16	1.8	0.276762
0.17	1.8	0.295072
0.18	1.8	0.313551
0.19	1.8	0.332204
0.2	1.8	0.351037
0.21	1.8	0.370056
0.22	1.8	0.389265
0.23	1.8	0.40867
0.24	1.8	0.428274
0.25	1.8	0.448083
0.26	1.8	0.468099
0.27	1.8	0.488326
0.28	1.8	0.508768
0.29	1.8	0.529427
0.3	1.8	0.550307
0.31	1.8	0.57141
0.32	1.8	0.592739
0.33	1.8	0.614295
0.34	1.8	0.636081
0.35	1.8	0.658099
0.36	1.8	0.68035
0.37	1.8	0.702836
0.38	1.8	0.725558
0.39	1.8	0.748517
0.4	1.8	0.771715
0.41	1.8	0.795152
0.42	1.8	0.818829
0.43	1.8	0.842747
0.44	1.8	0.866907
0.45	1.8	0.891308
0.46	1.8	0.915951
0.47	1.8	0.940836
0.48	1.8	0.965964
0.49	1.8	0.991333
0.5	1.8	1.01694
0.51	1.8	1.0428
0.52	1.8	1.06889
0.53	1.8	1.09522
0.54	1.8	1.1218
0.55	1.8	1.14861
0.56	1.8	1.17566
0.57	1.8	1.20295
0.58	1.8	1.23047
0.59	1.8	1.25823
0.6	1.8	1.28622
0.61	1.8	1.31444
0.62	1.8	1.34289
0.63	1.8	1.37156
0.64	1.8	1.40047
0.65	1.8	1.42959
0.66	1.8	1.45894
0.67	1.8	1.4885
0.68	1.8	1.51828
0.69	1.8	1.54828
0.7	1.8	1.57848
0.71	1.8	1.60889
0.72	1.8	1.6395
0.73	1.8	1.67032
0.74	1.8	1.70132
0.75	1.8	1.73252
0.76	1.8	1.76391
0.77	1.8	1.79547
0.78	1.8	1.82721
0.79	1.8	1.85913
0.8	1.8	1.89121
0.81	1.8	1.92345
0.82	1.8	1.95584
0.83	1.8	1.98837
0.84	1.8	2.02104
0.85	1.8	2.05385
0.86	1.8	2.08677
0.87	1.8	2.1198
0.88	1.8	2.15293
0.89	1.8	2.18615
0.9	1.8	2.21945
0.91	1.8	2.25281
0.92	1.8	2.28621
0.93	1.8	2.31965
0.94	1.8	2.35311
0.95	1.8	2.38657
0.96	1.8	2.42
0.97	1.8	2.4534
0.98	1.8	2.48674
0.99	1.8	2.52
0	1.81	0
0.01	1.81	0.0166883
0.02	1.81	0.0333899
0.03	1.81	0.0501177
0.04	1.81	0.0668848
0.05	1.81	0.0837037
0.06	1.81	0.100587
0.07	1.81	0.117546
0.08	1.81	0.134594
0.09	1.81	0.15174
0.1	1.81	0.168995
0.11	1.81	0.18637
0.12	1.81	0.203874
0.13	1.81	0.221517
0.14	1.81	0.239306
0.15	1.81	0.257249
0.16	1.81	0.275355
0.17	1.81	0.29363
0.18	1.81	0.312082
0.19	1.81	0.330715
0.2	1.81	0.349537
0.21	1.81	0.368551
0.22	1.81	0.387765
0.23	1.81	0.407182
0.24	1.81	0.426806
0.25	1.81	0.446642
0.26	1.81	0.466694
0.27	1.81	0.486965
0.28	1.81	0.507458
0.29	1.81	0.528176
0.3	1.81	0.549123
0.31	1.81	0.570301
0.32	1.81	0.591712
0.33	1.81	0.613358
0.34	1.81	0.635242
0.35	1.81	0.657365
0.36	1.81	0.679729
0.37	1.81	0.702336
0.38	1.81	0.725186
0.39	1.81	0.748281
0.4	1.81	0.771622
0.41	1.81	0.79521
0.42	1.81	0.819046
0.43	1.81	0.84313
0.44	1.81	0.867463
0.45	1.81	0.892045
0.46	1.81	0.916876
0.47	1.81	0.941957
0.48	1.81	0.967288
0.49	1.81	0.992868
0.5	1.81	1.0187
0.51	1.81	1.04478
0.52	1.81	1.0711
0.53	1.81	1.09768
0.54	1.81	1.1245
0.55	1.81	1.15157
0.56	1.81	1.17888
0.57	1.81	1.20644
0.58	1.81	1.23425
0.59	1.81	1.26229
0.6	1.81	1.29058
0.61	1.81	1.3191
0.62	1.81	1.34786
0.63	1.81	1.37686
0.64	1.81	1.40609
0.65	1.81	1.43555
0.66	1.81	1.46525
0.67	1.81	1.49516
0.68	1.81	1.52531
0.69	1.81	1.55567
0.7	1.81	1.58625
0.71	1.81	1.61705
0.72	1.81	1.64806
0.73	1.81	1.67928
0.74	1.81	1.7107
0.75	1.81	1.74233
0.76	1.81	1.77415
0.77	1.81	1.80616
0.78	1.81	1.83835
0.79	1.81	1.87073
0.8	1.81	1.90329
0.81	1.81	1.93601
0.82	1.81	1.96889
0.83	1.81	2.00194
0.84	1.81	2.03513
0.85	1.81	2.06846
0.86	1.81	2.10192
0.87	1.81	2.1355
0.88	1.81	2.16919
0.89	1.81	2.20298
0.9	1.81	2.23686
0.91	1.81	2.27082
0.92	1.81	2.30483
0.93	1.81	2.33888
0.94	1.81	2.37296
0.95	1.81	2.40705
0.96	1.81	2.44112
0.97	1.81	2.47516
0.98	1.81	2.50914
0.99	1.81	2.54305
0	1.82	0
0.01	1.82	0.0165588
0.02	1.82	0.0331317
0.03	1.82	0.0497326
0.04	1.82	0.0663753
0.05	1.82	0.0830733
0.06	1.82	0.0998396
0.07	1.82	0.116687
0.08	1.82	0.133628
0.09	1.82	0.150673
0.1	1.82	0.167834
0.11	1.82	0.185121
0.12	1.82	0.202545
0.13	1.82	0.220114
0.14	1.82	0.237837
0.15	1.82	0.255723
0.16	1.82	0.27378
0.17	1.82	0.292013
0.18	1.82	0.310431
0.19	1.82	0.329039
0.2	1.82	0.347843
0.21	1.82	0.366849
0.22	1.82	0.386062
0.23	1.82	0.405486
0.24	1.82	0.425126
0.25	1.82	0.444987
0.26	1.82	0.46507
0.27	1.82	0.485381
0.28	1.82	0.505923
0.29	1.82	0.526698
0.3	1.82	0.547709
0.31	1.82	0.568959
0.32	1.82	0.590451
0.33	1.82	0.612185
0.34	1.82	0.634165
0.35	1.82	0.656392
0.36	1.82	0.678867
0.37	1.82	0.701593
0.38	1.82	0.72457
0.39	1.82	0.7478
0.4	1.82	0.771284
0.41	1.82	0.795022
0.42	1.82	0.819015
0.43	1.82	0.843265
0.44	1.82	0.86777
0.45	1.82	0.892533
0.46	1.82	0.917553
0.47	1.82	0.94283
0.48	1.82	0.968364
0.49	1.82	0.994155
0.5	1.82	1.0202
0.51	1.82	1.04651
0.52	1.82	1.07307
0.53	1.82	1.09989
0.54	1.82	1.12696
0.55	1.82	1.15429
0.56	1.82	1.18187
0.57	1.82	1.2097
0.58	1.82	1.23778
0.59	1.82	1.26612
0.6	1.82	1.2947
0.61	1.82	1.32353
0.62	1.82	1.3526
0.63	1.82	1.38192
0.64	1.82	1.41149
0.65	1.82	1.44129
0.66	1.82	1.47133
0.67	1.82	1.5016
0.68	1.82	1.53211
0.69	1.82	1.56285
0.7	1.82	1.59381
0.71	1.82	1.625
0.72	1.82	1.65641
0.73	1.82	1.68804
0.74	1.82	1.71989
0.75	1.82	1.75194
0.76	1.82	1.7842
0.77	1.82	1.81666
0.78	1.82	1.84931
0.79	1.82	1.88216
0.8	1.82	1.9152
0.81	1.82	1.94841
0.82	1.82	1.9818
0.83	1.82	2.01535
0.84	1.82	2.04907
0.85	1.82	2.08294
0.86	1.82	2.11695
0.87	1.82	2.15109
0.88	1.82	2.18535
0.89	1.82	2.21973
0.9	1.82	2.25421
0.91	1.82	2.28877
0.92	1.82	2.3234
0.93	1.82	2.35808
0.94	1.82	2.3928
0.95	1.82	2.42754
0.96	1.82	2.46227
0.97	1.82	2.49697
0.98	1.82	2.53162
0.99	1.82	2.5662
0	1.83	0
0.01	1.83	0.0164152
0.02	1.83	0.0328455
0.03	1.83	0.0493057
0.04	1.83	0.0658107
0.05	1.83	0.0823747
0.06	1.83	0.0990115
0.07	1.83	0.115735
0.08	1.83	0.132557
0.09	1.83	0.14949
0.1	1.83	0.166547
0.11	1.83	0.183737
0.12	1.83	0.20107
0.13	1.83	0.218558
0.14	1.83	0.236207
0.15	1.83	0.254028
0.16	1.83	0.272027
0.17	1.83	0.290212
0.18	1.83	0.30859
0.19	1.83	0.327167
0.2	1.83	0.345949
0.21	1.83	0.364941
0.22	1.83	0.384148
0.23	1.83	0.403576
0.24	1.83	0.423228
0.25	1.83	0.443108
0.26	1.83	0.463221
0.27	1.83	0.483569
0.28	1.83	0.504156
0.29	1.83	0.524984
0.3	1.83	0.546057
0.31	1.83	0.567378
0.32	1.83	0.588947
0.33	1.83	0.610768
0.34	1.83	0.632842
0.35	1.83	0.655171
0.36	1.83	0.677756
0.37	1.83	0.7006
0.38	1.83	0.723703
0.39	1.83	0.747067
0.4	1.83	0.770692
0.41	1.83	0.794579
0.42	1.83	0.81873
0.43	1.83	0.843144
0.44	1.83	0.867822
0.45	1.83	0.892765
0.46	1.83	0.917973
0.47	1.83	0.943446
0.48	1.83	0.969184
0.49	1.83	0.995187
0.5	1.83	1.02145
0.51	1.83	1.04799
0.52	1.83	1.07478
0.53	1.83	1.10184
0.54	1.83	1.12917
0.55	1.83	1.15675
0.56	1.83	1.1846
0.57	1.83	1.2127
0.58	1.83	1.24107
0.59	1.83	1.26969
0.6	1.83	1.29858
0.61	1.83	1.32771
0.62	1.83	1.3571
0.63	1.83	1.38675
0.64	1.83	1.41664
0.65	1.83	1.44678
0.66	1.83	1.47717
0.67	1.83	1.50781
0.68	1.83	1.53868
0.69	1.83	1.5698
0.7	1.83	1.60115
0.71	1.83	1.63273
0.72	1.83	1.66455
0.73	1.83	1.69659
0.74	1.83	1.72886
0.75	1.83	1.76134
0.76	1.83	1.79405
0.77	1.83	1.82696
0.78	1.83	1.86008
0.79	1.83	1.89341
0.8	1.83	1.92693
0.81	1.83	1.96064
0.82	1.83	1.99454
0.83	1.83	2.02861
0.84	1.83	2.06286
0.85	1.83	2.09727
0.86	1.83	2.13184
0.87	1.83	2.16655
0.88	1.83	2.2014
0.89	1.83	2.23638
0.9	1.83	2.27147
0.91	1.83	2.30665
0.92	1.83	2.34192
0.93	1.83	2.37725
0.94	1.83	2.41263
0.95	1.83	2.44804
0.96	1.83	2.48345
0.97	1.83	2.51884
0.98	1.83	2.55418
0.99	1.83	2.58945
0	1.84	0
0.01	1.84	0.0162566
0.02	1.84	0.0325294
0.03	1.84	0.0488343
0.04	1.84	0.0651872
0.05	1.84	0.0816033
0.06	1.84	0.0980974
0.07	1.84	0.114684
0.08	1.84	0.131375
0.09	1.84	0.148186
0.1	1.84	0.165126
0.11	1.84	0.182208
0.12	1.84	0.199443
0.13	1.84	0.216839
0.14	1.84	0.234407
0.15	1.84	0.252154
0.16	1.84	0.270089
0.17	1.84	0.288219
0.18	1.84	0.306551
0.19	1.84	0.325091
0.2	1.84	0.343845
0.21	1.84	0.362818
0.22	1.84	0.382015
0.23	1.84	0.401442
0.24	1.84	0.421101
0.25	1.84	0.440998
0.26	1.84	0.461136
0.27	1.84	0.481518
0.28	1.84	0.502147
0.29	1.84	0.523027
0.3	1.84	0.544159
0.31	1.84	0.565547
0.32	1.84	0.587193
0.33	1.84	0.609098
0.34	1.84	0.631264
0.35	1.84	0.653694
0.36	1.84	0.676388
0.37	1.84	0.699349
0.38	1.84	0.722577
0.39	1.84	0.746073
0.4	1.84	0.769839
0.41	1.84	0.793875
0.42	1.84	0.818182
0.43	1.84	0.84276
0.44	1.84	0.867611
0.45	1.84	0.892734
0.46	1.84	0.91813
0.47	1.84	0.943798
0.48	1.84	0.96974
0.49	1.84	0.995954
0.5	1.84	1.02244
0.51	1.84	1.0492
0.52	1.84	1.07623
0.53	1.84	1.10354
0.54	1.84	1.13111
0.55	1.84	1.15895
0.56	1.84	1.18707
0.57	1.84	1.21545
0.58	1.84	1.2441
0.59	1.84	1.27302
0.6	1.84	1.3022
0.61	1.84	1.33164
0.62	1.84	1.36135
0.63	1.84	1.39132
0.64	1.84	1.42155
0.65	1.84	1.45204
0.66	1.84	1.48278
0.67	1.84	1.51377
0.68	1.84	1.54502
0.69	1.84	1.57651
0.7	1.84	1.60825
0.71	1.84	1.64023
0.72	1.84	1.67246
0.73	1.84	1.70492
0.74	1.84	1.73761
0.75	1.84	1.77053
0.76	1.84	1.80369
0.77	1.84	1.83706
0.78	1.84	1.87065
0.79	1.84	1.90445
0.8	1.84	1.93847
0.81	1.84	1.97268
0.82	1.84	2.0071
0.83	1.84	2.0417
0.84	1.84	2.07649
0.85	1.84	2.11146
0.86	1.84	2.14659
0.87	1.84	2.18189
0.88	1.84	2.21733
0.89	1.84	2.25291
0.9	1.84	2.28863
0.91	1.84	2.32445
0.92	1.84	2.36037
0.93	1.84	2.39637
0.94	1.84	2.43243
0.95	1.84	2.46853
0.96	1.84	2.50465
0.97	1.84	2.54075
0.98	1.84	2.57681
0.99	1.84	2.6128
0	1.85	0
0.01	1.85	0.0160818
0.02	1.85	0.0321811
0.03	1.85	0.0483151
0.04	1.85	0.0645006
0.05	1.85	0.0807541
0.06	1.85	0.0970912
0.07	1.85	0.113527
0.08	1.85	0.130076
0.09	1.85	0.146751
0.1	1.85	0.163564
0.11	1.85	0.180528
0.12	1.85	0.197653
0.13	1.85	0.21495
0.14	1.85	0.232427
0.15	1.85	0.250093
0.16	1.85	0.267957
0.17	1.85	0.286025
0.18	1.85	0.304304
0.19	1.85	0.322801
0.2	1.85	0.341522
0.21	1.85	0.360471
0.22	1.85	0.379654
0.23	1.85	0.399075
0.24	1.85	0.418738
0.25	1.85	0.438648
0.26	1.85	0.458808
0.27	1.85	0.479221
0.28	1.85	0.49989
0.29	1.85	0.520818
0.3	1.85	0.542007
0.31	1.85	0.56346
0.32	1.85	0.58518
0.33	1.85	0.607167
0.34	1.85	0.629425
0.35	1.85	0.651953
0.36	1.85	0.674755
0.37	1.85	0.697831
0.38	1.85	0.721183
0.39	1.85	0.744811
0.4	1.85	0.768716
0.41	1.85	0.7929
0.42	1.85	0.817363
0.43	1.85	0.842105
0.44	1.85	0.867128
0.45	1.85	0.892431
0.46	1.85	0.918014
0.47	1.85	0.943879
0.48	1.85	0.970024
0.49	1.85	0.99645
0.5	1.85	1.02316
0.51	1.85	1.05014
0.52	1.85	1.07741
0.53	1.85	1.10496
0.54	1.85	1.13278
0.55	1.85	1.16089
0.56	1.85	1.18927
0.57	1.85	1.21793
0.58	1.85	1.24686
0.59	1.85	1.27607
0.6	1.85	1.30556
0.61	1.85	1.33531
0.62	1.85	1.36534
0.63	1.85	1.39564
0.64	1.85	1.4262
0.65	1.85	1.45703
0.66	1.85	1.48813
0.67	1.85	1.51949
0.68	1.85	1.5511
0.69	1.85	1.58298
0.7	1.85	1.61511
0.71	1.85	1.64749
0.72	1.85	1.68013
0.73	1.85	1.71301
0.74	1.85	1.74613
0.75	1.85	1.7795
0.76	1.85	1.8131
0.77	1.85	1.84694
0.78	1.85	1.881
0.79	1.85	1.91529
0.8	1.85	1.9498
0.81	1.85	1.98453
0.82	1.85	2.01946
0.83	1.85	2.0546
0.84	1.85	2.08994
0.85	1.85	2.12547
0.86	1.85	2.16118
0.87	1.85	2.19707
0.88	1.85	2.23312
0.89	1.85	2.26932
0.9	1.85	2.30567
0.91	1.85	2.34215
0.92	1.85	2.37875
0.93	1.85	2.41543
0.94	1.85	2.4522
0.95	1.85	2.48902
0.96	1.85	2.52586
0.97	1.85	2.5627
0.98	1.85	2.59951
0.99	1.85	2.63625
0	1.86	0
0.01	1.86	0.0158897
0.02	1.86	0.0317982
0.03	1.86	0.0477444
0.04	1.86	0.0637462
0.05	1.86	0.0798214
0.06	1.86	0.0959866
0.07	1.86	0.112258
0.08	1.86	0.12865
0.09	1.86	0.145177
0.1	1.86	0.161852
0.11	1.86	0.178687
0.12	1.86	0.195693
0.13	1.86	0.21288
0.14	1.86	0.230258
0.15	1.86	0.247835
0.16	1.86	0.26562
0.17	1.86	0.28362
0.18	1.86	0.30184
0.19	1.86	0.320289
0.2	1.86	0.338971
0.21	1.86	0.357891
0.22	1.86	0.377055
0.23	1.86	0.396466
0.24	1.86	0.41613
0.25	1.86	0.436049
0.26	1.86	0.456227
0.27	1.86	0.476668
0.28	1.86	0.497374
0.29	1.86	0.518347
0.3	1.86	0.539591
0.31	1.86	0.561108
0.32	1.86	0.5829
0.33	1.86	0.604968
0.34	1.86	0.627314
0.35	1.86	0.649941
0.36	1.86	0.672848
0.37	1.86	0.696039
0.38	1.86	0.719513
0.39	1.86	0.743272
0.4	1.86	0.767316
0.41	1.86	0.791647
0.42	1.86	0.816265
0.43	1.86	0.841171
0.44	1.86	0.866365
0.45	1.86	0.891848
0.46	1.86	0.917619
0.47	1.86	0.943679
0.48	1.86	0.970028
0.49	1.86	0.996666
0.5	1.86	1.02359
0.51	1.86	1.05081
0.52	1.86	1.07831
0.53	1.86	1.1061
0.54	1.86	1.13418
0.55	1.86	1.16255
0.56	1.86	1.1912
0.57	1.86	1.22013
0.58	1.86	1.24936
0.59	1.86	1.27886
0.6	1.86	1.30865
0.61	1.86	1.33871
0.62	1.86	1.36906
0.63	1.86	1.39969
0.64	1.86	1.43059
0.65	1.86	1.46177
0.66	1.86	1.49322
0.67	1.86	1.52494
0.68	1.86	1.55693
0.69	1.86	1.58919
0.7	1.86	1.62172
0.71	1.86	1.65451
0.72	1.86	1.68755
0.73	1.86	1.72086
0.74	1.86	1.75442
0.75	1.86	1.78823
0.76	1.86	1.82229
0.77	1.86	1.85659
0.78	1.86	1.89113
0.79	1.86	1.92591
0.8	1.86	1.96093
0.81	1.86	1.99617
0.82	1.86	2.03163
0.83	1.86	2.06731
0.84	1.86	2.1032
0.85	1.86	2.1393
0.86	1.86	2.1756
0.87	1.86	2.21208
0.88	1.86	2.24875
0.89	1.86	2.28559
0.9	1.86	2.32259
0.91	1.86	2.35974
0.92	1.86	2.39702
0.93	1.86	2.43442
0.94	1.86	2.47191
0.95	1.86	2.50947
0.96	1.86	2.54707
0.97	1.86	2.58469
0.98	1.86	2.62227
0.99	1.86	2.6598
0	1.87	0
0.01	1.87	0.0156787
0.02	1.87	0.0313779
0.03	1.87	0.047118
0.04	1.87	0.0629186
0.05	1.87	0.0787987
0.06	1.87	0.0947762
0.07	1.87	0.110868
0.08	1.87	0.12709
0.09	1.87	0.143456
0.1	1.87	0.15998
0.11	1.87	0.176675
0.12	1.87	0.193552
0.13	1.87	0.21062
0.14	1.87	0.22789
0.15	1.87	0.245371
0.16	1.87	0.263069
0.17	1.87	0.280993
0.18	1.87	0.299149
0.19	1.87	0.317544
0.2	1.87	0.336182
0.21	1.87	0.355068
0.22	1.87	0.374209
0.23	1.87	0.393607
0.24	1.87	0.413266
0.25	1.87	0.433191
0.26	1.87	0.453385
0.27	1.87	0.47385
0.28	1.87	0.49459
0.29	1.87	0.515607
0.3	1.87	0.536904
0.31	1.87	0.558482
0.32	1.87	0.580344
0.33	1.87	0.602491
0.34	1.87	0.624925
0.35	1.87	0.647647
0.36	1.87	0.67066
0.37	1.87	0.693963
0.38	1.87	0.717559
0.39	1.87	0.741448
0.4	1.87	0.765631
0.41	1.87	0.790108
0.42	1.87	0.814881
0.43	1.87	0.83995
0.44	1.87	0.865315
0.45	1.87	0.890977
0.46	1.87	0.916936
0.47	1.87	0.943192
0.48	1.87	0.969744
0.49	1.87	0.996594
0.5	1.87	1.02374
0.51	1.87	1.05118
0.52	1.87	1.07892
0.53	1.87	1.10696
0.54	1.87	1.13529
0.55	1.87	1.16392
0.56	1.87	1.19284
0.57	1.87	1.22206
0.58	1.87	1.25156
0.59	1.87	1.28136
0.6	1.87	1.31145
0.61	1.87	1.34183
0.62	1.87	1.3725
0.63	1.87	1.40346
0.64	1.87	1.4347
0.65	1.87	1.46623
0.66	1.87	1.49804
0.67	1.87	1.53013
0.68	1.87	1.5625
0.69	1.87	1.59514
0.7	1.87	1.62806
0.71	1.87	1.66126
0.72	1.87	1.69472
0.73	1.87	1.72845
0.74	1.87	1.76245
0.75	1.87	1.79671
0.76	1.87	1.83123
0.77	1.87	1.866
0.78	1.87	1.90103
0.79	1.87	1.9363
0.8	1.87	1.97182
0.81	1.87	2.00758
0.82	1.87	2.04358
0.83	1.87	2.07981
0.84	1.87	2.11626
0.85	1.87	2.15293
0.86	1.87	2.18982
0.87	1.87	2.22692
0.88	1.87	2.26421
0.89	1.87	2.3017
0.9	1.87	2.33936
0.91	1.87	2.3772
0.92	1.87	2.41519
0.93	1.87	2.45331
0.94	1.87	2.49155
0.95	1.87	2.52988
0.96	1.87	2.56828
0.97	1.87	2.60669
0.98	1.87	2.6451
0.99	1.87	2.68345
0	1.88	0
0.01	1.88	0.0154471
0.02	1.88	0.0309167
0.03	1.88	0.0464311
0.04	1.88	0.0620116
0.05	1.88	0.0776787
0.06	1.88	0.0934516
0.07	1.88	0.109348
0.08	1.88	0.125385
0.09	1.88	0.141577
0.1	1.88	0.157939
0.11	1.88	0.174482
0.12	1.88	0.191219
0.13	1.88	0.208159
0.14	1.88	0.225313
0.15	1.88	0.242688
0.16	1.88	0.260294
0.17	1.88	0.278136
0.18	1.88	0.296221
0.19	1.88	0.314555
0.2	1.88	0.333144
0.21	1.88	0.351993
0.22	1.88	0.371105
0.23	1.88	0.390486
0.24	1.88	0.410138
0.25	1.88	0.430066
0.26	1.88	0.450272
0.27	1.88	0.470759
0.28	1.88	0.491531
0.29	1.88	0.512589
0.3	1.88	0.533935
0.31	1.88	0.555573
0.32	1.88	0.577503
0.33	1.88	0.599727
0.34	1.88	0.622247
0.35	1.88	0.645065
0.36	1.88	0.668181
0.37	1.88	0.691596
0.38	1.88	0.715313
0.39	1.88	0.739331
0.4	1.88	0.763651
0.41	1.88	0.788275
0.42	1.88	0.813202
0.43	1.88	0.838433
0.44	1.88	0.863969
0.45	1.88	0.88981
0.46	1.88	0.915956
0.47	1.88	0.942408
0.48	1.88	0.969164
0.49	1.88	0.996226
0.5	1.88	1.02359
0.51	1.88	1.05127
0.52	1.88	1.07924
0.53	1.88	1.10752
0.54	1.88	1.13611
0.55	1.88	1.165
0.56	1.88	1.19419
0.57	1.88	1.22368
0.58	1.88	1.25348
0.59	1.88	1.28358
0.6	1.88	1.31397
0.61	1.88	1.34467
0.62	1.88	1.37566
0.63	1.88	1.40695
0.64	1.88	1.43853
0.65	1.88	1.47041
0.66	1.88	1.50257
0.67	1.88	1.53503
0.68	1.88	1.56778
0.69	1.88	1.60082
0.7	1.88	1.63414
0.71	1.88	1.66774
0.72	1.88	1.70162
0.73	1.88	1.73578
0.74	1.88	1.77022
0.75	1.88	1.80493
0.76	1.88	1.83991
0.77	1.88	1.87516
0.78	1.88	1.91067
0.79	1.88	1.94645
0.8	1.88	1.98248
0.81	1.88	2.01876
0.82	1.88	2.0553
0.83	1.88	2.09207
0.84	1.88	2.1291
0.85	1.88	2.16635
0.86	1.88	2.20384
0.87	1.88	2.24155
0.88	1.88	2.27948
0.89	1.88	2.31762
0.9	1.88	2.35597
0.91	1.88	2.3945
0.92	1.88	2.43321
0.93	1.88	2.47209
0.94	1.88	2.5111
0.95	1.88	2.55024
0.96	1.88	2.58945
0.97	1.88	2.62872
0.98	1.88	2.66798
0.99	1.88	2.7072
0	1.89	0
0.01	1.89	0.015193
0.02	1.89	0.0304109
0.03	1.89	0.0456782
0.04	1.89	0.0610182
0.05	1.89	0.0764531
0.06	1.89	0.0920035
0.07	1.89	0.107688
0.08	1.89	0.123525
0.09	1.89	0.139529
0.1	1.89	0.155715
0.11	1.89	0.172096
0.12	1.89	0.188682
0.13	1.89	0.205485
0.14	1.89	0.222514
0.15	1.89	0.239776
0.16	1.89	0.257281
0.17	1.89	0.275035
0.18	1.89	0.293043
0.19	1.89	0.311313
0.2	1.89	0.329848
0.21	1.89	0.348654
0.22	1.89	0.367734
0.23	1.89	0.387093
0.24	1.89	0.406735
0.25	1.89	0.426662
0.26	1.89	0.446878
0.27	1.89	0.467384
0.28	1.89	0.488185
0.29	1.89	0.509282
0.3	1.89	0.530677
0.31	1.89	0.552372
0.32	1.89	0.574368
0.33	1.89	0.596668
0.34	1.89	0.619273
0.35	1.89	0.642184
0.36	1.89	0.665403
0.37	1.89	0.68893
0.38	1.89	0.712766
0.39	1.89	0.736912
0.4	1.89	0.761369
0.41	1.89	0.786138
0.42	1.89	0.811219
0.43	1.89	0.836613
0.44	1.89	0.862319
0.45	1.89	0.888339
0.46	1.89	0.914672
0.47	1.89	0.941319
0.48	1.89	0.96828
0.49	1.89	0.995554
0.5	1.89	1.02314
0.51	1.89	1.05104
0.52	1.89	1.07926
0.53	1.89	1.10778
0.54	1.89	1.13662
0.55	1.89	1.16578
0.56	1.89	1.19524
0.57	1.89	1.22501
0.58	1.89	1.2551
0.59	1.89	1.28549
0.6	1.89	1.31619
0.61	1.89	1.3472
0.62	1.89	1.37852
0.63	1.89	1.41014
0.64	1.89	1.44206
0.65	1.89	1.47429
0.66	1.89	1.50682
0.67	1.89	1.53965
0.68	1.89	1.57278
0.69	1.89	1.60621
0.7	1.89	1.63993
0.71	1.89	1.67394
0.72	1.89	1.70825
0.73	1.89	1.74284
0.74	1.89	1.77772
0.75	1.89	1.81289
0.76	1.89	1.84833
0.77	1.89	1.88406
0.78	1.89	1.92006
0.79	1.89	1.95633
0.8	1.89	1.99288
0.81	1.89	2.02969
0.82	1.89	2.06677
0.83	1.89	2.1041
0.84	1.89	2.1417
0.85	1.89	2.17954
0.86	1.89	2.21763
0.87	1.89	2.25597
0.88	1.89	2.29454
0.89	1.89	2.33335
0.9	1.89	2.37238
0.91	1.89	2.41163
0.92	1.89	2.45108
0.93	1.89	2.49072
0.94	1.89	2.53054
0.95	1.89	2.5705
0.96	1.89	2.61058
0.97	1.89	2.65074
0.98	1.89	2.69091
0.99	1.89	2.73105
0	1.9	0
0.01	1.9	0.014914
0.02	1.9	0.0298558
0.03	1.9	0.0448525
0.04	1.9	0.0599299
0.05	1.9	0.0751121
0.06	1.9	0.0904211
0.07	1.9	0.105877
0.08	1.9	0.121498
0.09	1.9	0.1373
0.1	1.9	0.153297
0.11	1.9	0.169503
0.12	1.9	0.185929
0.13	1.9	0.202585
0.14	1.9	0.21948
0.15	1.9	0.236623
0.16	1.9	0.25402
0.17	1.9	0.271679
0.18	1.9	0.289606
0.19	1.9	0.307805
0.2	1.9	0.326281
0.21	1.9	0.34504
0.22	1.9	0.364085
0.23	1.9	0.383419
0.24	1.9	0.403047
0.25	1.9	0.42297
0.26	1.9	0.443193
0.27	1.9	0.463716
0.28	1.9	0.484544
0.29	1.9	0.505677
0.3	1.9	0.527119
0.31	1.9	0.548869
0.32	1.9	0.570931
0.33	1.9	0.593305
0.34	1.9	0.615994
0.35	1.9	0.638997
0.36	1.9	0.662317
0.37	1.9	0.685954
0.38	1.9	0.709909
0.39	1.9	0.734183
0.4	1.9	0.758776
0.41	1.9	0.78369
0.42	1.9	0.808924
0.43	1.9	0.834479
0.44	1.9	0.860356
0.45	1.9	0.886555
0.46	1.9	0.913075
0.47	1.9	0.939918
0.48	1.9	0.967082
0.49	1.9	0.994569
0.5	1.9	1.02238
0.51	1.9	1.05051
0.52	1.9	1.07896
0.53	1.9	1.10773
0.54	1.9	1.13683
0.55	1.9	1.16624
0.56	1.9	1.19598
0.57	1.9	1.22603
0.58	1.9	1.25641
0.59	1.9	1.2871
0.6	1.9	1.31811
0.61	1.9	1.34943
0.62	1.9	1.38107
0.63	1.9	1.41303
0.64	1.9	1.4453
0.65	1.9	1.47788
0.66	1.9	1.51077
0.67	1.9	1.54398
0.68	1.9	1.57749
0.69	1.9	1.6113
0.7	1.9	1.64543
0.71	1.9	1.67985
0.72	1.9	1.71458
0.73	1.9	1.74961
0.74	1.9	1.78494
0.75	1.9	1.82056
0.76	1.9	1.85647
0.77	1.9	1.89268
0.78	1.9	1.92917
0.79	1.9	1.96595
0.8	1.9	2.00301
0.81	1.9	2.04036
0.82	1.9	2.07798
0.83	1.9	2.11588
0.84	1.9	2.15404
0.85	1.9	2.19248
0.86	1.9	2.23118
0.87	1.9	2.27015
0.88	1.9	2.30937
0.89	1.9	2.34885
0.9	1.9	2.38857
0.91	1.9	2.42854
0.92	1.9	2.46875
0.93	1.9	2.50919
0.94	1.9	2.54983
0.95	1.9	2.59066
0.96	1.9	2.63164
0.97	1.9	2.67273
0.98	1.9	2.71388
0.99	1.9	2.755
0	1.91	0
0.01	1.91	0.0146072
0.02	1.91	0.0292459
0.03	1.91	0.0439462
0.04	1.91	0.058737
0.05	1.91	0.0736443
0.06	1.91	0.0886918
0.07	1.91	0.103901
0.08	1.91	0.11929
0.09	1.91	0.134875
0.1	1.91	0.150671
0.11	1.91	0.166691
0.12	1.91	0.182946
0.13	1.91	0.199446
0.14	1.91	0.2162
0.15	1.91	0.233215
0.16	1.91	0.250499
0.17	1.91	0.268057
0.18	1.91	0.285895
0.19	1.91	0.304019
0.2	1.91	0.322433
0.21	1.91	0.341141
0.22	1.91	0.360146
0.23	1.91	0.379452
0.24	1.91	0.399063
0.25	1.91	0.41898
0.26	1.91	0.439207
0.27	1.91	0.459745
0.28	1.91	0.480598
0.29	1.91	0.501766
0.3	1.91	0.523251
0.31	1.91	0.545056
0.32	1.91	0.567182
0.33	1.91	0.589629
0.34	1.91	0.6124
0.35	1.91	0.635494
0.36	1.91	0.658915
0.37	1.91	0.682661
0.38	1.91	0.706734
0.39	1.91	0.731135
0.4	1.91	0.755864
0.41	1.91	0.780922
0.42	1.91	0.806309
0.43	1.91	0.832026
0.44	1.91	0.858072
0.45	1.91	0.884449
0.46	1.91	0.911157
0.47	1.91	0.938195
0.48	1.91	0.965563
0.49	1.91	0.993262
0.5	1.91	1.02129
0.51	1.91	1.04965
0.52	1.91	1.07834
0.53	1.91	1.10736
0.54	1.91	1.13671
0.55	1.91	1.16639
0.56	1.91	1.1964
0.57	1.91	1.22673
0.58	1.91	1.2574
0.59	1.91	1.28839
0.6	1.91	1.3197
0.61	1.91	1.35135
0.62	1.91	1.38331
0.63	1.91	1.4156
0.64	1.91	1.44822
0.65	1.91	1.48116
0.66	1.91	1.51441
0.67	1.91	1.54799
0.68	1.91	1.58188
0.69	1.91	1.6161
0.7	1.91	1.65062
0.71	1.91	1.68546
0.72	1.91	1.72062
0.73	1.91	1.75608
0.74	1.91	1.79186
0.75	1.91	1.82794
0.76	1.91	1.86432
0.77	1.91	1.90101
0.78	1.91	1.938
0.79	1.91	1.97529
0.8	1.91	2.01287
0.81	1.91	2.05075
0.82	1.91	2.08892
0.83	1.91	2.12738
0.84	1.91	2.16612
0.85	1.91	2.20516
0.86	1.91	2.24447
0.87	1.91	2.28407
0.88	1.91	2.32394
0.89	1.91	2.3641
0.9	1.91	2.40452
0.91	1.91	2.44523
0.92	1.91	2.4862
0.93	1.91	2.52744
0.94	1.91	2.56893
0.95	1.91	2.61066
0.96	1.91	2.65259
0.97	1.91	2.69468
0.98	1.91	2.73687
0.99	1.91	2.77905
0	1.92	0
0.01	1.92	0.0142691
0.02	1.92	0.0285742
0.03	1.92	0.0429497
0.04	1.92	0.0574275
0.05	1.92	0.0720363
0.06	1.92	0.0868013
0.07	1.92	0.101745
0.08	1.92	0.116885
0.09	1.92	0.132239
0.1	1.92	0.147822
0.11	1.92	0.163645
0.12	1.92	0.179719
0.13	1.92	0.196054
0.14	1.92	0.212658
0.15	1.92	0.229539
0.16	1.92	0.246702
0.17	1.92	0.264154
0.18	1.92	0.2819
0.19	1.92	0.299944
0.2	1.92	0.318291
0.21	1.92	0.336944
0.22	1.92	0.355906
0.23	1.92	0.375182
0.24	1.92	0.394772
0.25	1.92	0.414681
0.26	1.92	0.434909
0.27	1.92	0.45546
0.28	1.92	0.476336
0.29	1.92	0.497537
0.3	1.92	0.519065
0.31	1.92	0.540923
0.32	1.92	0.563111
0.33	1.92	0.58563
0.34	1.92	0.608482
0.35	1.92	0.631667
0.36	1.92	0.655187
0.37	1.92	0.679041
0.38	1.92	0.703232
0.39	1.92	0.727759
0.4	1.92	0.752623
0.41	1.92	0.777825
0.42	1.92	0.803364
0.43	1.92	0.829242
0.44	1.92	0.855459
0.45	1.92	0.882014
0.46	1.92	0.908908
0.47	1.92	0.936141
0.48	1.92	0.963714
0.49	1.92	0.991625
0.5	1.92	1.01988
0.51	1.92	1.04847
0.52	1.92	1.07739
0.53	1.92	1.10666
0.54	1.92	1.13627
0.55	1.92	1.16621
0.56	1.92	1.19649
0.57	1.92	1.22711
0.58	1.92	1.25806
0.59	1.92	1.28935
0.6	1.92	1.32098
0.61	1.92	1.35294
0.62	1.92	1.38523
0.63	1.92	1.41786
0.64	1.92	1.45082
0.65	1.92	1.48411
0.66	1.92	1.51773
0.67	1.92	1.55168
0.68	1.92	1.58596
0.69	1.92	1.62057
0.7	1.92	1.6555
0.71	1.92	1.69076
0.72	1.92	1.72634
0.73	1.92	1.76225
0.74	1.92	1.79847
0.75	1.92	1.83501
0.76	1.92	1.87187
0.77	1.92	1.90904
0.78	1.92	1.94653
0.79	1.92	1.98432
0.8	1.92	2.02243
0.81	1.92	2.06085
0.82	1.92	2.09957
0.83	1.92	2.13859
0.84	1.92	2.17792
0.85	1.92	2.21755
0.86	1.92	2.25748
0.87	1.92	2.29771
0.88	1.92	2.33824
0.89	1.92	2.37907
0.9	1.92	2.4202
0.91	1.92	2.46164
0.92	1.92	2.50338
0.93	1.92	2.54544
0.94	1.92	2.5878
0.95	1.92	2.63045
0.96	1.92	2.67338
0.97	1.92	2.71654
0.98	1.92	2.75985
0.99	1.92	2.8032
0	1.93	0
0.01	1.93	0.013895
0.02	1.93	0.027832
0.03	1.93	0.0418509
0.04	1.93	0.0559872
0.05	1.93	0.0702722
0.06	1.93	0.0847327
0.07	1.93	0.0993911
0.08	1.93	0.114267
0.09	1.93	0.129376
0.1	1.93	0.144732
0.11	1.93	0.160347
0.12	1.93	0.176231
0.13	1.93	0.192393
0.14	1.93	0.208841
0.15	1.93	0.22558
0.16	1.93	0.242618
0.17	1.93	0.259958
0.18	1.93	0.277607
0.19	1.93	0.295567
0.2	1.93	0.313843
0.21	1.93	0.332438
0.22	1.93	0.351355
0.23	1.93	0.370596
0.24	1.93	0.390164
0.25	1.93	0.410062
0.26	1.93	0.43029
0.27	1.93	0.450852
0.28	1.93	0.471748
0.29	1.93	0.492981
0.3	1.93	0.514551
0.31	1.93	0.53646
0.32	1.93	0.558709
0.33	1.93	0.581299
0.34	1.93	0.604231
0.35	1.93	0.627505
0.36	1.93	0.651124
0.37	1.93	0.675086
0.38	1.93	0.699394
0.39	1.93	0.724047
0.4	1.93	0.749045
0.41	1.93	0.77439
0.42	1.93	0.800082
0.43	1.93	0.826121
0.44	1.93	0.852507
0.45	1.93	0.87924
0.46	1.93	0.906321
0.47	1.93	0.93375
0.48	1.93	0.961526
0.49	1.93	0.98965
0.5	1.93	1.01812
0.51	1.93	1.04694
0.52	1.93	1.07611
0.53	1.93	1.10562
0.54	1.93	1.13548
0.55	1.93	1.16569
0.56	1.93	1.19624
0.57	1.93	1.22714
0.58	1.93	1.25839
0.59	1.93	1.28998
0.6	1.93	1.32191
0.61	1.93	1.35419
0.62	1.93	1.38682
0.63	1.93	1.41978
0.64	1.93	1.45309
0.65	1.93	1.48674
0.66	1.93	1.52072
0.67	1.93	1.55505
0.68	1.93	1.58972
0.69	1.93	1.62472
0.7	1.93	1.66006
0.71	1.93	1.69574
0.72	1.93	1.73175
0.73	1.93	1.76809
0.74	1.93	1.80476
0.75	1.93	1.84177
0.76	1.93	1.8791
0.77	1.93	1.91676
0.78	1.93	1.95474
0.79	1.93	1.99305
0.8	1.93	2.03169
0.81	1.93	2.07064
0.82	1.93	2.10991
0.83	1.93	2.1495
0.84	1.93	2.18941
0.85	1.93	2.22964
0.86	1.93	2.27019
0.87	1.93	2.31105
0.88	1.93	2.35223
0.89	1.93	2.39374
0.9	1.93	2.43558
0.91	1.93	2.47775
0.92	1.93	2.52026
0.93	1.93	2.56313
0.94	1.93	2.60636
0.95	1.93	2.64997
0.96	1.93	2.69394
0.97	1.93	2.73825
0.98	1.93	2.7828
0.99	1.93	2.82745
0	1.94	0
0.01	1.94	0.0134788
0.02	1.94	0.0270082
0.03	1.94	0.0406346
0.04	1.94	0.0543982
0.05	1.94	0.0683329
0.06	1.94	0.0824661
0.07	1.94	0.0968207
0.08	1.94	0.111415
0.09	1.94	0.126265
0.1	1.94	0.141383
0.11	1.94	0.15678
0.12	1.94	0.172466
0.13	1.94	0.188447
0.14	1.94	0.204731
0.15	1.94	0.221324
0.16	1.94	0.23823
0.17	1.94	0.255455
0.18	1.94	0.273002
0.19	1.94	0.290875
0.2	1.94	0.309077
0.21	1.94	0.32761
0.22	1.94	0.346479
0.23	1.94	0.365684
0.24	1.94	0.385227
0.25	1.94	0.405112
0.26	1.94	0.425338
0.27	1.94	0.445909
0.28	1.94	0.466825
0.29	1.94	0.488088
0.3	1.94	0.509698
0.31	1.94	0.531657
0.32	1.94	0.553966
0.33	1.94	0.576626
0.34	1.94	0.599637
0.35	1.94	0.623001
0.36	1.94	0.646717
0.37	1.94	0.670787
0.38	1.94	0.69521
0.39	1.94	0.719989
0.4	1.94	0.745122
0.41	1.94	0.77061
0.42	1.94	0.796453
0.43	1.94	0.822653
0.44	1.94	0.849208
0.45	1.94	0.876119
0.46	1.94	0.903387
0.47	1.94	0.931011
0.48	1.94	0.958991
0.49	1.94	0.987328
0.5	1.94	1.01602
0.51	1.94	1.04507
0.52	1.94	1.07447
0.53	1.94	1.10424
0.54	1.94	1.13435
0.55	1.94	1.16483
0.56	1.94	1.19565
0.57	1.94	1.22684
0.58	1.94	1.25837
0.59	1.94	1.29026
0.6	1.94	1.32251
0.61	1.94	1.35511
0.62	1.94	1.38806
0.63	1.94	1.42136
0.64	1.94	1.45502
0.65	1.94	1.48902
0.66	1.94	1.52338
0.67	1.94	1.55808
0.68	1.94	1.59314
0.69	1.94	1.62854
0.7	1.94	1.66429
0.71	1.94	1.70038
0.72	1.94	1.73682
0.73	1.94	1.7736
0.74	1.94	1.81073
0.75	1.94	1.8482
0.76	1.94	1.886
0.77	1.94	1.92415
0.78	1.94	1.96264
0.79	1.94	2.00146
0.8	1.94	2.04062
0.81	1.94	2.08011
0.82	1.94	2.11994
0.83	1.94	2.1601
0.84	1.94	2.20059
0.85	1.94	2.24142
0.86	1.94	2.28258
0.87	1.94	2.32407
0.88	1.94	2.36591
0.89	1.94	2.40808
0.9	1.94	2.45061
0.91	1.94	2.49351
0.92	1.94	2.53678
0.93	1.94	2.58046
0.94	1.94	2.62456
0.95	1.94	2.66913
0.96	1.94	2.71417
0.97	1.94	2.7597
0.98	1.94	2.80564
0.99	1.94	2.8518
0	1.95	0
0.01	1.95	0.013012
0.02	1.95	0.0260873
0.03	1.95	0.039281
0.04	1.95	0.0526384
0.05	1.95	0.0661949
0.06	1.95	0.0799783
0.07	1.95	0.0940103
0.08	1.95	0.108308
0.09	1.95	0.122886
0.1	1.95	0.137756
0.11	1.95	0.152925
0.12	1.95	0.168404
0.13	1.95	0.184198
0.14	1.95	0.200313
0.15	1.95	0.216753
0.16	1.95	0.233524
0.17	1.95	0.250629
0.18	1.95	0.268071
0.19	1.95	0.285853
0.2	1.95	0.303979
0.21	1.95	0.322449
0.22	1.95	0.341266
0.23	1.95	0.360433
0.24	1.95	0.37995
0.25	1.95	0.399819
0.26	1.95	0.420043
0.27	1.95	0.440621
0.28	1.95	0.461555
0.29	1.95	0.482847
0.3	1.95	0.504496
0.31	1.95	0.526505
0.32	1.95	0.548873
0.33	1.95	0.571602
0.34	1.95	0.594692
0.35	1.95	0.618143
0.36	1.95	0.641957
0.37	1.95	0.666134
0.38	1.95	0.690673
0.39	1.95	0.715576
0.4	1.95	0.740843
0.41	1.95	0.766474
0.42	1.95	0.792469
0.43	1.95	0.818829
0.44	1.95	0.845553
0.45	1.95	0.872642
0.46	1.95	0.900096
0.47	1.95	0.927916
0.48	1.95	0.9561
0.49	1.95	0.984649
0.5	1.95	1.01356
0.51	1.95	1.04284
0.52	1.95	1.07249
0.53	1.95	1.1025
0.54	1.95	1.13287
0.55	1.95	1.16361
0.56	1.95	1.19471
0.57	1.95	1.22617
0.58	1.95	1.258
0.59	1.95	1.2902
0.6	1.95	1.32275
0.61	1.95	1.35567
0.62	1.95	1.38895
0.63	1.95	1.42259
0.64	1.95	1.45659
0.65	1.95	1.49096
0.66	1.95	1.52568
0.67	1.95	1.56076
0.68	1.95	1.59621
0.69	1.95	1.63201
0.7	1.95	1.66816
0.71	1.95	1.70468
0.72	1.95	1.74155
0.73	1.95	1.77877
0.74	1.95	1.81635
0.75	1.95	1.85429
0.76	1.95	1.89257
0.77	1.95	1.93121
0.78	1.95	1.97019
0.79	1.95	2.00953
0.8	1.95	2.04922
0.81	1.95	2.08925
0.82	1.95	2.12963
0.83	1.95	2.17036
0.84	1.95	2.21144
0.85	1.95	2.25286
0.86	1.95	2.29463
0.87	1.95	2.33675
0.88	1.95	2.37923
0.89	1.95	2.42208
0.9	1.95	2.46529
0.91	1.95	2.50889
0.92	1.95	2.5529
0.93	1.95	2.59735
0.94	1.95	2.6423
0.95	1.95	2.6878
0.96	1.95	2.73392
0.97	1.95	2.78075
0.98	1.95	2.82827
0.99	1.95	2.87625
0	1.96	0
0.01	1.96	0.0124821
0.02	1.96	0.0250478
0.03	1.96	0.0377639
0.04	1.96	0.0506794
0.05	1.96	0.0638301
0.06	1.96	0.0772418
0.07	1.96	0.090934
0.08	1.96	0.104922
0.09	1.96	0.119216
0.1	1.96	0.133827
0.11	1.96	0.148762
0.12	1.96	0.164027
0.13	1.96	0.179628
0.14	1.96	0.195569
0.15	1.96	0.211853
0.16	1.96	0.228485
0.17	1.96	0.245466
0.18	1.96	0.2628
0.19	1.96	0.28049
0.2	1.96	0.298535
0.21	1.96	0.31694
0.22	1.96	0.335705
0.23	1.96	0.354831
0.24	1.96	0.37432
0.25	1.96	0.394174
0.26	1.96	0.414392
0.27	1.96	0.434977
0.28	1.96	0.455929
0.29	1.96	0.477248
0.3	1.96	0.498936
0.31	1.96	0.520993
0.32	1.96	0.54342
0.33	1.96	0.566217
0.34	1.96	0.589385
0.35	1.96	0.612924
0.36	1.96	0.636835
0.37	1.96	0.661118
0.38	1.96	0.685773
0.39	1.96	0.7108
0.4	1.96	0.7362
0.41	1.96	0.761974
0.42	1.96	0.78812
0.43	1.96	0.81464
0.44	1.96	0.841534
0.45	1.96	0.868801
0.46	1.96	0.896441
0.47	1.96	0.924456
0.48	1.96	0.952844
0.49	1.96	0.981606
0.5	1.96	1.01074
0.51	1.96	1.04025
0.52	1.96	1.07013
0.53	1.96	1.10039
0.54	1.96	1.13102
0.55	1.96	1.16202
0.56	1.96	1.1934
0.57	1.96	1.22515
0.58	1.96	1.25727
0.59	1.96	1.28976
0.6	1.96	1.32263
0.61	1.96	1.35587
0.62	1.96	1.38948
0.63	1.96	1.42346
0.64	1.96	1.45781
0.65	1.96	1.49253
0.66	1.96	1.52762
0.67	1.96	1.56309
0.68	1.96	1.59892
0.69	1.96	1.63512
0.7	1.96	1.67168
0.71	1.96	1.70862
0.72	1.96	1.74592
0.73	1.96	1.78359
0.74	1.96	1.82162
0.75	1.96	1.86002
0.76	1.96	1.89879
0.77	1.96	1.93791
0.78	1.96	1.9774
0.79	1.96	2.01725
0.8	1.96	2.05747
0.81	1.96	2.09804
0.82	1.96	2.13898
0.83	1.96	2.18027
0.84	1.96	2.22193
0.85	1.96	2.26395
0.86	1.96	2.30633
0.87	1.96	2.34908
0.88	1.96	2.3922
0.89	1.96	2.43569
0.9	1.96	2.47958
0.91	1.96	2.52386
0.92	1.96	2.56858
0.93	1.96	2.61376
0.94	1.96	2.65948
0.95	1.96	2.70583
0.96	1.96	2.75298
0.97	1.96	2.80111
0.98	1.96	2.85043
0.99	1.96	2.9008
0	1.97	0
0.01	1.97	0.0118686
0.02	1.97	0.023858
0.03	1.97	0.0360473
0.04	1.97	0.0484855
0.05	1.97	0.0612042
0.06	1.97	0.0742249
0.07	1.97	0.0875624
0.08	1.97	0.101228
0.09	1.97	0.11523
0.1	1.97	0.129575
0.11	1.97	0.144269
0.12	1.97	0.159315
0.13	1.97	0.174718
0.14	1.97	0.190481
0.15	1.97	0.206606
0.16	1.97	0.223095
0.17	1.97	0.239951
0.18	1.97	0.257175
0.19	1.97	0.274769
0.2	1.97	0.292734
0.21	1.97	0.311071
0.22	1.97	0.329782
0.23	1.97	0.348867
0.24	1.97	0.368327
0.25	1.97	0.388163
0.26	1.97	0.408376
0.27	1.97	0.428966
0.28	1.97	0.449934
0.29	1.97	0.471281
0.3	1.97	0.493007
0.31	1.97	0.515112
0.32	1.97	0.537597
0.33	1.97	0.560462
0.34	1.97	0.583707
0.35	1.97	0.607334
0.36	1.97	0.631341
0.37	1.97	0.65573
0.38	1.97	0.6805
0.39	1.97	0.705652
0.4	1.97	0.731185
0.41	1.97	0.757101
0.42	1.97	0.783399
0.43	1.97	0.810079
0.44	1.97	0.837141
0.45	1.97	0.864586
0.46	1.97	0.892413
0.47	1.97	0.920623
0.48	1.97	0.949215
0.49	1.97	0.978189
0.5	1.97	1.00755
0.51	1.97	1.03729
0.52	1.97	1.06741
0.53	1.97	1.09791
0.54	1.97	1.1288
0.55	1.97	1.16007
0.56	1.97	1.19172
0.57	1.97	1.22375
0.58	1.97	1.25616
0.59	1.97	1.28896
0.6	1.97	1.32214
0.61	1.97	1.3557
0.62	1.97	1.38964
0.63	1.97	1.42396
0.64	1.97	1.45866
0.65	1.97	1.49374
0.66	1.97	1.5292
0.67	1.97	1.56504
0.68	1.97	1.60126
0.69	1.97	1.63786
0.7	1.97	1.67484
0.71	1.97	1.71219
0.72	1.97	1.74993
0.73	1.97	1.78804
0.74	1.97	1.82653
0.75	1.97	1.86539
0.76	1.97	1.90464
0.77	1.97	1.94425
0.78	1.97	1.98425
0.79	1.97	2.02461
0.8	1.97	2.06536
0.81	1.97	2.10647
0.82	1.97	2.14796
0.83	1.97	2.18983
0.84	1.97	2.23207
0.85	1.97	2.27468
0.86	1.97	2.31767
0.87	1.97	2.36104
0.88	1.97	2.40479
0.89	1.97	2.44893
0.9	1.97	2.49346
0.91	1.97	2.5384
0.92	1.97	2.58378
0.93	1.97	2.62963
0.94	1.97	2.67603
0.95	1.97	2.72309
0.96	1.97	2.77104
0.97	1.97	2.82029
0.98	1.97	2.87154
0.99	1.97	2.92545
0	1.98	0
0.01	1.98	0.0111343
0.02	1.98	0.0224685
0.03	1.98	0.0340817
0.04	1.98	0.0460109
0.05	1.98	0.0582765
0.06	1.98	0.0708911
0.07	1.98	0.0838628
0.08	1.98	0.0971978
0.09	1.98	0.110901
0.1	1.98	0.124975
0.11	1.98	0.139422
0.12	1.98	0.154247
0.13	1.98	0.169449
0.14	1.98	0.185031
0.15	1.98	0.200994
0.16	1.98	0.217339
0.17	1.98	0.234067
0.18	1.98	0.25118
0.19	1.98	0.268677
0.2	1.98	0.28656
0.21	1.98	0.304829
0.22	1.98	0.323484
0.23	1.98	0.342527
0.24	1.98	0.361957
0.25	1.98	0.381776
0.26	1.98	0.401982
0.27	1.98	0.422578
0.28	1.98	0.443562
0.29	1.98	0.464935
0.3	1.98	0.486698
0.31	1.98	0.508851
0.32	1.98	0.531393
0.33	1.98	0.554326
0.34	1.98	0.577649
0.35	1.98	0.601362
0.36	1.98	0.625466
0.37	1.98	0.64996
0.38	1.98	0.674845
0.39	1.98	0.700121
0.4	1.98	0.725788
0.41	1.98	0.751846
0.42	1.98	0.778295
0.43	1.98	0.805135
0.44	1.98	0.832366
0.45	1.98	0.859988
0.46	1.98	0.888002
0.47	1.98	0.916407
0.48	1.98	0.945203
0.49	1.98	0.97439
0.5	1.98	1.00397
0.51	1.98	1.03394
0.52	1.98	1.0643
0.53	1.98	1.09505
0.54	1.98	1.12619
0.55	1.98	1.15773
0.56	1.98	1.18965
0.57	1.98	1.22197
0.58	1.98	1.25468
0.59	1.98	1.28778
0.6	1.98	1.32126
0.61	1.98	1.35514
0.62	1.98	1.38941
0.63	1.98	1.42407
0.64	1.98	1.45912
0.65	1.98	1.49456
0.66	1.98	1.53039
0.67	1.98	1.56662
0.68	1.98	1.60323
0.69	1.98	1.64022
0.7	1.98	1.67761
0.71	1.98	1.71539
0.72	1.98	1.75356
0.73	1.98	1.79211
0.74	1.98	1.83106
0.75	1.98	1.87039
0.76	1.98	1.91011
0.77	1.98	1.95022
0.78	1.98	1.99072
0.79	1.98	2.0316
0.8	1.98	2.07287
0.81	1.98	2.11453
0.82	1.98	2.15658
0.83	1.98	2.19901
0.84	1.98	2.24183
0.85	1.98	2.28503
0.86	1.98	2.32863
0.87	1.98	2.37262
0.88	1.98	2.41699
0.89	1.98	2.46176
0.9	1.98	2.50693
0.91	1.98	2.55251
0.92	1.98	2.59852
0.93	1.98	2.64496
0.94	1.98	2.69191
0.95	1.98	2.73945
0.96	1.98	2.78779
0.97	1.98	2.83747
0.98	1.98	2.89
0.99	1.98	2.9502
0	1.99	0
0.01	1.99	0.0102
0.02	1.99	0.0208
0.03	1.99	0.0318
0.04	1.99	0.0432
0.05	1.99	0.055
0.06	1.99	0.0672
0.07	1.99	0.0798
0.08	1.99	0.0928
0.09	1.99	0.1062
0.1	1.99	0.12
0.11	1.99	0.1342
0.12	1.99	0.1488
0.13	1.99	0.1638
0.14	1.99	0.1792
0.15	1.99	0.195
0.16	1.99	0.2112
0.17	1.99	0.2278
0.18	1.99	0.2448
0.19	1.99	0.2622
0.2	1.99	0.28
0.21	1.99	0.2982
0.22	1.99	0.3168
0.23	1.99	0.3358
0.24	1.99	0.3552
0.25	1.99	0.375
0.26	1.99	0.3952
0.27	1.99	0.4158
0.28	1.99	0.4368
0.29	1.99	0.4582
0.3	1.99	0.48
0.31	1.99	0.5022
0.32	1.99	0.5248
0.33	1.99	0.5478
0.34	1.99	0.5712
0.35	1.99	0.595
0.36	1.99	0.6192
0.37	1.99	0.6438
0.38	1.99	0.6688
0.39	1.99	0.6942
0.4	1.99	0.72
0.41	1.99	0.7462
0.42	1.99	0.7728
0.43	1.99	0.7998
0.44	1.99	0.8272
0.45	1.99	0.855
0.46	1.99	0.8832
0.47	1.99	0.9118
0.48	1.99	0.9408
0.49	1.99	0.9702
0.5	1.99	1
0.51	1.99	1.0302
0.52	1.99	1.0608
0.53	1.99	1.0918
0.54	1.99	1.1232
0.55	1.99	1.155
0.56	1.99	1.1872
0.57	1.99	1.2198
0.58	1.99	1.2528
0.59	1.99	1.2862
0.6	1.99	1.32
0.61	1.99	1.3542
0.62	1.99	1.3888
0.63	1.99	1.4238
0.64	1.99	1.4592
0.65	1.99	1.495
0.66	1.99	1.5312
0.67	1.99	1.5678
0.68	1.99	1.6048
0.69	1.99	1.6422
0.7	1.99	1.68
0.71	1.99	1.7182
0.72	1.99	1.7568
0.73	1.99	1.7958
0.74	1.99	1.8352
0.75	1.99	1.875
0.76	1.99	1.9152
0.77	1.99	1.9558
0.78	1.99	1.9968
0.79	1.99	2.0382
0.8	1.99	2.08
0.81	1.99	2.1222
0.82	1.99	2.1648
0.83	1.99	2.2078
0.84	1.99	2.2512
0.85	1.99	2.295
0.86	1.99	2.3392
0.87	1.99	2.3838
0.88	1.99	2.4288
0.89	1.99	2.4742
0.9	1.99	2.52
0.91	1.99	2.5662
0.92	1.99	2.6128
0.93	1.99	2.6598
0.94	1.99	2.7072
0.95	1.99	2.755
0.96	1.99	2.8032
0.97	1.99	2.8518
0.98	1.99	2.9008
0.99	1.99	2.9502
